2025-11-22 11:10:25,613 INFO: 
                ____                _       _____  ____
               / __ ) ____ _ _____ (_)_____/ ___/ / __ \
              / __  |/ __ `// ___// // ___/\__ \ / /_/ /
             / /_/ // /_/ /(__  )/ // /__ ___/ // _, _/
            /_____/ \__,_//____//_/ \___//____//_/ |_|
     ______                   __   __                 __      __
    / ____/____   ____   ____/ /  / /   __  __ _____ / /__   / /
   / / __ / __ \ / __ \ / __  /  / /   / / / // ___// //_/  / /
  / /_/ // /_/ // /_/ // /_/ /  / /___/ /_/ // /__ / /<    /_/
  \____/ \____/ \____/ \____/  /_____/\____/ \___//_/|_|  (_)
    
Version Information: 
	BasicSR: 1.4.2
	PyTorch: 2.8.0+cu128
	TorchVision: 0.23.0+cu128
2025-11-22 11:10:25,613 INFO: 
  name: IART_REDS_N5_15K_Improved
  model_type: RecurrentMixPrecisionRTModel
  scale: 4
  num_gpu: 1
  manual_seed: 0
  find_unused_parameters: False
  use_static_graph: True
  datasets:[
    train:[
      name: REDS
      type: REDSRecurrentDataset
      dataroot_gt: datasets/REDS/train_sharp
      dataroot_lq: datasets/REDS/train_sharp_bicubic/X4
      meta_info_file: datasets/meta_info/meta_info_REDS_GT.txt
      val_partition: REDS4
      test_mode: False
      io_backend:[
        type: disk
      ]
      num_frame: 5
      gt_size: 256
      interval_list: [1]
      random_reverse: False
      use_hflip: True
      use_rot: True
      use_shuffle: True
      num_worker_per_gpu: 4
      batch_size_per_gpu: 2
      dataset_enlarge_ratio: 1
      prefetch_mode: None
      phase: train
      scale: 4
    ]
    val:[
      name: REDS4
      type: VideoRecurrentTestDataset
      dataroot_gt: datasets/REDS/val_REDS4_sharp
      dataroot_lq: datasets/REDS/val_REDS4_sharp_bicubic/X4
      cache_data: True
      io_backend:[
        type: disk
      ]
      num_frame: -1
      phase: val
      scale: 4
    ]
  ]
  network_g:[
    type: IART
    mid_channels: 64
    embed_dim: 120
    depths: [6, 6, 6]
    num_heads: [6, 6, 6]
    window_size: [3, 8, 8]
    num_frames: 3
    img_size: 64
    patch_size: 1
    cpu_cache_length: 100
    is_low_res_input: True
    spynet_path: experiments/pretrained_models/flownet/spynet_sintel_final-3d2a1287.pth
  ]
  path:[
    pretrain_network_g: None
    strict_load_g: True
    resume_state: None
    experiments_root: C:\Users\snms\Desktop\yuan_project\IART\experiments\IART_REDS_N5_15K_Improved
    models: C:\Users\snms\Desktop\yuan_project\IART\experiments\IART_REDS_N5_15K_Improved\models
    training_states: C:\Users\snms\Desktop\yuan_project\IART\experiments\IART_REDS_N5_15K_Improved\training_states
    log: C:\Users\snms\Desktop\yuan_project\IART\experiments\IART_REDS_N5_15K_Improved
    visualization: C:\Users\snms\Desktop\yuan_project\IART\experiments\IART_REDS_N5_15K_Improved\visualization
  ]
  train:[
    ema_decay: 0.999
    optim_g:[
      type: Adam
      lr: 0.0002
      weight_decay: 0
      betas: [0.9, 0.99]
    ]
    scheduler:[
      type: CosineAnnealingRestartLR
      periods: [10000]
      restart_weights: [1]
      eta_min: 1e-07
    ]
    total_iter: 10000
    warmup_iter: -1
    fix_flow: 5000
    flow_lr_mul: 0.125
    pixel_opt:[
      type: CharbonnierLoss
      loss_weight: 1.0
      reduction: mean
    ]
  ]
  val:[
    val_freq: 2500.0
    save_img: False
    metrics:[
      psnr:[
        type: calculate_psnr
        crop_border: 0
        test_y_channel: False
      ]
      ssim:[
        type: calculate_ssim
        crop_border: 0
        test_y_channel: False
      ]
    ]
  ]
  logger:[
    print_freq: 1
    save_checkpoint_freq: 2500.0
    use_tb_logger: True
    wandb:[
      project: None
      resume_id: None
    ]
  ]
  dist_params:[
    backend: nccl
    port: 29500
  ]
  dist: False
  rank: 0
  world_size: 1
  auto_resume: True
  is_train: True
  root_path: C:\Users\snms\Desktop\yuan_project\IART

2025-11-22 11:10:25,894 INFO: Temporal augmentation interval list: [1]; random reverse is False.
2025-11-22 11:10:25,894 INFO: Dataset [REDSRecurrentDataset] - REDS is built.
2025-11-22 11:10:25,894 INFO: Training statistics:
	Number of train images: 26600
	Dataset enlarge ratio: 1
	Batch size per gpu: 2
	World size (gpu number): 1
	Require iter number per epoch: 13300
	Total epochs: 1; iters: 10000.
2025-11-22 11:10:25,894 INFO: Generate data info for VideoTestDataset - REDS4
2025-11-22 11:10:25,894 INFO: Dataset [VideoRecurrentTestDataset] - REDS4 is built.
2025-11-22 11:10:25,900 INFO: Number of val images/folders in REDS4: 0
2025-11-22 11:10:26,164 INFO: Network [IART] is created.
2025-11-22 11:10:26,305 INFO: Network: IART, with parameters: 13,410,503
2025-11-22 11:10:26,305 INFO: IART(
  (conv_before_upsample): Conv2d(120, 64, kernel_size=(3, 3), stride=(1, 1), padding=(1, 1))
  (spynet): SpyNet(
    (basic_module): ModuleList(
      (0-5): 6 x BasicModule(
        (basic_module): Sequential(
          (0): Conv2d(8, 32, kernel_size=(7, 7), stride=(1, 1), padding=(3, 3))
          (1): ReLU()
          (2): Conv2d(32, 64, kernel_size=(7, 7), stride=(1, 1), padding=(3, 3))
          (3): ReLU()
          (4): Conv2d(64, 32, kernel_size=(7, 7), stride=(1, 1), padding=(3, 3))
          (5): ReLU()
          (6): Conv2d(32, 16, kernel_size=(7, 7), stride=(1, 1), padding=(3, 3))
          (7): ReLU()
          (8): Conv2d(16, 2, kernel_size=(7, 7), stride=(1, 1), padding=(3, 3))
        )
      )
    )
  )
  (conv_first): Conv2d(3, 120, kernel_size=(3, 3), stride=(1, 1), padding=(1, 1))
  (swin_backbone): ModuleDict(
    (backward_1): SwinIRFM(
      (conv_first): Conv2d(3, 120, kernel_size=(3, 3), stride=(1, 1), padding=(1, 1))
      (conv_first_feat): Conv2d(64, 120, kernel_size=(3, 3), stride=(1, 1), padding=(1, 1))
      (patch_embed): PatchEmbed(
        (norm): LayerNorm((120,), eps=1e-05, elementwise_affine=True)
      )
      (patch_unembed): PatchUnEmbed()
      (pos_drop): Dropout(p=0.0, inplace=False)
      (layers): ModuleList(
        (0): RSTB(
          (residual_group): BasicLayer(
            dim=120, input_resolution=(64, 64), depth=6
            (blocks): ModuleList(
              (0): SwinTransformerBlock(
                dim=120, input_resolution=(64, 64), num_heads=6, window_size=[3, 8, 8], shift_size=(0, 0, 0), mlp_ratio=2.0
                (norm1): LayerNorm((120,), eps=1e-05, elementwise_affine=True)
                (attn): WindowAttention(
                  dim=120, window_size=[3, 8, 8], num_heads=6
                  (qkv): Linear(in_features=120, out_features=360, bias=True)
                  (attn_drop): Dropout(p=0.0, inplace=False)
                  (proj): Linear(in_features=120, out_features=120, bias=True)
                  (proj_drop): Dropout(p=0.0, inplace=False)
                  (softmax): Softmax(dim=-1)
                )
                (drop_path): Identity()
                (norm2): LayerNorm((120,), eps=1e-05, elementwise_affine=True)
                (mlp): Mlp(
                  (fc1): Linear(in_features=120, out_features=240, bias=True)
                  (act): GELU(approximate='none')
                  (fc2): Linear(in_features=240, out_features=120, bias=True)
                  (drop): Dropout(p=0.0, inplace=False)
                )
              )
              (1): SwinTransformerBlock(
                dim=120, input_resolution=(64, 64), num_heads=6, window_size=[3, 8, 8], shift_size=(3, 4, 4), mlp_ratio=2.0
                (norm1): LayerNorm((120,), eps=1e-05, elementwise_affine=True)
                (attn): WindowAttention(
                  dim=120, window_size=[3, 8, 8], num_heads=6
                  (qkv): Linear(in_features=120, out_features=360, bias=True)
                  (attn_drop): Dropout(p=0.0, inplace=False)
                  (proj): Linear(in_features=120, out_features=120, bias=True)
                  (proj_drop): Dropout(p=0.0, inplace=False)
                  (softmax): Softmax(dim=-1)
                )
                (drop_path): DropPath()
                (norm2): LayerNorm((120,), eps=1e-05, elementwise_affine=True)
                (mlp): Mlp(
                  (fc1): Linear(in_features=120, out_features=240, bias=True)
                  (act): GELU(approximate='none')
                  (fc2): Linear(in_features=240, out_features=120, bias=True)
                  (drop): Dropout(p=0.0, inplace=False)
                )
              )
              (2): SwinTransformerBlock(
                dim=120, input_resolution=(64, 64), num_heads=6, window_size=[3, 8, 8], shift_size=(0, 0, 0), mlp_ratio=2.0
                (norm1): LayerNorm((120,), eps=1e-05, elementwise_affine=True)
                (attn): WindowAttention(
                  dim=120, window_size=[3, 8, 8], num_heads=6
                  (qkv): Linear(in_features=120, out_features=360, bias=True)
                  (attn_drop): Dropout(p=0.0, inplace=False)
                  (proj): Linear(in_features=120, out_features=120, bias=True)
                  (proj_drop): Dropout(p=0.0, inplace=False)
                  (softmax): Softmax(dim=-1)
                )
                (drop_path): DropPath()
                (norm2): LayerNorm((120,), eps=1e-05, elementwise_affine=True)
                (mlp): Mlp(
                  (fc1): Linear(in_features=120, out_features=240, bias=True)
                  (act): GELU(approximate='none')
                  (fc2): Linear(in_features=240, out_features=120, bias=True)
                  (drop): Dropout(p=0.0, inplace=False)
                )
              )
              (3): SwinTransformerBlock(
                dim=120, input_resolution=(64, 64), num_heads=6, window_size=[3, 8, 8], shift_size=(3, 4, 4), mlp_ratio=2.0
                (norm1): LayerNorm((120,), eps=1e-05, elementwise_affine=True)
                (attn): WindowAttention(
                  dim=120, window_size=[3, 8, 8], num_heads=6
                  (qkv): Linear(in_features=120, out_features=360, bias=True)
                  (attn_drop): Dropout(p=0.0, inplace=False)
                  (proj): Linear(in_features=120, out_features=120, bias=True)
                  (proj_drop): Dropout(p=0.0, inplace=False)
                  (softmax): Softmax(dim=-1)
                )
                (drop_path): DropPath()
                (norm2): LayerNorm((120,), eps=1e-05, elementwise_affine=True)
                (mlp): Mlp(
                  (fc1): Linear(in_features=120, out_features=240, bias=True)
                  (act): GELU(approximate='none')
                  (fc2): Linear(in_features=240, out_features=120, bias=True)
                  (drop): Dropout(p=0.0, inplace=False)
                )
              )
              (4): SwinTransformerBlock(
                dim=120, input_resolution=(64, 64), num_heads=6, window_size=[3, 8, 8], shift_size=(0, 0, 0), mlp_ratio=2.0
                (norm1): LayerNorm((120,), eps=1e-05, elementwise_affine=True)
                (attn): WindowAttention(
                  dim=120, window_size=[3, 8, 8], num_heads=6
                  (qkv): Linear(in_features=120, out_features=360, bias=True)
                  (attn_drop): Dropout(p=0.0, inplace=False)
                  (proj): Linear(in_features=120, out_features=120, bias=True)
                  (proj_drop): Dropout(p=0.0, inplace=False)
                  (softmax): Softmax(dim=-1)
                )
                (drop_path): DropPath()
                (norm2): LayerNorm((120,), eps=1e-05, elementwise_affine=True)
                (mlp): Mlp(
                  (fc1): Linear(in_features=120, out_features=240, bias=True)
                  (act): GELU(approximate='none')
                  (fc2): Linear(in_features=240, out_features=120, bias=True)
                  (drop): Dropout(p=0.0, inplace=False)
                )
              )
              (5): SwinTransformerBlock(
                dim=120, input_resolution=(64, 64), num_heads=6, window_size=[3, 8, 8], shift_size=(3, 4, 4), mlp_ratio=2.0
                (norm1): LayerNorm((120,), eps=1e-05, elementwise_affine=True)
                (attn): WindowAttention(
                  dim=120, window_size=[3, 8, 8], num_heads=6
                  (qkv): Linear(in_features=120, out_features=360, bias=True)
                  (attn_drop): Dropout(p=0.0, inplace=False)
                  (proj): Linear(in_features=120, out_features=120, bias=True)
                  (proj_drop): Dropout(p=0.0, inplace=False)
                  (softmax): Softmax(dim=-1)
                )
                (drop_path): DropPath()
                (norm2): LayerNorm((120,), eps=1e-05, elementwise_affine=True)
                (mlp): Mlp(
                  (fc1): Linear(in_features=120, out_features=240, bias=True)
                  (act): GELU(approximate='none')
                  (fc2): Linear(in_features=240, out_features=120, bias=True)
                  (drop): Dropout(p=0.0, inplace=False)
                )
              )
            )
          )
          (conv): Conv2d(120, 120, kernel_size=(3, 3), stride=(1, 1), padding=(1, 1))
          (patch_embed): PatchEmbed()
          (patch_unembed): PatchUnEmbed()
        )
        (1-2): 2 x RSTB(
          (residual_group): BasicLayer(
            dim=120, input_resolution=(64, 64), depth=6
            (blocks): ModuleList(
              (0): SwinTransformerBlock(
                dim=120, input_resolution=(64, 64), num_heads=6, window_size=[3, 8, 8], shift_size=(0, 0, 0), mlp_ratio=2.0
                (norm1): LayerNorm((120,), eps=1e-05, elementwise_affine=True)
                (attn): WindowAttention(
                  dim=120, window_size=[3, 8, 8], num_heads=6
                  (qkv): Linear(in_features=120, out_features=360, bias=True)
                  (attn_drop): Dropout(p=0.0, inplace=False)
                  (proj): Linear(in_features=120, out_features=120, bias=True)
                  (proj_drop): Dropout(p=0.0, inplace=False)
                  (softmax): Softmax(dim=-1)
                )
                (drop_path): DropPath()
                (norm2): LayerNorm((120,), eps=1e-05, elementwise_affine=True)
                (mlp): Mlp(
                  (fc1): Linear(in_features=120, out_features=240, bias=True)
                  (act): GELU(approximate='none')
                  (fc2): Linear(in_features=240, out_features=120, bias=True)
                  (drop): Dropout(p=0.0, inplace=False)
                )
              )
              (1): SwinTransformerBlock(
                dim=120, input_resolution=(64, 64), num_heads=6, window_size=[3, 8, 8], shift_size=(3, 4, 4), mlp_ratio=2.0
                (norm1): LayerNorm((120,), eps=1e-05, elementwise_affine=True)
                (attn): WindowAttention(
                  dim=120, window_size=[3, 8, 8], num_heads=6
                  (qkv): Linear(in_features=120, out_features=360, bias=True)
                  (attn_drop): Dropout(p=0.0, inplace=False)
                  (proj): Linear(in_features=120, out_features=120, bias=True)
                  (proj_drop): Dropout(p=0.0, inplace=False)
                  (softmax): Softmax(dim=-1)
                )
                (drop_path): DropPath()
                (norm2): LayerNorm((120,), eps=1e-05, elementwise_affine=True)
                (mlp): Mlp(
                  (fc1): Linear(in_features=120, out_features=240, bias=True)
                  (act): GELU(approximate='none')
                  (fc2): Linear(in_features=240, out_features=120, bias=True)
                  (drop): Dropout(p=0.0, inplace=False)
                )
              )
              (2): SwinTransformerBlock(
                dim=120, input_resolution=(64, 64), num_heads=6, window_size=[3, 8, 8], shift_size=(0, 0, 0), mlp_ratio=2.0
                (norm1): LayerNorm((120,), eps=1e-05, elementwise_affine=True)
                (attn): WindowAttention(
                  dim=120, window_size=[3, 8, 8], num_heads=6
                  (qkv): Linear(in_features=120, out_features=360, bias=True)
                  (attn_drop): Dropout(p=0.0, inplace=False)
                  (proj): Linear(in_features=120, out_features=120, bias=True)
                  (proj_drop): Dropout(p=0.0, inplace=False)
                  (softmax): Softmax(dim=-1)
                )
                (drop_path): DropPath()
                (norm2): LayerNorm((120,), eps=1e-05, elementwise_affine=True)
                (mlp): Mlp(
                  (fc1): Linear(in_features=120, out_features=240, bias=True)
                  (act): GELU(approximate='none')
                  (fc2): Linear(in_features=240, out_features=120, bias=True)
                  (drop): Dropout(p=0.0, inplace=False)
                )
              )
              (3): SwinTransformerBlock(
                dim=120, input_resolution=(64, 64), num_heads=6, window_size=[3, 8, 8], shift_size=(3, 4, 4), mlp_ratio=2.0
                (norm1): LayerNorm((120,), eps=1e-05, elementwise_affine=True)
                (attn): WindowAttention(
                  dim=120, window_size=[3, 8, 8], num_heads=6
                  (qkv): Linear(in_features=120, out_features=360, bias=True)
                  (attn_drop): Dropout(p=0.0, inplace=False)
                  (proj): Linear(in_features=120, out_features=120, bias=True)
                  (proj_drop): Dropout(p=0.0, inplace=False)
                  (softmax): Softmax(dim=-1)
                )
                (drop_path): DropPath()
                (norm2): LayerNorm((120,), eps=1e-05, elementwise_affine=True)
                (mlp): Mlp(
                  (fc1): Linear(in_features=120, out_features=240, bias=True)
                  (act): GELU(approximate='none')
                  (fc2): Linear(in_features=240, out_features=120, bias=True)
                  (drop): Dropout(p=0.0, inplace=False)
                )
              )
              (4): SwinTransformerBlock(
                dim=120, input_resolution=(64, 64), num_heads=6, window_size=[3, 8, 8], shift_size=(0, 0, 0), mlp_ratio=2.0
                (norm1): LayerNorm((120,), eps=1e-05, elementwise_affine=True)
                (attn): WindowAttention(
                  dim=120, window_size=[3, 8, 8], num_heads=6
                  (qkv): Linear(in_features=120, out_features=360, bias=True)
                  (attn_drop): Dropout(p=0.0, inplace=False)
                  (proj): Linear(in_features=120, out_features=120, bias=True)
                  (proj_drop): Dropout(p=0.0, inplace=False)
                  (softmax): Softmax(dim=-1)
                )
                (drop_path): DropPath()
                (norm2): LayerNorm((120,), eps=1e-05, elementwise_affine=True)
                (mlp): Mlp(
                  (fc1): Linear(in_features=120, out_features=240, bias=True)
                  (act): GELU(approximate='none')
                  (fc2): Linear(in_features=240, out_features=120, bias=True)
                  (drop): Dropout(p=0.0, inplace=False)
                )
              )
              (5): SwinTransformerBlock(
                dim=120, input_resolution=(64, 64), num_heads=6, window_size=[3, 8, 8], shift_size=(3, 4, 4), mlp_ratio=2.0
                (norm1): LayerNorm((120,), eps=1e-05, elementwise_affine=True)
                (attn): WindowAttention(
                  dim=120, window_size=[3, 8, 8], num_heads=6
                  (qkv): Linear(in_features=120, out_features=360, bias=True)
                  (attn_drop): Dropout(p=0.0, inplace=False)
                  (proj): Linear(in_features=120, out_features=120, bias=True)
                  (proj_drop): Dropout(p=0.0, inplace=False)
                  (softmax): Softmax(dim=-1)
                )
                (drop_path): DropPath()
                (norm2): LayerNorm((120,), eps=1e-05, elementwise_affine=True)
                (mlp): Mlp(
                  (fc1): Linear(in_features=120, out_features=240, bias=True)
                  (act): GELU(approximate='none')
                  (fc2): Linear(in_features=240, out_features=120, bias=True)
                  (drop): Dropout(p=0.0, inplace=False)
                )
              )
            )
          )
          (conv): Conv2d(120, 120, kernel_size=(3, 3), stride=(1, 1), padding=(1, 1))
          (patch_embed): PatchEmbed()
          (patch_unembed): PatchUnEmbed()
        )
      )
      (norm): LayerNorm((120,), eps=1e-05, elementwise_affine=True)
      (conv_after_body): Conv2d(120, 120, kernel_size=(3, 3), stride=(1, 1), padding=(1, 1))
      (lrelu): LeakyReLU(negative_slope=0.1, inplace=True)
      (conv_before_upsample): Conv2d(120, 64, kernel_size=(3, 3), stride=(1, 1), padding=(1, 1))
    )
    (forward_1): SwinIRFM(
      (conv_first): Conv2d(3, 120, kernel_size=(3, 3), stride=(1, 1), padding=(1, 1))
      (conv_first_feat): Conv2d(64, 120, kernel_size=(3, 3), stride=(1, 1), padding=(1, 1))
      (patch_embed): PatchEmbed(
        (norm): LayerNorm((120,), eps=1e-05, elementwise_affine=True)
      )
      (patch_unembed): PatchUnEmbed()
      (pos_drop): Dropout(p=0.0, inplace=False)
      (layers): ModuleList(
        (0): RSTB(
          (residual_group): BasicLayer(
            dim=120, input_resolution=(64, 64), depth=6
            (blocks): ModuleList(
              (0): SwinTransformerBlock(
                dim=120, input_resolution=(64, 64), num_heads=6, window_size=[3, 8, 8], shift_size=(0, 0, 0), mlp_ratio=2.0
                (norm1): LayerNorm((120,), eps=1e-05, elementwise_affine=True)
                (attn): WindowAttention(
                  dim=120, window_size=[3, 8, 8], num_heads=6
                  (qkv): Linear(in_features=120, out_features=360, bias=True)
                  (attn_drop): Dropout(p=0.0, inplace=False)
                  (proj): Linear(in_features=120, out_features=120, bias=True)
                  (proj_drop): Dropout(p=0.0, inplace=False)
                  (softmax): Softmax(dim=-1)
                )
                (drop_path): Identity()
                (norm2): LayerNorm((120,), eps=1e-05, elementwise_affine=True)
                (mlp): Mlp(
                  (fc1): Linear(in_features=120, out_features=240, bias=True)
                  (act): GELU(approximate='none')
                  (fc2): Linear(in_features=240, out_features=120, bias=True)
                  (drop): Dropout(p=0.0, inplace=False)
                )
              )
              (1): SwinTransformerBlock(
                dim=120, input_resolution=(64, 64), num_heads=6, window_size=[3, 8, 8], shift_size=(3, 4, 4), mlp_ratio=2.0
                (norm1): LayerNorm((120,), eps=1e-05, elementwise_affine=True)
                (attn): WindowAttention(
                  dim=120, window_size=[3, 8, 8], num_heads=6
                  (qkv): Linear(in_features=120, out_features=360, bias=True)
                  (attn_drop): Dropout(p=0.0, inplace=False)
                  (proj): Linear(in_features=120, out_features=120, bias=True)
                  (proj_drop): Dropout(p=0.0, inplace=False)
                  (softmax): Softmax(dim=-1)
                )
                (drop_path): DropPath()
                (norm2): LayerNorm((120,), eps=1e-05, elementwise_affine=True)
                (mlp): Mlp(
                  (fc1): Linear(in_features=120, out_features=240, bias=True)
                  (act): GELU(approximate='none')
                  (fc2): Linear(in_features=240, out_features=120, bias=True)
                  (drop): Dropout(p=0.0, inplace=False)
                )
              )
              (2): SwinTransformerBlock(
                dim=120, input_resolution=(64, 64), num_heads=6, window_size=[3, 8, 8], shift_size=(0, 0, 0), mlp_ratio=2.0
                (norm1): LayerNorm((120,), eps=1e-05, elementwise_affine=True)
                (attn): WindowAttention(
                  dim=120, window_size=[3, 8, 8], num_heads=6
                  (qkv): Linear(in_features=120, out_features=360, bias=True)
                  (attn_drop): Dropout(p=0.0, inplace=False)
                  (proj): Linear(in_features=120, out_features=120, bias=True)
                  (proj_drop): Dropout(p=0.0, inplace=False)
                  (softmax): Softmax(dim=-1)
                )
                (drop_path): DropPath()
                (norm2): LayerNorm((120,), eps=1e-05, elementwise_affine=True)
                (mlp): Mlp(
                  (fc1): Linear(in_features=120, out_features=240, bias=True)
                  (act): GELU(approximate='none')
                  (fc2): Linear(in_features=240, out_features=120, bias=True)
                  (drop): Dropout(p=0.0, inplace=False)
                )
              )
              (3): SwinTransformerBlock(
                dim=120, input_resolution=(64, 64), num_heads=6, window_size=[3, 8, 8], shift_size=(3, 4, 4), mlp_ratio=2.0
                (norm1): LayerNorm((120,), eps=1e-05, elementwise_affine=True)
                (attn): WindowAttention(
                  dim=120, window_size=[3, 8, 8], num_heads=6
                  (qkv): Linear(in_features=120, out_features=360, bias=True)
                  (attn_drop): Dropout(p=0.0, inplace=False)
                  (proj): Linear(in_features=120, out_features=120, bias=True)
                  (proj_drop): Dropout(p=0.0, inplace=False)
                  (softmax): Softmax(dim=-1)
                )
                (drop_path): DropPath()
                (norm2): LayerNorm((120,), eps=1e-05, elementwise_affine=True)
                (mlp): Mlp(
                  (fc1): Linear(in_features=120, out_features=240, bias=True)
                  (act): GELU(approximate='none')
                  (fc2): Linear(in_features=240, out_features=120, bias=True)
                  (drop): Dropout(p=0.0, inplace=False)
                )
              )
              (4): SwinTransformerBlock(
                dim=120, input_resolution=(64, 64), num_heads=6, window_size=[3, 8, 8], shift_size=(0, 0, 0), mlp_ratio=2.0
                (norm1): LayerNorm((120,), eps=1e-05, elementwise_affine=True)
                (attn): WindowAttention(
                  dim=120, window_size=[3, 8, 8], num_heads=6
                  (qkv): Linear(in_features=120, out_features=360, bias=True)
                  (attn_drop): Dropout(p=0.0, inplace=False)
                  (proj): Linear(in_features=120, out_features=120, bias=True)
                  (proj_drop): Dropout(p=0.0, inplace=False)
                  (softmax): Softmax(dim=-1)
                )
                (drop_path): DropPath()
                (norm2): LayerNorm((120,), eps=1e-05, elementwise_affine=True)
                (mlp): Mlp(
                  (fc1): Linear(in_features=120, out_features=240, bias=True)
                  (act): GELU(approximate='none')
                  (fc2): Linear(in_features=240, out_features=120, bias=True)
                  (drop): Dropout(p=0.0, inplace=False)
                )
              )
              (5): SwinTransformerBlock(
                dim=120, input_resolution=(64, 64), num_heads=6, window_size=[3, 8, 8], shift_size=(3, 4, 4), mlp_ratio=2.0
                (norm1): LayerNorm((120,), eps=1e-05, elementwise_affine=True)
                (attn): WindowAttention(
                  dim=120, window_size=[3, 8, 8], num_heads=6
                  (qkv): Linear(in_features=120, out_features=360, bias=True)
                  (attn_drop): Dropout(p=0.0, inplace=False)
                  (proj): Linear(in_features=120, out_features=120, bias=True)
                  (proj_drop): Dropout(p=0.0, inplace=False)
                  (softmax): Softmax(dim=-1)
                )
                (drop_path): DropPath()
                (norm2): LayerNorm((120,), eps=1e-05, elementwise_affine=True)
                (mlp): Mlp(
                  (fc1): Linear(in_features=120, out_features=240, bias=True)
                  (act): GELU(approximate='none')
                  (fc2): Linear(in_features=240, out_features=120, bias=True)
                  (drop): Dropout(p=0.0, inplace=False)
                )
              )
            )
          )
          (conv): Conv2d(120, 120, kernel_size=(3, 3), stride=(1, 1), padding=(1, 1))
          (patch_embed): PatchEmbed()
          (patch_unembed): PatchUnEmbed()
        )
        (1-2): 2 x RSTB(
          (residual_group): BasicLayer(
            dim=120, input_resolution=(64, 64), depth=6
            (blocks): ModuleList(
              (0): SwinTransformerBlock(
                dim=120, input_resolution=(64, 64), num_heads=6, window_size=[3, 8, 8], shift_size=(0, 0, 0), mlp_ratio=2.0
                (norm1): LayerNorm((120,), eps=1e-05, elementwise_affine=True)
                (attn): WindowAttention(
                  dim=120, window_size=[3, 8, 8], num_heads=6
                  (qkv): Linear(in_features=120, out_features=360, bias=True)
                  (attn_drop): Dropout(p=0.0, inplace=False)
                  (proj): Linear(in_features=120, out_features=120, bias=True)
                  (proj_drop): Dropout(p=0.0, inplace=False)
                  (softmax): Softmax(dim=-1)
                )
                (drop_path): DropPath()
                (norm2): LayerNorm((120,), eps=1e-05, elementwise_affine=True)
                (mlp): Mlp(
                  (fc1): Linear(in_features=120, out_features=240, bias=True)
                  (act): GELU(approximate='none')
                  (fc2): Linear(in_features=240, out_features=120, bias=True)
                  (drop): Dropout(p=0.0, inplace=False)
                )
              )
              (1): SwinTransformerBlock(
                dim=120, input_resolution=(64, 64), num_heads=6, window_size=[3, 8, 8], shift_size=(3, 4, 4), mlp_ratio=2.0
                (norm1): LayerNorm((120,), eps=1e-05, elementwise_affine=True)
                (attn): WindowAttention(
                  dim=120, window_size=[3, 8, 8], num_heads=6
                  (qkv): Linear(in_features=120, out_features=360, bias=True)
                  (attn_drop): Dropout(p=0.0, inplace=False)
                  (proj): Linear(in_features=120, out_features=120, bias=True)
                  (proj_drop): Dropout(p=0.0, inplace=False)
                  (softmax): Softmax(dim=-1)
                )
                (drop_path): DropPath()
                (norm2): LayerNorm((120,), eps=1e-05, elementwise_affine=True)
                (mlp): Mlp(
                  (fc1): Linear(in_features=120, out_features=240, bias=True)
                  (act): GELU(approximate='none')
                  (fc2): Linear(in_features=240, out_features=120, bias=True)
                  (drop): Dropout(p=0.0, inplace=False)
                )
              )
              (2): SwinTransformerBlock(
                dim=120, input_resolution=(64, 64), num_heads=6, window_size=[3, 8, 8], shift_size=(0, 0, 0), mlp_ratio=2.0
                (norm1): LayerNorm((120,), eps=1e-05, elementwise_affine=True)
                (attn): WindowAttention(
                  dim=120, window_size=[3, 8, 8], num_heads=6
                  (qkv): Linear(in_features=120, out_features=360, bias=True)
                  (attn_drop): Dropout(p=0.0, inplace=False)
                  (proj): Linear(in_features=120, out_features=120, bias=True)
                  (proj_drop): Dropout(p=0.0, inplace=False)
                  (softmax): Softmax(dim=-1)
                )
                (drop_path): DropPath()
                (norm2): LayerNorm((120,), eps=1e-05, elementwise_affine=True)
                (mlp): Mlp(
                  (fc1): Linear(in_features=120, out_features=240, bias=True)
                  (act): GELU(approximate='none')
                  (fc2): Linear(in_features=240, out_features=120, bias=True)
                  (drop): Dropout(p=0.0, inplace=False)
                )
              )
              (3): SwinTransformerBlock(
                dim=120, input_resolution=(64, 64), num_heads=6, window_size=[3, 8, 8], shift_size=(3, 4, 4), mlp_ratio=2.0
                (norm1): LayerNorm((120,), eps=1e-05, elementwise_affine=True)
                (attn): WindowAttention(
                  dim=120, window_size=[3, 8, 8], num_heads=6
                  (qkv): Linear(in_features=120, out_features=360, bias=True)
                  (attn_drop): Dropout(p=0.0, inplace=False)
                  (proj): Linear(in_features=120, out_features=120, bias=True)
                  (proj_drop): Dropout(p=0.0, inplace=False)
                  (softmax): Softmax(dim=-1)
                )
                (drop_path): DropPath()
                (norm2): LayerNorm((120,), eps=1e-05, elementwise_affine=True)
                (mlp): Mlp(
                  (fc1): Linear(in_features=120, out_features=240, bias=True)
                  (act): GELU(approximate='none')
                  (fc2): Linear(in_features=240, out_features=120, bias=True)
                  (drop): Dropout(p=0.0, inplace=False)
                )
              )
              (4): SwinTransformerBlock(
                dim=120, input_resolution=(64, 64), num_heads=6, window_size=[3, 8, 8], shift_size=(0, 0, 0), mlp_ratio=2.0
                (norm1): LayerNorm((120,), eps=1e-05, elementwise_affine=True)
                (attn): WindowAttention(
                  dim=120, window_size=[3, 8, 8], num_heads=6
                  (qkv): Linear(in_features=120, out_features=360, bias=True)
                  (attn_drop): Dropout(p=0.0, inplace=False)
                  (proj): Linear(in_features=120, out_features=120, bias=True)
                  (proj_drop): Dropout(p=0.0, inplace=False)
                  (softmax): Softmax(dim=-1)
                )
                (drop_path): DropPath()
                (norm2): LayerNorm((120,), eps=1e-05, elementwise_affine=True)
                (mlp): Mlp(
                  (fc1): Linear(in_features=120, out_features=240, bias=True)
                  (act): GELU(approximate='none')
                  (fc2): Linear(in_features=240, out_features=120, bias=True)
                  (drop): Dropout(p=0.0, inplace=False)
                )
              )
              (5): SwinTransformerBlock(
                dim=120, input_resolution=(64, 64), num_heads=6, window_size=[3, 8, 8], shift_size=(3, 4, 4), mlp_ratio=2.0
                (norm1): LayerNorm((120,), eps=1e-05, elementwise_affine=True)
                (attn): WindowAttention(
                  dim=120, window_size=[3, 8, 8], num_heads=6
                  (qkv): Linear(in_features=120, out_features=360, bias=True)
                  (attn_drop): Dropout(p=0.0, inplace=False)
                  (proj): Linear(in_features=120, out_features=120, bias=True)
                  (proj_drop): Dropout(p=0.0, inplace=False)
                  (softmax): Softmax(dim=-1)
                )
                (drop_path): DropPath()
                (norm2): LayerNorm((120,), eps=1e-05, elementwise_affine=True)
                (mlp): Mlp(
                  (fc1): Linear(in_features=120, out_features=240, bias=True)
                  (act): GELU(approximate='none')
                  (fc2): Linear(in_features=240, out_features=120, bias=True)
                  (drop): Dropout(p=0.0, inplace=False)
                )
              )
            )
          )
          (conv): Conv2d(120, 120, kernel_size=(3, 3), stride=(1, 1), padding=(1, 1))
          (patch_embed): PatchEmbed()
          (patch_unembed): PatchUnEmbed()
        )
      )
      (norm): LayerNorm((120,), eps=1e-05, elementwise_affine=True)
      (conv_after_body): Conv2d(120, 120, kernel_size=(3, 3), stride=(1, 1), padding=(1, 1))
      (lrelu): LeakyReLU(negative_slope=0.1, inplace=True)
      (conv_before_upsample): Conv2d(120, 64, kernel_size=(3, 3), stride=(1, 1), padding=(1, 1))
    )
    (backward_2): SwinIRFM(
      (conv_first): Conv2d(3, 120, kernel_size=(3, 3), stride=(1, 1), padding=(1, 1))
      (conv_first_feat): Conv2d(64, 120, kernel_size=(3, 3), stride=(1, 1), padding=(1, 1))
      (patch_embed): PatchEmbed(
        (norm): LayerNorm((120,), eps=1e-05, elementwise_affine=True)
      )
      (patch_unembed): PatchUnEmbed()
      (pos_drop): Dropout(p=0.0, inplace=False)
      (layers): ModuleList(
        (0): RSTB(
          (residual_group): BasicLayer(
            dim=120, input_resolution=(64, 64), depth=6
            (blocks): ModuleList(
              (0): SwinTransformerBlock(
                dim=120, input_resolution=(64, 64), num_heads=6, window_size=[3, 8, 8], shift_size=(0, 0, 0), mlp_ratio=2.0
                (norm1): LayerNorm((120,), eps=1e-05, elementwise_affine=True)
                (attn): WindowAttention(
                  dim=120, window_size=[3, 8, 8], num_heads=6
                  (qkv): Linear(in_features=120, out_features=360, bias=True)
                  (attn_drop): Dropout(p=0.0, inplace=False)
                  (proj): Linear(in_features=120, out_features=120, bias=True)
                  (proj_drop): Dropout(p=0.0, inplace=False)
                  (softmax): Softmax(dim=-1)
                )
                (drop_path): Identity()
                (norm2): LayerNorm((120,), eps=1e-05, elementwise_affine=True)
                (mlp): Mlp(
                  (fc1): Linear(in_features=120, out_features=240, bias=True)
                  (act): GELU(approximate='none')
                  (fc2): Linear(in_features=240, out_features=120, bias=True)
                  (drop): Dropout(p=0.0, inplace=False)
                )
              )
              (1): SwinTransformerBlock(
                dim=120, input_resolution=(64, 64), num_heads=6, window_size=[3, 8, 8], shift_size=(3, 4, 4), mlp_ratio=2.0
                (norm1): LayerNorm((120,), eps=1e-05, elementwise_affine=True)
                (attn): WindowAttention(
                  dim=120, window_size=[3, 8, 8], num_heads=6
                  (qkv): Linear(in_features=120, out_features=360, bias=True)
                  (attn_drop): Dropout(p=0.0, inplace=False)
                  (proj): Linear(in_features=120, out_features=120, bias=True)
                  (proj_drop): Dropout(p=0.0, inplace=False)
                  (softmax): Softmax(dim=-1)
                )
                (drop_path): DropPath()
                (norm2): LayerNorm((120,), eps=1e-05, elementwise_affine=True)
                (mlp): Mlp(
                  (fc1): Linear(in_features=120, out_features=240, bias=True)
                  (act): GELU(approximate='none')
                  (fc2): Linear(in_features=240, out_features=120, bias=True)
                  (drop): Dropout(p=0.0, inplace=False)
                )
              )
              (2): SwinTransformerBlock(
                dim=120, input_resolution=(64, 64), num_heads=6, window_size=[3, 8, 8], shift_size=(0, 0, 0), mlp_ratio=2.0
                (norm1): LayerNorm((120,), eps=1e-05, elementwise_affine=True)
                (attn): WindowAttention(
                  dim=120, window_size=[3, 8, 8], num_heads=6
                  (qkv): Linear(in_features=120, out_features=360, bias=True)
                  (attn_drop): Dropout(p=0.0, inplace=False)
                  (proj): Linear(in_features=120, out_features=120, bias=True)
                  (proj_drop): Dropout(p=0.0, inplace=False)
                  (softmax): Softmax(dim=-1)
                )
                (drop_path): DropPath()
                (norm2): LayerNorm((120,), eps=1e-05, elementwise_affine=True)
                (mlp): Mlp(
                  (fc1): Linear(in_features=120, out_features=240, bias=True)
                  (act): GELU(approximate='none')
                  (fc2): Linear(in_features=240, out_features=120, bias=True)
                  (drop): Dropout(p=0.0, inplace=False)
                )
              )
              (3): SwinTransformerBlock(
                dim=120, input_resolution=(64, 64), num_heads=6, window_size=[3, 8, 8], shift_size=(3, 4, 4), mlp_ratio=2.0
                (norm1): LayerNorm((120,), eps=1e-05, elementwise_affine=True)
                (attn): WindowAttention(
                  dim=120, window_size=[3, 8, 8], num_heads=6
                  (qkv): Linear(in_features=120, out_features=360, bias=True)
                  (attn_drop): Dropout(p=0.0, inplace=False)
                  (proj): Linear(in_features=120, out_features=120, bias=True)
                  (proj_drop): Dropout(p=0.0, inplace=False)
                  (softmax): Softmax(dim=-1)
                )
                (drop_path): DropPath()
                (norm2): LayerNorm((120,), eps=1e-05, elementwise_affine=True)
                (mlp): Mlp(
                  (fc1): Linear(in_features=120, out_features=240, bias=True)
                  (act): GELU(approximate='none')
                  (fc2): Linear(in_features=240, out_features=120, bias=True)
                  (drop): Dropout(p=0.0, inplace=False)
                )
              )
              (4): SwinTransformerBlock(
                dim=120, input_resolution=(64, 64), num_heads=6, window_size=[3, 8, 8], shift_size=(0, 0, 0), mlp_ratio=2.0
                (norm1): LayerNorm((120,), eps=1e-05, elementwise_affine=True)
                (attn): WindowAttention(
                  dim=120, window_size=[3, 8, 8], num_heads=6
                  (qkv): Linear(in_features=120, out_features=360, bias=True)
                  (attn_drop): Dropout(p=0.0, inplace=False)
                  (proj): Linear(in_features=120, out_features=120, bias=True)
                  (proj_drop): Dropout(p=0.0, inplace=False)
                  (softmax): Softmax(dim=-1)
                )
                (drop_path): DropPath()
                (norm2): LayerNorm((120,), eps=1e-05, elementwise_affine=True)
                (mlp): Mlp(
                  (fc1): Linear(in_features=120, out_features=240, bias=True)
                  (act): GELU(approximate='none')
                  (fc2): Linear(in_features=240, out_features=120, bias=True)
                  (drop): Dropout(p=0.0, inplace=False)
                )
              )
              (5): SwinTransformerBlock(
                dim=120, input_resolution=(64, 64), num_heads=6, window_size=[3, 8, 8], shift_size=(3, 4, 4), mlp_ratio=2.0
                (norm1): LayerNorm((120,), eps=1e-05, elementwise_affine=True)
                (attn): WindowAttention(
                  dim=120, window_size=[3, 8, 8], num_heads=6
                  (qkv): Linear(in_features=120, out_features=360, bias=True)
                  (attn_drop): Dropout(p=0.0, inplace=False)
                  (proj): Linear(in_features=120, out_features=120, bias=True)
                  (proj_drop): Dropout(p=0.0, inplace=False)
                  (softmax): Softmax(dim=-1)
                )
                (drop_path): DropPath()
                (norm2): LayerNorm((120,), eps=1e-05, elementwise_affine=True)
                (mlp): Mlp(
                  (fc1): Linear(in_features=120, out_features=240, bias=True)
                  (act): GELU(approximate='none')
                  (fc2): Linear(in_features=240, out_features=120, bias=True)
                  (drop): Dropout(p=0.0, inplace=False)
                )
              )
            )
          )
          (conv): Conv2d(120, 120, kernel_size=(3, 3), stride=(1, 1), padding=(1, 1))
          (patch_embed): PatchEmbed()
          (patch_unembed): PatchUnEmbed()
        )
        (1-2): 2 x RSTB(
          (residual_group): BasicLayer(
            dim=120, input_resolution=(64, 64), depth=6
            (blocks): ModuleList(
              (0): SwinTransformerBlock(
                dim=120, input_resolution=(64, 64), num_heads=6, window_size=[3, 8, 8], shift_size=(0, 0, 0), mlp_ratio=2.0
                (norm1): LayerNorm((120,), eps=1e-05, elementwise_affine=True)
                (attn): WindowAttention(
                  dim=120, window_size=[3, 8, 8], num_heads=6
                  (qkv): Linear(in_features=120, out_features=360, bias=True)
                  (attn_drop): Dropout(p=0.0, inplace=False)
                  (proj): Linear(in_features=120, out_features=120, bias=True)
                  (proj_drop): Dropout(p=0.0, inplace=False)
                  (softmax): Softmax(dim=-1)
                )
                (drop_path): DropPath()
                (norm2): LayerNorm((120,), eps=1e-05, elementwise_affine=True)
                (mlp): Mlp(
                  (fc1): Linear(in_features=120, out_features=240, bias=True)
                  (act): GELU(approximate='none')
                  (fc2): Linear(in_features=240, out_features=120, bias=True)
                  (drop): Dropout(p=0.0, inplace=False)
                )
              )
              (1): SwinTransformerBlock(
                dim=120, input_resolution=(64, 64), num_heads=6, window_size=[3, 8, 8], shift_size=(3, 4, 4), mlp_ratio=2.0
                (norm1): LayerNorm((120,), eps=1e-05, elementwise_affine=True)
                (attn): WindowAttention(
                  dim=120, window_size=[3, 8, 8], num_heads=6
                  (qkv): Linear(in_features=120, out_features=360, bias=True)
                  (attn_drop): Dropout(p=0.0, inplace=False)
                  (proj): Linear(in_features=120, out_features=120, bias=True)
                  (proj_drop): Dropout(p=0.0, inplace=False)
                  (softmax): Softmax(dim=-1)
                )
                (drop_path): DropPath()
                (norm2): LayerNorm((120,), eps=1e-05, elementwise_affine=True)
                (mlp): Mlp(
                  (fc1): Linear(in_features=120, out_features=240, bias=True)
                  (act): GELU(approximate='none')
                  (fc2): Linear(in_features=240, out_features=120, bias=True)
                  (drop): Dropout(p=0.0, inplace=False)
                )
              )
              (2): SwinTransformerBlock(
                dim=120, input_resolution=(64, 64), num_heads=6, window_size=[3, 8, 8], shift_size=(0, 0, 0), mlp_ratio=2.0
                (norm1): LayerNorm((120,), eps=1e-05, elementwise_affine=True)
                (attn): WindowAttention(
                  dim=120, window_size=[3, 8, 8], num_heads=6
                  (qkv): Linear(in_features=120, out_features=360, bias=True)
                  (attn_drop): Dropout(p=0.0, inplace=False)
                  (proj): Linear(in_features=120, out_features=120, bias=True)
                  (proj_drop): Dropout(p=0.0, inplace=False)
                  (softmax): Softmax(dim=-1)
                )
                (drop_path): DropPath()
                (norm2): LayerNorm((120,), eps=1e-05, elementwise_affine=True)
                (mlp): Mlp(
                  (fc1): Linear(in_features=120, out_features=240, bias=True)
                  (act): GELU(approximate='none')
                  (fc2): Linear(in_features=240, out_features=120, bias=True)
                  (drop): Dropout(p=0.0, inplace=False)
                )
              )
              (3): SwinTransformerBlock(
                dim=120, input_resolution=(64, 64), num_heads=6, window_size=[3, 8, 8], shift_size=(3, 4, 4), mlp_ratio=2.0
                (norm1): LayerNorm((120,), eps=1e-05, elementwise_affine=True)
                (attn): WindowAttention(
                  dim=120, window_size=[3, 8, 8], num_heads=6
                  (qkv): Linear(in_features=120, out_features=360, bias=True)
                  (attn_drop): Dropout(p=0.0, inplace=False)
                  (proj): Linear(in_features=120, out_features=120, bias=True)
                  (proj_drop): Dropout(p=0.0, inplace=False)
                  (softmax): Softmax(dim=-1)
                )
                (drop_path): DropPath()
                (norm2): LayerNorm((120,), eps=1e-05, elementwise_affine=True)
                (mlp): Mlp(
                  (fc1): Linear(in_features=120, out_features=240, bias=True)
                  (act): GELU(approximate='none')
                  (fc2): Linear(in_features=240, out_features=120, bias=True)
                  (drop): Dropout(p=0.0, inplace=False)
                )
              )
              (4): SwinTransformerBlock(
                dim=120, input_resolution=(64, 64), num_heads=6, window_size=[3, 8, 8], shift_size=(0, 0, 0), mlp_ratio=2.0
                (norm1): LayerNorm((120,), eps=1e-05, elementwise_affine=True)
                (attn): WindowAttention(
                  dim=120, window_size=[3, 8, 8], num_heads=6
                  (qkv): Linear(in_features=120, out_features=360, bias=True)
                  (attn_drop): Dropout(p=0.0, inplace=False)
                  (proj): Linear(in_features=120, out_features=120, bias=True)
                  (proj_drop): Dropout(p=0.0, inplace=False)
                  (softmax): Softmax(dim=-1)
                )
                (drop_path): DropPath()
                (norm2): LayerNorm((120,), eps=1e-05, elementwise_affine=True)
                (mlp): Mlp(
                  (fc1): Linear(in_features=120, out_features=240, bias=True)
                  (act): GELU(approximate='none')
                  (fc2): Linear(in_features=240, out_features=120, bias=True)
                  (drop): Dropout(p=0.0, inplace=False)
                )
              )
              (5): SwinTransformerBlock(
                dim=120, input_resolution=(64, 64), num_heads=6, window_size=[3, 8, 8], shift_size=(3, 4, 4), mlp_ratio=2.0
                (norm1): LayerNorm((120,), eps=1e-05, elementwise_affine=True)
                (attn): WindowAttention(
                  dim=120, window_size=[3, 8, 8], num_heads=6
                  (qkv): Linear(in_features=120, out_features=360, bias=True)
                  (attn_drop): Dropout(p=0.0, inplace=False)
                  (proj): Linear(in_features=120, out_features=120, bias=True)
                  (proj_drop): Dropout(p=0.0, inplace=False)
                  (softmax): Softmax(dim=-1)
                )
                (drop_path): DropPath()
                (norm2): LayerNorm((120,), eps=1e-05, elementwise_affine=True)
                (mlp): Mlp(
                  (fc1): Linear(in_features=120, out_features=240, bias=True)
                  (act): GELU(approximate='none')
                  (fc2): Linear(in_features=240, out_features=120, bias=True)
                  (drop): Dropout(p=0.0, inplace=False)
                )
              )
            )
          )
          (conv): Conv2d(120, 120, kernel_size=(3, 3), stride=(1, 1), padding=(1, 1))
          (patch_embed): PatchEmbed()
          (patch_unembed): PatchUnEmbed()
        )
      )
      (norm): LayerNorm((120,), eps=1e-05, elementwise_affine=True)
      (conv_after_body): Conv2d(120, 120, kernel_size=(3, 3), stride=(1, 1), padding=(1, 1))
      (lrelu): LeakyReLU(negative_slope=0.1, inplace=True)
      (conv_before_upsample): Conv2d(120, 64, kernel_size=(3, 3), stride=(1, 1), padding=(1, 1))
    )
    (forward_2): SwinIRFM(
      (conv_first): Conv2d(3, 120, kernel_size=(3, 3), stride=(1, 1), padding=(1, 1))
      (conv_first_feat): Conv2d(64, 120, kernel_size=(3, 3), stride=(1, 1), padding=(1, 1))
      (patch_embed): PatchEmbed(
        (norm): LayerNorm((120,), eps=1e-05, elementwise_affine=True)
      )
      (patch_unembed): PatchUnEmbed()
      (pos_drop): Dropout(p=0.0, inplace=False)
      (layers): ModuleList(
        (0): RSTB(
          (residual_group): BasicLayer(
            dim=120, input_resolution=(64, 64), depth=6
            (blocks): ModuleList(
              (0): SwinTransformerBlock(
                dim=120, input_resolution=(64, 64), num_heads=6, window_size=[3, 8, 8], shift_size=(0, 0, 0), mlp_ratio=2.0
                (norm1): LayerNorm((120,), eps=1e-05, elementwise_affine=True)
                (attn): WindowAttention(
                  dim=120, window_size=[3, 8, 8], num_heads=6
                  (qkv): Linear(in_features=120, out_features=360, bias=True)
                  (attn_drop): Dropout(p=0.0, inplace=False)
                  (proj): Linear(in_features=120, out_features=120, bias=True)
                  (proj_drop): Dropout(p=0.0, inplace=False)
                  (softmax): Softmax(dim=-1)
                )
                (drop_path): Identity()
                (norm2): LayerNorm((120,), eps=1e-05, elementwise_affine=True)
                (mlp): Mlp(
                  (fc1): Linear(in_features=120, out_features=240, bias=True)
                  (act): GELU(approximate='none')
                  (fc2): Linear(in_features=240, out_features=120, bias=True)
                  (drop): Dropout(p=0.0, inplace=False)
                )
              )
              (1): SwinTransformerBlock(
                dim=120, input_resolution=(64, 64), num_heads=6, window_size=[3, 8, 8], shift_size=(3, 4, 4), mlp_ratio=2.0
                (norm1): LayerNorm((120,), eps=1e-05, elementwise_affine=True)
                (attn): WindowAttention(
                  dim=120, window_size=[3, 8, 8], num_heads=6
                  (qkv): Linear(in_features=120, out_features=360, bias=True)
                  (attn_drop): Dropout(p=0.0, inplace=False)
                  (proj): Linear(in_features=120, out_features=120, bias=True)
                  (proj_drop): Dropout(p=0.0, inplace=False)
                  (softmax): Softmax(dim=-1)
                )
                (drop_path): DropPath()
                (norm2): LayerNorm((120,), eps=1e-05, elementwise_affine=True)
                (mlp): Mlp(
                  (fc1): Linear(in_features=120, out_features=240, bias=True)
                  (act): GELU(approximate='none')
                  (fc2): Linear(in_features=240, out_features=120, bias=True)
                  (drop): Dropout(p=0.0, inplace=False)
                )
              )
              (2): SwinTransformerBlock(
                dim=120, input_resolution=(64, 64), num_heads=6, window_size=[3, 8, 8], shift_size=(0, 0, 0), mlp_ratio=2.0
                (norm1): LayerNorm((120,), eps=1e-05, elementwise_affine=True)
                (attn): WindowAttention(
                  dim=120, window_size=[3, 8, 8], num_heads=6
                  (qkv): Linear(in_features=120, out_features=360, bias=True)
                  (attn_drop): Dropout(p=0.0, inplace=False)
                  (proj): Linear(in_features=120, out_features=120, bias=True)
                  (proj_drop): Dropout(p=0.0, inplace=False)
                  (softmax): Softmax(dim=-1)
                )
                (drop_path): DropPath()
                (norm2): LayerNorm((120,), eps=1e-05, elementwise_affine=True)
                (mlp): Mlp(
                  (fc1): Linear(in_features=120, out_features=240, bias=True)
                  (act): GELU(approximate='none')
                  (fc2): Linear(in_features=240, out_features=120, bias=True)
                  (drop): Dropout(p=0.0, inplace=False)
                )
              )
              (3): SwinTransformerBlock(
                dim=120, input_resolution=(64, 64), num_heads=6, window_size=[3, 8, 8], shift_size=(3, 4, 4), mlp_ratio=2.0
                (norm1): LayerNorm((120,), eps=1e-05, elementwise_affine=True)
                (attn): WindowAttention(
                  dim=120, window_size=[3, 8, 8], num_heads=6
                  (qkv): Linear(in_features=120, out_features=360, bias=True)
                  (attn_drop): Dropout(p=0.0, inplace=False)
                  (proj): Linear(in_features=120, out_features=120, bias=True)
                  (proj_drop): Dropout(p=0.0, inplace=False)
                  (softmax): Softmax(dim=-1)
                )
                (drop_path): DropPath()
                (norm2): LayerNorm((120,), eps=1e-05, elementwise_affine=True)
                (mlp): Mlp(
                  (fc1): Linear(in_features=120, out_features=240, bias=True)
                  (act): GELU(approximate='none')
                  (fc2): Linear(in_features=240, out_features=120, bias=True)
                  (drop): Dropout(p=0.0, inplace=False)
                )
              )
              (4): SwinTransformerBlock(
                dim=120, input_resolution=(64, 64), num_heads=6, window_size=[3, 8, 8], shift_size=(0, 0, 0), mlp_ratio=2.0
                (norm1): LayerNorm((120,), eps=1e-05, elementwise_affine=True)
                (attn): WindowAttention(
                  dim=120, window_size=[3, 8, 8], num_heads=6
                  (qkv): Linear(in_features=120, out_features=360, bias=True)
                  (attn_drop): Dropout(p=0.0, inplace=False)
                  (proj): Linear(in_features=120, out_features=120, bias=True)
                  (proj_drop): Dropout(p=0.0, inplace=False)
                  (softmax): Softmax(dim=-1)
                )
                (drop_path): DropPath()
                (norm2): LayerNorm((120,), eps=1e-05, elementwise_affine=True)
                (mlp): Mlp(
                  (fc1): Linear(in_features=120, out_features=240, bias=True)
                  (act): GELU(approximate='none')
                  (fc2): Linear(in_features=240, out_features=120, bias=True)
                  (drop): Dropout(p=0.0, inplace=False)
                )
              )
              (5): SwinTransformerBlock(
                dim=120, input_resolution=(64, 64), num_heads=6, window_size=[3, 8, 8], shift_size=(3, 4, 4), mlp_ratio=2.0
                (norm1): LayerNorm((120,), eps=1e-05, elementwise_affine=True)
                (attn): WindowAttention(
                  dim=120, window_size=[3, 8, 8], num_heads=6
                  (qkv): Linear(in_features=120, out_features=360, bias=True)
                  (attn_drop): Dropout(p=0.0, inplace=False)
                  (proj): Linear(in_features=120, out_features=120, bias=True)
                  (proj_drop): Dropout(p=0.0, inplace=False)
                  (softmax): Softmax(dim=-1)
                )
                (drop_path): DropPath()
                (norm2): LayerNorm((120,), eps=1e-05, elementwise_affine=True)
                (mlp): Mlp(
                  (fc1): Linear(in_features=120, out_features=240, bias=True)
                  (act): GELU(approximate='none')
                  (fc2): Linear(in_features=240, out_features=120, bias=True)
                  (drop): Dropout(p=0.0, inplace=False)
                )
              )
            )
          )
          (conv): Conv2d(120, 120, kernel_size=(3, 3), stride=(1, 1), padding=(1, 1))
          (patch_embed): PatchEmbed()
          (patch_unembed): PatchUnEmbed()
        )
        (1-2): 2 x RSTB(
          (residual_group): BasicLayer(
            dim=120, input_resolution=(64, 64), depth=6
            (blocks): ModuleList(
              (0): SwinTransformerBlock(
                dim=120, input_resolution=(64, 64), num_heads=6, window_size=[3, 8, 8], shift_size=(0, 0, 0), mlp_ratio=2.0
                (norm1): LayerNorm((120,), eps=1e-05, elementwise_affine=True)
                (attn): WindowAttention(
                  dim=120, window_size=[3, 8, 8], num_heads=6
                  (qkv): Linear(in_features=120, out_features=360, bias=True)
                  (attn_drop): Dropout(p=0.0, inplace=False)
                  (proj): Linear(in_features=120, out_features=120, bias=True)
                  (proj_drop): Dropout(p=0.0, inplace=False)
                  (softmax): Softmax(dim=-1)
                )
                (drop_path): DropPath()
                (norm2): LayerNorm((120,), eps=1e-05, elementwise_affine=True)
                (mlp): Mlp(
                  (fc1): Linear(in_features=120, out_features=240, bias=True)
                  (act): GELU(approximate='none')
                  (fc2): Linear(in_features=240, out_features=120, bias=True)
                  (drop): Dropout(p=0.0, inplace=False)
                )
              )
              (1): SwinTransformerBlock(
                dim=120, input_resolution=(64, 64), num_heads=6, window_size=[3, 8, 8], shift_size=(3, 4, 4), mlp_ratio=2.0
                (norm1): LayerNorm((120,), eps=1e-05, elementwise_affine=True)
                (attn): WindowAttention(
                  dim=120, window_size=[3, 8, 8], num_heads=6
                  (qkv): Linear(in_features=120, out_features=360, bias=True)
                  (attn_drop): Dropout(p=0.0, inplace=False)
                  (proj): Linear(in_features=120, out_features=120, bias=True)
                  (proj_drop): Dropout(p=0.0, inplace=False)
                  (softmax): Softmax(dim=-1)
                )
                (drop_path): DropPath()
                (norm2): LayerNorm((120,), eps=1e-05, elementwise_affine=True)
                (mlp): Mlp(
                  (fc1): Linear(in_features=120, out_features=240, bias=True)
                  (act): GELU(approximate='none')
                  (fc2): Linear(in_features=240, out_features=120, bias=True)
                  (drop): Dropout(p=0.0, inplace=False)
                )
              )
              (2): SwinTransformerBlock(
                dim=120, input_resolution=(64, 64), num_heads=6, window_size=[3, 8, 8], shift_size=(0, 0, 0), mlp_ratio=2.0
                (norm1): LayerNorm((120,), eps=1e-05, elementwise_affine=True)
                (attn): WindowAttention(
                  dim=120, window_size=[3, 8, 8], num_heads=6
                  (qkv): Linear(in_features=120, out_features=360, bias=True)
                  (attn_drop): Dropout(p=0.0, inplace=False)
                  (proj): Linear(in_features=120, out_features=120, bias=True)
                  (proj_drop): Dropout(p=0.0, inplace=False)
                  (softmax): Softmax(dim=-1)
                )
                (drop_path): DropPath()
                (norm2): LayerNorm((120,), eps=1e-05, elementwise_affine=True)
                (mlp): Mlp(
                  (fc1): Linear(in_features=120, out_features=240, bias=True)
                  (act): GELU(approximate='none')
                  (fc2): Linear(in_features=240, out_features=120, bias=True)
                  (drop): Dropout(p=0.0, inplace=False)
                )
              )
              (3): SwinTransformerBlock(
                dim=120, input_resolution=(64, 64), num_heads=6, window_size=[3, 8, 8], shift_size=(3, 4, 4), mlp_ratio=2.0
                (norm1): LayerNorm((120,), eps=1e-05, elementwise_affine=True)
                (attn): WindowAttention(
                  dim=120, window_size=[3, 8, 8], num_heads=6
                  (qkv): Linear(in_features=120, out_features=360, bias=True)
                  (attn_drop): Dropout(p=0.0, inplace=False)
                  (proj): Linear(in_features=120, out_features=120, bias=True)
                  (proj_drop): Dropout(p=0.0, inplace=False)
                  (softmax): Softmax(dim=-1)
                )
                (drop_path): DropPath()
                (norm2): LayerNorm((120,), eps=1e-05, elementwise_affine=True)
                (mlp): Mlp(
                  (fc1): Linear(in_features=120, out_features=240, bias=True)
                  (act): GELU(approximate='none')
                  (fc2): Linear(in_features=240, out_features=120, bias=True)
                  (drop): Dropout(p=0.0, inplace=False)
                )
              )
              (4): SwinTransformerBlock(
                dim=120, input_resolution=(64, 64), num_heads=6, window_size=[3, 8, 8], shift_size=(0, 0, 0), mlp_ratio=2.0
                (norm1): LayerNorm((120,), eps=1e-05, elementwise_affine=True)
                (attn): WindowAttention(
                  dim=120, window_size=[3, 8, 8], num_heads=6
                  (qkv): Linear(in_features=120, out_features=360, bias=True)
                  (attn_drop): Dropout(p=0.0, inplace=False)
                  (proj): Linear(in_features=120, out_features=120, bias=True)
                  (proj_drop): Dropout(p=0.0, inplace=False)
                  (softmax): Softmax(dim=-1)
                )
                (drop_path): DropPath()
                (norm2): LayerNorm((120,), eps=1e-05, elementwise_affine=True)
                (mlp): Mlp(
                  (fc1): Linear(in_features=120, out_features=240, bias=True)
                  (act): GELU(approximate='none')
                  (fc2): Linear(in_features=240, out_features=120, bias=True)
                  (drop): Dropout(p=0.0, inplace=False)
                )
              )
              (5): SwinTransformerBlock(
                dim=120, input_resolution=(64, 64), num_heads=6, window_size=[3, 8, 8], shift_size=(3, 4, 4), mlp_ratio=2.0
                (norm1): LayerNorm((120,), eps=1e-05, elementwise_affine=True)
                (attn): WindowAttention(
                  dim=120, window_size=[3, 8, 8], num_heads=6
                  (qkv): Linear(in_features=120, out_features=360, bias=True)
                  (attn_drop): Dropout(p=0.0, inplace=False)
                  (proj): Linear(in_features=120, out_features=120, bias=True)
                  (proj_drop): Dropout(p=0.0, inplace=False)
                  (softmax): Softmax(dim=-1)
                )
                (drop_path): DropPath()
                (norm2): LayerNorm((120,), eps=1e-05, elementwise_affine=True)
                (mlp): Mlp(
                  (fc1): Linear(in_features=120, out_features=240, bias=True)
                  (act): GELU(approximate='none')
                  (fc2): Linear(in_features=240, out_features=120, bias=True)
                  (drop): Dropout(p=0.0, inplace=False)
                )
              )
            )
          )
          (conv): Conv2d(120, 120, kernel_size=(3, 3), stride=(1, 1), padding=(1, 1))
          (patch_embed): PatchEmbed()
          (patch_unembed): PatchUnEmbed()
        )
      )
      (norm): LayerNorm((120,), eps=1e-05, elementwise_affine=True)
      (conv_after_body): Conv2d(120, 120, kernel_size=(3, 3), stride=(1, 1), padding=(1, 1))
      (lrelu): LeakyReLU(negative_slope=0.1, inplace=True)
      (conv_before_upsample): Conv2d(120, 64, kernel_size=(3, 3), stride=(1, 1), padding=(1, 1))
    )
  )
  (upconv1): Conv2d(64, 256, kernel_size=(3, 3), stride=(1, 1), padding=(1, 1))
  (upconv2): Conv2d(64, 256, kernel_size=(3, 3), stride=(1, 1), padding=(1, 1))
  (pixel_shuffle): PixelShuffle(upscale_factor=2)
  (conv_hr): Conv2d(64, 64, kernel_size=(3, 3), stride=(1, 1), padding=(1, 1))
  (conv_last): Conv2d(64, 3, kernel_size=(3, 3), stride=(1, 1), padding=(1, 1))
  (img_upsample): Upsample(scale_factor=4.0, mode='bilinear')
  (lrelu): LeakyReLU(negative_slope=0.1, inplace=True)
  (implicit_warp): ImplicitWarpModule(
    (q): Linear(in_features=120, out_features=120, bias=True)
    (k): Linear(in_features=120, out_features=120, bias=True)
    (v): Linear(in_features=120, out_features=120, bias=True)
    (softmax): Softmax(dim=-1)
  )
)
2025-11-22 11:10:26,308 INFO: Use Exponential Moving Average with decay: 0.999
2025-11-22 11:10:26,536 INFO: Network [IART] is created.
2025-11-22 11:10:26,705 INFO: Loss [CharbonnierLoss] is created.
2025-11-22 11:10:26,705 INFO: Multiple the learning rate for flow network with 0.125.
2025-11-22 11:10:26,717 INFO: Model [RecurrentMixPrecisionRTModel] is created.
2025-11-22 11:10:40,162 INFO: Sanity checking for validation.
2025-11-22 11:10:40,162 INFO: Start training from epoch: 0, iter: 0
2025-11-22 11:10:54,274 INFO: Fix flow network and feature extractor for 5000 iters.
2025-11-22 11:11:00,593 INFO: [IART_..][epoch:  0, iter:       1, lr:(2.000e-04,2.500e-05,)] [eta: 0:00:00, time (data): 20.431 (14.101)] l_pix: 4.6863e-02 
2025-11-22 11:11:03,210 INFO: [IART_..][epoch:  0, iter:       2, lr:(2.000e-04,2.500e-05,)] [eta: 2:25:20, time (data): 11.524 (7.050)] l_pix: 5.5323e-02 
2025-11-22 11:11:05,729 INFO: [IART_..][epoch:  0, iter:       3, lr:(2.000e-04,2.500e-05,)] [eta: 3:33:55, time (data): 8.522 (4.700)] l_pix: 3.6567e-02 
2025-11-22 11:11:08,180 INFO: [IART_..][epoch:  0, iter:       4, lr:(2.000e-04,2.500e-05,)] [eta: 4:12:46, time (data): 7.005 (3.525)] l_pix: 5.0739e-02 
2025-11-22 11:11:10,647 INFO: [IART_..][epoch:  0, iter:       5, lr:(2.000e-04,2.500e-05,)] [eta: 4:39:07, time (data): 6.097 (2.820)] l_pix: 5.8636e-02 
2025-11-22 11:11:13,116 INFO: [IART_..][epoch:  0, iter:       6, lr:(2.000e-04,2.500e-05,)] [eta: 4:57:58, time (data): 5.492 (2.350)] l_pix: 3.8302e-02 
2025-11-22 11:11:15,684 INFO: [IART_..][epoch:  0, iter:       7, lr:(2.000e-04,2.500e-05,)] [eta: 5:14:08, time (data): 5.075 (2.014)] l_pix: 3.1741e-02 
2025-11-22 11:11:18,241 INFO: [IART_..][epoch:  0, iter:       8, lr:(2.000e-04,2.500e-05,)] [eta: 5:26:31, time (data): 4.760 (1.763)] l_pix: 2.2789e-02 
2025-11-22 11:11:20,710 INFO: [IART_..][epoch:  0, iter:       9, lr:(2.000e-04,2.500e-05,)] [eta: 5:34:56, time (data): 4.505 (1.567)] l_pix: 2.5848e-02 
2025-11-22 11:11:23,179 INFO: [IART_..][epoch:  0, iter:      10, lr:(2.000e-04,2.500e-05,)] [eta: 5:41:50, time (data): 4.302 (1.410)] l_pix: 3.2321e-02 
2025-11-22 11:11:25,655 INFO: [IART_..][epoch:  0, iter:      11, lr:(2.000e-04,2.500e-05,)] [eta: 5:47:40, time (data): 4.136 (1.282)] l_pix: 3.7514e-02 
2025-11-22 11:11:28,082 INFO: [IART_..][epoch:  0, iter:      12, lr:(2.000e-04,2.500e-05,)] [eta: 5:51:57, time (data): 3.993 (1.175)] l_pix: 4.8361e-02 
2025-11-22 11:11:30,585 INFO: [IART_..][epoch:  0, iter:      13, lr:(2.000e-04,2.500e-05,)] [eta: 5:56:32, time (data): 3.879 (1.086)] l_pix: 2.0029e-02 
2025-11-22 11:11:33,104 INFO: [IART_..][epoch:  0, iter:      14, lr:(2.000e-04,2.500e-05,)] [eta: 6:00:41, time (data): 3.782 (1.008)] l_pix: 3.3030e-02 
2025-11-22 11:11:35,620 INFO: [IART_..][epoch:  0, iter:      15, lr:(2.000e-04,2.500e-05,)] [eta: 6:04:17, time (data): 3.697 (0.941)] l_pix: 3.1380e-02 
2025-11-22 11:11:38,132 INFO: [IART_..][epoch:  0, iter:      16, lr:(2.000e-04,2.500e-05,)] [eta: 6:07:24, time (data): 3.623 (0.882)] l_pix: 3.3811e-02 
2025-11-22 11:11:40,597 INFO: [IART_..][epoch:  0, iter:      17, lr:(2.000e-04,2.500e-05,)] [eta: 6:09:44, time (data): 3.555 (0.830)] l_pix: 4.4865e-02 
2025-11-22 11:11:43,131 INFO: [IART_..][epoch:  0, iter:      18, lr:(2.000e-04,2.500e-05,)] [eta: 6:12:26, time (data): 3.498 (0.784)] l_pix: 4.8049e-02 
2025-11-22 11:11:45,665 INFO: [IART_..][epoch:  0, iter:      19, lr:(2.000e-04,2.500e-05,)] [eta: 6:14:51, time (data): 3.448 (0.744)] l_pix: 1.9297e-02 
2025-11-22 11:11:48,179 INFO: [IART_..][epoch:  0, iter:      20, lr:(2.000e-04,2.500e-05,)] [eta: 6:16:52, time (data): 3.401 (0.707)] l_pix: 3.0953e-02 
2025-11-22 11:11:50,689 INFO: [IART_..][epoch:  0, iter:      21, lr:(2.000e-04,2.500e-05,)] [eta: 6:18:40, time (data): 3.358 (0.673)] l_pix: 4.8096e-02 
2025-11-22 11:11:53,189 INFO: [IART_..][epoch:  0, iter:      22, lr:(2.000e-04,2.500e-05,)] [eta: 6:20:15, time (data): 3.319 (0.643)] l_pix: 4.0832e-02 
2025-11-22 11:11:55,692 INFO: [IART_..][epoch:  0, iter:      23, lr:(2.000e-04,2.500e-05,)] [eta: 6:21:42, time (data): 3.284 (0.615)] l_pix: 3.9601e-02 
2025-11-22 11:11:58,274 INFO: [IART_..][epoch:  0, iter:      24, lr:(2.000e-04,2.500e-05,)] [eta: 6:23:34, time (data): 3.255 (0.589)] l_pix: 3.1841e-02 
2025-11-22 11:12:00,839 INFO: [IART_..][epoch:  0, iter:      25, lr:(2.000e-04,2.500e-05,)] [eta: 6:25:11, time (data): 3.227 (0.566)] l_pix: 4.9059e-02 
2025-11-22 11:12:03,309 INFO: [IART_..][epoch:  0, iter:      26, lr:(2.000e-04,2.500e-05,)] [eta: 6:26:05, time (data): 3.198 (0.544)] l_pix: 2.8413e-02 
2025-11-22 11:12:05,808 INFO: [IART_..][epoch:  0, iter:      27, lr:(2.000e-04,2.500e-05,)] [eta: 6:27:05, time (data): 3.172 (0.524)] l_pix: 2.3582e-02 
2025-11-22 11:12:08,302 INFO: [IART_..][epoch:  0, iter:      28, lr:(2.000e-04,2.500e-05,)] [eta: 6:28:00, time (data): 3.148 (0.505)] l_pix: 4.9606e-02 
2025-11-22 11:12:10,832 INFO: [IART_..][epoch:  0, iter:      29, lr:(2.000e-04,2.500e-05,)] [eta: 6:29:02, time (data): 3.127 (0.488)] l_pix: 2.8364e-02 
2025-11-22 11:12:13,304 INFO: [IART_..][epoch:  0, iter:      30, lr:(2.000e-04,2.500e-05,)] [eta: 6:29:42, time (data): 3.105 (0.472)] l_pix: 3.8383e-02 
2025-11-22 11:12:15,774 INFO: [IART_..][epoch:  0, iter:      31, lr:(2.000e-04,2.500e-05,)] [eta: 6:30:18, time (data): 3.084 (0.457)] l_pix: 3.1254e-02 
2025-11-22 11:12:18,354 INFO: [IART_..][epoch:  0, iter:      32, lr:(2.000e-04,2.500e-05,)] [eta: 6:31:26, time (data): 3.069 (0.442)] l_pix: 2.1945e-02 
2025-11-22 11:12:20,792 INFO: [IART_..][epoch:  0, iter:      33, lr:(2.000e-04,2.500e-05,)] [eta: 6:31:47, time (data): 3.049 (0.429)] l_pix: 4.7916e-02 
2025-11-22 11:12:23,362 INFO: [IART_..][epoch:  0, iter:      34, lr:(2.000e-04,2.500e-05,)] [eta: 6:32:45, time (data): 3.035 (0.416)] l_pix: 3.3251e-02 
2025-11-22 11:12:25,965 INFO: [IART_..][epoch:  0, iter:      35, lr:(2.000e-04,2.500e-05,)] [eta: 6:33:49, time (data): 3.023 (0.404)] l_pix: 4.2195e-02 
2025-11-22 11:12:28,468 INFO: [IART_..][epoch:  0, iter:      36, lr:(2.000e-04,2.500e-05,)] [eta: 6:34:22, time (data): 3.009 (0.393)] l_pix: 2.2674e-02 
2025-11-22 11:12:30,987 INFO: [IART_..][epoch:  0, iter:      37, lr:(2.000e-04,2.500e-05,)] [eta: 6:34:57, time (data): 2.995 (0.383)] l_pix: 3.5664e-02 
2025-11-22 11:12:33,491 INFO: [IART_..][epoch:  0, iter:      38, lr:(2.000e-04,2.500e-05,)] [eta: 6:35:27, time (data): 2.982 (0.372)] l_pix: 3.3654e-02 
2025-11-22 11:12:36,004 INFO: [IART_..][epoch:  0, iter:      39, lr:(2.000e-04,2.500e-05,)] [eta: 6:35:57, time (data): 2.970 (0.363)] l_pix: 6.4135e-02 
2025-11-22 11:12:38,468 INFO: [IART_..][epoch:  0, iter:      40, lr:(2.000e-04,2.500e-05,)] [eta: 6:36:14, time (data): 2.958 (0.354)] l_pix: 3.7145e-02 
2025-11-22 11:12:41,001 INFO: [IART_..][epoch:  0, iter:      41, lr:(2.000e-04,2.500e-05,)] [eta: 6:36:46, time (data): 2.947 (0.345)] l_pix: 3.9791e-02 
2025-11-22 11:12:43,499 INFO: [IART_..][epoch:  0, iter:      42, lr:(2.000e-04,2.500e-05,)] [eta: 6:37:08, time (data): 2.937 (0.337)] l_pix: 4.2847e-02 
2025-11-22 11:12:45,949 INFO: [IART_..][epoch:  0, iter:      43, lr:(2.000e-04,2.500e-05,)] [eta: 6:37:19, time (data): 2.925 (0.329)] l_pix: 3.5692e-02 
2025-11-22 11:12:48,473 INFO: [IART_..][epoch:  0, iter:      44, lr:(2.000e-04,2.500e-05,)] [eta: 6:37:45, time (data): 2.916 (0.322)] l_pix: 1.9117e-02 
2025-11-22 11:12:50,941 INFO: [IART_..][epoch:  0, iter:      45, lr:(2.000e-04,2.500e-05,)] [eta: 6:37:58, time (data): 2.906 (0.315)] l_pix: 2.4191e-02 
2025-11-22 11:12:53,395 INFO: [IART_..][epoch:  0, iter:      46, lr:(2.000e-04,2.500e-05,)] [eta: 6:38:07, time (data): 2.896 (0.308)] l_pix: 3.9758e-02 
2025-11-22 11:12:55,882 INFO: [IART_..][epoch:  0, iter:      47, lr:(2.000e-04,2.500e-05,)] [eta: 6:38:23, time (data): 2.888 (0.301)] l_pix: 2.5877e-02 
2025-11-22 11:12:58,323 INFO: [IART_..][epoch:  0, iter:      48, lr:(2.000e-04,2.500e-05,)] [eta: 6:38:28, time (data): 2.878 (0.295)] l_pix: 5.0570e-02 
2025-11-22 11:13:00,848 INFO: [IART_..][epoch:  0, iter:      49, lr:(2.000e-04,2.500e-05,)] [eta: 6:38:50, time (data): 2.871 (0.289)] l_pix: 4.2634e-02 
2025-11-22 11:13:03,331 INFO: [IART_..][epoch:  0, iter:      50, lr:(2.000e-04,2.500e-05,)] [eta: 6:39:03, time (data): 2.863 (0.283)] l_pix: 3.9234e-02 
2025-11-22 11:13:05,819 INFO: [IART_..][epoch:  0, iter:      51, lr:(2.000e-04,2.500e-05,)] [eta: 6:39:16, time (data): 2.856 (0.278)] l_pix: 4.7191e-02 
2025-11-22 11:13:08,291 INFO: [IART_..][epoch:  0, iter:      52, lr:(2.000e-04,2.500e-05,)] [eta: 6:39:26, time (data): 2.849 (0.272)] l_pix: 3.4096e-02 
2025-11-22 11:13:10,824 INFO: [IART_..][epoch:  0, iter:      53, lr:(2.000e-04,2.500e-05,)] [eta: 6:39:46, time (data): 2.843 (0.267)] l_pix: 3.0158e-02 
2025-11-22 11:13:13,379 INFO: [IART_..][epoch:  0, iter:      54, lr:(2.000e-04,2.500e-05,)] [eta: 6:40:10, time (data): 2.837 (0.262)] l_pix: 3.0518e-02 
2025-11-22 11:13:15,819 INFO: [IART_..][epoch:  0, iter:      55, lr:(2.000e-04,2.500e-05,)] [eta: 6:40:12, time (data): 2.830 (0.257)] l_pix: 5.6405e-02 
2025-11-22 11:13:18,261 INFO: [IART_..][epoch:  0, iter:      56, lr:(2.000e-04,2.500e-05,)] [eta: 6:40:14, time (data): 2.823 (0.253)] l_pix: 1.2025e-02 
2025-11-22 11:13:20,858 INFO: [IART_..][epoch:  0, iter:      57, lr:(2.000e-04,2.500e-05,)] [eta: 6:40:43, time (data): 2.819 (0.248)] l_pix: 3.5561e-02 
2025-11-22 11:13:23,456 INFO: [IART_..][epoch:  0, iter:      58, lr:(2.000e-04,2.500e-05,)] [eta: 6:41:11, time (data): 2.815 (0.244)] l_pix: 1.9511e-02 
2025-11-22 11:13:25,913 INFO: [IART_..][epoch:  0, iter:      59, lr:(2.000e-04,2.500e-05,)] [eta: 6:41:14, time (data): 2.809 (0.240)] l_pix: 4.8952e-02 
2025-11-22 11:13:28,367 INFO: [IART_..][epoch:  0, iter:      60, lr:(2.000e-04,2.500e-05,)] [eta: 6:41:17, time (data): 2.803 (0.236)] l_pix: 3.3433e-02 
2025-11-22 11:13:30,870 INFO: [IART_..][epoch:  0, iter:      61, lr:(2.000e-04,2.500e-05,)] [eta: 6:41:27, time (data): 2.798 (0.232)] l_pix: 4.0075e-02 
2025-11-22 11:13:33,357 INFO: [IART_..][epoch:  0, iter:      62, lr:(2.000e-04,2.500e-05,)] [eta: 6:41:35, time (data): 2.793 (0.229)] l_pix: 8.6964e-03 
2025-11-22 11:13:35,798 INFO: [IART_..][epoch:  0, iter:      63, lr:(2.000e-04,2.500e-05,)] [eta: 6:41:35, time (data): 2.788 (0.225)] l_pix: 4.9577e-02 
2025-11-22 11:13:38,273 INFO: [IART_..][epoch:  0, iter:      64, lr:(2.000e-04,2.500e-05,)] [eta: 6:41:40, time (data): 2.783 (0.222)] l_pix: 3.3731e-02 
2025-11-22 11:13:40,698 INFO: [IART_..][epoch:  0, iter:      65, lr:(2.000e-04,2.500e-05,)] [eta: 6:41:38, time (data): 2.777 (0.218)] l_pix: 4.6667e-02 
2025-11-22 11:13:43,159 INFO: [IART_..][epoch:  0, iter:      66, lr:(2.000e-04,2.500e-05,)] [eta: 6:41:41, time (data): 2.773 (0.215)] l_pix: 2.4293e-02 
2025-11-22 11:13:45,655 INFO: [IART_..][epoch:  0, iter:      67, lr:(2.000e-04,2.500e-05,)] [eta: 6:41:48, time (data): 2.768 (0.212)] l_pix: 3.2592e-02 
2025-11-22 11:13:48,149 INFO: [IART_..][epoch:  0, iter:      68, lr:(2.000e-04,2.500e-05,)] [eta: 6:41:55, time (data): 2.764 (0.209)] l_pix: 2.6399e-02 
2025-11-22 11:13:50,648 INFO: [IART_..][epoch:  0, iter:      69, lr:(2.000e-04,2.500e-05,)] [eta: 6:42:03, time (data): 2.761 (0.206)] l_pix: 4.2755e-02 
2025-11-22 11:13:53,143 INFO: [IART_..][epoch:  0, iter:      70, lr:(2.000e-04,2.500e-05,)] [eta: 6:42:10, time (data): 2.757 (0.203)] l_pix: 2.4793e-02 
2025-11-22 11:13:55,664 INFO: [IART_..][epoch:  0, iter:      71, lr:(2.000e-04,2.500e-05,)] [eta: 6:42:20, time (data): 2.753 (0.200)] l_pix: 5.0395e-02 
2025-11-22 11:13:58,115 INFO: [IART_..][epoch:  0, iter:      72, lr:(2.000e-04,2.500e-05,)] [eta: 6:42:20, time (data): 2.749 (0.197)] l_pix: 3.8512e-02 
2025-11-22 11:14:00,558 INFO: [IART_..][epoch:  0, iter:      73, lr:(2.000e-04,2.500e-05,)] [eta: 6:42:19, time (data): 2.745 (0.195)] l_pix: 4.7863e-02 
2025-11-22 11:14:03,004 INFO: [IART_..][epoch:  0, iter:      74, lr:(2.000e-04,2.500e-05,)] [eta: 6:42:19, time (data): 2.741 (0.192)] l_pix: 4.8053e-02 
2025-11-22 11:14:05,560 INFO: [IART_..][epoch:  0, iter:      75, lr:(2.000e-04,2.500e-05,)] [eta: 6:42:32, time (data): 2.739 (0.189)] l_pix: 1.5673e-02 
2025-11-22 11:14:08,089 INFO: [IART_..][epoch:  0, iter:      76, lr:(2.000e-04,2.500e-05,)] [eta: 6:42:42, time (data): 2.736 (0.187)] l_pix: 3.9882e-02 
2025-11-22 11:14:10,550 INFO: [IART_..][epoch:  0, iter:      77, lr:(2.000e-04,2.500e-05,)] [eta: 6:42:43, time (data): 2.732 (0.184)] l_pix: 3.9780e-02 
2025-11-22 11:14:12,986 INFO: [IART_..][epoch:  0, iter:      78, lr:(2.000e-04,2.500e-05,)] [eta: 6:42:41, time (data): 2.728 (0.182)] l_pix: 5.2184e-02 
2025-11-22 11:14:15,530 INFO: [IART_..][epoch:  0, iter:      79, lr:(2.000e-04,2.500e-05,)] [eta: 6:42:52, time (data): 2.726 (0.180)] l_pix: 2.0769e-02 
2025-11-22 11:14:18,091 INFO: [IART_..][epoch:  0, iter:      80, lr:(2.000e-04,2.500e-05,)] [eta: 6:43:05, time (data): 2.724 (0.178)] l_pix: 2.3290e-02 
2025-11-22 11:14:20,559 INFO: [IART_..][epoch:  0, iter:      81, lr:(2.000e-04,2.500e-05,)] [eta: 6:43:06, time (data): 2.721 (0.175)] l_pix: 3.7742e-02 
2025-11-22 11:14:23,013 INFO: [IART_..][epoch:  0, iter:      82, lr:(2.000e-04,2.500e-05,)] [eta: 6:43:05, time (data): 2.718 (0.173)] l_pix: 2.5723e-02 
2025-11-22 11:14:25,541 INFO: [IART_..][epoch:  0, iter:      83, lr:(2.000e-04,2.500e-05,)] [eta: 6:43:13, time (data): 2.715 (0.171)] l_pix: 4.8304e-02 
2025-11-22 11:14:27,960 INFO: [IART_..][epoch:  0, iter:      84, lr:(2.000e-04,2.500e-05,)] [eta: 6:43:08, time (data): 2.712 (0.169)] l_pix: 3.4837e-02 
2025-11-22 11:14:30,522 INFO: [IART_..][epoch:  0, iter:      85, lr:(2.000e-04,2.500e-05,)] [eta: 6:43:20, time (data): 2.710 (0.167)] l_pix: 2.6408e-02 
2025-11-22 11:14:33,131 INFO: [IART_..][epoch:  0, iter:      86, lr:(2.000e-04,2.500e-05,)] [eta: 6:43:37, time (data): 2.709 (0.165)] l_pix: 3.5512e-02 
2025-11-22 11:14:35,563 INFO: [IART_..][epoch:  0, iter:      87, lr:(2.000e-04,2.500e-05,)] [eta: 6:43:33, time (data): 2.706 (0.163)] l_pix: 4.6910e-02 
2025-11-22 11:14:38,077 INFO: [IART_..][epoch:  0, iter:      88, lr:(2.000e-04,2.500e-05,)] [eta: 6:43:38, time (data): 2.704 (0.162)] l_pix: 5.4278e-02 
2025-11-22 11:14:40,620 INFO: [IART_..][epoch:  0, iter:      89, lr:(2.000e-04,2.500e-05,)] [eta: 6:43:47, time (data): 2.702 (0.160)] l_pix: 4.2982e-02 
2025-11-22 11:14:43,054 INFO: [IART_..][epoch:  0, iter:      90, lr:(2.000e-04,2.500e-05,)] [eta: 6:43:43, time (data): 2.699 (0.158)] l_pix: 1.2410e-02 
2025-11-22 11:14:45,593 INFO: [IART_..][epoch:  0, iter:      91, lr:(2.000e-04,2.500e-05,)] [eta: 6:43:51, time (data): 2.697 (0.156)] l_pix: 4.4894e-02 
2025-11-22 11:14:48,049 INFO: [IART_..][epoch:  0, iter:      92, lr:(2.000e-04,2.499e-05,)] [eta: 6:43:50, time (data): 2.694 (0.155)] l_pix: 2.3464e-02 
2025-11-22 11:14:50,528 INFO: [IART_..][epoch:  0, iter:      93, lr:(2.000e-04,2.499e-05,)] [eta: 6:43:51, time (data): 2.692 (0.153)] l_pix: 3.2067e-02 
2025-11-22 11:14:53,041 INFO: [IART_..][epoch:  0, iter:      94, lr:(2.000e-04,2.499e-05,)] [eta: 6:43:55, time (data): 2.690 (0.151)] l_pix: 5.5167e-02 
2025-11-22 11:14:55,507 INFO: [IART_..][epoch:  0, iter:      95, lr:(2.000e-04,2.499e-05,)] [eta: 6:43:55, time (data): 2.688 (0.150)] l_pix: 5.0002e-02 
2025-11-22 11:14:57,923 INFO: [IART_..][epoch:  0, iter:      96, lr:(2.000e-04,2.499e-05,)] [eta: 6:43:49, time (data): 2.685 (0.149)] l_pix: 2.2241e-02 
2025-11-22 11:15:00,390 INFO: [IART_..][epoch:  0, iter:      97, lr:(2.000e-04,2.499e-05,)] [eta: 6:43:49, time (data): 2.683 (0.147)] l_pix: 2.4938e-02 
2025-11-22 11:15:02,863 INFO: [IART_..][epoch:  0, iter:      98, lr:(2.000e-04,2.499e-05,)] [eta: 6:43:49, time (data): 2.681 (0.146)] l_pix: 4.5458e-02 
2025-11-22 11:15:05,327 INFO: [IART_..][epoch:  0, iter:      99, lr:(2.000e-04,2.499e-05,)] [eta: 6:43:48, time (data): 2.678 (0.144)] l_pix: 2.3920e-02 
2025-11-22 11:15:07,805 INFO: [IART_..][epoch:  0, iter:     100, lr:(2.000e-04,2.499e-05,)] [eta: 6:43:49, time (data): 2.676 (0.143)] l_pix: 3.5275e-02 
2025-11-22 11:15:10,242 INFO: [IART_..][epoch:  0, iter:     101, lr:(2.000e-04,2.499e-05,)] [eta: 6:43:45, time (data): 2.674 (0.141)] l_pix: 5.0788e-02 
2025-11-22 11:15:12,868 INFO: [IART_..][epoch:  0, iter:     102, lr:(1.999e-04,2.499e-05,)] [eta: 6:44:00, time (data): 2.674 (0.140)] l_pix: 2.7112e-02 
2025-11-22 11:15:15,381 INFO: [IART_..][epoch:  0, iter:     103, lr:(1.999e-04,2.499e-05,)] [eta: 6:44:04, time (data): 2.672 (0.139)] l_pix: 4.0413e-02 
2025-11-22 11:15:17,908 INFO: [IART_..][epoch:  0, iter:     104, lr:(1.999e-04,2.499e-05,)] [eta: 6:44:08, time (data): 2.671 (0.137)] l_pix: 2.3808e-02 
2025-11-22 11:15:20,311 INFO: [IART_..][epoch:  0, iter:     105, lr:(1.999e-04,2.499e-05,)] [eta: 6:44:01, time (data): 2.668 (0.136)] l_pix: 2.0812e-02 
2025-11-22 11:15:22,815 INFO: [IART_..][epoch:  0, iter:     106, lr:(1.999e-04,2.499e-05,)] [eta: 6:44:04, time (data): 2.667 (0.135)] l_pix: 1.9866e-02 
2025-11-22 11:15:25,351 INFO: [IART_..][epoch:  0, iter:     107, lr:(1.999e-04,2.499e-05,)] [eta: 6:44:09, time (data): 2.665 (0.133)] l_pix: 3.8920e-02 
2025-11-22 11:15:27,811 INFO: [IART_..][epoch:  0, iter:     108, lr:(1.999e-04,2.499e-05,)] [eta: 6:44:08, time (data): 2.663 (0.132)] l_pix: 2.9729e-02 
2025-11-22 11:15:30,243 INFO: [IART_..][epoch:  0, iter:     109, lr:(1.999e-04,2.499e-05,)] [eta: 6:44:04, time (data): 2.661 (0.131)] l_pix: 3.7262e-02 
2025-11-22 11:15:32,692 INFO: [IART_..][epoch:  0, iter:     110, lr:(1.999e-04,2.499e-05,)] [eta: 6:44:01, time (data): 2.659 (0.130)] l_pix: 3.7829e-02 
2025-11-22 11:15:35,156 INFO: [IART_..][epoch:  0, iter:     111, lr:(1.999e-04,2.499e-05,)] [eta: 6:43:59, time (data): 2.658 (0.129)] l_pix: 3.7855e-02 
2025-11-22 11:15:37,697 INFO: [IART_..][epoch:  0, iter:     112, lr:(1.999e-04,2.499e-05,)] [eta: 6:44:05, time (data): 2.657 (0.127)] l_pix: 3.8483e-02 
2025-11-22 11:15:40,225 INFO: [IART_..][epoch:  0, iter:     113, lr:(1.999e-04,2.499e-05,)] [eta: 6:44:09, time (data): 2.655 (0.126)] l_pix: 5.1680e-02 
2025-11-22 11:15:42,647 INFO: [IART_..][epoch:  0, iter:     114, lr:(1.999e-04,2.499e-05,)] [eta: 6:44:04, time (data): 2.653 (0.125)] l_pix: 5.7992e-02 
2025-11-22 11:15:45,131 INFO: [IART_..][epoch:  0, iter:     115, lr:(1.999e-04,2.499e-05,)] [eta: 6:44:04, time (data): 2.652 (0.124)] l_pix: 3.7691e-02 
2025-11-22 11:15:47,581 INFO: [IART_..][epoch:  0, iter:     116, lr:(1.999e-04,2.499e-05,)] [eta: 6:44:01, time (data): 2.650 (0.123)] l_pix: 4.3828e-02 
2025-11-22 11:15:50,063 INFO: [IART_..][epoch:  0, iter:     117, lr:(1.999e-04,2.499e-05,)] [eta: 6:44:01, time (data): 2.649 (0.122)] l_pix: 4.6632e-02 
2025-11-22 11:15:52,496 INFO: [IART_..][epoch:  0, iter:     118, lr:(1.999e-04,2.499e-05,)] [eta: 6:43:57, time (data): 2.647 (0.121)] l_pix: 4.8193e-02 
2025-11-22 11:15:55,025 INFO: [IART_..][epoch:  0, iter:     119, lr:(1.999e-04,2.499e-05,)] [eta: 6:44:01, time (data): 2.646 (0.120)] l_pix: 4.4500e-02 
2025-11-22 11:15:57,473 INFO: [IART_..][epoch:  0, iter:     120, lr:(1.999e-04,2.499e-05,)] [eta: 6:43:58, time (data): 2.644 (0.119)] l_pix: 5.9834e-02 
2025-11-22 11:16:00,004 INFO: [IART_..][epoch:  0, iter:     121, lr:(1.999e-04,2.499e-05,)] [eta: 6:44:02, time (data): 2.643 (0.118)] l_pix: 4.3134e-02 
2025-11-22 11:16:02,499 INFO: [IART_..][epoch:  0, iter:     122, lr:(1.999e-04,2.499e-05,)] [eta: 6:44:03, time (data): 2.642 (0.117)] l_pix: 2.5935e-02 
2025-11-22 11:16:04,929 INFO: [IART_..][epoch:  0, iter:     123, lr:(1.999e-04,2.499e-05,)] [eta: 6:43:58, time (data): 2.640 (0.116)] l_pix: 3.6937e-02 
2025-11-22 11:16:07,393 INFO: [IART_..][epoch:  0, iter:     124, lr:(1.999e-04,2.499e-05,)] [eta: 6:43:57, time (data): 2.639 (0.115)] l_pix: 3.1833e-02 
2025-11-22 11:16:09,859 INFO: [IART_..][epoch:  0, iter:     125, lr:(1.999e-04,2.499e-05,)] [eta: 6:43:55, time (data): 2.637 (0.114)] l_pix: 3.6463e-02 
2025-11-22 11:16:12,338 INFO: [IART_..][epoch:  0, iter:     126, lr:(1.999e-04,2.499e-05,)] [eta: 6:43:55, time (data): 2.636 (0.113)] l_pix: 1.6300e-02 
2025-11-22 11:16:14,804 INFO: [IART_..][epoch:  0, iter:     127, lr:(1.999e-04,2.499e-05,)] [eta: 6:43:53, time (data): 2.635 (0.112)] l_pix: 2.5944e-02 
2025-11-22 11:16:17,376 INFO: [IART_..][epoch:  0, iter:     128, lr:(1.999e-04,2.499e-05,)] [eta: 6:44:00, time (data): 2.634 (0.112)] l_pix: 2.8136e-02 
2025-11-22 11:16:19,928 INFO: [IART_..][epoch:  0, iter:     129, lr:(1.999e-04,2.499e-05,)] [eta: 6:44:04, time (data): 2.634 (0.111)] l_pix: 3.5261e-02 
2025-11-22 11:16:22,351 INFO: [IART_..][epoch:  0, iter:     130, lr:(1.999e-04,2.499e-05,)] [eta: 6:43:59, time (data): 2.632 (0.110)] l_pix: 3.3306e-02 
2025-11-22 11:16:24,989 INFO: [IART_..][epoch:  0, iter:     131, lr:(1.999e-04,2.499e-05,)] [eta: 6:44:11, time (data): 2.632 (0.109)] l_pix: 4.2384e-02 
2025-11-22 11:16:27,483 INFO: [IART_..][epoch:  0, iter:     132, lr:(1.999e-04,2.499e-05,)] [eta: 6:44:11, time (data): 2.631 (0.108)] l_pix: 2.0921e-02 
2025-11-22 11:16:30,006 INFO: [IART_..][epoch:  0, iter:     133, lr:(1.999e-04,2.499e-05,)] [eta: 6:44:13, time (data): 2.630 (0.108)] l_pix: 3.3686e-02 
2025-11-22 11:16:32,488 INFO: [IART_..][epoch:  0, iter:     134, lr:(1.999e-04,2.499e-05,)] [eta: 6:44:12, time (data): 2.629 (0.107)] l_pix: 4.4073e-02 
2025-11-22 11:16:34,971 INFO: [IART_..][epoch:  0, iter:     135, lr:(1.999e-04,2.499e-05,)] [eta: 6:44:12, time (data): 2.628 (0.106)] l_pix: 4.0110e-02 
2025-11-22 11:16:37,420 INFO: [IART_..][epoch:  0, iter:     136, lr:(1.999e-04,2.499e-05,)] [eta: 6:44:09, time (data): 2.627 (0.105)] l_pix: 2.9703e-02 
2025-11-22 11:16:39,854 INFO: [IART_..][epoch:  0, iter:     137, lr:(1.999e-04,2.499e-05,)] [eta: 6:44:04, time (data): 2.625 (0.104)] l_pix: 2.1586e-02 
2025-11-22 11:16:42,396 INFO: [IART_..][epoch:  0, iter:     138, lr:(1.999e-04,2.499e-05,)] [eta: 6:44:07, time (data): 2.625 (0.104)] l_pix: 4.0009e-02 
2025-11-22 11:16:44,938 INFO: [IART_..][epoch:  0, iter:     139, lr:(1.999e-04,2.499e-05,)] [eta: 6:44:11, time (data): 2.624 (0.103)] l_pix: 2.3980e-02 
2025-11-22 11:16:47,389 INFO: [IART_..][epoch:  0, iter:     140, lr:(1.999e-04,2.499e-05,)] [eta: 6:44:08, time (data): 2.623 (0.102)] l_pix: 2.9389e-02 
2025-11-22 11:16:49,906 INFO: [IART_..][epoch:  0, iter:     141, lr:(1.999e-04,2.499e-05,)] [eta: 6:44:10, time (data): 2.622 (0.101)] l_pix: 2.7765e-02 
2025-11-22 11:16:52,487 INFO: [IART_..][epoch:  0, iter:     142, lr:(1.999e-04,2.499e-05,)] [eta: 6:44:16, time (data): 2.622 (0.101)] l_pix: 3.2245e-02 
2025-11-22 11:16:55,130 INFO: [IART_..][epoch:  0, iter:     143, lr:(1.999e-04,2.499e-05,)] [eta: 6:44:26, time (data): 2.622 (0.100)] l_pix: 3.4834e-02 
2025-11-22 11:16:57,623 INFO: [IART_..][epoch:  0, iter:     144, lr:(1.999e-04,2.499e-05,)] [eta: 6:44:25, time (data): 2.621 (0.099)] l_pix: 2.7648e-02 
2025-11-22 11:17:00,110 INFO: [IART_..][epoch:  0, iter:     145, lr:(1.999e-04,2.499e-05,)] [eta: 6:44:24, time (data): 2.620 (0.099)] l_pix: 1.7188e-02 
2025-11-22 11:17:02,653 INFO: [IART_..][epoch:  0, iter:     146, lr:(1.999e-04,2.499e-05,)] [eta: 6:44:27, time (data): 2.620 (0.098)] l_pix: 3.9590e-02 
2025-11-22 11:17:05,066 INFO: [IART_..][epoch:  0, iter:     147, lr:(1.999e-04,2.499e-05,)] [eta: 6:44:22, time (data): 2.618 (0.097)] l_pix: 4.1309e-02 
2025-11-22 11:17:07,594 INFO: [IART_..][epoch:  0, iter:     148, lr:(1.999e-04,2.499e-05,)] [eta: 6:44:23, time (data): 2.618 (0.097)] l_pix: 3.4914e-02 
2025-11-22 11:17:10,060 INFO: [IART_..][epoch:  0, iter:     149, lr:(1.999e-04,2.499e-05,)] [eta: 6:44:21, time (data): 2.617 (0.096)] l_pix: 2.7451e-02 
2025-11-22 11:17:12,491 INFO: [IART_..][epoch:  0, iter:     150, lr:(1.999e-04,2.499e-05,)] [eta: 6:44:17, time (data): 2.615 (0.095)] l_pix: 3.8753e-02 
2025-11-22 11:17:14,946 INFO: [IART_..][epoch:  0, iter:     151, lr:(1.999e-04,2.499e-05,)] [eta: 6:44:14, time (data): 2.614 (0.095)] l_pix: 4.2899e-02 
2025-11-22 11:17:17,468 INFO: [IART_..][epoch:  0, iter:     152, lr:(1.999e-04,2.499e-05,)] [eta: 6:44:15, time (data): 2.614 (0.094)] l_pix: 3.2463e-02 
2025-11-22 11:17:19,931 INFO: [IART_..][epoch:  0, iter:     153, lr:(1.999e-04,2.499e-05,)] [eta: 6:44:13, time (data): 2.613 (0.094)] l_pix: 5.5289e-02 
2025-11-22 11:17:22,482 INFO: [IART_..][epoch:  0, iter:     154, lr:(1.999e-04,2.499e-05,)] [eta: 6:44:16, time (data): 2.612 (0.093)] l_pix: 2.5757e-02 
2025-11-22 11:17:25,144 INFO: [IART_..][epoch:  0, iter:     155, lr:(1.999e-04,2.499e-05,)] [eta: 6:44:26, time (data): 2.613 (0.092)] l_pix: 1.9386e-02 
2025-11-22 11:17:27,702 INFO: [IART_..][epoch:  0, iter:     156, lr:(1.999e-04,2.499e-05,)] [eta: 6:44:29, time (data): 2.612 (0.092)] l_pix: 3.0240e-02 
2025-11-22 11:17:30,263 INFO: [IART_..][epoch:  0, iter:     157, lr:(1.999e-04,2.499e-05,)] [eta: 6:44:32, time (data): 2.612 (0.091)] l_pix: 1.1289e-02 
2025-11-22 11:17:32,727 INFO: [IART_..][epoch:  0, iter:     158, lr:(1.999e-04,2.498e-05,)] [eta: 6:44:30, time (data): 2.611 (0.091)] l_pix: 3.9766e-02 
2025-11-22 11:17:35,144 INFO: [IART_..][epoch:  0, iter:     159, lr:(1.999e-04,2.498e-05,)] [eta: 6:44:24, time (data): 2.610 (0.090)] l_pix: 3.6965e-02 
2025-11-22 11:17:37,690 INFO: [IART_..][epoch:  0, iter:     160, lr:(1.999e-04,2.498e-05,)] [eta: 6:44:27, time (data): 2.609 (0.090)] l_pix: 4.5673e-02 
2025-11-22 11:17:40,173 INFO: [IART_..][epoch:  0, iter:     161, lr:(1.999e-04,2.498e-05,)] [eta: 6:44:25, time (data): 2.609 (0.089)] l_pix: 3.9065e-02 
2025-11-22 11:17:42,763 INFO: [IART_..][epoch:  0, iter:     162, lr:(1.999e-04,2.498e-05,)] [eta: 6:44:30, time (data): 2.608 (0.089)] l_pix: 3.7843e-02 
2025-11-22 11:17:45,355 INFO: [IART_..][epoch:  0, iter:     163, lr:(1.999e-04,2.498e-05,)] [eta: 6:44:35, time (data): 2.608 (0.088)] l_pix: 5.0540e-02 
2025-11-22 11:17:47,837 INFO: [IART_..][epoch:  0, iter:     164, lr:(1.999e-04,2.498e-05,)] [eta: 6:44:34, time (data): 2.608 (0.087)] l_pix: 2.4800e-02 
2025-11-22 11:17:50,434 INFO: [IART_..][epoch:  0, iter:     165, lr:(1.999e-04,2.498e-05,)] [eta: 6:44:39, time (data): 2.607 (0.087)] l_pix: 3.3999e-02 
2025-11-22 11:17:52,987 INFO: [IART_..][epoch:  0, iter:     166, lr:(1.999e-04,2.498e-05,)] [eta: 6:44:41, time (data): 2.607 (0.086)] l_pix: 1.9429e-02 
2025-11-22 11:17:55,529 INFO: [IART_..][epoch:  0, iter:     167, lr:(1.999e-04,2.498e-05,)] [eta: 6:44:43, time (data): 2.607 (0.086)] l_pix: 3.7119e-02 
2025-11-22 11:17:58,119 INFO: [IART_..][epoch:  0, iter:     168, lr:(1.999e-04,2.498e-05,)] [eta: 6:44:48, time (data): 2.607 (0.085)] l_pix: 4.7231e-02 
2025-11-22 11:18:00,550 INFO: [IART_..][epoch:  0, iter:     169, lr:(1.999e-04,2.498e-05,)] [eta: 6:44:43, time (data): 2.606 (0.085)] l_pix: 2.6417e-02 
2025-11-22 11:18:03,000 INFO: [IART_..][epoch:  0, iter:     170, lr:(1.999e-04,2.498e-05,)] [eta: 6:44:39, time (data): 2.605 (0.084)] l_pix: 3.5044e-02 
2025-11-22 11:18:05,433 INFO: [IART_..][epoch:  0, iter:     171, lr:(1.999e-04,2.498e-05,)] [eta: 6:44:35, time (data): 2.604 (0.084)] l_pix: 3.5165e-02 
2025-11-22 11:18:07,993 INFO: [IART_..][epoch:  0, iter:     172, lr:(1.999e-04,2.498e-05,)] [eta: 6:44:37, time (data): 2.603 (0.083)] l_pix: 5.4539e-02 
2025-11-22 11:18:10,536 INFO: [IART_..][epoch:  0, iter:     173, lr:(1.999e-04,2.498e-05,)] [eta: 6:44:39, time (data): 2.603 (0.083)] l_pix: 3.2742e-02 
2025-11-22 11:18:13,091 INFO: [IART_..][epoch:  0, iter:     174, lr:(1.999e-04,2.498e-05,)] [eta: 6:44:41, time (data): 2.603 (0.082)] l_pix: 2.6988e-02 
2025-11-22 11:18:15,620 INFO: [IART_..][epoch:  0, iter:     175, lr:(1.999e-04,2.498e-05,)] [eta: 6:44:42, time (data): 2.602 (0.082)] l_pix: 3.8610e-02 
2025-11-22 11:18:18,054 INFO: [IART_..][epoch:  0, iter:     176, lr:(1.998e-04,2.498e-05,)] [eta: 6:44:37, time (data): 2.601 (0.081)] l_pix: 5.9181e-02 
2025-11-22 11:18:20,505 INFO: [IART_..][epoch:  0, iter:     177, lr:(1.998e-04,2.498e-05,)] [eta: 6:44:34, time (data): 2.601 (0.081)] l_pix: 2.4624e-02 
2025-11-22 11:18:22,958 INFO: [IART_..][epoch:  0, iter:     178, lr:(1.998e-04,2.498e-05,)] [eta: 6:44:30, time (data): 2.600 (0.081)] l_pix: 3.3961e-02 
2025-11-22 11:18:25,538 INFO: [IART_..][epoch:  0, iter:     179, lr:(1.998e-04,2.498e-05,)] [eta: 6:44:34, time (data): 2.600 (0.080)] l_pix: 5.2863e-02 
2025-11-22 11:18:28,000 INFO: [IART_..][epoch:  0, iter:     180, lr:(1.998e-04,2.498e-05,)] [eta: 6:44:31, time (data): 2.599 (0.080)] l_pix: 4.7580e-02 
2025-11-22 11:18:30,434 INFO: [IART_..][epoch:  0, iter:     181, lr:(1.998e-04,2.498e-05,)] [eta: 6:44:26, time (data): 2.598 (0.079)] l_pix: 4.1347e-02 
2025-11-22 11:18:33,045 INFO: [IART_..][epoch:  0, iter:     182, lr:(1.998e-04,2.498e-05,)] [eta: 6:44:31, time (data): 2.598 (0.079)] l_pix: 3.2585e-02 
2025-11-22 11:18:35,543 INFO: [IART_..][epoch:  0, iter:     183, lr:(1.998e-04,2.498e-05,)] [eta: 6:44:30, time (data): 2.597 (0.078)] l_pix: 2.5932e-02 
2025-11-22 11:18:37,977 INFO: [IART_..][epoch:  0, iter:     184, lr:(1.998e-04,2.498e-05,)] [eta: 6:44:26, time (data): 2.597 (0.078)] l_pix: 4.1294e-02 
2025-11-22 11:18:40,455 INFO: [IART_..][epoch:  0, iter:     185, lr:(1.998e-04,2.498e-05,)] [eta: 6:44:23, time (data): 2.596 (0.078)] l_pix: 2.7410e-02 
2025-11-22 11:18:42,968 INFO: [IART_..][epoch:  0, iter:     186, lr:(1.998e-04,2.498e-05,)] [eta: 6:44:23, time (data): 2.595 (0.077)] l_pix: 1.9386e-02 
2025-11-22 11:18:45,472 INFO: [IART_..][epoch:  0, iter:     187, lr:(1.998e-04,2.498e-05,)] [eta: 6:44:22, time (data): 2.595 (0.077)] l_pix: 3.4954e-02 
2025-11-22 11:18:48,025 INFO: [IART_..][epoch:  0, iter:     188, lr:(1.998e-04,2.498e-05,)] [eta: 6:44:24, time (data): 2.595 (0.076)] l_pix: 1.9126e-02 
2025-11-22 11:18:50,516 INFO: [IART_..][epoch:  0, iter:     189, lr:(1.998e-04,2.498e-05,)] [eta: 6:44:22, time (data): 2.594 (0.076)] l_pix: 4.6792e-02 
2025-11-22 11:18:52,947 INFO: [IART_..][epoch:  0, iter:     190, lr:(1.998e-04,2.498e-05,)] [eta: 6:44:18, time (data): 2.593 (0.076)] l_pix: 2.9479e-02 
2025-11-22 11:18:55,410 INFO: [IART_..][epoch:  0, iter:     191, lr:(1.998e-04,2.498e-05,)] [eta: 6:44:15, time (data): 2.593 (0.075)] l_pix: 4.3353e-02 
2025-11-22 11:18:57,846 INFO: [IART_..][epoch:  0, iter:     192, lr:(1.998e-04,2.498e-05,)] [eta: 6:44:10, time (data): 2.592 (0.075)] l_pix: 3.0543e-02 
2025-11-22 11:19:00,346 INFO: [IART_..][epoch:  0, iter:     193, lr:(1.998e-04,2.498e-05,)] [eta: 6:44:09, time (data): 2.591 (0.074)] l_pix: 3.8884e-02 
2025-11-22 11:19:02,797 INFO: [IART_..][epoch:  0, iter:     194, lr:(1.998e-04,2.498e-05,)] [eta: 6:44:06, time (data): 2.591 (0.074)] l_pix: 4.2215e-02 
2025-11-22 11:19:05,329 INFO: [IART_..][epoch:  0, iter:     195, lr:(1.998e-04,2.498e-05,)] [eta: 6:44:06, time (data): 2.590 (0.074)] l_pix: 3.7315e-02 
2025-11-22 11:19:07,781 INFO: [IART_..][epoch:  0, iter:     196, lr:(1.998e-04,2.498e-05,)] [eta: 6:44:03, time (data): 2.590 (0.073)] l_pix: 2.2060e-02 
2025-11-22 11:19:10,277 INFO: [IART_..][epoch:  0, iter:     197, lr:(1.998e-04,2.498e-05,)] [eta: 6:44:01, time (data): 2.589 (0.073)] l_pix: 2.9924e-02 
2025-11-22 11:19:13,010 INFO: [IART_..][epoch:  0, iter:     198, lr:(1.998e-04,2.498e-05,)] [eta: 6:44:12, time (data): 2.590 (0.073)] l_pix: 5.3229e-02 
2025-11-22 11:19:15,592 INFO: [IART_..][epoch:  0, iter:     199, lr:(1.998e-04,2.498e-05,)] [eta: 6:44:14, time (data): 2.590 (0.072)] l_pix: 2.7388e-02 
2025-11-22 11:19:18,051 INFO: [IART_..][epoch:  0, iter:     200, lr:(1.998e-04,2.498e-05,)] [eta: 6:44:11, time (data): 2.589 (0.072)] l_pix: 2.0795e-02 
2025-11-22 11:19:20,455 INFO: [IART_..][epoch:  0, iter:     201, lr:(1.998e-04,2.498e-05,)] [eta: 6:44:05, time (data): 2.588 (0.071)] l_pix: 5.2318e-02 
2025-11-22 11:19:22,906 INFO: [IART_..][epoch:  0, iter:     202, lr:(1.998e-04,2.498e-05,)] [eta: 6:44:02, time (data): 2.451 (0.000)] l_pix: 2.3243e-02 
2025-11-22 11:19:25,418 INFO: [IART_..][epoch:  0, iter:     203, lr:(1.998e-04,2.497e-05,)] [eta: 6:44:01, time (data): 2.481 (0.000)] l_pix: 4.1132e-02 
2025-11-22 11:19:27,865 INFO: [IART_..][epoch:  0, iter:     204, lr:(1.998e-04,2.497e-05,)] [eta: 6:43:57, time (data): 2.470 (0.000)] l_pix: 4.5613e-02 
2025-11-22 11:19:30,438 INFO: [IART_..][epoch:  0, iter:     205, lr:(1.998e-04,2.497e-05,)] [eta: 6:43:59, time (data): 2.496 (0.004)] l_pix: 4.8050e-02 
2025-11-22 11:19:32,924 INFO: [IART_..][epoch:  0, iter:     206, lr:(1.998e-04,2.497e-05,)] [eta: 6:43:57, time (data): 2.494 (0.003)] l_pix: 2.6468e-02 
2025-11-22 11:19:35,473 INFO: [IART_..][epoch:  0, iter:     207, lr:(1.998e-04,2.497e-05,)] [eta: 6:43:58, time (data): 2.503 (0.003)] l_pix: 2.8668e-02 
2025-11-22 11:19:37,919 INFO: [IART_..][epoch:  0, iter:     208, lr:(1.998e-04,2.497e-05,)] [eta: 6:43:55, time (data): 2.495 (0.002)] l_pix: 3.3922e-02 
2025-11-22 11:19:40,400 INFO: [IART_..][epoch:  0, iter:     209, lr:(1.998e-04,2.497e-05,)] [eta: 6:43:52, time (data): 2.493 (0.002)] l_pix: 3.2549e-02 
2025-11-22 11:19:42,801 INFO: [IART_..][epoch:  0, iter:     210, lr:(1.998e-04,2.497e-05,)] [eta: 6:43:46, time (data): 2.483 (0.002)] l_pix: 3.3310e-02 
2025-11-22 11:19:45,219 INFO: [IART_..][epoch:  0, iter:     211, lr:(1.998e-04,2.497e-05,)] [eta: 6:43:41, time (data): 2.476 (0.003)] l_pix: 2.9719e-02 
2025-11-22 11:19:47,731 INFO: [IART_..][epoch:  0, iter:     212, lr:(1.998e-04,2.497e-05,)] [eta: 6:43:41, time (data): 2.480 (0.004)] l_pix: 3.1601e-02 
2025-11-22 11:19:50,207 INFO: [IART_..][epoch:  0, iter:     213, lr:(1.998e-04,2.497e-05,)] [eta: 6:43:38, time (data): 2.479 (0.004)] l_pix: 2.7166e-02 
2025-11-22 11:19:52,673 INFO: [IART_..][epoch:  0, iter:     214, lr:(1.998e-04,2.497e-05,)] [eta: 6:43:35, time (data): 2.478 (0.004)] l_pix: 4.1089e-02 
2025-11-22 11:19:55,092 INFO: [IART_..][epoch:  0, iter:     215, lr:(1.998e-04,2.497e-05,)] [eta: 6:43:30, time (data): 2.474 (0.004)] l_pix: 3.0884e-02 
2025-11-22 11:19:57,583 INFO: [IART_..][epoch:  0, iter:     216, lr:(1.998e-04,2.497e-05,)] [eta: 6:43:29, time (data): 2.475 (0.003)] l_pix: 3.6080e-02 
2025-11-22 11:20:00,156 INFO: [IART_..][epoch:  0, iter:     217, lr:(1.998e-04,2.497e-05,)] [eta: 6:43:31, time (data): 2.481 (0.003)] l_pix: 2.7160e-02 
2025-11-22 11:20:02,761 INFO: [IART_..][epoch:  0, iter:     218, lr:(1.998e-04,2.497e-05,)] [eta: 6:43:34, time (data): 2.489 (0.003)] l_pix: 4.9108e-02 
2025-11-22 11:20:05,302 INFO: [IART_..][epoch:  0, iter:     219, lr:(1.998e-04,2.497e-05,)] [eta: 6:43:34, time (data): 2.491 (0.003)] l_pix: 2.5353e-02 
2025-11-22 11:20:07,844 INFO: [IART_..][epoch:  0, iter:     220, lr:(1.998e-04,2.497e-05,)] [eta: 6:43:35, time (data): 2.494 (0.003)] l_pix: 4.4211e-02 
2025-11-22 11:20:10,416 INFO: [IART_..][epoch:  0, iter:     221, lr:(1.998e-04,2.497e-05,)] [eta: 6:43:36, time (data): 2.498 (0.003)] l_pix: 5.0157e-02 
2025-11-22 11:20:12,854 INFO: [IART_..][epoch:  0, iter:     222, lr:(1.998e-04,2.497e-05,)] [eta: 6:43:32, time (data): 2.495 (0.003)] l_pix: 3.8178e-02 
2025-11-22 11:20:15,430 INFO: [IART_..][epoch:  0, iter:     223, lr:(1.998e-04,2.497e-05,)] [eta: 6:43:34, time (data): 2.499 (0.003)] l_pix: 3.4566e-02 
2025-11-22 11:20:17,988 INFO: [IART_..][epoch:  0, iter:     224, lr:(1.998e-04,2.497e-05,)] [eta: 6:43:35, time (data): 2.501 (0.003)] l_pix: 4.8794e-02 
2025-11-22 11:20:20,487 INFO: [IART_..][epoch:  0, iter:     225, lr:(1.998e-04,2.497e-05,)] [eta: 6:43:34, time (data): 2.501 (0.003)] l_pix: 5.3628e-02 
2025-11-22 11:20:22,966 INFO: [IART_..][epoch:  0, iter:     226, lr:(1.998e-04,2.497e-05,)] [eta: 6:43:31, time (data): 2.500 (0.003)] l_pix: 4.0030e-02 
2025-11-22 11:20:25,481 INFO: [IART_..][epoch:  0, iter:     227, lr:(1.997e-04,2.497e-05,)] [eta: 6:43:30, time (data): 2.501 (0.003)] l_pix: 1.3729e-02 
2025-11-22 11:20:27,945 INFO: [IART_..][epoch:  0, iter:     228, lr:(1.997e-04,2.497e-05,)] [eta: 6:43:27, time (data): 2.500 (0.003)] l_pix: 2.8118e-02 
2025-11-22 11:20:30,409 INFO: [IART_..][epoch:  0, iter:     229, lr:(1.997e-04,2.497e-05,)] [eta: 6:43:24, time (data): 2.498 (0.003)] l_pix: 3.5838e-02 
2025-11-22 11:20:32,968 INFO: [IART_..][epoch:  0, iter:     230, lr:(1.997e-04,2.497e-05,)] [eta: 6:43:25, time (data): 2.500 (0.003)] l_pix: 2.7661e-02 
2025-11-22 11:20:35,466 INFO: [IART_..][epoch:  0, iter:     231, lr:(1.997e-04,2.497e-05,)] [eta: 6:43:24, time (data): 2.500 (0.003)] l_pix: 3.7417e-02 
2025-11-22 11:20:37,881 INFO: [IART_..][epoch:  0, iter:     232, lr:(1.997e-04,2.497e-05,)] [eta: 6:43:19, time (data): 2.498 (0.003)] l_pix: 7.8424e-02 
2025-11-22 11:20:40,410 INFO: [IART_..][epoch:  0, iter:     233, lr:(1.997e-04,2.497e-05,)] [eta: 6:43:18, time (data): 2.499 (0.003)] l_pix: 1.2747e-02 
2025-11-22 11:20:42,846 INFO: [IART_..][epoch:  0, iter:     234, lr:(1.997e-04,2.497e-05,)] [eta: 6:43:14, time (data): 2.497 (0.003)] l_pix: 2.7569e-02 
2025-11-22 11:20:45,310 INFO: [IART_..][epoch:  0, iter:     235, lr:(1.997e-04,2.497e-05,)] [eta: 6:43:11, time (data): 2.496 (0.002)] l_pix: 5.1714e-02 
2025-11-22 11:20:47,870 INFO: [IART_..][epoch:  0, iter:     236, lr:(1.997e-04,2.497e-05,)] [eta: 6:43:12, time (data): 2.498 (0.002)] l_pix: 3.6919e-02 
2025-11-22 11:20:50,494 INFO: [IART_..][epoch:  0, iter:     237, lr:(1.997e-04,2.497e-05,)] [eta: 6:43:15, time (data): 2.501 (0.002)] l_pix: 5.8066e-02 
2025-11-22 11:20:52,978 INFO: [IART_..][epoch:  0, iter:     238, lr:(1.997e-04,2.497e-05,)] [eta: 6:43:13, time (data): 2.501 (0.002)] l_pix: 3.6844e-02 
2025-11-22 11:20:55,471 INFO: [IART_..][epoch:  0, iter:     239, lr:(1.997e-04,2.497e-05,)] [eta: 6:43:11, time (data): 2.500 (0.002)] l_pix: 4.1361e-02 
2025-11-22 11:20:57,903 INFO: [IART_..][epoch:  0, iter:     240, lr:(1.997e-04,2.496e-05,)] [eta: 6:43:07, time (data): 2.499 (0.002)] l_pix: 3.3346e-02 
2025-11-22 11:21:00,365 INFO: [IART_..][epoch:  0, iter:     241, lr:(1.997e-04,2.496e-05,)] [eta: 6:43:04, time (data): 2.498 (0.002)] l_pix: 3.1618e-02 
2025-11-22 11:21:02,967 INFO: [IART_..][epoch:  0, iter:     242, lr:(1.997e-04,2.496e-05,)] [eta: 6:43:06, time (data): 2.500 (0.002)] l_pix: 7.7646e-03 
2025-11-22 11:21:05,451 INFO: [IART_..][epoch:  0, iter:     243, lr:(1.997e-04,2.496e-05,)] [eta: 6:43:04, time (data): 2.500 (0.002)] l_pix: 4.1399e-02 
2025-11-22 11:21:08,015 INFO: [IART_..][epoch:  0, iter:     244, lr:(1.997e-04,2.496e-05,)] [eta: 6:43:05, time (data): 2.501 (0.002)] l_pix: 2.3294e-02 
2025-11-22 11:21:10,507 INFO: [IART_..][epoch:  0, iter:     245, lr:(1.997e-04,2.496e-05,)] [eta: 6:43:03, time (data): 2.501 (0.002)] l_pix: 2.6855e-02 
2025-11-22 11:21:13,072 INFO: [IART_..][epoch:  0, iter:     246, lr:(1.997e-04,2.496e-05,)] [eta: 6:43:04, time (data): 2.503 (0.002)] l_pix: 1.3167e-02 
2025-11-22 11:21:15,522 INFO: [IART_..][epoch:  0, iter:     247, lr:(1.997e-04,2.496e-05,)] [eta: 6:43:00, time (data): 2.501 (0.002)] l_pix: 3.7093e-02 
2025-11-22 11:21:18,135 INFO: [IART_..][epoch:  0, iter:     248, lr:(1.997e-04,2.496e-05,)] [eta: 6:43:03, time (data): 2.504 (0.002)] l_pix: 3.4706e-02 
2025-11-22 11:21:20,587 INFO: [IART_..][epoch:  0, iter:     249, lr:(1.997e-04,2.496e-05,)] [eta: 6:42:59, time (data): 2.503 (0.002)] l_pix: 2.8365e-02 
2025-11-22 11:21:23,081 INFO: [IART_..][epoch:  0, iter:     250, lr:(1.997e-04,2.496e-05,)] [eta: 6:42:57, time (data): 2.503 (0.002)] l_pix: 3.0063e-02 
2025-11-22 11:21:25,656 INFO: [IART_..][epoch:  0, iter:     251, lr:(1.997e-04,2.496e-05,)] [eta: 6:42:59, time (data): 2.504 (0.002)] l_pix: 2.2278e-02 
2025-11-22 11:21:28,268 INFO: [IART_..][epoch:  0, iter:     252, lr:(1.997e-04,2.496e-05,)] [eta: 6:43:01, time (data): 2.506 (0.002)] l_pix: 1.7876e-02 
2025-11-22 11:21:30,713 INFO: [IART_..][epoch:  0, iter:     253, lr:(1.997e-04,2.496e-05,)] [eta: 6:42:57, time (data): 2.505 (0.002)] l_pix: 3.7260e-02 
2025-11-22 11:21:33,162 INFO: [IART_..][epoch:  0, iter:     254, lr:(1.997e-04,2.496e-05,)] [eta: 6:42:54, time (data): 2.504 (0.002)] l_pix: 2.7737e-02 
2025-11-22 11:21:35,615 INFO: [IART_..][epoch:  0, iter:     255, lr:(1.997e-04,2.496e-05,)] [eta: 6:42:50, time (data): 2.503 (0.002)] l_pix: 4.3207e-02 
2025-11-22 11:21:38,130 INFO: [IART_..][epoch:  0, iter:     256, lr:(1.997e-04,2.496e-05,)] [eta: 6:42:49, time (data): 2.503 (0.002)] l_pix: 3.6283e-02 
2025-11-22 11:21:40,630 INFO: [IART_..][epoch:  0, iter:     257, lr:(1.997e-04,2.496e-05,)] [eta: 6:42:47, time (data): 2.503 (0.002)] l_pix: 3.5920e-02 
2025-11-22 11:21:43,166 INFO: [IART_..][epoch:  0, iter:     258, lr:(1.997e-04,2.496e-05,)] [eta: 6:42:47, time (data): 2.504 (0.002)] l_pix: 2.4703e-02 
2025-11-22 11:21:45,740 INFO: [IART_..][epoch:  0, iter:     259, lr:(1.997e-04,2.496e-05,)] [eta: 6:42:48, time (data): 2.505 (0.002)] l_pix: 2.5085e-02 
2025-11-22 11:21:48,285 INFO: [IART_..][epoch:  0, iter:     260, lr:(1.997e-04,2.496e-05,)] [eta: 6:42:48, time (data): 2.506 (0.002)] l_pix: 1.5924e-02 
2025-11-22 11:21:50,701 INFO: [IART_..][epoch:  0, iter:     261, lr:(1.997e-04,2.496e-05,)] [eta: 6:42:43, time (data): 2.504 (0.002)] l_pix: 4.4255e-02 
2025-11-22 11:21:53,132 INFO: [IART_..][epoch:  0, iter:     262, lr:(1.997e-04,2.496e-05,)] [eta: 6:42:38, time (data): 2.503 (0.002)] l_pix: 4.7364e-02 
2025-11-22 11:21:55,579 INFO: [IART_..][epoch:  0, iter:     263, lr:(1.997e-04,2.496e-05,)] [eta: 6:42:35, time (data): 2.502 (0.002)] l_pix: 2.7278e-02 
2025-11-22 11:21:58,075 INFO: [IART_..][epoch:  0, iter:     264, lr:(1.997e-04,2.496e-05,)] [eta: 6:42:33, time (data): 2.502 (0.002)] l_pix: 5.3840e-02 
2025-11-22 11:22:00,523 INFO: [IART_..][epoch:  0, iter:     265, lr:(1.997e-04,2.496e-05,)] [eta: 6:42:29, time (data): 2.501 (0.002)] l_pix: 4.1187e-02 
2025-11-22 11:22:02,983 INFO: [IART_..][epoch:  0, iter:     266, lr:(1.997e-04,2.496e-05,)] [eta: 6:42:26, time (data): 2.500 (0.002)] l_pix: 2.2824e-02 
2025-11-22 11:22:05,499 INFO: [IART_..][epoch:  0, iter:     267, lr:(1.997e-04,2.496e-05,)] [eta: 6:42:25, time (data): 2.500 (0.002)] l_pix: 1.7517e-02 
2025-11-22 11:22:08,041 INFO: [IART_..][epoch:  0, iter:     268, lr:(1.996e-04,2.496e-05,)] [eta: 6:42:24, time (data): 2.501 (0.001)] l_pix: 2.5756e-02 
2025-11-22 11:22:10,553 INFO: [IART_..][epoch:  0, iter:     269, lr:(1.996e-04,2.496e-05,)] [eta: 6:42:23, time (data): 2.501 (0.001)] l_pix: 2.7740e-02 
2025-11-22 11:22:13,118 INFO: [IART_..][epoch:  0, iter:     270, lr:(1.996e-04,2.496e-05,)] [eta: 6:42:23, time (data): 2.502 (0.002)] l_pix: 2.1294e-02 
2025-11-22 11:22:15,612 INFO: [IART_..][epoch:  0, iter:     271, lr:(1.996e-04,2.496e-05,)] [eta: 6:42:21, time (data): 2.502 (0.002)] l_pix: 3.2381e-02 
2025-11-22 11:22:18,092 INFO: [IART_..][epoch:  0, iter:     272, lr:(1.996e-04,2.495e-05,)] [eta: 6:42:19, time (data): 2.502 (0.002)] l_pix: 5.2067e-02 
2025-11-22 11:22:20,587 INFO: [IART_..][epoch:  0, iter:     273, lr:(1.996e-04,2.495e-05,)] [eta: 6:42:17, time (data): 2.502 (0.002)] l_pix: 2.6069e-02 
2025-11-22 11:22:23,023 INFO: [IART_..][epoch:  0, iter:     274, lr:(1.996e-04,2.495e-05,)] [eta: 6:42:13, time (data): 2.501 (0.002)] l_pix: 2.7283e-02 
2025-11-22 11:22:25,534 INFO: [IART_..][epoch:  0, iter:     275, lr:(1.996e-04,2.495e-05,)] [eta: 6:42:11, time (data): 2.501 (0.002)] l_pix: 4.3711e-02 
2025-11-22 11:22:28,065 INFO: [IART_..][epoch:  0, iter:     276, lr:(1.996e-04,2.495e-05,)] [eta: 6:42:11, time (data): 2.501 (0.002)] l_pix: 3.3817e-02 
2025-11-22 11:22:30,518 INFO: [IART_..][epoch:  0, iter:     277, lr:(1.996e-04,2.495e-05,)] [eta: 6:42:07, time (data): 2.501 (0.002)] l_pix: 4.3682e-02 
2025-11-22 11:22:33,075 INFO: [IART_..][epoch:  0, iter:     278, lr:(1.996e-04,2.495e-05,)] [eta: 6:42:07, time (data): 2.501 (0.001)] l_pix: 3.3290e-02 
2025-11-22 11:22:35,587 INFO: [IART_..][epoch:  0, iter:     279, lr:(1.996e-04,2.495e-05,)] [eta: 6:42:06, time (data): 2.501 (0.002)] l_pix: 3.4982e-02 
2025-11-22 11:22:38,068 INFO: [IART_..][epoch:  0, iter:     280, lr:(1.996e-04,2.495e-05,)] [eta: 6:42:03, time (data): 2.501 (0.002)] l_pix: 2.1032e-02 
2025-11-22 11:22:40,486 INFO: [IART_..][epoch:  0, iter:     281, lr:(1.996e-04,2.495e-05,)] [eta: 6:41:59, time (data): 2.500 (0.002)] l_pix: 4.8271e-02 
2025-11-22 11:22:43,077 INFO: [IART_..][epoch:  0, iter:     282, lr:(1.996e-04,2.495e-05,)] [eta: 6:42:00, time (data): 2.501 (0.002)] l_pix: 3.2293e-02 
2025-11-22 11:22:45,698 INFO: [IART_..][epoch:  0, iter:     283, lr:(1.996e-04,2.495e-05,)] [eta: 6:42:02, time (data): 2.503 (0.002)] l_pix: 1.9243e-02 
2025-11-22 11:22:48,210 INFO: [IART_..][epoch:  0, iter:     284, lr:(1.996e-04,2.495e-05,)] [eta: 6:42:01, time (data): 2.503 (0.002)] l_pix: 2.5226e-02 
2025-11-22 11:22:50,834 INFO: [IART_..][epoch:  0, iter:     285, lr:(1.996e-04,2.495e-05,)] [eta: 6:42:03, time (data): 2.504 (0.002)] l_pix: 3.0342e-02 
2025-11-22 11:22:53,255 INFO: [IART_..][epoch:  0, iter:     286, lr:(1.996e-04,2.495e-05,)] [eta: 6:41:58, time (data): 2.503 (0.002)] l_pix: 1.7904e-02 
2025-11-22 11:22:55,872 INFO: [IART_..][epoch:  0, iter:     287, lr:(1.996e-04,2.495e-05,)] [eta: 6:42:00, time (data): 2.505 (0.002)] l_pix: 4.8491e-02 
2025-11-22 11:22:58,399 INFO: [IART_..][epoch:  0, iter:     288, lr:(1.996e-04,2.495e-05,)] [eta: 6:41:59, time (data): 2.505 (0.002)] l_pix: 1.4171e-02 
2025-11-22 11:23:00,867 INFO: [IART_..][epoch:  0, iter:     289, lr:(1.996e-04,2.495e-05,)] [eta: 6:41:56, time (data): 2.504 (0.001)] l_pix: 4.2045e-02 
2025-11-22 11:23:03,351 INFO: [IART_..][epoch:  0, iter:     290, lr:(1.996e-04,2.495e-05,)] [eta: 6:41:54, time (data): 2.504 (0.001)] l_pix: 3.8747e-02 
2025-11-22 11:23:05,815 INFO: [IART_..][epoch:  0, iter:     291, lr:(1.996e-04,2.495e-05,)] [eta: 6:41:51, time (data): 2.504 (0.002)] l_pix: 2.9768e-02 
2025-11-22 11:23:08,407 INFO: [IART_..][epoch:  0, iter:     292, lr:(1.996e-04,2.495e-05,)] [eta: 6:41:52, time (data): 2.505 (0.002)] l_pix: 2.3594e-02 
2025-11-22 11:23:10,919 INFO: [IART_..][epoch:  0, iter:     293, lr:(1.996e-04,2.495e-05,)] [eta: 6:41:50, time (data): 2.505 (0.002)] l_pix: 2.0644e-02 
2025-11-22 11:23:13,494 INFO: [IART_..][epoch:  0, iter:     294, lr:(1.996e-04,2.495e-05,)] [eta: 6:41:51, time (data): 2.506 (0.002)] l_pix: 3.9980e-02 
2025-11-22 11:23:15,990 INFO: [IART_..][epoch:  0, iter:     295, lr:(1.996e-04,2.495e-05,)] [eta: 6:41:49, time (data): 2.505 (0.002)] l_pix: 3.9224e-02 
2025-11-22 11:23:18,504 INFO: [IART_..][epoch:  0, iter:     296, lr:(1.996e-04,2.495e-05,)] [eta: 6:41:47, time (data): 2.506 (0.002)] l_pix: 3.7689e-02 
2025-11-22 11:23:21,016 INFO: [IART_..][epoch:  0, iter:     297, lr:(1.996e-04,2.495e-05,)] [eta: 6:41:45, time (data): 2.506 (0.002)] l_pix: 2.8924e-02 
2025-11-22 11:23:23,620 INFO: [IART_..][epoch:  0, iter:     298, lr:(1.996e-04,2.495e-05,)] [eta: 6:41:47, time (data): 2.506 (0.002)] l_pix: 3.4292e-02 
2025-11-22 11:23:26,135 INFO: [IART_..][epoch:  0, iter:     299, lr:(1.996e-04,2.495e-05,)] [eta: 6:41:45, time (data): 2.507 (0.001)] l_pix: 1.6655e-02 
2025-11-22 11:23:28,647 INFO: [IART_..][epoch:  0, iter:     300, lr:(1.996e-04,2.495e-05,)] [eta: 6:41:44, time (data): 2.507 (0.001)] l_pix: 5.2295e-02 
2025-11-22 11:23:31,173 INFO: [IART_..][epoch:  0, iter:     301, lr:(1.996e-04,2.494e-05,)] [eta: 6:41:43, time (data): 2.507 (0.001)] l_pix: 1.9666e-02 
2025-11-22 11:23:33,727 INFO: [IART_..][epoch:  0, iter:     302, lr:(1.996e-04,2.494e-05,)] [eta: 6:41:42, time (data): 2.507 (0.001)] l_pix: 2.2476e-02 
2025-11-22 11:23:36,210 INFO: [IART_..][epoch:  0, iter:     303, lr:(1.996e-04,2.494e-05,)] [eta: 6:41:40, time (data): 2.507 (0.001)] l_pix: 2.7042e-02 
2025-11-22 11:23:38,720 INFO: [IART_..][epoch:  0, iter:     304, lr:(1.995e-04,2.494e-05,)] [eta: 6:41:38, time (data): 2.507 (0.001)] l_pix: 4.0683e-02 
2025-11-22 11:23:41,287 INFO: [IART_..][epoch:  0, iter:     305, lr:(1.995e-04,2.494e-05,)] [eta: 6:41:38, time (data): 2.508 (0.001)] l_pix: 3.5676e-02 
2025-11-22 11:23:43,775 INFO: [IART_..][epoch:  0, iter:     306, lr:(1.995e-04,2.494e-05,)] [eta: 6:41:36, time (data): 2.507 (0.001)] l_pix: 2.5958e-02 
2025-11-22 11:23:46,269 INFO: [IART_..][epoch:  0, iter:     307, lr:(1.995e-04,2.494e-05,)] [eta: 6:41:33, time (data): 2.507 (0.001)] l_pix: 3.3931e-02 
2025-11-22 11:23:48,842 INFO: [IART_..][epoch:  0, iter:     308, lr:(1.995e-04,2.494e-05,)] [eta: 6:41:34, time (data): 2.508 (0.001)] l_pix: 1.6094e-02 
2025-11-22 11:23:51,355 INFO: [IART_..][epoch:  0, iter:     309, lr:(1.995e-04,2.494e-05,)] [eta: 6:41:32, time (data): 2.508 (0.001)] l_pix: 4.2952e-02 
2025-11-22 11:23:53,917 INFO: [IART_..][epoch:  0, iter:     310, lr:(1.995e-04,2.494e-05,)] [eta: 6:41:32, time (data): 2.509 (0.001)] l_pix: 1.8222e-02 
2025-11-22 11:23:56,459 INFO: [IART_..][epoch:  0, iter:     311, lr:(1.995e-04,2.494e-05,)] [eta: 6:41:31, time (data): 2.509 (0.001)] l_pix: 2.7246e-02 
2025-11-22 11:23:58,973 INFO: [IART_..][epoch:  0, iter:     312, lr:(1.995e-04,2.494e-05,)] [eta: 6:41:29, time (data): 2.509 (0.001)] l_pix: 1.7472e-02 
2025-11-22 11:24:01,482 INFO: [IART_..][epoch:  0, iter:     313, lr:(1.995e-04,2.494e-05,)] [eta: 6:41:28, time (data): 2.509 (0.001)] l_pix: 2.8829e-02 
2025-11-22 11:24:04,042 INFO: [IART_..][epoch:  0, iter:     314, lr:(1.995e-04,2.494e-05,)] [eta: 6:41:27, time (data): 2.509 (0.001)] l_pix: 3.3812e-02 
2025-11-22 11:24:06,604 INFO: [IART_..][epoch:  0, iter:     315, lr:(1.995e-04,2.494e-05,)] [eta: 6:41:27, time (data): 2.510 (0.001)] l_pix: 3.2063e-02 
2025-11-22 11:24:09,100 INFO: [IART_..][epoch:  0, iter:     316, lr:(1.995e-04,2.494e-05,)] [eta: 6:41:25, time (data): 2.510 (0.001)] l_pix: 3.5401e-02 
2025-11-22 11:24:11,551 INFO: [IART_..][epoch:  0, iter:     317, lr:(1.995e-04,2.494e-05,)] [eta: 6:41:21, time (data): 2.509 (0.001)] l_pix: 2.6594e-02 
2025-11-22 11:24:14,069 INFO: [IART_..][epoch:  0, iter:     318, lr:(1.995e-04,2.494e-05,)] [eta: 6:41:20, time (data): 2.509 (0.001)] l_pix: 3.7403e-02 
2025-11-22 11:24:16,538 INFO: [IART_..][epoch:  0, iter:     319, lr:(1.995e-04,2.494e-05,)] [eta: 6:41:17, time (data): 2.509 (0.001)] l_pix: 3.2066e-02 
2025-11-22 11:24:18,957 INFO: [IART_..][epoch:  0, iter:     320, lr:(1.995e-04,2.494e-05,)] [eta: 6:41:12, time (data): 2.508 (0.001)] l_pix: 2.6464e-02 
2025-11-22 11:24:21,574 INFO: [IART_..][epoch:  0, iter:     321, lr:(1.995e-04,2.494e-05,)] [eta: 6:41:14, time (data): 2.509 (0.001)] l_pix: 2.7038e-02 
2025-11-22 11:24:24,136 INFO: [IART_..][epoch:  0, iter:     322, lr:(1.995e-04,2.494e-05,)] [eta: 6:41:13, time (data): 2.509 (0.001)] l_pix: 1.7512e-02 
2025-11-22 11:24:26,635 INFO: [IART_..][epoch:  0, iter:     323, lr:(1.995e-04,2.494e-05,)] [eta: 6:41:11, time (data): 2.509 (0.001)] l_pix: 2.7977e-02 
2025-11-22 11:24:29,116 INFO: [IART_..][epoch:  0, iter:     324, lr:(1.995e-04,2.494e-05,)] [eta: 6:41:09, time (data): 2.509 (0.001)] l_pix: 2.1424e-02 
2025-11-22 11:24:31,582 INFO: [IART_..][epoch:  0, iter:     325, lr:(1.995e-04,2.494e-05,)] [eta: 6:41:05, time (data): 2.509 (0.001)] l_pix: 2.6486e-02 
2025-11-22 11:24:34,032 INFO: [IART_..][epoch:  0, iter:     326, lr:(1.995e-04,2.494e-05,)] [eta: 6:41:02, time (data): 2.508 (0.001)] l_pix: 2.2345e-02 
2025-11-22 11:24:36,497 INFO: [IART_..][epoch:  0, iter:     327, lr:(1.995e-04,2.493e-05,)] [eta: 6:40:59, time (data): 2.508 (0.001)] l_pix: 4.4476e-02 
2025-11-22 11:24:39,040 INFO: [IART_..][epoch:  0, iter:     328, lr:(1.995e-04,2.493e-05,)] [eta: 6:40:58, time (data): 2.508 (0.001)] l_pix: 5.1496e-02 
2025-11-22 11:24:41,623 INFO: [IART_..][epoch:  0, iter:     329, lr:(1.995e-04,2.493e-05,)] [eta: 6:40:58, time (data): 2.509 (0.001)] l_pix: 1.5802e-02 
2025-11-22 11:24:44,228 INFO: [IART_..][epoch:  0, iter:     330, lr:(1.995e-04,2.493e-05,)] [eta: 6:40:59, time (data): 2.509 (0.001)] l_pix: 3.4138e-02 
2025-11-22 11:24:46,778 INFO: [IART_..][epoch:  0, iter:     331, lr:(1.995e-04,2.493e-05,)] [eta: 6:40:58, time (data): 2.510 (0.001)] l_pix: 3.0645e-02 
2025-11-22 11:24:49,241 INFO: [IART_..][epoch:  0, iter:     332, lr:(1.995e-04,2.493e-05,)] [eta: 6:40:55, time (data): 2.509 (0.001)] l_pix: 3.7726e-02 
2025-11-22 11:24:51,727 INFO: [IART_..][epoch:  0, iter:     333, lr:(1.995e-04,2.493e-05,)] [eta: 6:40:53, time (data): 2.509 (0.001)] l_pix: 3.6207e-02 
2025-11-22 11:24:54,183 INFO: [IART_..][epoch:  0, iter:     334, lr:(1.995e-04,2.493e-05,)] [eta: 6:40:49, time (data): 2.509 (0.001)] l_pix: 3.7310e-02 
2025-11-22 11:24:56,678 INFO: [IART_..][epoch:  0, iter:     335, lr:(1.995e-04,2.493e-05,)] [eta: 6:40:47, time (data): 2.509 (0.001)] l_pix: 5.2372e-02 
2025-11-22 11:24:59,218 INFO: [IART_..][epoch:  0, iter:     336, lr:(1.994e-04,2.493e-05,)] [eta: 6:40:46, time (data): 2.509 (0.001)] l_pix: 2.0194e-02 
2025-11-22 11:25:01,676 INFO: [IART_..][epoch:  0, iter:     337, lr:(1.994e-04,2.493e-05,)] [eta: 6:40:43, time (data): 2.508 (0.001)] l_pix: 2.2747e-02 
2025-11-22 11:25:04,122 INFO: [IART_..][epoch:  0, iter:     338, lr:(1.994e-04,2.493e-05,)] [eta: 6:40:39, time (data): 2.508 (0.001)] l_pix: 3.1654e-02 
2025-11-22 11:25:06,569 INFO: [IART_..][epoch:  0, iter:     339, lr:(1.994e-04,2.493e-05,)] [eta: 6:40:35, time (data): 2.508 (0.001)] l_pix: 2.8804e-02 
2025-11-22 11:25:09,014 INFO: [IART_..][epoch:  0, iter:     340, lr:(1.994e-04,2.493e-05,)] [eta: 6:40:31, time (data): 2.507 (0.001)] l_pix: 2.1684e-02 
2025-11-22 11:25:11,429 INFO: [IART_..][epoch:  0, iter:     341, lr:(1.994e-04,2.493e-05,)] [eta: 6:40:27, time (data): 2.506 (0.001)] l_pix: 3.8596e-02 
2025-11-22 11:25:13,874 INFO: [IART_..][epoch:  0, iter:     342, lr:(1.994e-04,2.493e-05,)] [eta: 6:40:23, time (data): 2.506 (0.001)] l_pix: 3.5568e-02 
2025-11-22 11:25:16,333 INFO: [IART_..][epoch:  0, iter:     343, lr:(1.994e-04,2.493e-05,)] [eta: 6:40:20, time (data): 2.506 (0.001)] l_pix: 3.5529e-02 
2025-11-22 11:25:18,839 INFO: [IART_..][epoch:  0, iter:     344, lr:(1.994e-04,2.493e-05,)] [eta: 6:40:18, time (data): 2.506 (0.001)] l_pix: 2.9352e-02 
2025-11-22 11:25:21,444 INFO: [IART_..][epoch:  0, iter:     345, lr:(1.994e-04,2.493e-05,)] [eta: 6:40:19, time (data): 2.506 (0.001)] l_pix: 3.5442e-02 
2025-11-22 11:25:24,003 INFO: [IART_..][epoch:  0, iter:     346, lr:(1.994e-04,2.493e-05,)] [eta: 6:40:18, time (data): 2.507 (0.001)] l_pix: 2.6925e-02 
2025-11-22 11:25:26,592 INFO: [IART_..][epoch:  0, iter:     347, lr:(1.994e-04,2.493e-05,)] [eta: 6:40:19, time (data): 2.507 (0.001)] l_pix: 2.9204e-02 
2025-11-22 11:25:29,043 INFO: [IART_..][epoch:  0, iter:     348, lr:(1.994e-04,2.493e-05,)] [eta: 6:40:15, time (data): 2.507 (0.001)] l_pix: 3.7262e-02 
2025-11-22 11:25:31,494 INFO: [IART_..][epoch:  0, iter:     349, lr:(1.994e-04,2.493e-05,)] [eta: 6:40:11, time (data): 2.507 (0.001)] l_pix: 3.3028e-02 
2025-11-22 11:25:33,932 INFO: [IART_..][epoch:  0, iter:     350, lr:(1.994e-04,2.493e-05,)] [eta: 6:40:08, time (data): 2.506 (0.001)] l_pix: 3.0216e-02 
2025-11-22 11:25:36,478 INFO: [IART_..][epoch:  0, iter:     351, lr:(1.994e-04,2.492e-05,)] [eta: 6:40:07, time (data): 2.506 (0.001)] l_pix: 2.7638e-02 
2025-11-22 11:25:38,986 INFO: [IART_..][epoch:  0, iter:     352, lr:(1.994e-04,2.492e-05,)] [eta: 6:40:05, time (data): 2.506 (0.001)] l_pix: 3.5399e-02 
2025-11-22 11:25:41,472 INFO: [IART_..][epoch:  0, iter:     353, lr:(1.994e-04,2.492e-05,)] [eta: 6:40:02, time (data): 2.506 (0.001)] l_pix: 2.1952e-02 
2025-11-22 11:25:44,017 INFO: [IART_..][epoch:  0, iter:     354, lr:(1.994e-04,2.492e-05,)] [eta: 6:40:01, time (data): 2.506 (0.001)] l_pix: 3.8426e-02 
2025-11-22 11:25:46,466 INFO: [IART_..][epoch:  0, iter:     355, lr:(1.994e-04,2.492e-05,)] [eta: 6:39:58, time (data): 2.506 (0.001)] l_pix: 3.8179e-02 
2025-11-22 11:25:49,013 INFO: [IART_..][epoch:  0, iter:     356, lr:(1.994e-04,2.492e-05,)] [eta: 6:39:57, time (data): 2.506 (0.001)] l_pix: 3.7614e-02 
2025-11-22 11:25:51,558 INFO: [IART_..][epoch:  0, iter:     357, lr:(1.994e-04,2.492e-05,)] [eta: 6:39:56, time (data): 2.507 (0.001)] l_pix: 2.6076e-02 
2025-11-22 11:25:53,964 INFO: [IART_..][epoch:  0, iter:     358, lr:(1.994e-04,2.492e-05,)] [eta: 6:39:51, time (data): 2.506 (0.001)] l_pix: 3.6020e-02 
2025-11-22 11:25:56,566 INFO: [IART_..][epoch:  0, iter:     359, lr:(1.994e-04,2.492e-05,)] [eta: 6:39:52, time (data): 2.506 (0.001)] l_pix: 3.0156e-02 
2025-11-22 11:25:59,147 INFO: [IART_..][epoch:  0, iter:     360, lr:(1.994e-04,2.492e-05,)] [eta: 6:39:52, time (data): 2.507 (0.001)] l_pix: 4.0100e-02 
2025-11-22 11:26:01,578 INFO: [IART_..][epoch:  0, iter:     361, lr:(1.994e-04,2.492e-05,)] [eta: 6:39:48, time (data): 2.506 (0.001)] l_pix: 3.1030e-02 
2025-11-22 11:26:04,060 INFO: [IART_..][epoch:  0, iter:     362, lr:(1.994e-04,2.492e-05,)] [eta: 6:39:45, time (data): 2.506 (0.001)] l_pix: 3.3100e-02 
2025-11-22 11:26:06,495 INFO: [IART_..][epoch:  0, iter:     363, lr:(1.994e-04,2.492e-05,)] [eta: 6:39:41, time (data): 2.506 (0.001)] l_pix: 3.7655e-02 
2025-11-22 11:26:09,006 INFO: [IART_..][epoch:  0, iter:     364, lr:(1.994e-04,2.492e-05,)] [eta: 6:39:39, time (data): 2.506 (0.001)] l_pix: 3.1375e-02 
2025-11-22 11:26:11,581 INFO: [IART_..][epoch:  0, iter:     365, lr:(1.993e-04,2.492e-05,)] [eta: 6:39:39, time (data): 2.506 (0.001)] l_pix: 3.0936e-02 
2025-11-22 11:26:14,029 INFO: [IART_..][epoch:  0, iter:     366, lr:(1.993e-04,2.492e-05,)] [eta: 6:39:35, time (data): 2.506 (0.001)] l_pix: 2.7609e-02 
2025-11-22 11:26:16,588 INFO: [IART_..][epoch:  0, iter:     367, lr:(1.993e-04,2.492e-05,)] [eta: 6:39:35, time (data): 2.506 (0.001)] l_pix: 3.5260e-02 
2025-11-22 11:26:19,180 INFO: [IART_..][epoch:  0, iter:     368, lr:(1.993e-04,2.492e-05,)] [eta: 6:39:35, time (data): 2.507 (0.001)] l_pix: 4.5600e-02 
2025-11-22 11:26:21,710 INFO: [IART_..][epoch:  0, iter:     369, lr:(1.993e-04,2.492e-05,)] [eta: 6:39:33, time (data): 2.507 (0.001)] l_pix: 2.6982e-02 
2025-11-22 11:26:24,179 INFO: [IART_..][epoch:  0, iter:     370, lr:(1.993e-04,2.492e-05,)] [eta: 6:39:30, time (data): 2.507 (0.001)] l_pix: 3.3621e-02 
2025-11-22 11:26:26,694 INFO: [IART_..][epoch:  0, iter:     371, lr:(1.993e-04,2.492e-05,)] [eta: 6:39:29, time (data): 2.507 (0.001)] l_pix: 3.4930e-02 
2025-11-22 11:26:29,198 INFO: [IART_..][epoch:  0, iter:     372, lr:(1.993e-04,2.492e-05,)] [eta: 6:39:26, time (data): 2.507 (0.001)] l_pix: 3.5433e-02 
2025-11-22 11:26:31,660 INFO: [IART_..][epoch:  0, iter:     373, lr:(1.993e-04,2.492e-05,)] [eta: 6:39:23, time (data): 2.506 (0.001)] l_pix: 3.1316e-02 
2025-11-22 11:26:34,135 INFO: [IART_..][epoch:  0, iter:     374, lr:(1.993e-04,2.491e-05,)] [eta: 6:39:20, time (data): 2.506 (0.001)] l_pix: 3.4482e-02 
2025-11-22 11:26:36,552 INFO: [IART_..][epoch:  0, iter:     375, lr:(1.993e-04,2.491e-05,)] [eta: 6:39:16, time (data): 2.506 (0.001)] l_pix: 3.8223e-02 
2025-11-22 11:26:39,017 INFO: [IART_..][epoch:  0, iter:     376, lr:(1.993e-04,2.491e-05,)] [eta: 6:39:13, time (data): 2.505 (0.001)] l_pix: 1.9796e-02 
2025-11-22 11:26:41,509 INFO: [IART_..][epoch:  0, iter:     377, lr:(1.993e-04,2.491e-05,)] [eta: 6:39:11, time (data): 2.505 (0.001)] l_pix: 2.7758e-02 
2025-11-22 11:26:44,021 INFO: [IART_..][epoch:  0, iter:     378, lr:(1.993e-04,2.491e-05,)] [eta: 6:39:09, time (data): 2.505 (0.001)] l_pix: 3.4435e-02 
2025-11-22 11:26:46,484 INFO: [IART_..][epoch:  0, iter:     379, lr:(1.993e-04,2.491e-05,)] [eta: 6:39:05, time (data): 2.505 (0.001)] l_pix: 3.4430e-02 
2025-11-22 11:26:48,946 INFO: [IART_..][epoch:  0, iter:     380, lr:(1.993e-04,2.491e-05,)] [eta: 6:39:02, time (data): 2.505 (0.001)] l_pix: 3.1219e-02 
2025-11-22 11:26:51,366 INFO: [IART_..][epoch:  0, iter:     381, lr:(1.993e-04,2.491e-05,)] [eta: 6:38:58, time (data): 2.504 (0.001)] l_pix: 1.9593e-02 
2025-11-22 11:26:53,960 INFO: [IART_..][epoch:  0, iter:     382, lr:(1.993e-04,2.491e-05,)] [eta: 6:38:58, time (data): 2.505 (0.001)] l_pix: 1.9638e-02 
2025-11-22 11:26:56,422 INFO: [IART_..][epoch:  0, iter:     383, lr:(1.993e-04,2.491e-05,)] [eta: 6:38:55, time (data): 2.505 (0.001)] l_pix: 3.6376e-02 
2025-11-22 11:26:58,942 INFO: [IART_..][epoch:  0, iter:     384, lr:(1.993e-04,2.491e-05,)] [eta: 6:38:53, time (data): 2.505 (0.001)] l_pix: 4.0650e-02 
2025-11-22 11:27:01,382 INFO: [IART_..][epoch:  0, iter:     385, lr:(1.993e-04,2.491e-05,)] [eta: 6:38:50, time (data): 2.504 (0.001)] l_pix: 3.5209e-02 
2025-11-22 11:27:03,925 INFO: [IART_..][epoch:  0, iter:     386, lr:(1.993e-04,2.491e-05,)] [eta: 6:38:48, time (data): 2.505 (0.001)] l_pix: 3.2705e-02 
2025-11-22 11:27:06,501 INFO: [IART_..][epoch:  0, iter:     387, lr:(1.993e-04,2.491e-05,)] [eta: 6:38:48, time (data): 2.505 (0.001)] l_pix: 3.9697e-02 
2025-11-22 11:27:08,973 INFO: [IART_..][epoch:  0, iter:     388, lr:(1.993e-04,2.491e-05,)] [eta: 6:38:45, time (data): 2.505 (0.001)] l_pix: 2.1653e-02 
2025-11-22 11:27:11,502 INFO: [IART_..][epoch:  0, iter:     389, lr:(1.993e-04,2.491e-05,)] [eta: 6:38:44, time (data): 2.505 (0.001)] l_pix: 2.1886e-02 
2025-11-22 11:27:14,092 INFO: [IART_..][epoch:  0, iter:     390, lr:(1.993e-04,2.491e-05,)] [eta: 6:38:44, time (data): 2.505 (0.001)] l_pix: 2.8866e-02 
2025-11-22 11:27:16,560 INFO: [IART_..][epoch:  0, iter:     391, lr:(1.993e-04,2.491e-05,)] [eta: 6:38:41, time (data): 2.505 (0.001)] l_pix: 3.2035e-02 
2025-11-22 11:27:19,070 INFO: [IART_..][epoch:  0, iter:     392, lr:(1.992e-04,2.491e-05,)] [eta: 6:38:39, time (data): 2.505 (0.001)] l_pix: 3.1433e-02 
2025-11-22 11:27:21,537 INFO: [IART_..][epoch:  0, iter:     393, lr:(1.992e-04,2.491e-05,)] [eta: 6:38:36, time (data): 2.505 (0.001)] l_pix: 1.5828e-02 
2025-11-22 11:27:24,048 INFO: [IART_..][epoch:  0, iter:     394, lr:(1.992e-04,2.491e-05,)] [eta: 6:38:34, time (data): 2.505 (0.001)] l_pix: 3.9980e-02 
2025-11-22 11:27:26,481 INFO: [IART_..][epoch:  0, iter:     395, lr:(1.992e-04,2.490e-05,)] [eta: 6:38:30, time (data): 2.505 (0.001)] l_pix: 2.7622e-02 
2025-11-22 11:27:29,011 INFO: [IART_..][epoch:  0, iter:     396, lr:(1.992e-04,2.490e-05,)] [eta: 6:38:28, time (data): 2.505 (0.001)] l_pix: 1.9398e-02 
2025-11-22 11:27:31,619 INFO: [IART_..][epoch:  0, iter:     397, lr:(1.992e-04,2.490e-05,)] [eta: 6:38:29, time (data): 2.505 (0.001)] l_pix: 4.3628e-02 
2025-11-22 11:27:34,037 INFO: [IART_..][epoch:  0, iter:     398, lr:(1.992e-04,2.490e-05,)] [eta: 6:38:24, time (data): 2.505 (0.001)] l_pix: 2.8157e-02 
2025-11-22 11:27:36,580 INFO: [IART_..][epoch:  0, iter:     399, lr:(1.992e-04,2.490e-05,)] [eta: 6:38:23, time (data): 2.505 (0.001)] l_pix: 3.1160e-02 
2025-11-22 11:27:39,155 INFO: [IART_..][epoch:  0, iter:     400, lr:(1.992e-04,2.490e-05,)] [eta: 6:38:23, time (data): 2.505 (0.001)] l_pix: 3.2354e-02 
2025-11-22 11:27:41,698 INFO: [IART_..][epoch:  0, iter:     401, lr:(1.992e-04,2.490e-05,)] [eta: 6:38:22, time (data): 2.506 (0.001)] l_pix: 3.7103e-02 
2025-11-22 11:27:44,193 INFO: [IART_..][epoch:  0, iter:     402, lr:(1.992e-04,2.490e-05,)] [eta: 6:38:19, time (data): 2.506 (0.001)] l_pix: 2.8731e-02 
2025-11-22 11:27:46,767 INFO: [IART_..][epoch:  0, iter:     403, lr:(1.992e-04,2.490e-05,)] [eta: 6:38:19, time (data): 2.574 (0.016)] l_pix: 4.7852e-02 
2025-11-22 11:27:49,230 INFO: [IART_..][epoch:  0, iter:     404, lr:(1.992e-04,2.490e-05,)] [eta: 6:38:15, time (data): 2.519 (0.008)] l_pix: 3.9628e-02 
2025-11-22 11:27:51,774 INFO: [IART_..][epoch:  0, iter:     405, lr:(1.992e-04,2.490e-05,)] [eta: 6:38:14, time (data): 2.527 (0.010)] l_pix: 2.5005e-02 
2025-11-22 11:27:54,235 INFO: [IART_..][epoch:  0, iter:     406, lr:(1.992e-04,2.490e-05,)] [eta: 6:38:11, time (data): 2.510 (0.008)] l_pix: 3.2151e-02 
2025-11-22 11:27:56,808 INFO: [IART_..][epoch:  0, iter:     407, lr:(1.992e-04,2.490e-05,)] [eta: 6:38:11, time (data): 2.523 (0.006)] l_pix: 3.0303e-02 
2025-11-22 11:27:59,335 INFO: [IART_..][epoch:  0, iter:     408, lr:(1.992e-04,2.490e-05,)] [eta: 6:38:09, time (data): 2.524 (0.005)] l_pix: 2.8347e-02 
2025-11-22 11:28:01,814 INFO: [IART_..][epoch:  0, iter:     409, lr:(1.992e-04,2.490e-05,)] [eta: 6:38:06, time (data): 2.517 (0.004)] l_pix: 4.0377e-02 
2025-11-22 11:28:04,325 INFO: [IART_..][epoch:  0, iter:     410, lr:(1.992e-04,2.490e-05,)] [eta: 6:38:04, time (data): 2.517 (0.006)] l_pix: 4.2342e-02 
2025-11-22 11:28:06,820 INFO: [IART_..][epoch:  0, iter:     411, lr:(1.992e-04,2.490e-05,)] [eta: 6:38:02, time (data): 2.514 (0.007)] l_pix: 2.6697e-02 
2025-11-22 11:28:09,365 INFO: [IART_..][epoch:  0, iter:     412, lr:(1.992e-04,2.490e-05,)] [eta: 6:38:00, time (data): 2.517 (0.006)] l_pix: 4.4006e-02 
2025-11-22 11:28:11,863 INFO: [IART_..][epoch:  0, iter:     413, lr:(1.992e-04,2.490e-05,)] [eta: 6:37:58, time (data): 2.515 (0.006)] l_pix: 2.2187e-02 
2025-11-22 11:28:14,273 INFO: [IART_..][epoch:  0, iter:     414, lr:(1.992e-04,2.490e-05,)] [eta: 6:37:54, time (data): 2.507 (0.005)] l_pix: 2.0056e-02 
2025-11-22 11:28:16,836 INFO: [IART_..][epoch:  0, iter:     415, lr:(1.992e-04,2.489e-05,)] [eta: 6:37:53, time (data): 2.511 (0.006)] l_pix: 2.8611e-02 
2025-11-22 11:28:19,283 INFO: [IART_..][epoch:  0, iter:     416, lr:(1.992e-04,2.489e-05,)] [eta: 6:37:49, time (data): 2.506 (0.006)] l_pix: 1.8694e-02 
2025-11-22 11:28:21,811 INFO: [IART_..][epoch:  0, iter:     417, lr:(1.991e-04,2.489e-05,)] [eta: 6:37:48, time (data): 2.508 (0.005)] l_pix: 1.6329e-02 
2025-11-22 11:28:24,355 INFO: [IART_..][epoch:  0, iter:     418, lr:(1.991e-04,2.489e-05,)] [eta: 6:37:47, time (data): 2.510 (0.005)] l_pix: 4.1984e-02 
2025-11-22 11:28:26,819 INFO: [IART_..][epoch:  0, iter:     419, lr:(1.991e-04,2.489e-05,)] [eta: 6:37:43, time (data): 2.507 (0.005)] l_pix: 5.5599e-02 
2025-11-22 11:28:29,266 INFO: [IART_..][epoch:  0, iter:     420, lr:(1.991e-04,2.489e-05,)] [eta: 6:37:40, time (data): 2.504 (0.004)] l_pix: 3.2958e-02 
2025-11-22 11:28:31,773 INFO: [IART_..][epoch:  0, iter:     421, lr:(1.991e-04,2.489e-05,)] [eta: 6:37:38, time (data): 2.504 (0.004)] l_pix: 2.8709e-02 
2025-11-22 11:28:34,234 INFO: [IART_..][epoch:  0, iter:     422, lr:(1.991e-04,2.489e-05,)] [eta: 6:37:35, time (data): 2.502 (0.004)] l_pix: 5.0445e-02 
2025-11-22 11:28:36,774 INFO: [IART_..][epoch:  0, iter:     423, lr:(1.991e-04,2.489e-05,)] [eta: 6:37:33, time (data): 2.504 (0.004)] l_pix: 3.4361e-02 
2025-11-22 11:28:39,235 INFO: [IART_..][epoch:  0, iter:     424, lr:(1.991e-04,2.489e-05,)] [eta: 6:37:30, time (data): 2.502 (0.004)] l_pix: 1.9779e-02 
2025-11-22 11:28:41,762 INFO: [IART_..][epoch:  0, iter:     425, lr:(1.991e-04,2.489e-05,)] [eta: 6:37:28, time (data): 2.503 (0.003)] l_pix: 3.3076e-02 
2025-11-22 11:28:44,205 INFO: [IART_..][epoch:  0, iter:     426, lr:(1.991e-04,2.489e-05,)] [eta: 6:37:25, time (data): 2.500 (0.003)] l_pix: 3.1169e-02 
2025-11-22 11:28:46,713 INFO: [IART_..][epoch:  0, iter:     427, lr:(1.991e-04,2.489e-05,)] [eta: 6:37:23, time (data): 2.501 (0.003)] l_pix: 1.8206e-02 
2025-11-22 11:28:49,371 INFO: [IART_..][epoch:  0, iter:     428, lr:(1.991e-04,2.489e-05,)] [eta: 6:37:24, time (data): 2.507 (0.003)] l_pix: 3.8620e-02 
2025-11-22 11:28:52,039 INFO: [IART_..][epoch:  0, iter:     429, lr:(1.991e-04,2.489e-05,)] [eta: 6:37:25, time (data): 2.513 (0.003)] l_pix: 3.6725e-02 
2025-11-22 11:28:54,575 INFO: [IART_..][epoch:  0, iter:     430, lr:(1.991e-04,2.489e-05,)] [eta: 6:37:24, time (data): 2.514 (0.003)] l_pix: 1.0671e-02 
2025-11-22 11:28:57,151 INFO: [IART_..][epoch:  0, iter:     431, lr:(1.991e-04,2.489e-05,)] [eta: 6:37:23, time (data): 2.516 (0.003)] l_pix: 4.4453e-02 
2025-11-22 11:28:59,589 INFO: [IART_..][epoch:  0, iter:     432, lr:(1.991e-04,2.489e-05,)] [eta: 6:37:20, time (data): 2.513 (0.003)] l_pix: 1.6486e-02 
2025-11-22 11:29:02,063 INFO: [IART_..][epoch:  0, iter:     433, lr:(1.991e-04,2.489e-05,)] [eta: 6:37:17, time (data): 2.512 (0.003)] l_pix: 3.2366e-02 
2025-11-22 11:29:04,528 INFO: [IART_..][epoch:  0, iter:     434, lr:(1.991e-04,2.488e-05,)] [eta: 6:37:14, time (data): 2.510 (0.002)] l_pix: 2.5407e-02 
2025-11-22 11:29:07,087 INFO: [IART_..][epoch:  0, iter:     435, lr:(1.991e-04,2.488e-05,)] [eta: 6:37:13, time (data): 2.512 (0.002)] l_pix: 3.3646e-02 
2025-11-22 11:29:09,520 INFO: [IART_..][epoch:  0, iter:     436, lr:(1.991e-04,2.488e-05,)] [eta: 6:37:09, time (data): 2.510 (0.002)] l_pix: 2.6117e-02 
2025-11-22 11:29:11,936 INFO: [IART_..][epoch:  0, iter:     437, lr:(1.991e-04,2.488e-05,)] [eta: 6:37:05, time (data): 2.507 (0.002)] l_pix: 2.5361e-02 
2025-11-22 11:29:14,373 INFO: [IART_..][epoch:  0, iter:     438, lr:(1.991e-04,2.488e-05,)] [eta: 6:37:01, time (data): 2.505 (0.002)] l_pix: 3.3330e-02 
2025-11-22 11:29:16,843 INFO: [IART_..][epoch:  0, iter:     439, lr:(1.991e-04,2.488e-05,)] [eta: 6:36:58, time (data): 2.504 (0.002)] l_pix: 3.1198e-02 
2025-11-22 11:29:19,369 INFO: [IART_..][epoch:  0, iter:     440, lr:(1.991e-04,2.488e-05,)] [eta: 6:36:56, time (data): 2.505 (0.002)] l_pix: 3.2738e-02 
2025-11-22 11:29:21,801 INFO: [IART_..][epoch:  0, iter:     441, lr:(1.990e-04,2.488e-05,)] [eta: 6:36:53, time (data): 2.503 (0.002)] l_pix: 4.5352e-02 
2025-11-22 11:29:24,219 INFO: [IART_..][epoch:  0, iter:     442, lr:(1.990e-04,2.488e-05,)] [eta: 6:36:48, time (data): 2.501 (0.002)] l_pix: 4.0682e-02 
2025-11-22 11:29:26,758 INFO: [IART_..][epoch:  0, iter:     443, lr:(1.990e-04,2.488e-05,)] [eta: 6:36:47, time (data): 2.502 (0.002)] l_pix: 2.6178e-02 
2025-11-22 11:29:29,350 INFO: [IART_..][epoch:  0, iter:     444, lr:(1.990e-04,2.488e-05,)] [eta: 6:36:47, time (data): 2.504 (0.002)] l_pix: 3.5101e-02 
2025-11-22 11:29:31,953 INFO: [IART_..][epoch:  0, iter:     445, lr:(1.990e-04,2.488e-05,)] [eta: 6:36:47, time (data): 2.506 (0.002)] l_pix: 1.5150e-02 
2025-11-22 11:29:34,435 INFO: [IART_..][epoch:  0, iter:     446, lr:(1.990e-04,2.488e-05,)] [eta: 6:36:44, time (data): 2.506 (0.002)] l_pix: 3.4623e-02 
2025-11-22 11:29:36,851 INFO: [IART_..][epoch:  0, iter:     447, lr:(1.990e-04,2.488e-05,)] [eta: 6:36:40, time (data): 2.504 (0.002)] l_pix: 1.1346e-02 
2025-11-22 11:29:39,478 INFO: [IART_..][epoch:  0, iter:     448, lr:(1.990e-04,2.488e-05,)] [eta: 6:36:40, time (data): 2.506 (0.002)] l_pix: 2.7037e-02 
2025-11-22 11:29:42,018 INFO: [IART_..][epoch:  0, iter:     449, lr:(1.990e-04,2.488e-05,)] [eta: 6:36:39, time (data): 2.507 (0.002)] l_pix: 3.4931e-02 
2025-11-22 11:29:44,594 INFO: [IART_..][epoch:  0, iter:     450, lr:(1.990e-04,2.488e-05,)] [eta: 6:36:38, time (data): 2.508 (0.002)] l_pix: 3.1345e-02 
2025-11-22 11:29:47,091 INFO: [IART_..][epoch:  0, iter:     451, lr:(1.990e-04,2.488e-05,)] [eta: 6:36:36, time (data): 2.508 (0.002)] l_pix: 2.8578e-02 
2025-11-22 11:29:49,587 INFO: [IART_..][epoch:  0, iter:     452, lr:(1.990e-04,2.488e-05,)] [eta: 6:36:33, time (data): 2.508 (0.002)] l_pix: 4.8647e-02 
2025-11-22 11:29:52,178 INFO: [IART_..][epoch:  0, iter:     453, lr:(1.990e-04,2.487e-05,)] [eta: 6:36:33, time (data): 2.510 (0.002)] l_pix: 3.2467e-02 
2025-11-22 11:29:54,609 INFO: [IART_..][epoch:  0, iter:     454, lr:(1.990e-04,2.487e-05,)] [eta: 6:36:29, time (data): 2.508 (0.002)] l_pix: 4.6012e-02 
2025-11-22 11:29:57,175 INFO: [IART_..][epoch:  0, iter:     455, lr:(1.990e-04,2.487e-05,)] [eta: 6:36:28, time (data): 2.509 (0.002)] l_pix: 3.7667e-02 
2025-11-22 11:29:59,857 INFO: [IART_..][epoch:  0, iter:     456, lr:(1.990e-04,2.487e-05,)] [eta: 6:36:29, time (data): 2.512 (0.002)] l_pix: 3.9769e-02 
2025-11-22 11:30:02,416 INFO: [IART_..][epoch:  0, iter:     457, lr:(1.990e-04,2.487e-05,)] [eta: 6:36:28, time (data): 2.513 (0.002)] l_pix: 2.9518e-02 
2025-11-22 11:30:04,944 INFO: [IART_..][epoch:  0, iter:     458, lr:(1.990e-04,2.487e-05,)] [eta: 6:36:27, time (data): 2.513 (0.002)] l_pix: 2.1092e-02 
2025-11-22 11:30:07,492 INFO: [IART_..][epoch:  0, iter:     459, lr:(1.990e-04,2.487e-05,)] [eta: 6:36:25, time (data): 2.514 (0.002)] l_pix: 3.0583e-02 
2025-11-22 11:30:09,919 INFO: [IART_..][epoch:  0, iter:     460, lr:(1.990e-04,2.487e-05,)] [eta: 6:36:21, time (data): 2.513 (0.002)] l_pix: 1.7491e-02 
2025-11-22 11:30:12,369 INFO: [IART_..][epoch:  0, iter:     461, lr:(1.990e-04,2.487e-05,)] [eta: 6:36:18, time (data): 2.511 (0.002)] l_pix: 4.0739e-02 
2025-11-22 11:30:14,994 INFO: [IART_..][epoch:  0, iter:     462, lr:(1.990e-04,2.487e-05,)] [eta: 6:36:18, time (data): 2.513 (0.002)] l_pix: 3.3129e-02 
2025-11-22 11:30:17,598 INFO: [IART_..][epoch:  0, iter:     463, lr:(1.989e-04,2.487e-05,)] [eta: 6:36:18, time (data): 2.515 (0.002)] l_pix: 3.7787e-02 
2025-11-22 11:30:20,000 INFO: [IART_..][epoch:  0, iter:     464, lr:(1.989e-04,2.487e-05,)] [eta: 6:36:14, time (data): 2.513 (0.002)] l_pix: 2.8060e-02 
2025-11-22 11:30:22,631 INFO: [IART_..][epoch:  0, iter:     465, lr:(1.989e-04,2.487e-05,)] [eta: 6:36:14, time (data): 2.515 (0.002)] l_pix: 3.6686e-02 
2025-11-22 11:30:25,135 INFO: [IART_..][epoch:  0, iter:     466, lr:(1.989e-04,2.487e-05,)] [eta: 6:36:12, time (data): 2.515 (0.002)] l_pix: 2.4014e-02 
2025-11-22 11:30:27,674 INFO: [IART_..][epoch:  0, iter:     467, lr:(1.989e-04,2.487e-05,)] [eta: 6:36:10, time (data): 2.515 (0.002)] l_pix: 3.6276e-02 
2025-11-22 11:30:30,210 INFO: [IART_..][epoch:  0, iter:     468, lr:(1.989e-04,2.487e-05,)] [eta: 6:36:08, time (data): 2.515 (0.003)] l_pix: 4.8388e-02 
2025-11-22 11:30:32,698 INFO: [IART_..][epoch:  0, iter:     469, lr:(1.989e-04,2.487e-05,)] [eta: 6:36:06, time (data): 2.515 (0.003)] l_pix: 2.6882e-02 
2025-11-22 11:30:35,102 INFO: [IART_..][epoch:  0, iter:     470, lr:(1.989e-04,2.487e-05,)] [eta: 6:36:01, time (data): 2.513 (0.002)] l_pix: 2.3299e-02 
2025-11-22 11:30:37,587 INFO: [IART_..][epoch:  0, iter:     471, lr:(1.989e-04,2.486e-05,)] [eta: 6:35:59, time (data): 2.513 (0.002)] l_pix: 2.3357e-02 
2025-11-22 11:30:40,000 INFO: [IART_..][epoch:  0, iter:     472, lr:(1.989e-04,2.486e-05,)] [eta: 6:35:55, time (data): 2.512 (0.002)] l_pix: 2.4258e-02 
2025-11-22 11:30:42,516 INFO: [IART_..][epoch:  0, iter:     473, lr:(1.989e-04,2.486e-05,)] [eta: 6:35:53, time (data): 2.512 (0.003)] l_pix: 3.2984e-02 
2025-11-22 11:30:45,088 INFO: [IART_..][epoch:  0, iter:     474, lr:(1.989e-04,2.486e-05,)] [eta: 6:35:52, time (data): 2.512 (0.003)] l_pix: 2.2834e-02 
2025-11-22 11:30:47,583 INFO: [IART_..][epoch:  0, iter:     475, lr:(1.989e-04,2.486e-05,)] [eta: 6:35:49, time (data): 2.512 (0.003)] l_pix: 2.2981e-02 
2025-11-22 11:30:50,080 INFO: [IART_..][epoch:  0, iter:     476, lr:(1.989e-04,2.486e-05,)] [eta: 6:35:47, time (data): 2.512 (0.003)] l_pix: 3.1105e-02 
2025-11-22 11:30:52,589 INFO: [IART_..][epoch:  0, iter:     477, lr:(1.989e-04,2.486e-05,)] [eta: 6:35:45, time (data): 2.512 (0.002)] l_pix: 2.6498e-02 
2025-11-22 11:30:55,102 INFO: [IART_..][epoch:  0, iter:     478, lr:(1.989e-04,2.486e-05,)] [eta: 6:35:43, time (data): 2.512 (0.002)] l_pix: 2.5688e-02 
2025-11-22 11:30:57,547 INFO: [IART_..][epoch:  0, iter:     479, lr:(1.989e-04,2.486e-05,)] [eta: 6:35:39, time (data): 2.511 (0.002)] l_pix: 2.1629e-02 
2025-11-22 11:30:59,938 INFO: [IART_..][epoch:  0, iter:     480, lr:(1.989e-04,2.486e-05,)] [eta: 6:35:35, time (data): 2.510 (0.002)] l_pix: 2.2072e-02 
2025-11-22 11:31:02,482 INFO: [IART_..][epoch:  0, iter:     481, lr:(1.989e-04,2.486e-05,)] [eta: 6:35:33, time (data): 2.510 (0.002)] l_pix: 3.2813e-02 
2025-11-22 11:31:05,005 INFO: [IART_..][epoch:  0, iter:     482, lr:(1.989e-04,2.486e-05,)] [eta: 6:35:31, time (data): 2.510 (0.002)] l_pix: 2.9491e-02 
2025-11-22 11:31:07,409 INFO: [IART_..][epoch:  0, iter:     483, lr:(1.989e-04,2.486e-05,)] [eta: 6:35:27, time (data): 2.509 (0.002)] l_pix: 2.6932e-02 
2025-11-22 11:31:09,889 INFO: [IART_..][epoch:  0, iter:     484, lr:(1.989e-04,2.486e-05,)] [eta: 6:35:24, time (data): 2.508 (0.002)] l_pix: 2.6903e-02 
2025-11-22 11:31:12,404 INFO: [IART_..][epoch:  0, iter:     485, lr:(1.988e-04,2.486e-05,)] [eta: 6:35:22, time (data): 2.509 (0.002)] l_pix: 2.5302e-02 
2025-11-22 11:31:14,897 INFO: [IART_..][epoch:  0, iter:     486, lr:(1.988e-04,2.486e-05,)] [eta: 6:35:20, time (data): 2.508 (0.002)] l_pix: 2.5791e-02 
2025-11-22 11:31:17,517 INFO: [IART_..][epoch:  0, iter:     487, lr:(1.988e-04,2.486e-05,)] [eta: 6:35:20, time (data): 2.510 (0.002)] l_pix: 1.8716e-02 
2025-11-22 11:31:20,039 INFO: [IART_..][epoch:  0, iter:     488, lr:(1.988e-04,2.485e-05,)] [eta: 6:35:18, time (data): 2.510 (0.002)] l_pix: 3.7295e-02 
2025-11-22 11:31:22,458 INFO: [IART_..][epoch:  0, iter:     489, lr:(1.988e-04,2.485e-05,)] [eta: 6:35:14, time (data): 2.509 (0.002)] l_pix: 2.2768e-02 
2025-11-22 11:31:24,916 INFO: [IART_..][epoch:  0, iter:     490, lr:(1.988e-04,2.485e-05,)] [eta: 6:35:10, time (data): 2.508 (0.002)] l_pix: 3.4734e-02 
2025-11-22 11:31:27,353 INFO: [IART_..][epoch:  0, iter:     491, lr:(1.988e-04,2.485e-05,)] [eta: 6:35:07, time (data): 2.507 (0.002)] l_pix: 2.2435e-02 
2025-11-22 11:31:29,927 INFO: [IART_..][epoch:  0, iter:     492, lr:(1.988e-04,2.485e-05,)] [eta: 6:35:06, time (data): 2.508 (0.002)] l_pix: 2.9597e-02 
2025-11-22 11:31:32,513 INFO: [IART_..][epoch:  0, iter:     493, lr:(1.988e-04,2.485e-05,)] [eta: 6:35:05, time (data): 2.509 (0.002)] l_pix: 2.0567e-02 
2025-11-22 11:31:35,025 INFO: [IART_..][epoch:  0, iter:     494, lr:(1.988e-04,2.485e-05,)] [eta: 6:35:03, time (data): 2.509 (0.002)] l_pix: 2.9103e-02 
2025-11-22 11:31:37,540 INFO: [IART_..][epoch:  0, iter:     495, lr:(1.988e-04,2.485e-05,)] [eta: 6:35:01, time (data): 2.509 (0.002)] l_pix: 2.4233e-02 
2025-11-22 11:31:39,986 INFO: [IART_..][epoch:  0, iter:     496, lr:(1.988e-04,2.485e-05,)] [eta: 6:34:58, time (data): 2.508 (0.002)] l_pix: 3.9231e-02 
2025-11-22 11:31:42,483 INFO: [IART_..][epoch:  0, iter:     497, lr:(1.988e-04,2.485e-05,)] [eta: 6:34:55, time (data): 2.508 (0.002)] l_pix: 2.4190e-02 
2025-11-22 11:31:44,992 INFO: [IART_..][epoch:  0, iter:     498, lr:(1.988e-04,2.485e-05,)] [eta: 6:34:53, time (data): 2.508 (0.002)] l_pix: 2.3499e-02 
2025-11-22 11:31:47,480 INFO: [IART_..][epoch:  0, iter:     499, lr:(1.988e-04,2.485e-05,)] [eta: 6:34:50, time (data): 2.508 (0.002)] l_pix: 3.5292e-02 
2025-11-22 11:31:49,918 INFO: [IART_..][epoch:  0, iter:     500, lr:(1.988e-04,2.485e-05,)] [eta: 6:34:47, time (data): 2.507 (0.002)] l_pix: 4.0769e-02 
2025-11-22 11:31:52,364 INFO: [IART_..][epoch:  0, iter:     501, lr:(1.988e-04,2.485e-05,)] [eta: 6:34:43, time (data): 2.507 (0.002)] l_pix: 2.2205e-02 
2025-11-22 11:31:54,860 INFO: [IART_..][epoch:  0, iter:     502, lr:(1.988e-04,2.485e-05,)] [eta: 6:34:41, time (data): 2.507 (0.002)] l_pix: 2.6147e-02 
2025-11-22 11:31:57,354 INFO: [IART_..][epoch:  0, iter:     503, lr:(1.988e-04,2.485e-05,)] [eta: 6:34:38, time (data): 2.507 (0.002)] l_pix: 3.0141e-02 
2025-11-22 11:31:59,915 INFO: [IART_..][epoch:  0, iter:     504, lr:(1.988e-04,2.484e-05,)] [eta: 6:34:37, time (data): 2.507 (0.002)] l_pix: 2.8893e-02 
2025-11-22 11:32:02,455 INFO: [IART_..][epoch:  0, iter:     505, lr:(1.987e-04,2.484e-05,)] [eta: 6:34:36, time (data): 2.507 (0.002)] l_pix: 2.0704e-02 
2025-11-22 11:32:04,856 INFO: [IART_..][epoch:  0, iter:     506, lr:(1.987e-04,2.484e-05,)] [eta: 6:34:31, time (data): 2.506 (0.002)] l_pix: 1.8919e-02 
2025-11-22 11:32:07,447 INFO: [IART_..][epoch:  0, iter:     507, lr:(1.987e-04,2.484e-05,)] [eta: 6:34:31, time (data): 2.507 (0.002)] l_pix: 2.2082e-02 
2025-11-22 11:32:10,022 INFO: [IART_..][epoch:  0, iter:     508, lr:(1.987e-04,2.484e-05,)] [eta: 6:34:30, time (data): 2.508 (0.002)] l_pix: 2.5139e-02 
2025-11-22 11:32:12,596 INFO: [IART_..][epoch:  0, iter:     509, lr:(1.987e-04,2.484e-05,)] [eta: 6:34:29, time (data): 2.508 (0.002)] l_pix: 2.5617e-02 
2025-11-22 11:32:15,044 INFO: [IART_..][epoch:  0, iter:     510, lr:(1.987e-04,2.484e-05,)] [eta: 6:34:25, time (data): 2.508 (0.003)] l_pix: 2.4417e-02 
2025-11-22 11:32:17,537 INFO: [IART_..][epoch:  0, iter:     511, lr:(1.987e-04,2.484e-05,)] [eta: 6:34:23, time (data): 2.508 (0.003)] l_pix: 4.6632e-02 
2025-11-22 11:32:19,968 INFO: [IART_..][epoch:  0, iter:     512, lr:(1.987e-04,2.484e-05,)] [eta: 6:34:19, time (data): 2.507 (0.003)] l_pix: 2.7708e-02 
2025-11-22 11:32:22,484 INFO: [IART_..][epoch:  0, iter:     513, lr:(1.987e-04,2.484e-05,)] [eta: 6:34:17, time (data): 2.507 (0.003)] l_pix: 1.1778e-02 
2025-11-22 11:32:24,954 INFO: [IART_..][epoch:  0, iter:     514, lr:(1.987e-04,2.484e-05,)] [eta: 6:34:14, time (data): 2.507 (0.003)] l_pix: 4.9031e-02 
2025-11-22 11:32:27,417 INFO: [IART_..][epoch:  0, iter:     515, lr:(1.987e-04,2.484e-05,)] [eta: 6:34:11, time (data): 2.506 (0.003)] l_pix: 3.2164e-02 
2025-11-22 11:32:29,846 INFO: [IART_..][epoch:  0, iter:     516, lr:(1.987e-04,2.484e-05,)] [eta: 6:34:07, time (data): 2.506 (0.003)] l_pix: 3.1538e-02 
2025-11-22 11:32:32,385 INFO: [IART_..][epoch:  0, iter:     517, lr:(1.987e-04,2.484e-05,)] [eta: 6:34:06, time (data): 2.506 (0.002)] l_pix: 2.0990e-02 
2025-11-22 11:32:34,813 INFO: [IART_..][epoch:  0, iter:     518, lr:(1.987e-04,2.484e-05,)] [eta: 6:34:02, time (data): 2.505 (0.002)] l_pix: 2.7147e-02 
2025-11-22 11:32:37,246 INFO: [IART_..][epoch:  0, iter:     519, lr:(1.987e-04,2.484e-05,)] [eta: 6:33:58, time (data): 2.505 (0.002)] l_pix: 2.4568e-02 
2025-11-22 11:32:39,691 INFO: [IART_..][epoch:  0, iter:     520, lr:(1.987e-04,2.483e-05,)] [eta: 6:33:55, time (data): 2.504 (0.002)] l_pix: 2.7276e-02 
2025-11-22 11:32:42,142 INFO: [IART_..][epoch:  0, iter:     521, lr:(1.987e-04,2.483e-05,)] [eta: 6:33:52, time (data): 2.504 (0.003)] l_pix: 2.0568e-02 
2025-11-22 11:32:44,627 INFO: [IART_..][epoch:  0, iter:     522, lr:(1.987e-04,2.483e-05,)] [eta: 6:33:49, time (data): 2.504 (0.003)] l_pix: 2.0272e-02 
2025-11-22 11:32:47,092 INFO: [IART_..][epoch:  0, iter:     523, lr:(1.987e-04,2.483e-05,)] [eta: 6:33:46, time (data): 2.503 (0.003)] l_pix: 2.5608e-02 
2025-11-22 11:32:49,545 INFO: [IART_..][epoch:  0, iter:     524, lr:(1.987e-04,2.483e-05,)] [eta: 6:33:43, time (data): 2.503 (0.002)] l_pix: 3.8561e-02 
2025-11-22 11:32:52,027 INFO: [IART_..][epoch:  0, iter:     525, lr:(1.986e-04,2.483e-05,)] [eta: 6:33:40, time (data): 2.503 (0.002)] l_pix: 4.6791e-02 
2025-11-22 11:32:54,572 INFO: [IART_..][epoch:  0, iter:     526, lr:(1.986e-04,2.483e-05,)] [eta: 6:33:39, time (data): 2.503 (0.002)] l_pix: 3.9266e-02 
2025-11-22 11:32:57,052 INFO: [IART_..][epoch:  0, iter:     527, lr:(1.986e-04,2.483e-05,)] [eta: 6:33:36, time (data): 2.503 (0.002)] l_pix: 2.5036e-02 
2025-11-22 11:32:59,533 INFO: [IART_..][epoch:  0, iter:     528, lr:(1.986e-04,2.483e-05,)] [eta: 6:33:33, time (data): 2.503 (0.002)] l_pix: 3.5312e-02 
2025-11-22 11:33:01,955 INFO: [IART_..][epoch:  0, iter:     529, lr:(1.986e-04,2.483e-05,)] [eta: 6:33:29, time (data): 2.502 (0.002)] l_pix: 2.3363e-02 
2025-11-22 11:33:04,563 INFO: [IART_..][epoch:  0, iter:     530, lr:(1.986e-04,2.483e-05,)] [eta: 6:33:29, time (data): 2.503 (0.002)] l_pix: 2.9829e-02 
2025-11-22 11:33:07,058 INFO: [IART_..][epoch:  0, iter:     531, lr:(1.986e-04,2.483e-05,)] [eta: 6:33:27, time (data): 2.503 (0.002)] l_pix: 3.2934e-02 
2025-11-22 11:33:09,508 INFO: [IART_..][epoch:  0, iter:     532, lr:(1.986e-04,2.483e-05,)] [eta: 6:33:23, time (data): 2.502 (0.002)] l_pix: 3.4397e-02 
2025-11-22 11:33:12,020 INFO: [IART_..][epoch:  0, iter:     533, lr:(1.986e-04,2.483e-05,)] [eta: 6:33:21, time (data): 2.502 (0.002)] l_pix: 4.9804e-02 
2025-11-22 11:33:14,521 INFO: [IART_..][epoch:  0, iter:     534, lr:(1.986e-04,2.483e-05,)] [eta: 6:33:19, time (data): 2.502 (0.002)] l_pix: 1.1862e-02 
2025-11-22 11:33:17,048 INFO: [IART_..][epoch:  0, iter:     535, lr:(1.986e-04,2.483e-05,)] [eta: 6:33:17, time (data): 2.503 (0.002)] l_pix: 1.2702e-02 
2025-11-22 11:33:19,655 INFO: [IART_..][epoch:  0, iter:     536, lr:(1.986e-04,2.482e-05,)] [eta: 6:33:16, time (data): 2.503 (0.002)] l_pix: 2.9128e-02 
2025-11-22 11:33:22,103 INFO: [IART_..][epoch:  0, iter:     537, lr:(1.986e-04,2.482e-05,)] [eta: 6:33:13, time (data): 2.503 (0.002)] l_pix: 3.0255e-02 
2025-11-22 11:33:24,554 INFO: [IART_..][epoch:  0, iter:     538, lr:(1.986e-04,2.482e-05,)] [eta: 6:33:10, time (data): 2.503 (0.002)] l_pix: 3.7137e-02 
2025-11-22 11:33:27,002 INFO: [IART_..][epoch:  0, iter:     539, lr:(1.986e-04,2.482e-05,)] [eta: 6:33:07, time (data): 2.502 (0.002)] l_pix: 3.8280e-02 
2025-11-22 11:33:29,451 INFO: [IART_..][epoch:  0, iter:     540, lr:(1.986e-04,2.482e-05,)] [eta: 6:33:03, time (data): 2.502 (0.002)] l_pix: 1.4715e-02 
2025-11-22 11:33:31,889 INFO: [IART_..][epoch:  0, iter:     541, lr:(1.986e-04,2.482e-05,)] [eta: 6:33:00, time (data): 2.501 (0.002)] l_pix: 3.8786e-02 
2025-11-22 11:33:34,378 INFO: [IART_..][epoch:  0, iter:     542, lr:(1.986e-04,2.482e-05,)] [eta: 6:32:57, time (data): 2.501 (0.002)] l_pix: 2.8244e-02 
2025-11-22 11:33:36,875 INFO: [IART_..][epoch:  0, iter:     543, lr:(1.986e-04,2.482e-05,)] [eta: 6:32:55, time (data): 2.501 (0.002)] l_pix: 5.0648e-02 
2025-11-22 11:33:39,341 INFO: [IART_..][epoch:  0, iter:     544, lr:(1.985e-04,2.482e-05,)] [eta: 6:32:52, time (data): 2.501 (0.002)] l_pix: 2.8545e-02 
2025-11-22 11:33:41,787 INFO: [IART_..][epoch:  0, iter:     545, lr:(1.985e-04,2.482e-05,)] [eta: 6:32:49, time (data): 2.501 (0.002)] l_pix: 2.6139e-02 
2025-11-22 11:33:44,280 INFO: [IART_..][epoch:  0, iter:     546, lr:(1.985e-04,2.482e-05,)] [eta: 6:32:46, time (data): 2.500 (0.002)] l_pix: 2.1284e-02 
2025-11-22 11:33:46,759 INFO: [IART_..][epoch:  0, iter:     547, lr:(1.985e-04,2.482e-05,)] [eta: 6:32:43, time (data): 2.500 (0.002)] l_pix: 3.2100e-02 
2025-11-22 11:33:49,330 INFO: [IART_..][epoch:  0, iter:     548, lr:(1.985e-04,2.482e-05,)] [eta: 6:32:42, time (data): 2.501 (0.002)] l_pix: 1.6223e-02 
2025-11-22 11:33:51,825 INFO: [IART_..][epoch:  0, iter:     549, lr:(1.985e-04,2.482e-05,)] [eta: 6:32:40, time (data): 2.501 (0.002)] l_pix: 4.3884e-02 
2025-11-22 11:33:54,317 INFO: [IART_..][epoch:  0, iter:     550, lr:(1.985e-04,2.482e-05,)] [eta: 6:32:37, time (data): 2.501 (0.002)] l_pix: 3.5007e-02 
2025-11-22 11:33:56,812 INFO: [IART_..][epoch:  0, iter:     551, lr:(1.985e-04,2.481e-05,)] [eta: 6:32:35, time (data): 2.501 (0.002)] l_pix: 2.0521e-02 
2025-11-22 11:33:59,259 INFO: [IART_..][epoch:  0, iter:     552, lr:(1.985e-04,2.481e-05,)] [eta: 6:32:32, time (data): 2.500 (0.002)] l_pix: 2.4851e-02 
2025-11-22 11:34:01,722 INFO: [IART_..][epoch:  0, iter:     553, lr:(1.985e-04,2.481e-05,)] [eta: 6:32:29, time (data): 2.500 (0.002)] l_pix: 4.5971e-02 
2025-11-22 11:34:04,174 INFO: [IART_..][epoch:  0, iter:     554, lr:(1.985e-04,2.481e-05,)] [eta: 6:32:25, time (data): 2.500 (0.002)] l_pix: 3.3404e-02 
2025-11-22 11:34:06,818 INFO: [IART_..][epoch:  0, iter:     555, lr:(1.985e-04,2.481e-05,)] [eta: 6:32:25, time (data): 2.501 (0.002)] l_pix: 1.7952e-02 
2025-11-22 11:34:09,415 INFO: [IART_..][epoch:  0, iter:     556, lr:(1.985e-04,2.481e-05,)] [eta: 6:32:25, time (data): 2.501 (0.002)] l_pix: 2.8021e-02 
2025-11-22 11:34:11,917 INFO: [IART_..][epoch:  0, iter:     557, lr:(1.985e-04,2.481e-05,)] [eta: 6:32:22, time (data): 2.501 (0.002)] l_pix: 4.0260e-02 
2025-11-22 11:34:14,330 INFO: [IART_..][epoch:  0, iter:     558, lr:(1.985e-04,2.481e-05,)] [eta: 6:32:18, time (data): 2.501 (0.002)] l_pix: 3.7520e-02 
2025-11-22 11:34:16,920 INFO: [IART_..][epoch:  0, iter:     559, lr:(1.985e-04,2.481e-05,)] [eta: 6:32:18, time (data): 2.501 (0.002)] l_pix: 3.2461e-02 
2025-11-22 11:34:19,400 INFO: [IART_..][epoch:  0, iter:     560, lr:(1.985e-04,2.481e-05,)] [eta: 6:32:15, time (data): 2.501 (0.002)] l_pix: 3.7273e-02 
2025-11-22 11:34:21,859 INFO: [IART_..][epoch:  0, iter:     561, lr:(1.985e-04,2.481e-05,)] [eta: 6:32:12, time (data): 2.501 (0.002)] l_pix: 1.4588e-02 
2025-11-22 11:34:24,448 INFO: [IART_..][epoch:  0, iter:     562, lr:(1.985e-04,2.481e-05,)] [eta: 6:32:11, time (data): 2.501 (0.002)] l_pix: 2.7133e-02 
2025-11-22 11:34:26,946 INFO: [IART_..][epoch:  0, iter:     563, lr:(1.984e-04,2.481e-05,)] [eta: 6:32:08, time (data): 2.501 (0.002)] l_pix: 4.3855e-02 
2025-11-22 11:34:29,538 INFO: [IART_..][epoch:  0, iter:     564, lr:(1.984e-04,2.481e-05,)] [eta: 6:32:08, time (data): 2.502 (0.002)] l_pix: 4.9809e-02 
2025-11-22 11:34:31,922 INFO: [IART_..][epoch:  0, iter:     565, lr:(1.984e-04,2.481e-05,)] [eta: 6:32:03, time (data): 2.501 (0.002)] l_pix: 2.2948e-02 
2025-11-22 11:34:34,314 INFO: [IART_..][epoch:  0, iter:     566, lr:(1.984e-04,2.480e-05,)] [eta: 6:31:59, time (data): 2.501 (0.002)] l_pix: 3.4382e-02 
2025-11-22 11:34:36,881 INFO: [IART_..][epoch:  0, iter:     567, lr:(1.984e-04,2.480e-05,)] [eta: 6:31:58, time (data): 2.501 (0.002)] l_pix: 1.0893e-02 
2025-11-22 11:34:39,476 INFO: [IART_..][epoch:  0, iter:     568, lr:(1.984e-04,2.480e-05,)] [eta: 6:31:57, time (data): 2.502 (0.002)] l_pix: 4.4916e-02 
2025-11-22 11:34:42,021 INFO: [IART_..][epoch:  0, iter:     569, lr:(1.984e-04,2.480e-05,)] [eta: 6:31:55, time (data): 2.502 (0.002)] l_pix: 2.9722e-02 
2025-11-22 11:34:44,500 INFO: [IART_..][epoch:  0, iter:     570, lr:(1.984e-04,2.480e-05,)] [eta: 6:31:53, time (data): 2.502 (0.002)] l_pix: 2.9000e-02 
2025-11-22 11:34:46,981 INFO: [IART_..][epoch:  0, iter:     571, lr:(1.984e-04,2.480e-05,)] [eta: 6:31:50, time (data): 2.502 (0.002)] l_pix: 2.7870e-02 
2025-11-22 11:34:49,415 INFO: [IART_..][epoch:  0, iter:     572, lr:(1.984e-04,2.480e-05,)] [eta: 6:31:46, time (data): 2.501 (0.002)] l_pix: 4.7268e-02 
2025-11-22 11:34:51,884 INFO: [IART_..][epoch:  0, iter:     573, lr:(1.984e-04,2.480e-05,)] [eta: 6:31:44, time (data): 2.501 (0.002)] l_pix: 1.9604e-02 
2025-11-22 11:34:54,377 INFO: [IART_..][epoch:  0, iter:     574, lr:(1.984e-04,2.480e-05,)] [eta: 6:31:41, time (data): 2.501 (0.002)] l_pix: 2.3296e-02 
2025-11-22 11:34:56,890 INFO: [IART_..][epoch:  0, iter:     575, lr:(1.984e-04,2.480e-05,)] [eta: 6:31:39, time (data): 2.501 (0.002)] l_pix: 2.6168e-02 
2025-11-22 11:34:59,386 INFO: [IART_..][epoch:  0, iter:     576, lr:(1.984e-04,2.480e-05,)] [eta: 6:31:36, time (data): 2.501 (0.002)] l_pix: 2.5214e-02 
2025-11-22 11:35:01,924 INFO: [IART_..][epoch:  0, iter:     577, lr:(1.984e-04,2.480e-05,)] [eta: 6:31:35, time (data): 2.501 (0.002)] l_pix: 1.8987e-02 
2025-11-22 11:35:04,434 INFO: [IART_..][epoch:  0, iter:     578, lr:(1.984e-04,2.480e-05,)] [eta: 6:31:32, time (data): 2.501 (0.002)] l_pix: 3.2567e-02 
2025-11-22 11:35:06,958 INFO: [IART_..][epoch:  0, iter:     579, lr:(1.984e-04,2.480e-05,)] [eta: 6:31:30, time (data): 2.501 (0.002)] l_pix: 1.8788e-02 
2025-11-22 11:35:09,987 INFO: [IART_..][epoch:  0, iter:     580, lr:(1.984e-04,2.479e-05,)] [eta: 6:31:37, time (data): 2.504 (0.002)] l_pix: 4.1768e-02 
2025-11-22 11:35:12,685 INFO: [IART_..][epoch:  0, iter:     581, lr:(1.983e-04,2.479e-05,)] [eta: 6:31:37, time (data): 2.505 (0.002)] l_pix: 2.4700e-02 
2025-11-22 11:35:15,370 INFO: [IART_..][epoch:  0, iter:     582, lr:(1.983e-04,2.479e-05,)] [eta: 6:31:38, time (data): 2.506 (0.002)] l_pix: 1.7105e-02 
2025-11-22 11:35:18,024 INFO: [IART_..][epoch:  0, iter:     583, lr:(1.983e-04,2.479e-05,)] [eta: 6:31:38, time (data): 2.507 (0.002)] l_pix: 2.3860e-02 
2025-11-22 11:35:20,518 INFO: [IART_..][epoch:  0, iter:     584, lr:(1.983e-04,2.479e-05,)] [eta: 6:31:36, time (data): 2.507 (0.002)] l_pix: 3.4544e-02 
2025-11-22 11:35:23,394 INFO: [IART_..][epoch:  0, iter:     585, lr:(1.983e-04,2.479e-05,)] [eta: 6:31:39, time (data): 2.509 (0.002)] l_pix: 3.2678e-02 
2025-11-22 11:35:26,335 INFO: [IART_..][epoch:  0, iter:     586, lr:(1.983e-04,2.479e-05,)] [eta: 6:31:44, time (data): 2.512 (0.002)] l_pix: 2.3077e-02 
2025-11-22 11:35:28,921 INFO: [IART_..][epoch:  0, iter:     587, lr:(1.983e-04,2.479e-05,)] [eta: 6:31:43, time (data): 2.512 (0.002)] l_pix: 2.6100e-02 
2025-11-22 11:35:31,470 INFO: [IART_..][epoch:  0, iter:     588, lr:(1.983e-04,2.479e-05,)] [eta: 6:31:41, time (data): 2.512 (0.002)] l_pix: 4.0939e-02 
2025-11-22 11:35:34,007 INFO: [IART_..][epoch:  0, iter:     589, lr:(1.983e-04,2.479e-05,)] [eta: 6:31:39, time (data): 2.512 (0.002)] l_pix: 4.0903e-02 
2025-11-22 11:35:36,632 INFO: [IART_..][epoch:  0, iter:     590, lr:(1.983e-04,2.479e-05,)] [eta: 6:31:39, time (data): 2.513 (0.002)] l_pix: 3.5971e-02 
2025-11-22 11:35:39,093 INFO: [IART_..][epoch:  0, iter:     591, lr:(1.983e-04,2.479e-05,)] [eta: 6:31:36, time (data): 2.513 (0.002)] l_pix: 4.0287e-02 
2025-11-22 11:35:41,570 INFO: [IART_..][epoch:  0, iter:     592, lr:(1.983e-04,2.479e-05,)] [eta: 6:31:33, time (data): 2.512 (0.002)] l_pix: 2.9601e-02 
2025-11-22 11:35:44,111 INFO: [IART_..][epoch:  0, iter:     593, lr:(1.983e-04,2.479e-05,)] [eta: 6:31:31, time (data): 2.513 (0.002)] l_pix: 2.7299e-02 
2025-11-22 11:35:46,571 INFO: [IART_..][epoch:  0, iter:     594, lr:(1.983e-04,2.478e-05,)] [eta: 6:31:28, time (data): 2.512 (0.002)] l_pix: 2.0650e-02 
2025-11-22 11:35:49,142 INFO: [IART_..][epoch:  0, iter:     595, lr:(1.983e-04,2.478e-05,)] [eta: 6:31:27, time (data): 2.513 (0.002)] l_pix: 4.6276e-02 
2025-11-22 11:35:51,584 INFO: [IART_..][epoch:  0, iter:     596, lr:(1.983e-04,2.478e-05,)] [eta: 6:31:23, time (data): 2.512 (0.002)] l_pix: 2.5343e-02 
2025-11-22 11:35:54,178 INFO: [IART_..][epoch:  0, iter:     597, lr:(1.983e-04,2.478e-05,)] [eta: 6:31:22, time (data): 2.513 (0.002)] l_pix: 1.4301e-02 
2025-11-22 11:35:56,655 INFO: [IART_..][epoch:  0, iter:     598, lr:(1.982e-04,2.478e-05,)] [eta: 6:31:19, time (data): 2.512 (0.002)] l_pix: 2.7523e-02 
2025-11-22 11:35:59,146 INFO: [IART_..][epoch:  0, iter:     599, lr:(1.982e-04,2.478e-05,)] [eta: 6:31:17, time (data): 2.512 (0.002)] l_pix: 2.6278e-02 
2025-11-22 11:36:01,574 INFO: [IART_..][epoch:  0, iter:     600, lr:(1.982e-04,2.478e-05,)] [eta: 6:31:13, time (data): 2.512 (0.002)] l_pix: 3.3116e-02 
2025-11-22 11:36:04,025 INFO: [IART_..][epoch:  0, iter:     601, lr:(1.982e-04,2.478e-05,)] [eta: 6:31:10, time (data): 2.512 (0.002)] l_pix: 2.8447e-02 
2025-11-22 11:36:06,469 INFO: [IART_..][epoch:  0, iter:     602, lr:(1.982e-04,2.478e-05,)] [eta: 6:31:07, time (data): 2.511 (0.002)] l_pix: 3.0899e-02 
2025-11-22 11:36:08,931 INFO: [IART_..][epoch:  0, iter:     603, lr:(1.982e-04,2.478e-05,)] [eta: 6:31:04, time (data): 2.511 (0.002)] l_pix: 3.9035e-02 
2025-11-22 11:36:11,441 INFO: [IART_..][epoch:  0, iter:     604, lr:(1.982e-04,2.478e-05,)] [eta: 6:31:01, time (data): 2.510 (0.002)] l_pix: 3.7648e-02 
2025-11-22 11:36:13,951 INFO: [IART_..][epoch:  0, iter:     605, lr:(1.982e-04,2.478e-05,)] [eta: 6:30:59, time (data): 2.510 (0.001)] l_pix: 2.4867e-02 
2025-11-22 11:36:16,461 INFO: [IART_..][epoch:  0, iter:     606, lr:(1.982e-04,2.478e-05,)] [eta: 6:30:57, time (data): 2.509 (0.001)] l_pix: 3.6523e-02 
2025-11-22 11:36:18,964 INFO: [IART_..][epoch:  0, iter:     607, lr:(1.982e-04,2.478e-05,)] [eta: 6:30:54, time (data): 2.508 (0.000)] l_pix: 3.0123e-02 
2025-11-22 11:36:21,476 INFO: [IART_..][epoch:  0, iter:     608, lr:(1.982e-04,2.477e-05,)] [eta: 6:30:52, time (data): 2.509 (0.000)] l_pix: 1.4431e-02 
2025-11-22 11:36:23,936 INFO: [IART_..][epoch:  0, iter:     609, lr:(1.982e-04,2.477e-05,)] [eta: 6:30:49, time (data): 2.501 (0.000)] l_pix: 3.1585e-02 
2025-11-22 11:36:26,417 INFO: [IART_..][epoch:  0, iter:     610, lr:(1.982e-04,2.477e-05,)] [eta: 6:30:46, time (data): 2.498 (0.000)] l_pix: 4.4230e-02 
2025-11-22 11:36:29,005 INFO: [IART_..][epoch:  0, iter:     611, lr:(1.982e-04,2.477e-05,)] [eta: 6:30:45, time (data): 2.509 (0.000)] l_pix: 2.0586e-02 
2025-11-22 11:36:31,479 INFO: [IART_..][epoch:  0, iter:     612, lr:(1.982e-04,2.477e-05,)] [eta: 6:30:42, time (data): 2.505 (0.000)] l_pix: 2.8000e-02 
2025-11-22 11:36:33,963 INFO: [IART_..][epoch:  0, iter:     613, lr:(1.982e-04,2.477e-05,)] [eta: 6:30:40, time (data): 2.503 (0.000)] l_pix: 1.7813e-02 
2025-11-22 11:36:36,436 INFO: [IART_..][epoch:  0, iter:     614, lr:(1.982e-04,2.477e-05,)] [eta: 6:30:37, time (data): 2.500 (0.000)] l_pix: 2.4735e-02 
2025-11-22 11:36:38,914 INFO: [IART_..][epoch:  0, iter:     615, lr:(1.981e-04,2.477e-05,)] [eta: 6:30:34, time (data): 2.498 (0.000)] l_pix: 3.2416e-02 
2025-11-22 11:36:41,392 INFO: [IART_..][epoch:  0, iter:     616, lr:(1.981e-04,2.477e-05,)] [eta: 6:30:31, time (data): 2.497 (0.000)] l_pix: 1.4127e-02 
2025-11-22 11:36:43,916 INFO: [IART_..][epoch:  0, iter:     617, lr:(1.981e-04,2.477e-05,)] [eta: 6:30:29, time (data): 2.499 (0.000)] l_pix: 2.1244e-02 
2025-11-22 11:36:46,346 INFO: [IART_..][epoch:  0, iter:     618, lr:(1.981e-04,2.477e-05,)] [eta: 6:30:26, time (data): 2.494 (0.001)] l_pix: 2.3647e-02 
2025-11-22 11:36:48,795 INFO: [IART_..][epoch:  0, iter:     619, lr:(1.981e-04,2.477e-05,)] [eta: 6:30:22, time (data): 2.491 (0.001)] l_pix: 1.5977e-02 
2025-11-22 11:36:51,302 INFO: [IART_..][epoch:  0, iter:     620, lr:(1.981e-04,2.477e-05,)] [eta: 6:30:20, time (data): 2.492 (0.002)] l_pix: 2.5686e-02 
2025-11-22 11:36:53,810 INFO: [IART_..][epoch:  0, iter:     621, lr:(1.981e-04,2.476e-05,)] [eta: 6:30:18, time (data): 2.493 (0.002)] l_pix: 3.4141e-02 
2025-11-22 11:36:56,294 INFO: [IART_..][epoch:  0, iter:     622, lr:(1.981e-04,2.476e-05,)] [eta: 6:30:15, time (data): 2.493 (0.002)] l_pix: 4.3202e-02 
2025-11-22 11:36:58,797 INFO: [IART_..][epoch:  0, iter:     623, lr:(1.981e-04,2.476e-05,)] [eta: 6:30:13, time (data): 2.493 (0.002)] l_pix: 2.5929e-02 
2025-11-22 11:37:01,386 INFO: [IART_..][epoch:  0, iter:     624, lr:(1.981e-04,2.476e-05,)] [eta: 6:30:11, time (data): 2.498 (0.002)] l_pix: 1.6709e-02 
2025-11-22 11:37:03,836 INFO: [IART_..][epoch:  0, iter:     625, lr:(1.981e-04,2.476e-05,)] [eta: 6:30:08, time (data): 2.496 (0.003)] l_pix: 2.3525e-02 
2025-11-22 11:37:06,316 INFO: [IART_..][epoch:  0, iter:     626, lr:(1.981e-04,2.476e-05,)] [eta: 6:30:05, time (data): 2.495 (0.003)] l_pix: 4.2967e-02 
2025-11-22 11:37:08,776 INFO: [IART_..][epoch:  0, iter:     627, lr:(1.981e-04,2.476e-05,)] [eta: 6:30:02, time (data): 2.493 (0.003)] l_pix: 2.9188e-02 
2025-11-22 11:37:11,261 INFO: [IART_..][epoch:  0, iter:     628, lr:(1.981e-04,2.476e-05,)] [eta: 6:30:00, time (data): 2.493 (0.003)] l_pix: 4.7344e-02 
2025-11-22 11:37:13,769 INFO: [IART_..][epoch:  0, iter:     629, lr:(1.981e-04,2.476e-05,)] [eta: 6:29:57, time (data): 2.494 (0.002)] l_pix: 3.6077e-02 
2025-11-22 11:37:16,388 INFO: [IART_..][epoch:  0, iter:     630, lr:(1.981e-04,2.476e-05,)] [eta: 6:29:57, time (data): 2.498 (0.002)] l_pix: 1.0340e-02 
2025-11-22 11:37:18,900 INFO: [IART_..][epoch:  0, iter:     631, lr:(1.980e-04,2.476e-05,)] [eta: 6:29:54, time (data): 2.499 (0.002)] l_pix: 4.7193e-02 
2025-11-22 11:37:21,377 INFO: [IART_..][epoch:  0, iter:     632, lr:(1.980e-04,2.476e-05,)] [eta: 6:29:52, time (data): 2.498 (0.002)] l_pix: 2.7606e-02 
2025-11-22 11:37:23,934 INFO: [IART_..][epoch:  0, iter:     633, lr:(1.980e-04,2.476e-05,)] [eta: 6:29:50, time (data): 2.500 (0.002)] l_pix: 4.9335e-02 
2025-11-22 11:37:26,381 INFO: [IART_..][epoch:  0, iter:     634, lr:(1.980e-04,2.475e-05,)] [eta: 6:29:47, time (data): 2.498 (0.002)] l_pix: 3.6104e-02 
2025-11-22 11:37:28,919 INFO: [IART_..][epoch:  0, iter:     635, lr:(1.980e-04,2.475e-05,)] [eta: 6:29:45, time (data): 2.499 (0.002)] l_pix: 5.0190e-02 
2025-11-22 11:37:31,396 INFO: [IART_..][epoch:  0, iter:     636, lr:(1.980e-04,2.475e-05,)] [eta: 6:29:42, time (data): 2.498 (0.002)] l_pix: 1.3433e-02 
2025-11-22 11:37:33,870 INFO: [IART_..][epoch:  0, iter:     637, lr:(1.980e-04,2.475e-05,)] [eta: 6:29:39, time (data): 2.498 (0.002)] l_pix: 3.1749e-02 
2025-11-22 11:37:36,289 INFO: [IART_..][epoch:  0, iter:     638, lr:(1.980e-04,2.475e-05,)] [eta: 6:29:36, time (data): 2.495 (0.002)] l_pix: 3.0561e-02 
2025-11-22 11:37:38,733 INFO: [IART_..][epoch:  0, iter:     639, lr:(1.980e-04,2.475e-05,)] [eta: 6:29:32, time (data): 2.494 (0.002)] l_pix: 4.0571e-02 
2025-11-22 11:37:41,166 INFO: [IART_..][epoch:  0, iter:     640, lr:(1.980e-04,2.475e-05,)] [eta: 6:29:29, time (data): 2.492 (0.002)] l_pix: 3.2012e-02 
2025-11-22 11:37:43,611 INFO: [IART_..][epoch:  0, iter:     641, lr:(1.980e-04,2.475e-05,)] [eta: 6:29:26, time (data): 2.491 (0.002)] l_pix: 3.0683e-02 
2025-11-22 11:37:46,134 INFO: [IART_..][epoch:  0, iter:     642, lr:(1.980e-04,2.475e-05,)] [eta: 6:29:24, time (data): 2.492 (0.002)] l_pix: 1.3557e-02 
2025-11-22 11:37:48,647 INFO: [IART_..][epoch:  0, iter:     643, lr:(1.980e-04,2.475e-05,)] [eta: 6:29:21, time (data): 2.492 (0.002)] l_pix: 2.6588e-02 
2025-11-22 11:37:51,123 INFO: [IART_..][epoch:  0, iter:     644, lr:(1.980e-04,2.475e-05,)] [eta: 6:29:18, time (data): 2.492 (0.002)] l_pix: 2.9535e-02 
2025-11-22 11:37:53,598 INFO: [IART_..][epoch:  0, iter:     645, lr:(1.980e-04,2.475e-05,)] [eta: 6:29:16, time (data): 2.492 (0.002)] l_pix: 3.1832e-02 
2025-11-22 11:37:56,126 INFO: [IART_..][epoch:  0, iter:     646, lr:(1.980e-04,2.475e-05,)] [eta: 6:29:14, time (data): 2.492 (0.002)] l_pix: 2.3055e-02 
2025-11-22 11:37:58,540 INFO: [IART_..][epoch:  0, iter:     647, lr:(1.979e-04,2.474e-05,)] [eta: 6:29:10, time (data): 2.491 (0.002)] l_pix: 4.4524e-02 
2025-11-22 11:38:01,047 INFO: [IART_..][epoch:  0, iter:     648, lr:(1.979e-04,2.474e-05,)] [eta: 6:29:08, time (data): 2.491 (0.002)] l_pix: 3.1828e-02 
2025-11-22 11:38:03,541 INFO: [IART_..][epoch:  0, iter:     649, lr:(1.979e-04,2.474e-05,)] [eta: 6:29:05, time (data): 2.491 (0.002)] l_pix: 3.8250e-02 
2025-11-22 11:38:06,067 INFO: [IART_..][epoch:  0, iter:     650, lr:(1.979e-04,2.474e-05,)] [eta: 6:29:03, time (data): 2.492 (0.002)] l_pix: 6.3480e-02 
2025-11-22 11:38:08,511 INFO: [IART_..][epoch:  0, iter:     651, lr:(1.979e-04,2.474e-05,)] [eta: 6:29:00, time (data): 2.491 (0.002)] l_pix: 2.1998e-02 
2025-11-22 11:38:11,098 INFO: [IART_..][epoch:  0, iter:     652, lr:(1.979e-04,2.474e-05,)] [eta: 6:28:58, time (data): 2.492 (0.002)] l_pix: 3.4341e-02 
2025-11-22 11:38:13,653 INFO: [IART_..][epoch:  0, iter:     653, lr:(1.979e-04,2.474e-05,)] [eta: 6:28:57, time (data): 2.494 (0.002)] l_pix: 2.0961e-02 
2025-11-22 11:38:16,060 INFO: [IART_..][epoch:  0, iter:     654, lr:(1.979e-04,2.474e-05,)] [eta: 6:28:53, time (data): 2.492 (0.002)] l_pix: 2.8432e-02 
2025-11-22 11:38:18,516 INFO: [IART_..][epoch:  0, iter:     655, lr:(1.979e-04,2.474e-05,)] [eta: 6:28:50, time (data): 2.491 (0.002)] l_pix: 3.2720e-02 
2025-11-22 11:38:21,055 INFO: [IART_..][epoch:  0, iter:     656, lr:(1.979e-04,2.474e-05,)] [eta: 6:28:48, time (data): 2.492 (0.002)] l_pix: 2.9695e-02 
2025-11-22 11:38:23,566 INFO: [IART_..][epoch:  0, iter:     657, lr:(1.979e-04,2.474e-05,)] [eta: 6:28:46, time (data): 2.493 (0.002)] l_pix: 1.7657e-02 
2025-11-22 11:38:26,027 INFO: [IART_..][epoch:  0, iter:     658, lr:(1.979e-04,2.474e-05,)] [eta: 6:28:43, time (data): 2.492 (0.002)] l_pix: 2.3687e-02 
2025-11-22 11:38:28,582 INFO: [IART_..][epoch:  0, iter:     659, lr:(1.979e-04,2.473e-05,)] [eta: 6:28:41, time (data): 2.493 (0.002)] l_pix: 3.5585e-02 
2025-11-22 11:38:31,136 INFO: [IART_..][epoch:  0, iter:     660, lr:(1.979e-04,2.473e-05,)] [eta: 6:28:39, time (data): 2.494 (0.002)] l_pix: 2.1723e-02 
2025-11-22 11:38:33,633 INFO: [IART_..][epoch:  0, iter:     661, lr:(1.979e-04,2.473e-05,)] [eta: 6:28:37, time (data): 2.494 (0.002)] l_pix: 3.9275e-02 
2025-11-22 11:38:36,220 INFO: [IART_..][epoch:  0, iter:     662, lr:(1.979e-04,2.473e-05,)] [eta: 6:28:36, time (data): 2.496 (0.002)] l_pix: 1.9304e-02 
2025-11-22 11:38:38,696 INFO: [IART_..][epoch:  0, iter:     663, lr:(1.978e-04,2.473e-05,)] [eta: 6:28:33, time (data): 2.495 (0.002)] l_pix: 2.5384e-02 
2025-11-22 11:38:41,204 INFO: [IART_..][epoch:  0, iter:     664, lr:(1.978e-04,2.473e-05,)] [eta: 6:28:30, time (data): 2.496 (0.002)] l_pix: 1.3814e-02 
2025-11-22 11:38:43,749 INFO: [IART_..][epoch:  0, iter:     665, lr:(1.978e-04,2.473e-05,)] [eta: 6:28:29, time (data): 2.496 (0.002)] l_pix: 3.3787e-02 
2025-11-22 11:38:46,225 INFO: [IART_..][epoch:  0, iter:     666, lr:(1.978e-04,2.473e-05,)] [eta: 6:28:26, time (data): 2.496 (0.002)] l_pix: 3.4445e-02 
2025-11-22 11:38:48,731 INFO: [IART_..][epoch:  0, iter:     667, lr:(1.978e-04,2.473e-05,)] [eta: 6:28:23, time (data): 2.496 (0.002)] l_pix: 2.6293e-02 
2025-11-22 11:38:51,196 INFO: [IART_..][epoch:  0, iter:     668, lr:(1.978e-04,2.473e-05,)] [eta: 6:28:21, time (data): 2.496 (0.002)] l_pix: 2.7618e-02 
2025-11-22 11:38:53,625 INFO: [IART_..][epoch:  0, iter:     669, lr:(1.978e-04,2.473e-05,)] [eta: 6:28:17, time (data): 2.495 (0.002)] l_pix: 4.3250e-02 
2025-11-22 11:38:56,089 INFO: [IART_..][epoch:  0, iter:     670, lr:(1.978e-04,2.473e-05,)] [eta: 6:28:14, time (data): 2.494 (0.002)] l_pix: 2.3845e-02 
2025-11-22 11:38:58,533 INFO: [IART_..][epoch:  0, iter:     671, lr:(1.978e-04,2.473e-05,)] [eta: 6:28:11, time (data): 2.494 (0.002)] l_pix: 2.1834e-02 
2025-11-22 11:39:01,041 INFO: [IART_..][epoch:  0, iter:     672, lr:(1.978e-04,2.472e-05,)] [eta: 6:28:09, time (data): 2.494 (0.002)] l_pix: 3.3605e-02 
2025-11-22 11:39:03,502 INFO: [IART_..][epoch:  0, iter:     673, lr:(1.978e-04,2.472e-05,)] [eta: 6:28:06, time (data): 2.493 (0.002)] l_pix: 2.3998e-02 
2025-11-22 11:39:05,966 INFO: [IART_..][epoch:  0, iter:     674, lr:(1.978e-04,2.472e-05,)] [eta: 6:28:03, time (data): 2.493 (0.002)] l_pix: 2.7658e-02 
2025-11-22 11:39:08,475 INFO: [IART_..][epoch:  0, iter:     675, lr:(1.978e-04,2.472e-05,)] [eta: 6:28:00, time (data): 2.493 (0.002)] l_pix: 4.1642e-02 
2025-11-22 11:39:10,973 INFO: [IART_..][epoch:  0, iter:     676, lr:(1.978e-04,2.472e-05,)] [eta: 6:27:58, time (data): 2.493 (0.002)] l_pix: 3.3980e-02 
2025-11-22 11:39:13,491 INFO: [IART_..][epoch:  0, iter:     677, lr:(1.978e-04,2.472e-05,)] [eta: 6:27:56, time (data): 2.494 (0.002)] l_pix: 1.9588e-02 
2025-11-22 11:39:15,986 INFO: [IART_..][epoch:  0, iter:     678, lr:(1.977e-04,2.472e-05,)] [eta: 6:27:53, time (data): 2.494 (0.002)] l_pix: 2.3642e-02 
2025-11-22 11:39:18,478 INFO: [IART_..][epoch:  0, iter:     679, lr:(1.977e-04,2.472e-05,)] [eta: 6:27:51, time (data): 2.494 (0.002)] l_pix: 2.7079e-02 
2025-11-22 11:39:20,896 INFO: [IART_..][epoch:  0, iter:     680, lr:(1.977e-04,2.472e-05,)] [eta: 6:27:47, time (data): 2.492 (0.002)] l_pix: 3.8872e-02 
2025-11-22 11:39:23,438 INFO: [IART_..][epoch:  0, iter:     681, lr:(1.977e-04,2.472e-05,)] [eta: 6:27:45, time (data): 2.493 (0.002)] l_pix: 2.6130e-02 
2025-11-22 11:39:26,004 INFO: [IART_..][epoch:  0, iter:     682, lr:(1.977e-04,2.472e-05,)] [eta: 6:27:44, time (data): 2.494 (0.002)] l_pix: 4.4858e-02 
2025-11-22 11:39:28,528 INFO: [IART_..][epoch:  0, iter:     683, lr:(1.977e-04,2.472e-05,)] [eta: 6:27:41, time (data): 2.494 (0.002)] l_pix: 2.1476e-02 
2025-11-22 11:39:31,069 INFO: [IART_..][epoch:  0, iter:     684, lr:(1.977e-04,2.471e-05,)] [eta: 6:27:39, time (data): 2.495 (0.002)] l_pix: 3.4523e-02 
2025-11-22 11:39:33,612 INFO: [IART_..][epoch:  0, iter:     685, lr:(1.977e-04,2.471e-05,)] [eta: 6:27:38, time (data): 2.495 (0.002)] l_pix: 3.2637e-02 
2025-11-22 11:39:36,067 INFO: [IART_..][epoch:  0, iter:     686, lr:(1.977e-04,2.471e-05,)] [eta: 6:27:35, time (data): 2.495 (0.002)] l_pix: 2.4014e-02 
2025-11-22 11:39:38,532 INFO: [IART_..][epoch:  0, iter:     687, lr:(1.977e-04,2.471e-05,)] [eta: 6:27:32, time (data): 2.495 (0.002)] l_pix: 2.4682e-02 
2025-11-22 11:39:41,076 INFO: [IART_..][epoch:  0, iter:     688, lr:(1.977e-04,2.471e-05,)] [eta: 6:27:30, time (data): 2.495 (0.002)] l_pix: 3.2428e-02 
2025-11-22 11:39:43,506 INFO: [IART_..][epoch:  0, iter:     689, lr:(1.977e-04,2.471e-05,)] [eta: 6:27:26, time (data): 2.494 (0.002)] l_pix: 2.9505e-02 
2025-11-22 11:39:46,123 INFO: [IART_..][epoch:  0, iter:     690, lr:(1.977e-04,2.471e-05,)] [eta: 6:27:25, time (data): 2.496 (0.001)] l_pix: 1.5844e-02 
2025-11-22 11:39:48,663 INFO: [IART_..][epoch:  0, iter:     691, lr:(1.977e-04,2.471e-05,)] [eta: 6:27:24, time (data): 2.496 (0.001)] l_pix: 1.9494e-02 
2025-11-22 11:39:51,186 INFO: [IART_..][epoch:  0, iter:     692, lr:(1.977e-04,2.471e-05,)] [eta: 6:27:21, time (data): 2.497 (0.001)] l_pix: 3.4362e-02 
2025-11-22 11:39:53,684 INFO: [IART_..][epoch:  0, iter:     693, lr:(1.976e-04,2.471e-05,)] [eta: 6:27:19, time (data): 2.497 (0.001)] l_pix: 2.1765e-02 
2025-11-22 11:39:56,191 INFO: [IART_..][epoch:  0, iter:     694, lr:(1.976e-04,2.471e-05,)] [eta: 6:27:17, time (data): 2.497 (0.002)] l_pix: 3.7590e-02 
2025-11-22 11:39:58,651 INFO: [IART_..][epoch:  0, iter:     695, lr:(1.976e-04,2.471e-05,)] [eta: 6:27:14, time (data): 2.496 (0.002)] l_pix: 2.0455e-02 
2025-11-22 11:40:01,152 INFO: [IART_..][epoch:  0, iter:     696, lr:(1.976e-04,2.470e-05,)] [eta: 6:27:11, time (data): 2.496 (0.002)] l_pix: 2.6715e-02 
2025-11-22 11:40:03,654 INFO: [IART_..][epoch:  0, iter:     697, lr:(1.976e-04,2.470e-05,)] [eta: 6:27:09, time (data): 2.496 (0.002)] l_pix: 2.8755e-02 
2025-11-22 11:40:06,098 INFO: [IART_..][epoch:  0, iter:     698, lr:(1.976e-04,2.470e-05,)] [eta: 6:27:05, time (data): 2.496 (0.002)] l_pix: 3.9127e-02 
2025-11-22 11:40:08,563 INFO: [IART_..][epoch:  0, iter:     699, lr:(1.976e-04,2.470e-05,)] [eta: 6:27:03, time (data): 2.496 (0.002)] l_pix: 2.5309e-02 
2025-11-22 11:40:11,088 INFO: [IART_..][epoch:  0, iter:     700, lr:(1.976e-04,2.470e-05,)] [eta: 6:27:00, time (data): 2.496 (0.002)] l_pix: 3.1456e-02 
2025-11-22 11:40:13,564 INFO: [IART_..][epoch:  0, iter:     701, lr:(1.976e-04,2.470e-05,)] [eta: 6:26:58, time (data): 2.496 (0.001)] l_pix: 2.8265e-02 
2025-11-22 11:40:16,070 INFO: [IART_..][epoch:  0, iter:     702, lr:(1.976e-04,2.470e-05,)] [eta: 6:26:55, time (data): 2.496 (0.002)] l_pix: 2.6503e-02 
2025-11-22 11:40:18,583 INFO: [IART_..][epoch:  0, iter:     703, lr:(1.976e-04,2.470e-05,)] [eta: 6:26:53, time (data): 2.496 (0.002)] l_pix: 2.8990e-02 
2025-11-22 11:40:21,012 INFO: [IART_..][epoch:  0, iter:     704, lr:(1.976e-04,2.470e-05,)] [eta: 6:26:50, time (data): 2.495 (0.002)] l_pix: 1.9783e-02 
2025-11-22 11:40:23,488 INFO: [IART_..][epoch:  0, iter:     705, lr:(1.976e-04,2.470e-05,)] [eta: 6:26:47, time (data): 2.495 (0.002)] l_pix: 4.1482e-02 
2025-11-22 11:40:26,007 INFO: [IART_..][epoch:  0, iter:     706, lr:(1.976e-04,2.470e-05,)] [eta: 6:26:45, time (data): 2.495 (0.002)] l_pix: 2.4070e-02 
2025-11-22 11:40:28,555 INFO: [IART_..][epoch:  0, iter:     707, lr:(1.976e-04,2.470e-05,)] [eta: 6:26:43, time (data): 2.496 (0.002)] l_pix: 4.1345e-02 
2025-11-22 11:40:31,063 INFO: [IART_..][epoch:  0, iter:     708, lr:(1.975e-04,2.469e-05,)] [eta: 6:26:40, time (data): 2.496 (0.002)] l_pix: 2.1768e-02 
2025-11-22 11:40:33,554 INFO: [IART_..][epoch:  0, iter:     709, lr:(1.975e-04,2.469e-05,)] [eta: 6:26:38, time (data): 2.496 (0.002)] l_pix: 3.4006e-02 
2025-11-22 11:40:36,051 INFO: [IART_..][epoch:  0, iter:     710, lr:(1.975e-04,2.469e-05,)] [eta: 6:26:35, time (data): 2.496 (0.002)] l_pix: 2.3801e-02 
2025-11-22 11:40:38,480 INFO: [IART_..][epoch:  0, iter:     711, lr:(1.975e-04,2.469e-05,)] [eta: 6:26:32, time (data): 2.495 (0.002)] l_pix: 5.5391e-02 
2025-11-22 11:40:41,071 INFO: [IART_..][epoch:  0, iter:     712, lr:(1.975e-04,2.469e-05,)] [eta: 6:26:31, time (data): 2.496 (0.002)] l_pix: 2.4368e-02 
2025-11-22 11:40:43,490 INFO: [IART_..][epoch:  0, iter:     713, lr:(1.975e-04,2.469e-05,)] [eta: 6:26:27, time (data): 2.495 (0.002)] l_pix: 2.9117e-02 
2025-11-22 11:40:45,976 INFO: [IART_..][epoch:  0, iter:     714, lr:(1.975e-04,2.469e-05,)] [eta: 6:26:25, time (data): 2.495 (0.002)] l_pix: 5.1743e-02 
2025-11-22 11:40:48,420 INFO: [IART_..][epoch:  0, iter:     715, lr:(1.975e-04,2.469e-05,)] [eta: 6:26:21, time (data): 2.495 (0.001)] l_pix: 1.9206e-02 
2025-11-22 11:40:50,916 INFO: [IART_..][epoch:  0, iter:     716, lr:(1.975e-04,2.469e-05,)] [eta: 6:26:19, time (data): 2.495 (0.001)] l_pix: 2.1757e-02 
2025-11-22 11:40:53,378 INFO: [IART_..][epoch:  0, iter:     717, lr:(1.975e-04,2.469e-05,)] [eta: 6:26:16, time (data): 2.495 (0.001)] l_pix: 1.9845e-02 
2025-11-22 11:40:55,853 INFO: [IART_..][epoch:  0, iter:     718, lr:(1.975e-04,2.469e-05,)] [eta: 6:26:13, time (data): 2.494 (0.001)] l_pix: 1.6786e-02 
2025-11-22 11:40:58,286 INFO: [IART_..][epoch:  0, iter:     719, lr:(1.975e-04,2.468e-05,)] [eta: 6:26:10, time (data): 2.494 (0.001)] l_pix: 2.9815e-02 
2025-11-22 11:41:00,782 INFO: [IART_..][epoch:  0, iter:     720, lr:(1.975e-04,2.468e-05,)] [eta: 6:26:07, time (data): 2.494 (0.001)] l_pix: 3.2923e-02 
2025-11-22 11:41:03,255 INFO: [IART_..][epoch:  0, iter:     721, lr:(1.975e-04,2.468e-05,)] [eta: 6:26:04, time (data): 2.494 (0.001)] l_pix: 1.8867e-02 
2025-11-22 11:41:05,750 INFO: [IART_..][epoch:  0, iter:     722, lr:(1.974e-04,2.468e-05,)] [eta: 6:26:02, time (data): 2.494 (0.001)] l_pix: 2.7410e-02 
2025-11-22 11:41:08,266 INFO: [IART_..][epoch:  0, iter:     723, lr:(1.974e-04,2.468e-05,)] [eta: 6:26:00, time (data): 2.494 (0.002)] l_pix: 3.9800e-02 
2025-11-22 11:41:10,752 INFO: [IART_..][epoch:  0, iter:     724, lr:(1.974e-04,2.468e-05,)] [eta: 6:25:57, time (data): 2.494 (0.002)] l_pix: 3.8485e-02 
2025-11-22 11:41:13,213 INFO: [IART_..][epoch:  0, iter:     725, lr:(1.974e-04,2.468e-05,)] [eta: 6:25:54, time (data): 2.494 (0.002)] l_pix: 3.0384e-02 
2025-11-22 11:41:15,677 INFO: [IART_..][epoch:  0, iter:     726, lr:(1.974e-04,2.468e-05,)] [eta: 6:25:51, time (data): 2.493 (0.002)] l_pix: 4.2796e-02 
2025-11-22 11:41:18,194 INFO: [IART_..][epoch:  0, iter:     727, lr:(1.974e-04,2.468e-05,)] [eta: 6:25:49, time (data): 2.493 (0.001)] l_pix: 4.4470e-02 
2025-11-22 11:41:20,688 INFO: [IART_..][epoch:  0, iter:     728, lr:(1.974e-04,2.468e-05,)] [eta: 6:25:46, time (data): 2.493 (0.001)] l_pix: 3.6672e-02 
2025-11-22 11:41:23,175 INFO: [IART_..][epoch:  0, iter:     729, lr:(1.974e-04,2.468e-05,)] [eta: 6:25:44, time (data): 2.493 (0.001)] l_pix: 2.2030e-02 
2025-11-22 11:41:25,742 INFO: [IART_..][epoch:  0, iter:     730, lr:(1.974e-04,2.467e-05,)] [eta: 6:25:42, time (data): 2.494 (0.001)] l_pix: 3.7226e-02 
2025-11-22 11:41:28,202 INFO: [IART_..][epoch:  0, iter:     731, lr:(1.974e-04,2.467e-05,)] [eta: 6:25:39, time (data): 2.494 (0.001)] l_pix: 3.2591e-02 
2025-11-22 11:41:30,667 INFO: [IART_..][epoch:  0, iter:     732, lr:(1.974e-04,2.467e-05,)] [eta: 6:25:36, time (data): 2.493 (0.001)] l_pix: 3.5101e-02 
2025-11-22 11:41:33,127 INFO: [IART_..][epoch:  0, iter:     733, lr:(1.974e-04,2.467e-05,)] [eta: 6:25:33, time (data): 2.493 (0.001)] l_pix: 4.3353e-02 
2025-11-22 11:41:35,603 INFO: [IART_..][epoch:  0, iter:     734, lr:(1.974e-04,2.467e-05,)] [eta: 6:25:31, time (data): 2.493 (0.002)] l_pix: 3.0489e-02 
2025-11-22 11:41:38,053 INFO: [IART_..][epoch:  0, iter:     735, lr:(1.974e-04,2.467e-05,)] [eta: 6:25:28, time (data): 2.493 (0.002)] l_pix: 1.7294e-02 
2025-11-22 11:41:40,623 INFO: [IART_..][epoch:  0, iter:     736, lr:(1.973e-04,2.467e-05,)] [eta: 6:25:26, time (data): 2.493 (0.002)] l_pix: 2.5579e-02 
2025-11-22 11:41:43,115 INFO: [IART_..][epoch:  0, iter:     737, lr:(1.973e-04,2.467e-05,)] [eta: 6:25:23, time (data): 2.493 (0.002)] l_pix: 2.2667e-02 
2025-11-22 11:41:45,654 INFO: [IART_..][epoch:  0, iter:     738, lr:(1.973e-04,2.467e-05,)] [eta: 6:25:21, time (data): 2.494 (0.002)] l_pix: 1.8540e-02 
2025-11-22 11:41:48,072 INFO: [IART_..][epoch:  0, iter:     739, lr:(1.973e-04,2.467e-05,)] [eta: 6:25:18, time (data): 2.493 (0.001)] l_pix: 2.7606e-02 
2025-11-22 11:41:50,516 INFO: [IART_..][epoch:  0, iter:     740, lr:(1.973e-04,2.467e-05,)] [eta: 6:25:15, time (data): 2.493 (0.001)] l_pix: 2.6493e-02 
2025-11-22 11:41:52,985 INFO: [IART_..][epoch:  0, iter:     741, lr:(1.973e-04,2.467e-05,)] [eta: 6:25:12, time (data): 2.493 (0.001)] l_pix: 1.5748e-02 
2025-11-22 11:41:55,458 INFO: [IART_..][epoch:  0, iter:     742, lr:(1.973e-04,2.466e-05,)] [eta: 6:25:09, time (data): 2.492 (0.001)] l_pix: 2.6504e-02 
2025-11-22 11:41:57,965 INFO: [IART_..][epoch:  0, iter:     743, lr:(1.973e-04,2.466e-05,)] [eta: 6:25:07, time (data): 2.493 (0.001)] l_pix: 2.7135e-02 
2025-11-22 11:42:00,471 INFO: [IART_..][epoch:  0, iter:     744, lr:(1.973e-04,2.466e-05,)] [eta: 6:25:04, time (data): 2.493 (0.001)] l_pix: 2.5343e-02 
2025-11-22 11:42:02,952 INFO: [IART_..][epoch:  0, iter:     745, lr:(1.973e-04,2.466e-05,)] [eta: 6:25:02, time (data): 2.493 (0.001)] l_pix: 1.9912e-02 
2025-11-22 11:42:05,413 INFO: [IART_..][epoch:  0, iter:     746, lr:(1.973e-04,2.466e-05,)] [eta: 6:24:59, time (data): 2.492 (0.001)] l_pix: 4.8908e-02 
2025-11-22 11:42:07,920 INFO: [IART_..][epoch:  0, iter:     747, lr:(1.973e-04,2.466e-05,)] [eta: 6:24:56, time (data): 2.492 (0.001)] l_pix: 4.5362e-02 
2025-11-22 11:42:10,417 INFO: [IART_..][epoch:  0, iter:     748, lr:(1.973e-04,2.466e-05,)] [eta: 6:24:54, time (data): 2.492 (0.001)] l_pix: 1.5853e-02 
2025-11-22 11:42:12,972 INFO: [IART_..][epoch:  0, iter:     749, lr:(1.973e-04,2.466e-05,)] [eta: 6:24:52, time (data): 2.493 (0.001)] l_pix: 3.3706e-02 
2025-11-22 11:42:15,559 INFO: [IART_..][epoch:  0, iter:     750, lr:(1.972e-04,2.466e-05,)] [eta: 6:24:51, time (data): 2.494 (0.001)] l_pix: 3.7919e-02 
2025-11-22 11:42:18,004 INFO: [IART_..][epoch:  0, iter:     751, lr:(1.972e-04,2.466e-05,)] [eta: 6:24:48, time (data): 2.493 (0.001)] l_pix: 3.9550e-02 
2025-11-22 11:42:20,405 INFO: [IART_..][epoch:  0, iter:     752, lr:(1.972e-04,2.466e-05,)] [eta: 6:24:44, time (data): 2.492 (0.001)] l_pix: 1.7041e-02 
2025-11-22 11:42:22,881 INFO: [IART_..][epoch:  0, iter:     753, lr:(1.972e-04,2.465e-05,)] [eta: 6:24:41, time (data): 2.492 (0.001)] l_pix: 2.1482e-02 
2025-11-22 11:42:25,483 INFO: [IART_..][epoch:  0, iter:     754, lr:(1.972e-04,2.465e-05,)] [eta: 6:24:40, time (data): 2.493 (0.001)] l_pix: 2.8601e-02 
2025-11-22 11:42:27,913 INFO: [IART_..][epoch:  0, iter:     755, lr:(1.972e-04,2.465e-05,)] [eta: 6:24:37, time (data): 2.493 (0.001)] l_pix: 1.8665e-02 
2025-11-22 11:42:30,456 INFO: [IART_..][epoch:  0, iter:     756, lr:(1.972e-04,2.465e-05,)] [eta: 6:24:35, time (data): 2.493 (0.001)] l_pix: 2.1519e-02 
2025-11-22 11:42:32,900 INFO: [IART_..][epoch:  0, iter:     757, lr:(1.972e-04,2.465e-05,)] [eta: 6:24:32, time (data): 2.493 (0.001)] l_pix: 2.0780e-02 
2025-11-22 11:42:35,378 INFO: [IART_..][epoch:  0, iter:     758, lr:(1.972e-04,2.465e-05,)] [eta: 6:24:29, time (data): 2.493 (0.001)] l_pix: 1.3758e-02 
2025-11-22 11:42:37,855 INFO: [IART_..][epoch:  0, iter:     759, lr:(1.972e-04,2.465e-05,)] [eta: 6:24:26, time (data): 2.493 (0.002)] l_pix: 1.5611e-02 
2025-11-22 11:42:40,301 INFO: [IART_..][epoch:  0, iter:     760, lr:(1.972e-04,2.465e-05,)] [eta: 6:24:23, time (data): 2.492 (0.002)] l_pix: 3.2080e-02 
2025-11-22 11:42:42,795 INFO: [IART_..][epoch:  0, iter:     761, lr:(1.972e-04,2.465e-05,)] [eta: 6:24:21, time (data): 2.492 (0.002)] l_pix: 3.5569e-02 
2025-11-22 11:42:45,210 INFO: [IART_..][epoch:  0, iter:     762, lr:(1.972e-04,2.465e-05,)] [eta: 6:24:17, time (data): 2.492 (0.001)] l_pix: 2.7597e-02 
2025-11-22 11:42:47,756 INFO: [IART_..][epoch:  0, iter:     763, lr:(1.971e-04,2.464e-05,)] [eta: 6:24:15, time (data): 2.492 (0.001)] l_pix: 4.4667e-02 
2025-11-22 11:42:50,198 INFO: [IART_..][epoch:  0, iter:     764, lr:(1.971e-04,2.464e-05,)] [eta: 6:24:12, time (data): 2.492 (0.001)] l_pix: 4.0664e-02 
2025-11-22 11:42:52,754 INFO: [IART_..][epoch:  0, iter:     765, lr:(1.971e-04,2.464e-05,)] [eta: 6:24:10, time (data): 2.492 (0.001)] l_pix: 2.7526e-02 
2025-11-22 11:42:55,199 INFO: [IART_..][epoch:  0, iter:     766, lr:(1.971e-04,2.464e-05,)] [eta: 6:24:07, time (data): 2.492 (0.001)] l_pix: 2.0057e-02 
2025-11-22 11:42:57,679 INFO: [IART_..][epoch:  0, iter:     767, lr:(1.971e-04,2.464e-05,)] [eta: 6:24:04, time (data): 2.492 (0.001)] l_pix: 4.3361e-02 
2025-11-22 11:43:00,143 INFO: [IART_..][epoch:  0, iter:     768, lr:(1.971e-04,2.464e-05,)] [eta: 6:24:02, time (data): 2.492 (0.001)] l_pix: 2.6561e-02 
2025-11-22 11:43:02,599 INFO: [IART_..][epoch:  0, iter:     769, lr:(1.971e-04,2.464e-05,)] [eta: 6:23:59, time (data): 2.491 (0.001)] l_pix: 3.7593e-02 
2025-11-22 11:43:05,048 INFO: [IART_..][epoch:  0, iter:     770, lr:(1.971e-04,2.464e-05,)] [eta: 6:23:55, time (data): 2.491 (0.001)] l_pix: 1.4410e-02 
2025-11-22 11:43:07,508 INFO: [IART_..][epoch:  0, iter:     771, lr:(1.971e-04,2.464e-05,)] [eta: 6:23:53, time (data): 2.491 (0.001)] l_pix: 3.9528e-02 
2025-11-22 11:43:10,048 INFO: [IART_..][epoch:  0, iter:     772, lr:(1.971e-04,2.464e-05,)] [eta: 6:23:51, time (data): 2.491 (0.001)] l_pix: 1.4125e-02 
2025-11-22 11:43:12,531 INFO: [IART_..][epoch:  0, iter:     773, lr:(1.971e-04,2.464e-05,)] [eta: 6:23:48, time (data): 2.491 (0.001)] l_pix: 1.2822e-02 
2025-11-22 11:43:14,977 INFO: [IART_..][epoch:  0, iter:     774, lr:(1.971e-04,2.463e-05,)] [eta: 6:23:45, time (data): 2.491 (0.001)] l_pix: 1.3994e-02 
2025-11-22 11:43:17,493 INFO: [IART_..][epoch:  0, iter:     775, lr:(1.971e-04,2.463e-05,)] [eta: 6:23:43, time (data): 2.491 (0.001)] l_pix: 2.2345e-02 
2025-11-22 11:43:20,020 INFO: [IART_..][epoch:  0, iter:     776, lr:(1.971e-04,2.463e-05,)] [eta: 6:23:41, time (data): 2.491 (0.001)] l_pix: 4.0941e-02 
2025-11-22 11:43:22,516 INFO: [IART_..][epoch:  0, iter:     777, lr:(1.970e-04,2.463e-05,)] [eta: 6:23:38, time (data): 2.491 (0.001)] l_pix: 2.3540e-02 
2025-11-22 11:43:24,928 INFO: [IART_..][epoch:  0, iter:     778, lr:(1.970e-04,2.463e-05,)] [eta: 6:23:35, time (data): 2.491 (0.001)] l_pix: 2.0858e-02 
2025-11-22 11:43:27,420 INFO: [IART_..][epoch:  0, iter:     779, lr:(1.970e-04,2.463e-05,)] [eta: 6:23:32, time (data): 2.491 (0.001)] l_pix: 2.7217e-02 
2025-11-22 11:43:29,949 INFO: [IART_..][epoch:  0, iter:     780, lr:(1.970e-04,2.463e-05,)] [eta: 6:23:30, time (data): 2.491 (0.001)] l_pix: 3.0442e-02 
2025-11-22 11:43:32,457 INFO: [IART_..][epoch:  0, iter:     781, lr:(1.970e-04,2.463e-05,)] [eta: 6:23:28, time (data): 2.491 (0.001)] l_pix: 2.9241e-02 
2025-11-22 11:43:34,996 INFO: [IART_..][epoch:  0, iter:     782, lr:(1.970e-04,2.463e-05,)] [eta: 6:23:26, time (data): 2.491 (0.001)] l_pix: 2.1558e-02 
2025-11-22 11:43:37,472 INFO: [IART_..][epoch:  0, iter:     783, lr:(1.970e-04,2.463e-05,)] [eta: 6:23:23, time (data): 2.491 (0.001)] l_pix: 4.1525e-02 
2025-11-22 11:43:39,951 INFO: [IART_..][epoch:  0, iter:     784, lr:(1.970e-04,2.463e-05,)] [eta: 6:23:20, time (data): 2.491 (0.001)] l_pix: 4.7898e-02 
2025-11-22 11:43:42,476 INFO: [IART_..][epoch:  0, iter:     785, lr:(1.970e-04,2.462e-05,)] [eta: 6:23:18, time (data): 2.491 (0.001)] l_pix: 7.4670e-03 
2025-11-22 11:43:44,996 INFO: [IART_..][epoch:  0, iter:     786, lr:(1.970e-04,2.462e-05,)] [eta: 6:23:16, time (data): 2.492 (0.001)] l_pix: 1.8173e-02 
2025-11-22 11:43:47,417 INFO: [IART_..][epoch:  0, iter:     787, lr:(1.970e-04,2.462e-05,)] [eta: 6:23:12, time (data): 2.491 (0.001)] l_pix: 1.9549e-02 
2025-11-22 11:43:49,878 INFO: [IART_..][epoch:  0, iter:     788, lr:(1.970e-04,2.462e-05,)] [eta: 6:23:09, time (data): 2.491 (0.001)] l_pix: 3.2741e-02 
2025-11-22 11:43:52,384 INFO: [IART_..][epoch:  0, iter:     789, lr:(1.970e-04,2.462e-05,)] [eta: 6:23:07, time (data): 2.491 (0.001)] l_pix: 2.6363e-02 
2025-11-22 11:43:54,863 INFO: [IART_..][epoch:  0, iter:     790, lr:(1.969e-04,2.462e-05,)] [eta: 6:23:04, time (data): 2.491 (0.001)] l_pix: 2.8126e-02 
2025-11-22 11:43:57,325 INFO: [IART_..][epoch:  0, iter:     791, lr:(1.969e-04,2.462e-05,)] [eta: 6:23:02, time (data): 2.491 (0.001)] l_pix: 1.8641e-02 
2025-11-22 11:43:59,817 INFO: [IART_..][epoch:  0, iter:     792, lr:(1.969e-04,2.462e-05,)] [eta: 6:22:59, time (data): 2.491 (0.001)] l_pix: 4.8908e-02 
2025-11-22 11:44:02,234 INFO: [IART_..][epoch:  0, iter:     793, lr:(1.969e-04,2.462e-05,)] [eta: 6:22:56, time (data): 2.490 (0.001)] l_pix: 2.9594e-02 
2025-11-22 11:44:04,710 INFO: [IART_..][epoch:  0, iter:     794, lr:(1.969e-04,2.462e-05,)] [eta: 6:22:53, time (data): 2.490 (0.001)] l_pix: 1.8345e-02 
2025-11-22 11:44:07,202 INFO: [IART_..][epoch:  0, iter:     795, lr:(1.969e-04,2.461e-05,)] [eta: 6:22:50, time (data): 2.490 (0.001)] l_pix: 4.0034e-02 
2025-11-22 11:44:09,651 INFO: [IART_..][epoch:  0, iter:     796, lr:(1.969e-04,2.461e-05,)] [eta: 6:22:47, time (data): 2.490 (0.001)] l_pix: 2.9129e-02 
2025-11-22 11:44:12,127 INFO: [IART_..][epoch:  0, iter:     797, lr:(1.969e-04,2.461e-05,)] [eta: 6:22:45, time (data): 2.490 (0.001)] l_pix: 1.5080e-02 
2025-11-22 11:44:14,588 INFO: [IART_..][epoch:  0, iter:     798, lr:(1.969e-04,2.461e-05,)] [eta: 6:22:42, time (data): 2.490 (0.001)] l_pix: 1.5782e-02 
2025-11-22 11:44:17,028 INFO: [IART_..][epoch:  0, iter:     799, lr:(1.969e-04,2.461e-05,)] [eta: 6:22:39, time (data): 2.490 (0.001)] l_pix: 3.2616e-02 
2025-11-22 11:44:19,478 INFO: [IART_..][epoch:  0, iter:     800, lr:(1.969e-04,2.461e-05,)] [eta: 6:22:35, time (data): 2.489 (0.001)] l_pix: 1.7348e-02 
2025-11-22 11:44:22,008 INFO: [IART_..][epoch:  0, iter:     801, lr:(1.969e-04,2.461e-05,)] [eta: 6:22:33, time (data): 2.490 (0.001)] l_pix: 5.2750e-02 
2025-11-22 11:44:24,495 INFO: [IART_..][epoch:  0, iter:     802, lr:(1.969e-04,2.461e-05,)] [eta: 6:22:31, time (data): 2.490 (0.001)] l_pix: 1.5354e-02 
2025-11-22 11:44:27,093 INFO: [IART_..][epoch:  0, iter:     803, lr:(1.968e-04,2.461e-05,)] [eta: 6:22:29, time (data): 2.490 (0.001)] l_pix: 4.7559e-02 
2025-11-22 11:44:29,553 INFO: [IART_..][epoch:  0, iter:     804, lr:(1.968e-04,2.461e-05,)] [eta: 6:22:27, time (data): 2.490 (0.001)] l_pix: 2.7956e-02 
2025-11-22 11:44:32,061 INFO: [IART_..][epoch:  0, iter:     805, lr:(1.968e-04,2.460e-05,)] [eta: 6:22:24, time (data): 2.507 (0.001)] l_pix: 2.2035e-02 
2025-11-22 11:44:34,544 INFO: [IART_..][epoch:  0, iter:     806, lr:(1.968e-04,2.460e-05,)] [eta: 6:22:22, time (data): 2.495 (0.001)] l_pix: 1.9607e-02 
2025-11-22 11:44:37,117 INFO: [IART_..][epoch:  0, iter:     807, lr:(1.968e-04,2.460e-05,)] [eta: 6:22:20, time (data): 2.521 (0.001)] l_pix: 2.7488e-02 
2025-11-22 11:44:39,570 INFO: [IART_..][epoch:  0, iter:     808, lr:(1.968e-04,2.460e-05,)] [eta: 6:22:17, time (data): 2.504 (0.002)] l_pix: 1.8499e-02 
2025-11-22 11:44:42,047 INFO: [IART_..][epoch:  0, iter:     809, lr:(1.968e-04,2.460e-05,)] [eta: 6:22:14, time (data): 2.498 (0.001)] l_pix: 1.9865e-02 
2025-11-22 11:44:44,537 INFO: [IART_..][epoch:  0, iter:     810, lr:(1.968e-04,2.460e-05,)] [eta: 6:22:12, time (data): 2.497 (0.001)] l_pix: 2.5150e-02 
2025-11-22 11:44:46,958 INFO: [IART_..][epoch:  0, iter:     811, lr:(1.968e-04,2.460e-05,)] [eta: 6:22:08, time (data): 2.486 (0.001)] l_pix: 1.9523e-02 
2025-11-22 11:44:49,413 INFO: [IART_..][epoch:  0, iter:     812, lr:(1.968e-04,2.460e-05,)] [eta: 6:22:05, time (data): 2.482 (0.001)] l_pix: 2.7733e-02 
2025-11-22 11:44:51,855 INFO: [IART_..][epoch:  0, iter:     813, lr:(1.968e-04,2.460e-05,)] [eta: 6:22:02, time (data): 2.478 (0.001)] l_pix: 1.7357e-02 
2025-11-22 11:44:54,342 INFO: [IART_..][epoch:  0, iter:     814, lr:(1.968e-04,2.460e-05,)] [eta: 6:22:00, time (data): 2.479 (0.001)] l_pix: 2.5342e-02 
2025-11-22 11:44:56,804 INFO: [IART_..][epoch:  0, iter:     815, lr:(1.967e-04,2.460e-05,)] [eta: 6:21:57, time (data): 2.477 (0.002)] l_pix: 1.8481e-02 
2025-11-22 11:44:59,240 INFO: [IART_..][epoch:  0, iter:     816, lr:(1.967e-04,2.459e-05,)] [eta: 6:21:54, time (data): 2.474 (0.002)] l_pix: 1.7879e-02 
2025-11-22 11:45:01,689 INFO: [IART_..][epoch:  0, iter:     817, lr:(1.967e-04,2.459e-05,)] [eta: 6:21:51, time (data): 2.472 (0.002)] l_pix: 3.0807e-02 
2025-11-22 11:45:04,139 INFO: [IART_..][epoch:  0, iter:     818, lr:(1.967e-04,2.459e-05,)] [eta: 6:21:48, time (data): 2.470 (0.002)] l_pix: 2.3157e-02 
2025-11-22 11:45:06,562 INFO: [IART_..][epoch:  0, iter:     819, lr:(1.967e-04,2.459e-05,)] [eta: 6:21:44, time (data): 2.467 (0.002)] l_pix: 3.5121e-02 
2025-11-22 11:45:09,023 INFO: [IART_..][epoch:  0, iter:     820, lr:(1.967e-04,2.459e-05,)] [eta: 6:21:42, time (data): 2.467 (0.002)] l_pix: 4.8205e-02 
2025-11-22 11:45:11,436 INFO: [IART_..][epoch:  0, iter:     821, lr:(1.967e-04,2.459e-05,)] [eta: 6:21:38, time (data): 2.463 (0.002)] l_pix: 2.7924e-02 
2025-11-22 11:45:13,936 INFO: [IART_..][epoch:  0, iter:     822, lr:(1.967e-04,2.459e-05,)] [eta: 6:21:36, time (data): 2.465 (0.002)] l_pix: 3.3762e-02 
2025-11-22 11:45:16,366 INFO: [IART_..][epoch:  0, iter:     823, lr:(1.967e-04,2.459e-05,)] [eta: 6:21:32, time (data): 2.464 (0.002)] l_pix: 1.4098e-02 
2025-11-22 11:45:18,903 INFO: [IART_..][epoch:  0, iter:     824, lr:(1.967e-04,2.459e-05,)] [eta: 6:21:30, time (data): 2.467 (0.002)] l_pix: 1.9916e-02 
2025-11-22 11:45:21,351 INFO: [IART_..][epoch:  0, iter:     825, lr:(1.967e-04,2.459e-05,)] [eta: 6:21:27, time (data): 2.466 (0.002)] l_pix: 3.3345e-02 
2025-11-22 11:45:23,806 INFO: [IART_..][epoch:  0, iter:     826, lr:(1.967e-04,2.458e-05,)] [eta: 6:21:24, time (data): 2.466 (0.002)] l_pix: 2.4794e-02 
2025-11-22 11:45:26,355 INFO: [IART_..][epoch:  0, iter:     827, lr:(1.967e-04,2.458e-05,)] [eta: 6:21:23, time (data): 2.469 (0.002)] l_pix: 1.5539e-02 
2025-11-22 11:45:28,830 INFO: [IART_..][epoch:  0, iter:     828, lr:(1.966e-04,2.458e-05,)] [eta: 6:21:20, time (data): 2.470 (0.002)] l_pix: 1.8889e-02 
2025-11-22 11:45:31,288 INFO: [IART_..][epoch:  0, iter:     829, lr:(1.966e-04,2.458e-05,)] [eta: 6:21:17, time (data): 2.469 (0.002)] l_pix: 3.0447e-02 
2025-11-22 11:45:33,818 INFO: [IART_..][epoch:  0, iter:     830, lr:(1.966e-04,2.458e-05,)] [eta: 6:21:15, time (data): 2.471 (0.002)] l_pix: 2.3617e-02 
2025-11-22 11:45:36,246 INFO: [IART_..][epoch:  0, iter:     831, lr:(1.966e-04,2.458e-05,)] [eta: 6:21:12, time (data): 2.470 (0.002)] l_pix: 1.7514e-02 
2025-11-22 11:45:38,695 INFO: [IART_..][epoch:  0, iter:     832, lr:(1.966e-04,2.458e-05,)] [eta: 6:21:09, time (data): 2.469 (0.002)] l_pix: 2.4560e-02 
2025-11-22 11:45:41,125 INFO: [IART_..][epoch:  0, iter:     833, lr:(1.966e-04,2.458e-05,)] [eta: 6:21:05, time (data): 2.468 (0.002)] l_pix: 1.1488e-02 
2025-11-22 11:45:43,625 INFO: [IART_..][epoch:  0, iter:     834, lr:(1.966e-04,2.458e-05,)] [eta: 6:21:03, time (data): 2.469 (0.002)] l_pix: 2.4974e-02 
2025-11-22 11:45:46,133 INFO: [IART_..][epoch:  0, iter:     835, lr:(1.966e-04,2.458e-05,)] [eta: 6:21:01, time (data): 2.470 (0.002)] l_pix: 3.3136e-02 
2025-11-22 11:45:48,654 INFO: [IART_..][epoch:  0, iter:     836, lr:(1.966e-04,2.457e-05,)] [eta: 6:20:58, time (data): 2.472 (0.002)] l_pix: 4.3875e-02 
2025-11-22 11:45:51,139 INFO: [IART_..][epoch:  0, iter:     837, lr:(1.966e-04,2.457e-05,)] [eta: 6:20:56, time (data): 2.472 (0.002)] l_pix: 1.2652e-02 
2025-11-22 11:45:53,678 INFO: [IART_..][epoch:  0, iter:     838, lr:(1.966e-04,2.457e-05,)] [eta: 6:20:54, time (data): 2.474 (0.002)] l_pix: 4.4013e-02 
2025-11-22 11:45:56,164 INFO: [IART_..][epoch:  0, iter:     839, lr:(1.966e-04,2.457e-05,)] [eta: 6:20:51, time (data): 2.474 (0.002)] l_pix: 3.0710e-02 
2025-11-22 11:45:58,619 INFO: [IART_..][epoch:  0, iter:     840, lr:(1.965e-04,2.457e-05,)] [eta: 6:20:48, time (data): 2.474 (0.002)] l_pix: 3.0190e-02 
2025-11-22 11:46:01,108 INFO: [IART_..][epoch:  0, iter:     841, lr:(1.965e-04,2.457e-05,)] [eta: 6:20:46, time (data): 2.474 (0.002)] l_pix: 4.2283e-02 
2025-11-22 11:46:03,624 INFO: [IART_..][epoch:  0, iter:     842, lr:(1.965e-04,2.457e-05,)] [eta: 6:20:43, time (data): 2.475 (0.002)] l_pix: 3.5234e-02 
2025-11-22 11:46:06,088 INFO: [IART_..][epoch:  0, iter:     843, lr:(1.965e-04,2.457e-05,)] [eta: 6:20:41, time (data): 2.475 (0.002)] l_pix: 3.8096e-02 
2025-11-22 11:46:08,522 INFO: [IART_..][epoch:  0, iter:     844, lr:(1.965e-04,2.457e-05,)] [eta: 6:20:37, time (data): 2.474 (0.002)] l_pix: 3.7289e-02 
2025-11-22 11:46:10,976 INFO: [IART_..][epoch:  0, iter:     845, lr:(1.965e-04,2.456e-05,)] [eta: 6:20:35, time (data): 2.473 (0.002)] l_pix: 3.7287e-02 
2025-11-22 11:46:13,376 INFO: [IART_..][epoch:  0, iter:     846, lr:(1.965e-04,2.456e-05,)] [eta: 6:20:31, time (data): 2.472 (0.002)] l_pix: 2.2453e-02 
2025-11-22 11:46:15,830 INFO: [IART_..][epoch:  0, iter:     847, lr:(1.965e-04,2.456e-05,)] [eta: 6:20:28, time (data): 2.471 (0.002)] l_pix: 1.2685e-02 
2025-11-22 11:46:18,305 INFO: [IART_..][epoch:  0, iter:     848, lr:(1.965e-04,2.456e-05,)] [eta: 6:20:25, time (data): 2.471 (0.002)] l_pix: 4.0355e-02 
2025-11-22 11:46:20,747 INFO: [IART_..][epoch:  0, iter:     849, lr:(1.965e-04,2.456e-05,)] [eta: 6:20:22, time (data): 2.471 (0.002)] l_pix: 3.4133e-02 
2025-11-22 11:46:23,193 INFO: [IART_..][epoch:  0, iter:     850, lr:(1.965e-04,2.456e-05,)] [eta: 6:20:19, time (data): 2.470 (0.002)] l_pix: 2.2407e-02 
2025-11-22 11:46:25,617 INFO: [IART_..][epoch:  0, iter:     851, lr:(1.965e-04,2.456e-05,)] [eta: 6:20:16, time (data): 2.469 (0.002)] l_pix: 4.7767e-02 
2025-11-22 11:46:28,071 INFO: [IART_..][epoch:  0, iter:     852, lr:(1.964e-04,2.456e-05,)] [eta: 6:20:13, time (data): 2.469 (0.002)] l_pix: 3.8295e-02 
2025-11-22 11:46:30,520 INFO: [IART_..][epoch:  0, iter:     853, lr:(1.964e-04,2.456e-05,)] [eta: 6:20:10, time (data): 2.468 (0.002)] l_pix: 2.7931e-02 
2025-11-22 11:46:33,008 INFO: [IART_..][epoch:  0, iter:     854, lr:(1.964e-04,2.456e-05,)] [eta: 6:20:08, time (data): 2.469 (0.002)] l_pix: 3.0711e-02 
2025-11-22 11:46:35,441 INFO: [IART_..][epoch:  0, iter:     855, lr:(1.964e-04,2.455e-05,)] [eta: 6:20:04, time (data): 2.468 (0.002)] l_pix: 2.5263e-02 
2025-11-22 11:46:38,079 INFO: [IART_..][epoch:  0, iter:     856, lr:(1.964e-04,2.455e-05,)] [eta: 6:20:04, time (data): 2.471 (0.002)] l_pix: 1.9937e-02 
2025-11-22 11:46:40,545 INFO: [IART_..][epoch:  0, iter:     857, lr:(1.964e-04,2.455e-05,)] [eta: 6:20:01, time (data): 2.471 (0.002)] l_pix: 2.4049e-02 
2025-11-22 11:46:42,957 INFO: [IART_..][epoch:  0, iter:     858, lr:(1.964e-04,2.455e-05,)] [eta: 6:19:57, time (data): 2.470 (0.002)] l_pix: 3.1973e-02 
2025-11-22 11:46:45,371 INFO: [IART_..][epoch:  0, iter:     859, lr:(1.964e-04,2.455e-05,)] [eta: 6:19:54, time (data): 2.469 (0.002)] l_pix: 2.3220e-02 
2025-11-22 11:46:47,826 INFO: [IART_..][epoch:  0, iter:     860, lr:(1.964e-04,2.455e-05,)] [eta: 6:19:51, time (data): 2.469 (0.002)] l_pix: 1.3580e-02 
2025-11-22 11:46:50,247 INFO: [IART_..][epoch:  0, iter:     861, lr:(1.964e-04,2.455e-05,)] [eta: 6:19:48, time (data): 2.468 (0.002)] l_pix: 3.2437e-02 
2025-11-22 11:46:52,717 INFO: [IART_..][epoch:  0, iter:     862, lr:(1.964e-04,2.455e-05,)] [eta: 6:19:45, time (data): 2.468 (0.002)] l_pix: 4.4619e-02 
2025-11-22 11:46:55,210 INFO: [IART_..][epoch:  0, iter:     863, lr:(1.964e-04,2.455e-05,)] [eta: 6:19:43, time (data): 2.468 (0.002)] l_pix: 2.3430e-02 
2025-11-22 11:46:57,660 INFO: [IART_..][epoch:  0, iter:     864, lr:(1.963e-04,2.455e-05,)] [eta: 6:19:40, time (data): 2.468 (0.002)] l_pix: 3.1111e-02 
2025-11-22 11:47:00,115 INFO: [IART_..][epoch:  0, iter:     865, lr:(1.963e-04,2.454e-05,)] [eta: 6:19:37, time (data): 2.468 (0.002)] l_pix: 3.5244e-02 
2025-11-22 11:47:02,495 INFO: [IART_..][epoch:  0, iter:     866, lr:(1.963e-04,2.454e-05,)] [eta: 6:19:33, time (data): 2.466 (0.002)] l_pix: 4.5378e-02 
2025-11-22 11:47:04,956 INFO: [IART_..][epoch:  0, iter:     867, lr:(1.963e-04,2.454e-05,)] [eta: 6:19:30, time (data): 2.466 (0.002)] l_pix: 2.1103e-02 
2025-11-22 11:47:07,554 INFO: [IART_..][epoch:  0, iter:     868, lr:(1.963e-04,2.454e-05,)] [eta: 6:19:29, time (data): 2.468 (0.002)] l_pix: 2.2144e-02 
2025-11-22 11:47:09,951 INFO: [IART_..][epoch:  0, iter:     869, lr:(1.963e-04,2.454e-05,)] [eta: 6:19:25, time (data): 2.467 (0.002)] l_pix: 2.7349e-02 
2025-11-22 11:47:12,434 INFO: [IART_..][epoch:  0, iter:     870, lr:(1.963e-04,2.454e-05,)] [eta: 6:19:23, time (data): 2.468 (0.002)] l_pix: 2.6961e-02 
2025-11-22 11:47:14,901 INFO: [IART_..][epoch:  0, iter:     871, lr:(1.963e-04,2.454e-05,)] [eta: 6:19:20, time (data): 2.468 (0.002)] l_pix: 1.4879e-02 
2025-11-22 11:47:17,404 INFO: [IART_..][epoch:  0, iter:     872, lr:(1.963e-04,2.454e-05,)] [eta: 6:19:18, time (data): 2.468 (0.002)] l_pix: 1.4644e-02 
2025-11-22 11:47:19,868 INFO: [IART_..][epoch:  0, iter:     873, lr:(1.963e-04,2.454e-05,)] [eta: 6:19:15, time (data): 2.468 (0.002)] l_pix: 2.6618e-02 
2025-11-22 11:47:22,336 INFO: [IART_..][epoch:  0, iter:     874, lr:(1.963e-04,2.453e-05,)] [eta: 6:19:12, time (data): 2.468 (0.002)] l_pix: 3.2522e-02 
2025-11-22 11:47:24,908 INFO: [IART_..][epoch:  0, iter:     875, lr:(1.963e-04,2.453e-05,)] [eta: 6:19:10, time (data): 2.469 (0.002)] l_pix: 2.9438e-02 
2025-11-22 11:47:27,376 INFO: [IART_..][epoch:  0, iter:     876, lr:(1.962e-04,2.453e-05,)] [eta: 6:19:08, time (data): 2.469 (0.002)] l_pix: 3.2504e-02 
2025-11-22 11:47:29,893 INFO: [IART_..][epoch:  0, iter:     877, lr:(1.962e-04,2.453e-05,)] [eta: 6:19:05, time (data): 2.470 (0.002)] l_pix: 2.9123e-02 
2025-11-22 11:47:32,327 INFO: [IART_..][epoch:  0, iter:     878, lr:(1.962e-04,2.453e-05,)] [eta: 6:19:02, time (data): 2.470 (0.002)] l_pix: 2.3968e-02 
2025-11-22 11:47:34,750 INFO: [IART_..][epoch:  0, iter:     879, lr:(1.962e-04,2.453e-05,)] [eta: 6:18:59, time (data): 2.469 (0.002)] l_pix: 2.8164e-02 
2025-11-22 11:47:37,207 INFO: [IART_..][epoch:  0, iter:     880, lr:(1.962e-04,2.453e-05,)] [eta: 6:18:56, time (data): 2.469 (0.002)] l_pix: 2.3129e-02 
2025-11-22 11:47:39,681 INFO: [IART_..][epoch:  0, iter:     881, lr:(1.962e-04,2.453e-05,)] [eta: 6:18:53, time (data): 2.469 (0.002)] l_pix: 1.6226e-02 
2025-11-22 11:47:42,172 INFO: [IART_..][epoch:  0, iter:     882, lr:(1.962e-04,2.453e-05,)] [eta: 6:18:51, time (data): 2.469 (0.002)] l_pix: 4.5886e-02 
2025-11-22 11:47:44,744 INFO: [IART_..][epoch:  0, iter:     883, lr:(1.962e-04,2.453e-05,)] [eta: 6:18:49, time (data): 2.470 (0.002)] l_pix: 4.5294e-02 
2025-11-22 11:47:47,248 INFO: [IART_..][epoch:  0, iter:     884, lr:(1.962e-04,2.452e-05,)] [eta: 6:18:47, time (data): 2.471 (0.002)] l_pix: 2.7275e-02 
2025-11-22 11:47:49,676 INFO: [IART_..][epoch:  0, iter:     885, lr:(1.962e-04,2.452e-05,)] [eta: 6:18:44, time (data): 2.470 (0.002)] l_pix: 5.7153e-02 
2025-11-22 11:47:52,089 INFO: [IART_..][epoch:  0, iter:     886, lr:(1.962e-04,2.452e-05,)] [eta: 6:18:40, time (data): 2.470 (0.002)] l_pix: 2.2574e-02 
2025-11-22 11:47:54,529 INFO: [IART_..][epoch:  0, iter:     887, lr:(1.962e-04,2.452e-05,)] [eta: 6:18:37, time (data): 2.469 (0.002)] l_pix: 3.8508e-02 
2025-11-22 11:47:57,104 INFO: [IART_..][epoch:  0, iter:     888, lr:(1.961e-04,2.452e-05,)] [eta: 6:18:36, time (data): 2.471 (0.002)] l_pix: 3.9064e-02 
2025-11-22 11:47:59,607 INFO: [IART_..][epoch:  0, iter:     889, lr:(1.961e-04,2.452e-05,)] [eta: 6:18:33, time (data): 2.471 (0.002)] l_pix: 2.9080e-02 
2025-11-22 11:48:02,167 INFO: [IART_..][epoch:  0, iter:     890, lr:(1.961e-04,2.452e-05,)] [eta: 6:18:31, time (data): 2.472 (0.002)] l_pix: 3.6599e-02 
2025-11-22 11:48:04,587 INFO: [IART_..][epoch:  0, iter:     891, lr:(1.961e-04,2.452e-05,)] [eta: 6:18:28, time (data): 2.471 (0.002)] l_pix: 2.2382e-02 
2025-11-22 11:48:07,115 INFO: [IART_..][epoch:  0, iter:     892, lr:(1.961e-04,2.452e-05,)] [eta: 6:18:26, time (data): 2.472 (0.002)] l_pix: 2.8529e-02 
2025-11-22 11:48:09,560 INFO: [IART_..][epoch:  0, iter:     893, lr:(1.961e-04,2.451e-05,)] [eta: 6:18:23, time (data): 2.472 (0.002)] l_pix: 4.1191e-02 
2025-11-22 11:48:12,043 INFO: [IART_..][epoch:  0, iter:     894, lr:(1.961e-04,2.451e-05,)] [eta: 6:18:20, time (data): 2.472 (0.002)] l_pix: 3.0779e-02 
2025-11-22 11:48:14,581 INFO: [IART_..][epoch:  0, iter:     895, lr:(1.961e-04,2.451e-05,)] [eta: 6:18:18, time (data): 2.472 (0.002)] l_pix: 3.1557e-02 
2025-11-22 11:48:17,063 INFO: [IART_..][epoch:  0, iter:     896, lr:(1.961e-04,2.451e-05,)] [eta: 6:18:16, time (data): 2.473 (0.002)] l_pix: 3.2723e-02 
2025-11-22 11:48:19,460 INFO: [IART_..][epoch:  0, iter:     897, lr:(1.961e-04,2.451e-05,)] [eta: 6:18:12, time (data): 2.472 (0.002)] l_pix: 3.5696e-02 
2025-11-22 11:48:21,944 INFO: [IART_..][epoch:  0, iter:     898, lr:(1.961e-04,2.451e-05,)] [eta: 6:18:10, time (data): 2.472 (0.002)] l_pix: 2.9496e-02 
2025-11-22 11:48:24,432 INFO: [IART_..][epoch:  0, iter:     899, lr:(1.960e-04,2.451e-05,)] [eta: 6:18:07, time (data): 2.472 (0.002)] l_pix: 1.6739e-02 
2025-11-22 11:48:26,867 INFO: [IART_..][epoch:  0, iter:     900, lr:(1.960e-04,2.451e-05,)] [eta: 6:18:04, time (data): 2.472 (0.002)] l_pix: 2.7130e-02 
2025-11-22 11:48:29,256 INFO: [IART_..][epoch:  0, iter:     901, lr:(1.960e-04,2.451e-05,)] [eta: 6:18:01, time (data): 2.471 (0.002)] l_pix: 2.6424e-02 
2025-11-22 11:48:31,702 INFO: [IART_..][epoch:  0, iter:     902, lr:(1.960e-04,2.450e-05,)] [eta: 6:17:58, time (data): 2.471 (0.002)] l_pix: 3.2703e-02 
2025-11-22 11:48:34,154 INFO: [IART_..][epoch:  0, iter:     903, lr:(1.960e-04,2.450e-05,)] [eta: 6:17:55, time (data): 2.470 (0.002)] l_pix: 3.3191e-02 
2025-11-22 11:48:36,596 INFO: [IART_..][epoch:  0, iter:     904, lr:(1.960e-04,2.450e-05,)] [eta: 6:17:52, time (data): 2.470 (0.002)] l_pix: 2.1879e-02 
2025-11-22 11:48:39,081 INFO: [IART_..][epoch:  0, iter:     905, lr:(1.960e-04,2.450e-05,)] [eta: 6:17:49, time (data): 2.470 (0.002)] l_pix: 2.7732e-02 
2025-11-22 11:48:41,533 INFO: [IART_..][epoch:  0, iter:     906, lr:(1.960e-04,2.450e-05,)] [eta: 6:17:46, time (data): 2.470 (0.002)] l_pix: 1.3842e-02 
2025-11-22 11:48:44,052 INFO: [IART_..][epoch:  0, iter:     907, lr:(1.960e-04,2.450e-05,)] [eta: 6:17:44, time (data): 2.471 (0.002)] l_pix: 2.9648e-02 
2025-11-22 11:48:46,489 INFO: [IART_..][epoch:  0, iter:     908, lr:(1.960e-04,2.450e-05,)] [eta: 6:17:41, time (data): 2.470 (0.002)] l_pix: 9.8633e-03 
2025-11-22 11:48:48,950 INFO: [IART_..][epoch:  0, iter:     909, lr:(1.960e-04,2.450e-05,)] [eta: 6:17:38, time (data): 2.470 (0.002)] l_pix: 2.4913e-02 
2025-11-22 11:48:51,400 INFO: [IART_..][epoch:  0, iter:     910, lr:(1.960e-04,2.450e-05,)] [eta: 6:17:35, time (data): 2.470 (0.002)] l_pix: 2.4535e-02 
2025-11-22 11:48:53,908 INFO: [IART_..][epoch:  0, iter:     911, lr:(1.959e-04,2.449e-05,)] [eta: 6:17:33, time (data): 2.470 (0.002)] l_pix: 2.7518e-02 
2025-11-22 11:48:56,356 INFO: [IART_..][epoch:  0, iter:     912, lr:(1.959e-04,2.449e-05,)] [eta: 6:17:30, time (data): 2.470 (0.002)] l_pix: 3.7008e-02 
2025-11-22 11:48:58,793 INFO: [IART_..][epoch:  0, iter:     913, lr:(1.959e-04,2.449e-05,)] [eta: 6:17:27, time (data): 2.470 (0.002)] l_pix: 3.2118e-02 
2025-11-22 11:49:01,253 INFO: [IART_..][epoch:  0, iter:     914, lr:(1.959e-04,2.449e-05,)] [eta: 6:17:24, time (data): 2.470 (0.002)] l_pix: 1.5068e-02 
2025-11-22 11:49:03,685 INFO: [IART_..][epoch:  0, iter:     915, lr:(1.959e-04,2.449e-05,)] [eta: 6:17:21, time (data): 2.469 (0.002)] l_pix: 1.8829e-02 
2025-11-22 11:49:06,150 INFO: [IART_..][epoch:  0, iter:     916, lr:(1.959e-04,2.449e-05,)] [eta: 6:17:18, time (data): 2.469 (0.002)] l_pix: 2.5663e-02 
2025-11-22 11:49:08,565 INFO: [IART_..][epoch:  0, iter:     917, lr:(1.959e-04,2.449e-05,)] [eta: 6:17:15, time (data): 2.469 (0.002)] l_pix: 4.7040e-02 
2025-11-22 11:49:11,073 INFO: [IART_..][epoch:  0, iter:     918, lr:(1.959e-04,2.449e-05,)] [eta: 6:17:13, time (data): 2.469 (0.002)] l_pix: 1.1245e-02 
2025-11-22 11:49:13,576 INFO: [IART_..][epoch:  0, iter:     919, lr:(1.959e-04,2.449e-05,)] [eta: 6:17:10, time (data): 2.469 (0.002)] l_pix: 2.9871e-02 
2025-11-22 11:49:16,035 INFO: [IART_..][epoch:  0, iter:     920, lr:(1.959e-04,2.448e-05,)] [eta: 6:17:07, time (data): 2.469 (0.002)] l_pix: 1.6473e-02 
2025-11-22 11:49:18,494 INFO: [IART_..][epoch:  0, iter:     921, lr:(1.959e-04,2.448e-05,)] [eta: 6:17:05, time (data): 2.469 (0.002)] l_pix: 3.8311e-02 
2025-11-22 11:49:21,049 INFO: [IART_..][epoch:  0, iter:     922, lr:(1.958e-04,2.448e-05,)] [eta: 6:17:03, time (data): 2.470 (0.002)] l_pix: 2.4059e-02 
2025-11-22 11:49:23,552 INFO: [IART_..][epoch:  0, iter:     923, lr:(1.958e-04,2.448e-05,)] [eta: 6:17:00, time (data): 2.470 (0.002)] l_pix: 4.5055e-02 
2025-11-22 11:49:26,068 INFO: [IART_..][epoch:  0, iter:     924, lr:(1.958e-04,2.448e-05,)] [eta: 6:16:58, time (data): 2.471 (0.002)] l_pix: 2.5853e-02 
2025-11-22 11:49:28,655 INFO: [IART_..][epoch:  0, iter:     925, lr:(1.958e-04,2.448e-05,)] [eta: 6:16:57, time (data): 2.472 (0.002)] l_pix: 2.8638e-02 
2025-11-22 11:49:31,226 INFO: [IART_..][epoch:  0, iter:     926, lr:(1.958e-04,2.448e-05,)] [eta: 6:16:55, time (data): 2.472 (0.002)] l_pix: 4.4938e-02 
2025-11-22 11:49:33,735 INFO: [IART_..][epoch:  0, iter:     927, lr:(1.958e-04,2.448e-05,)] [eta: 6:16:52, time (data): 2.473 (0.002)] l_pix: 1.6481e-02 
2025-11-22 11:49:36,183 INFO: [IART_..][epoch:  0, iter:     928, lr:(1.958e-04,2.448e-05,)] [eta: 6:16:50, time (data): 2.473 (0.002)] l_pix: 4.7294e-02 
2025-11-22 11:49:38,674 INFO: [IART_..][epoch:  0, iter:     929, lr:(1.958e-04,2.447e-05,)] [eta: 6:16:47, time (data): 2.473 (0.002)] l_pix: 3.3116e-02 
2025-11-22 11:49:41,261 INFO: [IART_..][epoch:  0, iter:     930, lr:(1.958e-04,2.447e-05,)] [eta: 6:16:45, time (data): 2.474 (0.002)] l_pix: 3.4507e-02 
2025-11-22 11:49:43,769 INFO: [IART_..][epoch:  0, iter:     931, lr:(1.958e-04,2.447e-05,)] [eta: 6:16:43, time (data): 2.474 (0.002)] l_pix: 2.1740e-02 
2025-11-22 11:49:46,218 INFO: [IART_..][epoch:  0, iter:     932, lr:(1.958e-04,2.447e-05,)] [eta: 6:16:40, time (data): 2.474 (0.002)] l_pix: 2.6324e-02 
2025-11-22 11:49:48,679 INFO: [IART_..][epoch:  0, iter:     933, lr:(1.957e-04,2.447e-05,)] [eta: 6:16:37, time (data): 2.474 (0.002)] l_pix: 2.8487e-02 
2025-11-22 11:49:51,115 INFO: [IART_..][epoch:  0, iter:     934, lr:(1.957e-04,2.447e-05,)] [eta: 6:16:34, time (data): 2.473 (0.002)] l_pix: 1.3225e-02 
2025-11-22 11:49:53,591 INFO: [IART_..][epoch:  0, iter:     935, lr:(1.957e-04,2.447e-05,)] [eta: 6:16:32, time (data): 2.473 (0.002)] l_pix: 2.2103e-02 
2025-11-22 11:49:56,079 INFO: [IART_..][epoch:  0, iter:     936, lr:(1.957e-04,2.447e-05,)] [eta: 6:16:29, time (data): 2.473 (0.002)] l_pix: 2.9169e-02 
2025-11-22 11:49:58,482 INFO: [IART_..][epoch:  0, iter:     937, lr:(1.957e-04,2.447e-05,)] [eta: 6:16:26, time (data): 2.473 (0.002)] l_pix: 1.9532e-02 
2025-11-22 11:50:00,973 INFO: [IART_..][epoch:  0, iter:     938, lr:(1.957e-04,2.446e-05,)] [eta: 6:16:23, time (data): 2.473 (0.002)] l_pix: 2.8870e-02 
2025-11-22 11:50:03,468 INFO: [IART_..][epoch:  0, iter:     939, lr:(1.957e-04,2.446e-05,)] [eta: 6:16:21, time (data): 2.473 (0.002)] l_pix: 2.7353e-02 
2025-11-22 11:50:05,900 INFO: [IART_..][epoch:  0, iter:     940, lr:(1.957e-04,2.446e-05,)] [eta: 6:16:18, time (data): 2.473 (0.002)] l_pix: 2.5060e-02 
2025-11-22 11:50:08,406 INFO: [IART_..][epoch:  0, iter:     941, lr:(1.957e-04,2.446e-05,)] [eta: 6:16:15, time (data): 2.473 (0.002)] l_pix: 3.0510e-02 
2025-11-22 11:50:10,833 INFO: [IART_..][epoch:  0, iter:     942, lr:(1.957e-04,2.446e-05,)] [eta: 6:16:12, time (data): 2.473 (0.002)] l_pix: 2.9991e-02 
2025-11-22 11:50:13,299 INFO: [IART_..][epoch:  0, iter:     943, lr:(1.957e-04,2.446e-05,)] [eta: 6:16:10, time (data): 2.473 (0.002)] l_pix: 5.5764e-02 
2025-11-22 11:50:15,757 INFO: [IART_..][epoch:  0, iter:     944, lr:(1.956e-04,2.446e-05,)] [eta: 6:16:07, time (data): 2.473 (0.002)] l_pix: 2.2578e-02 
2025-11-22 11:50:18,197 INFO: [IART_..][epoch:  0, iter:     945, lr:(1.956e-04,2.446e-05,)] [eta: 6:16:04, time (data): 2.472 (0.002)] l_pix: 3.7672e-02 
2025-11-22 11:50:20,650 INFO: [IART_..][epoch:  0, iter:     946, lr:(1.956e-04,2.446e-05,)] [eta: 6:16:01, time (data): 2.472 (0.002)] l_pix: 2.5781e-02 
2025-11-22 11:50:23,175 INFO: [IART_..][epoch:  0, iter:     947, lr:(1.956e-04,2.445e-05,)] [eta: 6:15:59, time (data): 2.473 (0.002)] l_pix: 4.4324e-02 
2025-11-22 11:50:25,761 INFO: [IART_..][epoch:  0, iter:     948, lr:(1.956e-04,2.445e-05,)] [eta: 6:15:57, time (data): 2.473 (0.002)] l_pix: 2.4571e-02 
2025-11-22 11:50:28,210 INFO: [IART_..][epoch:  0, iter:     949, lr:(1.956e-04,2.445e-05,)] [eta: 6:15:54, time (data): 2.473 (0.002)] l_pix: 1.3854e-02 
2025-11-22 11:50:30,798 INFO: [IART_..][epoch:  0, iter:     950, lr:(1.956e-04,2.445e-05,)] [eta: 6:15:53, time (data): 2.474 (0.002)] l_pix: 1.8333e-02 
2025-11-22 11:50:33,307 INFO: [IART_..][epoch:  0, iter:     951, lr:(1.956e-04,2.445e-05,)] [eta: 6:15:50, time (data): 2.474 (0.002)] l_pix: 1.7928e-02 
2025-11-22 11:50:35,787 INFO: [IART_..][epoch:  0, iter:     952, lr:(1.956e-04,2.445e-05,)] [eta: 6:15:48, time (data): 2.474 (0.001)] l_pix: 2.0939e-02 
2025-11-22 11:50:38,317 INFO: [IART_..][epoch:  0, iter:     953, lr:(1.956e-04,2.445e-05,)] [eta: 6:15:46, time (data): 2.475 (0.001)] l_pix: 3.3435e-02 
2025-11-22 11:50:40,794 INFO: [IART_..][epoch:  0, iter:     954, lr:(1.956e-04,2.445e-05,)] [eta: 6:15:43, time (data): 2.475 (0.001)] l_pix: 2.6201e-02 
2025-11-22 11:50:43,223 INFO: [IART_..][epoch:  0, iter:     955, lr:(1.955e-04,2.445e-05,)] [eta: 6:15:40, time (data): 2.474 (0.002)] l_pix: 3.2788e-02 
2025-11-22 11:50:45,671 INFO: [IART_..][epoch:  0, iter:     956, lr:(1.955e-04,2.444e-05,)] [eta: 6:15:37, time (data): 2.474 (0.002)] l_pix: 2.8838e-02 
2025-11-22 11:50:48,087 INFO: [IART_..][epoch:  0, iter:     957, lr:(1.955e-04,2.444e-05,)] [eta: 6:15:34, time (data): 2.474 (0.002)] l_pix: 3.1167e-02 
2025-11-22 11:50:50,486 INFO: [IART_..][epoch:  0, iter:     958, lr:(1.955e-04,2.444e-05,)] [eta: 6:15:30, time (data): 2.473 (0.002)] l_pix: 3.3086e-02 
2025-11-22 11:50:52,980 INFO: [IART_..][epoch:  0, iter:     959, lr:(1.955e-04,2.444e-05,)] [eta: 6:15:28, time (data): 2.473 (0.002)] l_pix: 2.2054e-02 
2025-11-22 11:50:55,550 INFO: [IART_..][epoch:  0, iter:     960, lr:(1.955e-04,2.444e-05,)] [eta: 6:15:26, time (data): 2.474 (0.002)] l_pix: 3.1990e-02 
2025-11-22 11:50:58,021 INFO: [IART_..][epoch:  0, iter:     961, lr:(1.955e-04,2.444e-05,)] [eta: 6:15:23, time (data): 2.474 (0.002)] l_pix: 9.4792e-03 
2025-11-22 11:51:00,475 INFO: [IART_..][epoch:  0, iter:     962, lr:(1.955e-04,2.444e-05,)] [eta: 6:15:21, time (data): 2.474 (0.002)] l_pix: 3.4910e-02 
2025-11-22 11:51:02,942 INFO: [IART_..][epoch:  0, iter:     963, lr:(1.955e-04,2.444e-05,)] [eta: 6:15:18, time (data): 2.474 (0.002)] l_pix: 3.2947e-02 
2025-11-22 11:51:05,412 INFO: [IART_..][epoch:  0, iter:     964, lr:(1.955e-04,2.443e-05,)] [eta: 6:15:15, time (data): 2.474 (0.002)] l_pix: 3.2721e-02 
2025-11-22 11:51:07,869 INFO: [IART_..][epoch:  0, iter:     965, lr:(1.955e-04,2.443e-05,)] [eta: 6:15:12, time (data): 2.474 (0.002)] l_pix: 2.8065e-02 
2025-11-22 11:51:10,417 INFO: [IART_..][epoch:  0, iter:     966, lr:(1.954e-04,2.443e-05,)] [eta: 6:15:10, time (data): 2.474 (0.002)] l_pix: 2.7126e-02 
2025-11-22 11:51:12,959 INFO: [IART_..][epoch:  0, iter:     967, lr:(1.954e-04,2.443e-05,)] [eta: 6:15:08, time (data): 2.475 (0.002)] l_pix: 2.4340e-02 
2025-11-22 11:51:15,435 INFO: [IART_..][epoch:  0, iter:     968, lr:(1.954e-04,2.443e-05,)] [eta: 6:15:06, time (data): 2.475 (0.002)] l_pix: 2.7995e-02 
2025-11-22 11:51:17,930 INFO: [IART_..][epoch:  0, iter:     969, lr:(1.954e-04,2.443e-05,)] [eta: 6:15:03, time (data): 2.475 (0.002)] l_pix: 2.2225e-02 
2025-11-22 11:51:20,408 INFO: [IART_..][epoch:  0, iter:     970, lr:(1.954e-04,2.443e-05,)] [eta: 6:15:01, time (data): 2.475 (0.002)] l_pix: 2.9555e-02 
2025-11-22 11:51:22,939 INFO: [IART_..][epoch:  0, iter:     971, lr:(1.954e-04,2.443e-05,)] [eta: 6:14:58, time (data): 2.475 (0.002)] l_pix: 4.5269e-02 
2025-11-22 11:51:25,436 INFO: [IART_..][epoch:  0, iter:     972, lr:(1.954e-04,2.443e-05,)] [eta: 6:14:56, time (data): 2.475 (0.002)] l_pix: 3.4037e-02 
2025-11-22 11:51:27,998 INFO: [IART_..][epoch:  0, iter:     973, lr:(1.954e-04,2.442e-05,)] [eta: 6:14:54, time (data): 2.476 (0.002)] l_pix: 1.5590e-02 
2025-11-22 11:51:30,494 INFO: [IART_..][epoch:  0, iter:     974, lr:(1.954e-04,2.442e-05,)] [eta: 6:14:52, time (data): 2.476 (0.002)] l_pix: 2.5352e-02 
2025-11-22 11:51:32,944 INFO: [IART_..][epoch:  0, iter:     975, lr:(1.954e-04,2.442e-05,)] [eta: 6:14:49, time (data): 2.476 (0.002)] l_pix: 2.9523e-02 
2025-11-22 11:51:35,474 INFO: [IART_..][epoch:  0, iter:     976, lr:(1.953e-04,2.442e-05,)] [eta: 6:14:47, time (data): 2.476 (0.002)] l_pix: 2.7281e-02 
2025-11-22 11:51:37,954 INFO: [IART_..][epoch:  0, iter:     977, lr:(1.953e-04,2.442e-05,)] [eta: 6:14:44, time (data): 2.476 (0.001)] l_pix: 3.0476e-02 
2025-11-22 11:51:40,484 INFO: [IART_..][epoch:  0, iter:     978, lr:(1.953e-04,2.442e-05,)] [eta: 6:14:42, time (data): 2.476 (0.001)] l_pix: 3.2856e-02 
2025-11-22 11:51:42,904 INFO: [IART_..][epoch:  0, iter:     979, lr:(1.953e-04,2.442e-05,)] [eta: 6:14:39, time (data): 2.476 (0.001)] l_pix: 1.9073e-02 
2025-11-22 11:51:45,465 INFO: [IART_..][epoch:  0, iter:     980, lr:(1.953e-04,2.442e-05,)] [eta: 6:14:37, time (data): 2.477 (0.001)] l_pix: 3.3438e-02 
2025-11-22 11:51:47,931 INFO: [IART_..][epoch:  0, iter:     981, lr:(1.953e-04,2.441e-05,)] [eta: 6:14:34, time (data): 2.476 (0.001)] l_pix: 2.2709e-02 
2025-11-22 11:51:50,512 INFO: [IART_..][epoch:  0, iter:     982, lr:(1.953e-04,2.441e-05,)] [eta: 6:14:32, time (data): 2.477 (0.002)] l_pix: 2.6411e-02 
2025-11-22 11:51:52,975 INFO: [IART_..][epoch:  0, iter:     983, lr:(1.953e-04,2.441e-05,)] [eta: 6:14:30, time (data): 2.477 (0.001)] l_pix: 2.3218e-02 
2025-11-22 11:51:55,395 INFO: [IART_..][epoch:  0, iter:     984, lr:(1.953e-04,2.441e-05,)] [eta: 6:14:27, time (data): 2.477 (0.001)] l_pix: 4.7121e-02 
2025-11-22 11:51:57,887 INFO: [IART_..][epoch:  0, iter:     985, lr:(1.953e-04,2.441e-05,)] [eta: 6:14:24, time (data): 2.477 (0.002)] l_pix: 1.5736e-02 
2025-11-22 11:52:00,459 INFO: [IART_..][epoch:  0, iter:     986, lr:(1.953e-04,2.441e-05,)] [eta: 6:14:22, time (data): 2.477 (0.002)] l_pix: 3.8245e-02 
2025-11-22 11:52:03,106 INFO: [IART_..][epoch:  0, iter:     987, lr:(1.952e-04,2.441e-05,)] [eta: 6:14:21, time (data): 2.478 (0.002)] l_pix: 1.3443e-02 
2025-11-22 11:52:05,493 INFO: [IART_..][epoch:  0, iter:     988, lr:(1.952e-04,2.441e-05,)] [eta: 6:14:18, time (data): 2.478 (0.002)] l_pix: 1.9644e-02 
2025-11-22 11:52:08,064 INFO: [IART_..][epoch:  0, iter:     989, lr:(1.952e-04,2.441e-05,)] [eta: 6:14:16, time (data): 2.478 (0.002)] l_pix: 3.3783e-02 
2025-11-22 11:52:10,532 INFO: [IART_..][epoch:  0, iter:     990, lr:(1.952e-04,2.440e-05,)] [eta: 6:14:13, time (data): 2.478 (0.002)] l_pix: 3.8126e-02 
2025-11-22 11:52:13,017 INFO: [IART_..][epoch:  0, iter:     991, lr:(1.952e-04,2.440e-05,)] [eta: 6:14:11, time (data): 2.478 (0.002)] l_pix: 1.3110e-02 
2025-11-22 11:52:15,471 INFO: [IART_..][epoch:  0, iter:     992, lr:(1.952e-04,2.440e-05,)] [eta: 6:14:08, time (data): 2.478 (0.002)] l_pix: 3.0589e-02 
2025-11-22 11:52:17,909 INFO: [IART_..][epoch:  0, iter:     993, lr:(1.952e-04,2.440e-05,)] [eta: 6:14:05, time (data): 2.478 (0.002)] l_pix: 2.1182e-02 
2025-11-22 11:52:20,449 INFO: [IART_..][epoch:  0, iter:     994, lr:(1.952e-04,2.440e-05,)] [eta: 6:14:03, time (data): 2.478 (0.002)] l_pix: 2.6428e-02 
2025-11-22 11:52:22,962 INFO: [IART_..][epoch:  0, iter:     995, lr:(1.952e-04,2.440e-05,)] [eta: 6:14:01, time (data): 2.478 (0.002)] l_pix: 4.6119e-02 
2025-11-22 11:52:25,519 INFO: [IART_..][epoch:  0, iter:     996, lr:(1.952e-04,2.440e-05,)] [eta: 6:13:59, time (data): 2.479 (0.002)] l_pix: 3.0939e-02 
2025-11-22 11:52:27,929 INFO: [IART_..][epoch:  0, iter:     997, lr:(1.951e-04,2.440e-05,)] [eta: 6:13:55, time (data): 2.478 (0.002)] l_pix: 2.4881e-02 
2025-11-22 11:52:30,452 INFO: [IART_..][epoch:  0, iter:     998, lr:(1.951e-04,2.439e-05,)] [eta: 6:13:53, time (data): 2.479 (0.002)] l_pix: 4.3166e-02 
2025-11-22 11:52:32,883 INFO: [IART_..][epoch:  0, iter:     999, lr:(1.951e-04,2.439e-05,)] [eta: 6:13:50, time (data): 2.478 (0.002)] l_pix: 3.2913e-02 
2025-11-22 11:52:35,422 INFO: [IART_..][epoch:  0, iter:   1,000, lr:(1.951e-04,2.439e-05,)] [eta: 6:13:48, time (data): 2.479 (0.002)] l_pix: 4.0413e-02 
2025-11-22 11:52:37,866 INFO: [IART_..][epoch:  0, iter:   1,001, lr:(1.951e-04,2.439e-05,)] [eta: 6:13:45, time (data): 2.479 (0.002)] l_pix: 1.8303e-02 
2025-11-22 11:52:40,392 INFO: [IART_..][epoch:  0, iter:   1,002, lr:(1.951e-04,2.439e-05,)] [eta: 6:13:43, time (data): 2.479 (0.002)] l_pix: 3.2433e-02 
2025-11-22 11:52:42,906 INFO: [IART_..][epoch:  0, iter:   1,003, lr:(1.951e-04,2.439e-05,)] [eta: 6:13:41, time (data): 2.479 (0.002)] l_pix: 3.0017e-02 
2025-11-22 11:52:45,334 INFO: [IART_..][epoch:  0, iter:   1,004, lr:(1.951e-04,2.439e-05,)] [eta: 6:13:38, time (data): 2.479 (0.002)] l_pix: 3.6836e-02 
2025-11-22 11:52:47,878 INFO: [IART_..][epoch:  0, iter:   1,005, lr:(1.951e-04,2.439e-05,)] [eta: 6:13:36, time (data): 2.479 (0.002)] l_pix: 2.6292e-02 
2025-11-22 11:52:50,415 INFO: [IART_..][epoch:  0, iter:   1,006, lr:(1.951e-04,2.438e-05,)] [eta: 6:13:33, time (data): 2.538 (0.000)] l_pix: 2.0702e-02 
2025-11-22 11:52:52,942 INFO: [IART_..][epoch:  0, iter:   1,007, lr:(1.950e-04,2.438e-05,)] [eta: 6:13:31, time (data): 2.532 (0.000)] l_pix: 2.2711e-02 
2025-11-22 11:52:55,407 INFO: [IART_..][epoch:  0, iter:   1,008, lr:(1.950e-04,2.438e-05,)] [eta: 6:13:29, time (data): 2.510 (0.000)] l_pix: 2.4007e-02 
2025-11-22 11:52:57,805 INFO: [IART_..][epoch:  0, iter:   1,009, lr:(1.950e-04,2.438e-05,)] [eta: 6:13:25, time (data): 2.482 (0.000)] l_pix: 2.1092e-02 
2025-11-22 11:53:00,240 INFO: [IART_..][epoch:  0, iter:   1,010, lr:(1.950e-04,2.438e-05,)] [eta: 6:13:22, time (data): 2.473 (0.000)] l_pix: 1.8062e-02 
2025-11-22 11:53:02,831 INFO: [IART_..][epoch:  0, iter:   1,011, lr:(1.950e-04,2.438e-05,)] [eta: 6:13:21, time (data): 2.492 (0.000)] l_pix: 3.4776e-02 
2025-11-22 11:53:05,357 INFO: [IART_..][epoch:  0, iter:   1,012, lr:(1.950e-04,2.438e-05,)] [eta: 6:13:18, time (data): 2.497 (0.000)] l_pix: 3.8595e-02 
2025-11-22 11:53:07,883 INFO: [IART_..][epoch:  0, iter:   1,013, lr:(1.950e-04,2.438e-05,)] [eta: 6:13:16, time (data): 2.501 (0.002)] l_pix: 3.8388e-02 
2025-11-22 11:53:10,505 INFO: [IART_..][epoch:  0, iter:   1,014, lr:(1.950e-04,2.437e-05,)] [eta: 6:13:15, time (data): 2.514 (0.002)] l_pix: 2.8272e-02 
2025-11-22 11:53:12,998 INFO: [IART_..][epoch:  0, iter:   1,015, lr:(1.950e-04,2.437e-05,)] [eta: 6:13:12, time (data): 2.512 (0.002)] l_pix: 3.5795e-02 
2025-11-22 11:53:15,547 INFO: [IART_..][epoch:  0, iter:   1,016, lr:(1.950e-04,2.437e-05,)] [eta: 6:13:10, time (data): 2.515 (0.001)] l_pix: 3.1910e-02 
2025-11-22 11:53:18,049 INFO: [IART_..][epoch:  0, iter:   1,017, lr:(1.950e-04,2.437e-05,)] [eta: 6:13:08, time (data): 2.514 (0.001)] l_pix: 3.5442e-02 
2025-11-22 11:53:20,512 INFO: [IART_..][epoch:  0, iter:   1,018, lr:(1.949e-04,2.437e-05,)] [eta: 6:13:05, time (data): 2.510 (0.001)] l_pix: 2.8548e-02 
2025-11-22 11:53:22,962 INFO: [IART_..][epoch:  0, iter:   1,019, lr:(1.949e-04,2.437e-05,)] [eta: 6:13:02, time (data): 2.506 (0.001)] l_pix: 2.4200e-02 
2025-11-22 11:53:25,488 INFO: [IART_..][epoch:  0, iter:   1,020, lr:(1.949e-04,2.437e-05,)] [eta: 6:13:00, time (data): 2.507 (0.001)] l_pix: 1.1982e-02 
2025-11-22 11:53:28,013 INFO: [IART_..][epoch:  0, iter:   1,021, lr:(1.949e-04,2.437e-05,)] [eta: 6:12:58, time (data): 2.508 (0.001)] l_pix: 2.5027e-02 
2025-11-22 11:53:30,502 INFO: [IART_..][epoch:  0, iter:   1,022, lr:(1.949e-04,2.437e-05,)] [eta: 6:12:55, time (data): 2.507 (0.001)] l_pix: 3.7432e-02 
2025-11-22 11:53:33,036 INFO: [IART_..][epoch:  0, iter:   1,023, lr:(1.949e-04,2.436e-05,)] [eta: 6:12:53, time (data): 2.509 (0.001)] l_pix: 3.8279e-02 
2025-11-22 11:53:35,483 INFO: [IART_..][epoch:  0, iter:   1,024, lr:(1.949e-04,2.436e-05,)] [eta: 6:12:50, time (data): 2.506 (0.002)] l_pix: 3.6180e-02 
2025-11-22 11:53:37,919 INFO: [IART_..][epoch:  0, iter:   1,025, lr:(1.949e-04,2.436e-05,)] [eta: 6:12:47, time (data): 2.502 (0.002)] l_pix: 3.4570e-02 
2025-11-22 11:53:40,449 INFO: [IART_..][epoch:  0, iter:   1,026, lr:(1.949e-04,2.436e-05,)] [eta: 6:12:45, time (data): 2.503 (0.002)] l_pix: 3.8886e-02 
2025-11-22 11:53:42,914 INFO: [IART_..][epoch:  0, iter:   1,027, lr:(1.949e-04,2.436e-05,)] [eta: 6:12:42, time (data): 2.502 (0.001)] l_pix: 1.4947e-02 
2025-11-22 11:53:45,398 INFO: [IART_..][epoch:  0, iter:   1,028, lr:(1.948e-04,2.436e-05,)] [eta: 6:12:40, time (data): 2.501 (0.001)] l_pix: 3.3378e-02 
2025-11-22 11:53:47,956 INFO: [IART_..][epoch:  0, iter:   1,029, lr:(1.948e-04,2.436e-05,)] [eta: 6:12:38, time (data): 2.503 (0.001)] l_pix: 2.7410e-02 
2025-11-22 11:53:50,576 INFO: [IART_..][epoch:  0, iter:   1,030, lr:(1.948e-04,2.436e-05,)] [eta: 6:12:37, time (data): 2.508 (0.001)] l_pix: 2.3067e-02 
2025-11-22 11:53:53,117 INFO: [IART_..][epoch:  0, iter:   1,031, lr:(1.948e-04,2.435e-05,)] [eta: 6:12:35, time (data): 2.509 (0.001)] l_pix: 3.7559e-02 
2025-11-22 11:53:55,516 INFO: [IART_..][epoch:  0, iter:   1,032, lr:(1.948e-04,2.435e-05,)] [eta: 6:12:31, time (data): 2.505 (0.001)] l_pix: 3.7127e-02 
2025-11-22 11:53:57,962 INFO: [IART_..][epoch:  0, iter:   1,033, lr:(1.948e-04,2.435e-05,)] [eta: 6:12:28, time (data): 2.503 (0.001)] l_pix: 5.2582e-02 
2025-11-22 11:54:00,435 INFO: [IART_..][epoch:  0, iter:   1,034, lr:(1.948e-04,2.435e-05,)] [eta: 6:12:26, time (data): 2.502 (0.001)] l_pix: 3.0942e-02 
2025-11-22 11:54:03,038 INFO: [IART_..][epoch:  0, iter:   1,035, lr:(1.948e-04,2.435e-05,)] [eta: 6:12:24, time (data): 2.505 (0.001)] l_pix: 1.8677e-02 
2025-11-22 11:54:05,508 INFO: [IART_..][epoch:  0, iter:   1,036, lr:(1.948e-04,2.435e-05,)] [eta: 6:12:21, time (data): 2.504 (0.001)] l_pix: 3.5035e-02 
2025-11-22 11:54:08,070 INFO: [IART_..][epoch:  0, iter:   1,037, lr:(1.948e-04,2.435e-05,)] [eta: 6:12:20, time (data): 2.506 (0.001)] l_pix: 2.6668e-02 
2025-11-22 11:54:10,586 INFO: [IART_..][epoch:  0, iter:   1,038, lr:(1.947e-04,2.435e-05,)] [eta: 6:12:17, time (data): 2.506 (0.001)] l_pix: 2.7187e-02 
2025-11-22 11:54:13,050 INFO: [IART_..][epoch:  0, iter:   1,039, lr:(1.947e-04,2.434e-05,)] [eta: 6:12:15, time (data): 2.505 (0.001)] l_pix: 1.6674e-02 
2025-11-22 11:54:15,563 INFO: [IART_..][epoch:  0, iter:   1,040, lr:(1.947e-04,2.434e-05,)] [eta: 6:12:12, time (data): 2.505 (0.001)] l_pix: 4.1556e-02 
2025-11-22 11:54:17,978 INFO: [IART_..][epoch:  0, iter:   1,041, lr:(1.947e-04,2.434e-05,)] [eta: 6:12:09, time (data): 2.503 (0.001)] l_pix: 3.1026e-02 
2025-11-22 11:54:20,489 INFO: [IART_..][epoch:  0, iter:   1,042, lr:(1.947e-04,2.434e-05,)] [eta: 6:12:07, time (data): 2.503 (0.001)] l_pix: 3.0829e-02 
2025-11-22 11:54:23,063 INFO: [IART_..][epoch:  0, iter:   1,043, lr:(1.947e-04,2.434e-05,)] [eta: 6:12:05, time (data): 2.505 (0.001)] l_pix: 3.7139e-02 
2025-11-22 11:54:25,511 INFO: [IART_..][epoch:  0, iter:   1,044, lr:(1.947e-04,2.434e-05,)] [eta: 6:12:02, time (data): 2.503 (0.001)] l_pix: 2.6666e-02 
2025-11-22 11:54:27,961 INFO: [IART_..][epoch:  0, iter:   1,045, lr:(1.947e-04,2.434e-05,)] [eta: 6:11:59, time (data): 2.502 (0.001)] l_pix: 2.8666e-02 
2025-11-22 11:54:30,362 INFO: [IART_..][epoch:  0, iter:   1,046, lr:(1.947e-04,2.434e-05,)] [eta: 6:11:56, time (data): 2.500 (0.001)] l_pix: 2.9944e-02 
2025-11-22 11:54:32,746 INFO: [IART_..][epoch:  0, iter:   1,047, lr:(1.947e-04,2.433e-05,)] [eta: 6:11:52, time (data): 2.497 (0.001)] l_pix: 2.5609e-02 
2025-11-22 11:54:35,258 INFO: [IART_..][epoch:  0, iter:   1,048, lr:(1.946e-04,2.433e-05,)] [eta: 6:11:50, time (data): 2.497 (0.001)] l_pix: 1.9209e-02 
2025-11-22 11:54:37,815 INFO: [IART_..][epoch:  0, iter:   1,049, lr:(1.946e-04,2.433e-05,)] [eta: 6:11:48, time (data): 2.498 (0.001)] l_pix: 3.2600e-02 
2025-11-22 11:54:40,425 INFO: [IART_..][epoch:  0, iter:   1,050, lr:(1.946e-04,2.433e-05,)] [eta: 6:11:47, time (data): 2.501 (0.001)] l_pix: 2.6664e-02 
2025-11-22 11:54:43,016 INFO: [IART_..][epoch:  0, iter:   1,051, lr:(1.946e-04,2.433e-05,)] [eta: 6:11:45, time (data): 2.503 (0.001)] l_pix: 2.2303e-02 
2025-11-22 11:54:45,529 INFO: [IART_..][epoch:  0, iter:   1,052, lr:(1.946e-04,2.433e-05,)] [eta: 6:11:43, time (data): 2.503 (0.001)] l_pix: 2.1398e-02 
2025-11-22 11:54:48,070 INFO: [IART_..][epoch:  0, iter:   1,053, lr:(1.946e-04,2.433e-05,)] [eta: 6:11:41, time (data): 2.504 (0.001)] l_pix: 3.1484e-02 
2025-11-22 11:54:50,627 INFO: [IART_..][epoch:  0, iter:   1,054, lr:(1.946e-04,2.432e-05,)] [eta: 6:11:39, time (data): 2.505 (0.001)] l_pix: 1.7654e-02 
2025-11-22 11:54:53,077 INFO: [IART_..][epoch:  0, iter:   1,055, lr:(1.946e-04,2.432e-05,)] [eta: 6:11:36, time (data): 2.504 (0.001)] l_pix: 2.1066e-02 
2025-11-22 11:54:55,588 INFO: [IART_..][epoch:  0, iter:   1,056, lr:(1.946e-04,2.432e-05,)] [eta: 6:11:34, time (data): 2.504 (0.001)] l_pix: 2.8265e-02 
2025-11-22 11:54:58,021 INFO: [IART_..][epoch:  0, iter:   1,057, lr:(1.946e-04,2.432e-05,)] [eta: 6:11:31, time (data): 2.502 (0.001)] l_pix: 4.3174e-02 
2025-11-22 11:55:00,548 INFO: [IART_..][epoch:  0, iter:   1,058, lr:(1.945e-04,2.432e-05,)] [eta: 6:11:28, time (data): 2.503 (0.002)] l_pix: 9.1782e-03 
2025-11-22 11:55:03,104 INFO: [IART_..][epoch:  0, iter:   1,059, lr:(1.945e-04,2.432e-05,)] [eta: 6:11:26, time (data): 2.504 (0.001)] l_pix: 3.2209e-02 
2025-11-22 11:55:05,614 INFO: [IART_..][epoch:  0, iter:   1,060, lr:(1.945e-04,2.432e-05,)] [eta: 6:11:24, time (data): 2.504 (0.001)] l_pix: 2.1809e-02 
2025-11-22 11:55:08,095 INFO: [IART_..][epoch:  0, iter:   1,061, lr:(1.945e-04,2.432e-05,)] [eta: 6:11:21, time (data): 2.504 (0.001)] l_pix: 4.4283e-02 
2025-11-22 11:55:10,540 INFO: [IART_..][epoch:  0, iter:   1,062, lr:(1.945e-04,2.431e-05,)] [eta: 6:11:18, time (data): 2.503 (0.001)] l_pix: 2.7744e-02 
2025-11-22 11:55:12,986 INFO: [IART_..][epoch:  0, iter:   1,063, lr:(1.945e-04,2.431e-05,)] [eta: 6:11:16, time (data): 2.502 (0.001)] l_pix: 2.4776e-02 
2025-11-22 11:55:15,468 INFO: [IART_..][epoch:  0, iter:   1,064, lr:(1.945e-04,2.431e-05,)] [eta: 6:11:13, time (data): 2.501 (0.002)] l_pix: 2.4093e-02 
2025-11-22 11:55:18,028 INFO: [IART_..][epoch:  0, iter:   1,065, lr:(1.945e-04,2.431e-05,)] [eta: 6:11:11, time (data): 2.502 (0.002)] l_pix: 2.4418e-02 
2025-11-22 11:55:20,508 INFO: [IART_..][epoch:  0, iter:   1,066, lr:(1.945e-04,2.431e-05,)] [eta: 6:11:09, time (data): 2.502 (0.002)] l_pix: 2.1784e-02 
2025-11-22 11:55:23,102 INFO: [IART_..][epoch:  0, iter:   1,067, lr:(1.944e-04,2.431e-05,)] [eta: 6:11:07, time (data): 2.503 (0.002)] l_pix: 2.1703e-02 
2025-11-22 11:55:25,614 INFO: [IART_..][epoch:  0, iter:   1,068, lr:(1.944e-04,2.431e-05,)] [eta: 6:11:05, time (data): 2.503 (0.002)] l_pix: 1.6475e-02 
2025-11-22 11:55:28,220 INFO: [IART_..][epoch:  0, iter:   1,069, lr:(1.944e-04,2.431e-05,)] [eta: 6:11:03, time (data): 2.505 (0.001)] l_pix: 1.6568e-02 
2025-11-22 11:55:30,684 INFO: [IART_..][epoch:  0, iter:   1,070, lr:(1.944e-04,2.430e-05,)] [eta: 6:11:00, time (data): 2.504 (0.001)] l_pix: 3.1227e-02 
2025-11-22 11:55:33,208 INFO: [IART_..][epoch:  0, iter:   1,071, lr:(1.944e-04,2.430e-05,)] [eta: 6:10:58, time (data): 2.505 (0.001)] l_pix: 2.5963e-02 
2025-11-22 11:55:35,717 INFO: [IART_..][epoch:  0, iter:   1,072, lr:(1.944e-04,2.430e-05,)] [eta: 6:10:56, time (data): 2.505 (0.001)] l_pix: 3.7024e-02 
2025-11-22 11:55:38,185 INFO: [IART_..][epoch:  0, iter:   1,073, lr:(1.944e-04,2.430e-05,)] [eta: 6:10:53, time (data): 2.504 (0.001)] l_pix: 2.0350e-02 
2025-11-22 11:55:40,679 INFO: [IART_..][epoch:  0, iter:   1,074, lr:(1.944e-04,2.430e-05,)] [eta: 6:10:50, time (data): 2.504 (0.001)] l_pix: 3.9896e-02 
2025-11-22 11:55:43,143 INFO: [IART_..][epoch:  0, iter:   1,075, lr:(1.944e-04,2.430e-05,)] [eta: 6:10:48, time (data): 2.504 (0.001)] l_pix: 3.5147e-02 
2025-11-22 11:55:45,602 INFO: [IART_..][epoch:  0, iter:   1,076, lr:(1.944e-04,2.430e-05,)] [eta: 6:10:45, time (data): 2.503 (0.001)] l_pix: 8.8156e-03 
2025-11-22 11:55:48,157 INFO: [IART_..][epoch:  0, iter:   1,077, lr:(1.943e-04,2.430e-05,)] [eta: 6:10:43, time (data): 2.504 (0.001)] l_pix: 2.3693e-02 
2025-11-22 11:55:50,607 INFO: [IART_..][epoch:  0, iter:   1,078, lr:(1.943e-04,2.429e-05,)] [eta: 6:10:40, time (data): 2.503 (0.001)] l_pix: 3.6104e-02 
2025-11-22 11:55:53,057 INFO: [IART_..][epoch:  0, iter:   1,079, lr:(1.943e-04,2.429e-05,)] [eta: 6:10:37, time (data): 2.502 (0.001)] l_pix: 3.9108e-02 
2025-11-22 11:55:55,555 INFO: [IART_..][epoch:  0, iter:   1,080, lr:(1.943e-04,2.429e-05,)] [eta: 6:10:35, time (data): 2.502 (0.001)] l_pix: 3.4100e-02 
2025-11-22 11:55:57,973 INFO: [IART_..][epoch:  0, iter:   1,081, lr:(1.943e-04,2.429e-05,)] [eta: 6:10:32, time (data): 2.501 (0.001)] l_pix: 2.1216e-02 
2025-11-22 11:56:00,538 INFO: [IART_..][epoch:  0, iter:   1,082, lr:(1.943e-04,2.429e-05,)] [eta: 6:10:30, time (data): 2.502 (0.001)] l_pix: 3.6698e-02 
2025-11-22 11:56:02,978 INFO: [IART_..][epoch:  0, iter:   1,083, lr:(1.943e-04,2.429e-05,)] [eta: 6:10:27, time (data): 2.501 (0.001)] l_pix: 3.1161e-02 
2025-11-22 11:56:05,433 INFO: [IART_..][epoch:  0, iter:   1,084, lr:(1.943e-04,2.429e-05,)] [eta: 6:10:24, time (data): 2.501 (0.001)] l_pix: 2.2284e-02 
2025-11-22 11:56:07,867 INFO: [IART_..][epoch:  0, iter:   1,085, lr:(1.943e-04,2.429e-05,)] [eta: 6:10:21, time (data): 2.500 (0.001)] l_pix: 3.1127e-02 
2025-11-22 11:56:10,426 INFO: [IART_..][epoch:  0, iter:   1,086, lr:(1.942e-04,2.428e-05,)] [eta: 6:10:19, time (data): 2.500 (0.002)] l_pix: 3.0327e-02 
2025-11-22 11:56:12,860 INFO: [IART_..][epoch:  0, iter:   1,087, lr:(1.942e-04,2.428e-05,)] [eta: 6:10:16, time (data): 2.500 (0.002)] l_pix: 1.9806e-02 
2025-11-22 11:56:15,463 INFO: [IART_..][epoch:  0, iter:   1,088, lr:(1.942e-04,2.428e-05,)] [eta: 6:10:15, time (data): 2.501 (0.002)] l_pix: 3.3308e-02 
2025-11-22 11:56:17,996 INFO: [IART_..][epoch:  0, iter:   1,089, lr:(1.942e-04,2.428e-05,)] [eta: 6:10:12, time (data): 2.501 (0.002)] l_pix: 2.5030e-02 
2025-11-22 11:56:20,522 INFO: [IART_..][epoch:  0, iter:   1,090, lr:(1.942e-04,2.428e-05,)] [eta: 6:10:10, time (data): 2.502 (0.002)] l_pix: 6.1659e-03 
2025-11-22 11:56:23,067 INFO: [IART_..][epoch:  0, iter:   1,091, lr:(1.942e-04,2.428e-05,)] [eta: 6:10:08, time (data): 2.502 (0.002)] l_pix: 2.6276e-02 
2025-11-22 11:56:25,589 INFO: [IART_..][epoch:  0, iter:   1,092, lr:(1.942e-04,2.428e-05,)] [eta: 6:10:06, time (data): 2.502 (0.002)] l_pix: 2.0266e-02 
2025-11-22 11:56:28,026 INFO: [IART_..][epoch:  0, iter:   1,093, lr:(1.942e-04,2.427e-05,)] [eta: 6:10:03, time (data): 2.502 (0.002)] l_pix: 4.1371e-02 
2025-11-22 11:56:30,490 INFO: [IART_..][epoch:  0, iter:   1,094, lr:(1.942e-04,2.427e-05,)] [eta: 6:10:00, time (data): 2.501 (0.002)] l_pix: 2.8767e-02 
2025-11-22 11:56:33,080 INFO: [IART_..][epoch:  0, iter:   1,095, lr:(1.942e-04,2.427e-05,)] [eta: 6:09:58, time (data): 2.502 (0.001)] l_pix: 3.1463e-02 
2025-11-22 11:56:35,547 INFO: [IART_..][epoch:  0, iter:   1,096, lr:(1.941e-04,2.427e-05,)] [eta: 6:09:56, time (data): 2.502 (0.001)] l_pix: 2.0437e-02 
2025-11-22 11:56:37,948 INFO: [IART_..][epoch:  0, iter:   1,097, lr:(1.941e-04,2.427e-05,)] [eta: 6:09:53, time (data): 2.501 (0.002)] l_pix: 2.8475e-02 
2025-11-22 11:56:40,414 INFO: [IART_..][epoch:  0, iter:   1,098, lr:(1.941e-04,2.427e-05,)] [eta: 6:09:50, time (data): 2.500 (0.002)] l_pix: 2.7493e-02 
2025-11-22 11:56:42,898 INFO: [IART_..][epoch:  0, iter:   1,099, lr:(1.941e-04,2.427e-05,)] [eta: 6:09:47, time (data): 2.500 (0.002)] l_pix: 2.2331e-02 
2025-11-22 11:56:45,311 INFO: [IART_..][epoch:  0, iter:   1,100, lr:(1.941e-04,2.427e-05,)] [eta: 6:09:44, time (data): 2.499 (0.002)] l_pix: 3.9680e-02 
2025-11-22 11:56:47,901 INFO: [IART_..][epoch:  0, iter:   1,101, lr:(1.941e-04,2.426e-05,)] [eta: 6:09:42, time (data): 2.500 (0.002)] l_pix: 2.4684e-02 
2025-11-22 11:56:50,412 INFO: [IART_..][epoch:  0, iter:   1,102, lr:(1.941e-04,2.426e-05,)] [eta: 6:09:40, time (data): 2.500 (0.002)] l_pix: 2.0840e-02 
2025-11-22 11:56:52,883 INFO: [IART_..][epoch:  0, iter:   1,103, lr:(1.941e-04,2.426e-05,)] [eta: 6:09:37, time (data): 2.500 (0.002)] l_pix: 2.1704e-02 
2025-11-22 11:56:55,329 INFO: [IART_..][epoch:  0, iter:   1,104, lr:(1.941e-04,2.426e-05,)] [eta: 6:09:34, time (data): 2.499 (0.002)] l_pix: 3.4205e-02 
2025-11-22 11:56:58,009 INFO: [IART_..][epoch:  0, iter:   1,105, lr:(1.940e-04,2.426e-05,)] [eta: 6:09:34, time (data): 2.501 (0.002)] l_pix: 2.5804e-02 
2025-11-22 11:57:00,589 INFO: [IART_..][epoch:  0, iter:   1,106, lr:(1.940e-04,2.426e-05,)] [eta: 6:09:32, time (data): 2.502 (0.002)] l_pix: 2.3820e-02 
2025-11-22 11:57:03,039 INFO: [IART_..][epoch:  0, iter:   1,107, lr:(1.940e-04,2.426e-05,)] [eta: 6:09:29, time (data): 2.501 (0.002)] l_pix: 1.2290e-02 
2025-11-22 11:57:05,489 INFO: [IART_..][epoch:  0, iter:   1,108, lr:(1.940e-04,2.425e-05,)] [eta: 6:09:26, time (data): 2.501 (0.002)] l_pix: 1.7322e-02 
2025-11-22 11:57:07,970 INFO: [IART_..][epoch:  0, iter:   1,109, lr:(1.940e-04,2.425e-05,)] [eta: 6:09:23, time (data): 2.501 (0.001)] l_pix: 4.8627e-02 
2025-11-22 11:57:10,529 INFO: [IART_..][epoch:  0, iter:   1,110, lr:(1.940e-04,2.425e-05,)] [eta: 6:09:21, time (data): 2.501 (0.002)] l_pix: 1.8464e-02 
2025-11-22 11:57:13,150 INFO: [IART_..][epoch:  0, iter:   1,111, lr:(1.940e-04,2.425e-05,)] [eta: 6:09:20, time (data): 2.502 (0.002)] l_pix: 4.3033e-02 
2025-11-22 11:57:15,583 INFO: [IART_..][epoch:  0, iter:   1,112, lr:(1.940e-04,2.425e-05,)] [eta: 6:09:17, time (data): 2.502 (0.002)] l_pix: 3.0309e-02 
2025-11-22 11:57:18,017 INFO: [IART_..][epoch:  0, iter:   1,113, lr:(1.940e-04,2.425e-05,)] [eta: 6:09:14, time (data): 2.501 (0.002)] l_pix: 3.5224e-02 
2025-11-22 11:57:20,497 INFO: [IART_..][epoch:  0, iter:   1,114, lr:(1.940e-04,2.425e-05,)] [eta: 6:09:11, time (data): 2.501 (0.002)] l_pix: 4.9404e-02 
2025-11-22 11:57:22,978 INFO: [IART_..][epoch:  0, iter:   1,115, lr:(1.939e-04,2.425e-05,)] [eta: 6:09:09, time (data): 2.501 (0.002)] l_pix: 2.1512e-02 
2025-11-22 11:57:25,679 INFO: [IART_..][epoch:  0, iter:   1,116, lr:(1.939e-04,2.424e-05,)] [eta: 6:09:08, time (data): 2.503 (0.002)] l_pix: 1.8347e-02 
2025-11-22 11:57:28,110 INFO: [IART_..][epoch:  0, iter:   1,117, lr:(1.939e-04,2.424e-05,)] [eta: 6:09:05, time (data): 2.502 (0.002)] l_pix: 4.2016e-02 
2025-11-22 11:57:30,565 INFO: [IART_..][epoch:  0, iter:   1,118, lr:(1.939e-04,2.424e-05,)] [eta: 6:09:02, time (data): 2.502 (0.002)] l_pix: 2.7506e-02 
2025-11-22 11:57:33,044 INFO: [IART_..][epoch:  0, iter:   1,119, lr:(1.939e-04,2.424e-05,)] [eta: 6:09:00, time (data): 2.501 (0.002)] l_pix: 4.0165e-02 
2025-11-22 11:57:35,543 INFO: [IART_..][epoch:  0, iter:   1,120, lr:(1.939e-04,2.424e-05,)] [eta: 6:08:57, time (data): 2.501 (0.002)] l_pix: 3.2658e-02 
2025-11-22 11:57:38,005 INFO: [IART_..][epoch:  0, iter:   1,121, lr:(1.939e-04,2.424e-05,)] [eta: 6:08:54, time (data): 2.501 (0.002)] l_pix: 1.8512e-02 
2025-11-22 11:57:40,423 INFO: [IART_..][epoch:  0, iter:   1,122, lr:(1.939e-04,2.424e-05,)] [eta: 6:08:51, time (data): 2.500 (0.002)] l_pix: 1.6239e-02 
2025-11-22 11:57:42,934 INFO: [IART_..][epoch:  0, iter:   1,123, lr:(1.939e-04,2.423e-05,)] [eta: 6:08:49, time (data): 2.500 (0.002)] l_pix: 2.8036e-02 
2025-11-22 11:57:45,411 INFO: [IART_..][epoch:  0, iter:   1,124, lr:(1.938e-04,2.423e-05,)] [eta: 6:08:46, time (data): 2.500 (0.002)] l_pix: 2.1253e-02 
2025-11-22 11:57:47,881 INFO: [IART_..][epoch:  0, iter:   1,125, lr:(1.938e-04,2.423e-05,)] [eta: 6:08:44, time (data): 2.500 (0.002)] l_pix: 2.9322e-02 
2025-11-22 11:57:50,360 INFO: [IART_..][epoch:  0, iter:   1,126, lr:(1.938e-04,2.423e-05,)] [eta: 6:08:41, time (data): 2.500 (0.002)] l_pix: 3.7495e-02 
2025-11-22 11:57:52,810 INFO: [IART_..][epoch:  0, iter:   1,127, lr:(1.938e-04,2.423e-05,)] [eta: 6:08:38, time (data): 2.499 (0.002)] l_pix: 8.5177e-03 
2025-11-22 11:57:55,383 INFO: [IART_..][epoch:  0, iter:   1,128, lr:(1.938e-04,2.423e-05,)] [eta: 6:08:36, time (data): 2.500 (0.002)] l_pix: 2.0023e-02 
2025-11-22 11:57:57,927 INFO: [IART_..][epoch:  0, iter:   1,129, lr:(1.938e-04,2.423e-05,)] [eta: 6:08:34, time (data): 2.500 (0.002)] l_pix: 1.8902e-02 
2025-11-22 11:58:00,427 INFO: [IART_..][epoch:  0, iter:   1,130, lr:(1.938e-04,2.423e-05,)] [eta: 6:08:32, time (data): 2.500 (0.002)] l_pix: 3.7457e-02 
2025-11-22 11:58:02,834 INFO: [IART_..][epoch:  0, iter:   1,131, lr:(1.938e-04,2.422e-05,)] [eta: 6:08:29, time (data): 2.500 (0.002)] l_pix: 2.8563e-02 
2025-11-22 11:58:05,354 INFO: [IART_..][epoch:  0, iter:   1,132, lr:(1.938e-04,2.422e-05,)] [eta: 6:08:26, time (data): 2.500 (0.002)] l_pix: 2.5084e-02 
2025-11-22 11:58:07,881 INFO: [IART_..][epoch:  0, iter:   1,133, lr:(1.937e-04,2.422e-05,)] [eta: 6:08:24, time (data): 2.500 (0.002)] l_pix: 2.4709e-02 
2025-11-22 11:58:10,299 INFO: [IART_..][epoch:  0, iter:   1,134, lr:(1.937e-04,2.422e-05,)] [eta: 6:08:21, time (data): 2.499 (0.001)] l_pix: 2.5574e-02 
2025-11-22 11:58:12,718 INFO: [IART_..][epoch:  0, iter:   1,135, lr:(1.937e-04,2.422e-05,)] [eta: 6:08:18, time (data): 2.499 (0.001)] l_pix: 1.3299e-02 
2025-11-22 11:58:15,166 INFO: [IART_..][epoch:  0, iter:   1,136, lr:(1.937e-04,2.422e-05,)] [eta: 6:08:15, time (data): 2.498 (0.001)] l_pix: 2.4613e-02 
2025-11-22 11:58:17,710 INFO: [IART_..][epoch:  0, iter:   1,137, lr:(1.937e-04,2.422e-05,)] [eta: 6:08:13, time (data): 2.498 (0.001)] l_pix: 2.1373e-02 
2025-11-22 11:58:20,217 INFO: [IART_..][epoch:  0, iter:   1,138, lr:(1.937e-04,2.421e-05,)] [eta: 6:08:11, time (data): 2.499 (0.002)] l_pix: 2.4110e-02 
2025-11-22 11:58:22,724 INFO: [IART_..][epoch:  0, iter:   1,139, lr:(1.937e-04,2.421e-05,)] [eta: 6:08:08, time (data): 2.499 (0.002)] l_pix: 2.0495e-02 
2025-11-22 11:58:25,174 INFO: [IART_..][epoch:  0, iter:   1,140, lr:(1.937e-04,2.421e-05,)] [eta: 6:08:06, time (data): 2.498 (0.002)] l_pix: 3.6773e-02 
2025-11-22 11:58:27,616 INFO: [IART_..][epoch:  0, iter:   1,141, lr:(1.937e-04,2.421e-05,)] [eta: 6:08:03, time (data): 2.498 (0.002)] l_pix: 3.8427e-02 
2025-11-22 11:58:30,269 INFO: [IART_..][epoch:  0, iter:   1,142, lr:(1.936e-04,2.421e-05,)] [eta: 6:08:01, time (data): 2.499 (0.002)] l_pix: 3.1171e-02 
2025-11-22 11:58:32,667 INFO: [IART_..][epoch:  0, iter:   1,143, lr:(1.936e-04,2.421e-05,)] [eta: 6:07:58, time (data): 2.498 (0.002)] l_pix: 3.0472e-02 
2025-11-22 11:58:35,179 INFO: [IART_..][epoch:  0, iter:   1,144, lr:(1.936e-04,2.421e-05,)] [eta: 6:07:56, time (data): 2.498 (0.001)] l_pix: 2.4553e-02 
2025-11-22 11:58:37,661 INFO: [IART_..][epoch:  0, iter:   1,145, lr:(1.936e-04,2.420e-05,)] [eta: 6:07:53, time (data): 2.498 (0.001)] l_pix: 2.0608e-02 
2025-11-22 11:58:40,139 INFO: [IART_..][epoch:  0, iter:   1,146, lr:(1.936e-04,2.420e-05,)] [eta: 6:07:51, time (data): 2.498 (0.001)] l_pix: 3.8272e-02 
2025-11-22 11:58:42,586 INFO: [IART_..][epoch:  0, iter:   1,147, lr:(1.936e-04,2.420e-05,)] [eta: 6:07:48, time (data): 2.498 (0.001)] l_pix: 2.8832e-02 
2025-11-22 11:58:45,110 INFO: [IART_..][epoch:  0, iter:   1,148, lr:(1.936e-04,2.420e-05,)] [eta: 6:07:46, time (data): 2.498 (0.001)] l_pix: 3.0901e-02 
2025-11-22 11:58:47,498 INFO: [IART_..][epoch:  0, iter:   1,149, lr:(1.936e-04,2.420e-05,)] [eta: 6:07:42, time (data): 2.497 (0.001)] l_pix: 2.1720e-02 
2025-11-22 11:58:49,927 INFO: [IART_..][epoch:  0, iter:   1,150, lr:(1.936e-04,2.420e-05,)] [eta: 6:07:39, time (data): 2.497 (0.001)] l_pix: 3.8082e-02 
2025-11-22 11:58:52,374 INFO: [IART_..][epoch:  0, iter:   1,151, lr:(1.935e-04,2.420e-05,)] [eta: 6:07:36, time (data): 2.496 (0.001)] l_pix: 4.8749e-02 
2025-11-22 11:58:54,853 INFO: [IART_..][epoch:  0, iter:   1,152, lr:(1.935e-04,2.419e-05,)] [eta: 6:07:34, time (data): 2.496 (0.001)] l_pix: 4.2255e-02 
2025-11-22 11:58:57,375 INFO: [IART_..][epoch:  0, iter:   1,153, lr:(1.935e-04,2.419e-05,)] [eta: 6:07:32, time (data): 2.496 (0.002)] l_pix: 2.3196e-02 
2025-11-22 11:58:59,857 INFO: [IART_..][epoch:  0, iter:   1,154, lr:(1.935e-04,2.419e-05,)] [eta: 6:07:29, time (data): 2.496 (0.002)] l_pix: 3.5540e-02 
2025-11-22 11:59:02,430 INFO: [IART_..][epoch:  0, iter:   1,155, lr:(1.935e-04,2.419e-05,)] [eta: 6:07:27, time (data): 2.497 (0.002)] l_pix: 3.0793e-02 
2025-11-22 11:59:04,892 INFO: [IART_..][epoch:  0, iter:   1,156, lr:(1.935e-04,2.419e-05,)] [eta: 6:07:24, time (data): 2.497 (0.002)] l_pix: 3.3303e-02 
2025-11-22 11:59:07,320 INFO: [IART_..][epoch:  0, iter:   1,157, lr:(1.935e-04,2.419e-05,)] [eta: 6:07:21, time (data): 2.496 (0.002)] l_pix: 3.0458e-02 
2025-11-22 11:59:09,878 INFO: [IART_..][epoch:  0, iter:   1,158, lr:(1.935e-04,2.419e-05,)] [eta: 6:07:19, time (data): 2.497 (0.002)] l_pix: 4.0178e-02 
2025-11-22 11:59:12,435 INFO: [IART_..][epoch:  0, iter:   1,159, lr:(1.935e-04,2.419e-05,)] [eta: 6:07:17, time (data): 2.497 (0.002)] l_pix: 2.5380e-02 
2025-11-22 11:59:14,836 INFO: [IART_..][epoch:  0, iter:   1,160, lr:(1.934e-04,2.418e-05,)] [eta: 6:07:14, time (data): 2.496 (0.002)] l_pix: 2.5626e-02 
2025-11-22 11:59:17,249 INFO: [IART_..][epoch:  0, iter:   1,161, lr:(1.934e-04,2.418e-05,)] [eta: 6:07:11, time (data): 2.496 (0.002)] l_pix: 2.7636e-02 
2025-11-22 11:59:19,711 INFO: [IART_..][epoch:  0, iter:   1,162, lr:(1.934e-04,2.418e-05,)] [eta: 6:07:08, time (data): 2.495 (0.002)] l_pix: 2.7726e-02 
2025-11-22 11:59:22,174 INFO: [IART_..][epoch:  0, iter:   1,163, lr:(1.934e-04,2.418e-05,)] [eta: 6:07:06, time (data): 2.495 (0.002)] l_pix: 2.4810e-02 
2025-11-22 11:59:24,692 INFO: [IART_..][epoch:  0, iter:   1,164, lr:(1.934e-04,2.418e-05,)] [eta: 6:07:03, time (data): 2.495 (0.002)] l_pix: 2.1393e-02 
2025-11-22 11:59:27,147 INFO: [IART_..][epoch:  0, iter:   1,165, lr:(1.934e-04,2.418e-05,)] [eta: 6:07:01, time (data): 2.495 (0.002)] l_pix: 3.3675e-02 
2025-11-22 11:59:29,628 INFO: [IART_..][epoch:  0, iter:   1,166, lr:(1.934e-04,2.418e-05,)] [eta: 6:06:58, time (data): 2.495 (0.002)] l_pix: 2.4820e-02 
2025-11-22 11:59:32,093 INFO: [IART_..][epoch:  0, iter:   1,167, lr:(1.934e-04,2.417e-05,)] [eta: 6:06:55, time (data): 2.495 (0.002)] l_pix: 2.5616e-02 
2025-11-22 11:59:34,557 INFO: [IART_..][epoch:  0, iter:   1,168, lr:(1.934e-04,2.417e-05,)] [eta: 6:06:53, time (data): 2.495 (0.002)] l_pix: 9.7784e-03 
2025-11-22 11:59:37,163 INFO: [IART_..][epoch:  0, iter:   1,169, lr:(1.933e-04,2.417e-05,)] [eta: 6:06:51, time (data): 2.495 (0.002)] l_pix: 1.1941e-02 
2025-11-22 11:59:39,676 INFO: [IART_..][epoch:  0, iter:   1,170, lr:(1.933e-04,2.417e-05,)] [eta: 6:06:49, time (data): 2.495 (0.002)] l_pix: 1.6224e-02 
2025-11-22 11:59:42,106 INFO: [IART_..][epoch:  0, iter:   1,171, lr:(1.933e-04,2.417e-05,)] [eta: 6:06:46, time (data): 2.495 (0.002)] l_pix: 3.4438e-02 
2025-11-22 11:59:44,571 INFO: [IART_..][epoch:  0, iter:   1,172, lr:(1.933e-04,2.417e-05,)] [eta: 6:06:43, time (data): 2.495 (0.002)] l_pix: 2.3088e-02 
2025-11-22 11:59:47,096 INFO: [IART_..][epoch:  0, iter:   1,173, lr:(1.933e-04,2.417e-05,)] [eta: 6:06:41, time (data): 2.495 (0.002)] l_pix: 4.1442e-02 
2025-11-22 11:59:49,607 INFO: [IART_..][epoch:  0, iter:   1,174, lr:(1.933e-04,2.416e-05,)] [eta: 6:06:38, time (data): 2.495 (0.002)] l_pix: 1.2899e-02 
2025-11-22 11:59:52,085 INFO: [IART_..][epoch:  0, iter:   1,175, lr:(1.933e-04,2.416e-05,)] [eta: 6:06:36, time (data): 2.495 (0.002)] l_pix: 1.8884e-02 
2025-11-22 11:59:54,611 INFO: [IART_..][epoch:  0, iter:   1,176, lr:(1.933e-04,2.416e-05,)] [eta: 6:06:33, time (data): 2.495 (0.002)] l_pix: 3.5472e-02 
2025-11-22 11:59:57,169 INFO: [IART_..][epoch:  0, iter:   1,177, lr:(1.933e-04,2.416e-05,)] [eta: 6:06:31, time (data): 2.496 (0.002)] l_pix: 2.8588e-02 
2025-11-22 11:59:59,697 INFO: [IART_..][epoch:  0, iter:   1,178, lr:(1.932e-04,2.416e-05,)] [eta: 6:06:29, time (data): 2.496 (0.002)] l_pix: 3.5538e-02 
2025-11-22 12:00:02,161 INFO: [IART_..][epoch:  0, iter:   1,179, lr:(1.932e-04,2.416e-05,)] [eta: 6:06:26, time (data): 2.496 (0.002)] l_pix: 3.9002e-02 
2025-11-22 12:00:04,608 INFO: [IART_..][epoch:  0, iter:   1,180, lr:(1.932e-04,2.416e-05,)] [eta: 6:06:24, time (data): 2.495 (0.002)] l_pix: 1.4296e-02 
2025-11-22 12:00:07,098 INFO: [IART_..][epoch:  0, iter:   1,181, lr:(1.932e-04,2.415e-05,)] [eta: 6:06:21, time (data): 2.495 (0.002)] l_pix: 4.1698e-02 
2025-11-22 12:00:09,707 INFO: [IART_..][epoch:  0, iter:   1,182, lr:(1.932e-04,2.415e-05,)] [eta: 6:06:19, time (data): 2.496 (0.002)] l_pix: 4.1792e-02 
2025-11-22 12:00:12,130 INFO: [IART_..][epoch:  0, iter:   1,183, lr:(1.932e-04,2.415e-05,)] [eta: 6:06:16, time (data): 2.495 (0.002)] l_pix: 9.3690e-03 
2025-11-22 12:00:14,611 INFO: [IART_..][epoch:  0, iter:   1,184, lr:(1.932e-04,2.415e-05,)] [eta: 6:06:14, time (data): 2.495 (0.002)] l_pix: 2.3860e-02 
2025-11-22 12:00:17,194 INFO: [IART_..][epoch:  0, iter:   1,185, lr:(1.932e-04,2.415e-05,)] [eta: 6:06:12, time (data): 2.496 (0.002)] l_pix: 2.1396e-02 
2025-11-22 12:00:19,668 INFO: [IART_..][epoch:  0, iter:   1,186, lr:(1.932e-04,2.415e-05,)] [eta: 6:06:09, time (data): 2.496 (0.002)] l_pix: 3.6041e-02 
2025-11-22 12:00:22,085 INFO: [IART_..][epoch:  0, iter:   1,187, lr:(1.931e-04,2.415e-05,)] [eta: 6:06:06, time (data): 2.495 (0.002)] l_pix: 2.6344e-02 
2025-11-22 12:00:24,477 INFO: [IART_..][epoch:  0, iter:   1,188, lr:(1.931e-04,2.414e-05,)] [eta: 6:06:03, time (data): 2.495 (0.002)] l_pix: 2.1218e-02 
2025-11-22 12:00:26,895 INFO: [IART_..][epoch:  0, iter:   1,189, lr:(1.931e-04,2.414e-05,)] [eta: 6:06:00, time (data): 2.494 (0.002)] l_pix: 3.0676e-02 
2025-11-22 12:00:29,406 INFO: [IART_..][epoch:  0, iter:   1,190, lr:(1.931e-04,2.414e-05,)] [eta: 6:05:58, time (data): 2.494 (0.002)] l_pix: 1.6611e-02 
2025-11-22 12:00:32,007 INFO: [IART_..][epoch:  0, iter:   1,191, lr:(1.931e-04,2.414e-05,)] [eta: 6:05:56, time (data): 2.495 (0.002)] l_pix: 1.9155e-02 
2025-11-22 12:00:34,467 INFO: [IART_..][epoch:  0, iter:   1,192, lr:(1.931e-04,2.414e-05,)] [eta: 6:05:53, time (data): 2.495 (0.002)] l_pix: 1.8632e-02 
2025-11-22 12:00:36,902 INFO: [IART_..][epoch:  0, iter:   1,193, lr:(1.931e-04,2.414e-05,)] [eta: 6:05:50, time (data): 2.494 (0.002)] l_pix: 3.1187e-02 
2025-11-22 12:00:39,365 INFO: [IART_..][epoch:  0, iter:   1,194, lr:(1.931e-04,2.414e-05,)] [eta: 6:05:48, time (data): 2.494 (0.002)] l_pix: 2.3409e-02 
2025-11-22 12:00:41,791 INFO: [IART_..][epoch:  0, iter:   1,195, lr:(1.931e-04,2.413e-05,)] [eta: 6:05:45, time (data): 2.494 (0.002)] l_pix: 3.1698e-02 
2025-11-22 12:00:44,223 INFO: [IART_..][epoch:  0, iter:   1,196, lr:(1.930e-04,2.413e-05,)] [eta: 6:05:42, time (data): 2.494 (0.002)] l_pix: 3.9401e-02 
2025-11-22 12:00:46,672 INFO: [IART_..][epoch:  0, iter:   1,197, lr:(1.930e-04,2.413e-05,)] [eta: 6:05:39, time (data): 2.493 (0.002)] l_pix: 1.8778e-02 
2025-11-22 12:00:49,188 INFO: [IART_..][epoch:  0, iter:   1,198, lr:(1.930e-04,2.413e-05,)] [eta: 6:05:37, time (data): 2.493 (0.002)] l_pix: 2.4365e-02 
2025-11-22 12:00:51,722 INFO: [IART_..][epoch:  0, iter:   1,199, lr:(1.930e-04,2.413e-05,)] [eta: 6:05:34, time (data): 2.494 (0.002)] l_pix: 3.7681e-02 
2025-11-22 12:00:54,227 INFO: [IART_..][epoch:  0, iter:   1,200, lr:(1.930e-04,2.413e-05,)] [eta: 6:05:32, time (data): 2.494 (0.002)] l_pix: 1.4358e-02 
2025-11-22 12:00:56,671 INFO: [IART_..][epoch:  0, iter:   1,201, lr:(1.930e-04,2.413e-05,)] [eta: 6:05:29, time (data): 2.493 (0.002)] l_pix: 2.4197e-02 
2025-11-22 12:00:59,115 INFO: [IART_..][epoch:  0, iter:   1,202, lr:(1.930e-04,2.412e-05,)] [eta: 6:05:26, time (data): 2.493 (0.002)] l_pix: 1.7799e-02 
2025-11-22 12:01:01,608 INFO: [IART_..][epoch:  0, iter:   1,203, lr:(1.930e-04,2.412e-05,)] [eta: 6:05:24, time (data): 2.493 (0.002)] l_pix: 2.9820e-02 
2025-11-22 12:01:04,186 INFO: [IART_..][epoch:  0, iter:   1,204, lr:(1.929e-04,2.412e-05,)] [eta: 6:05:22, time (data): 2.494 (0.002)] l_pix: 4.8979e-02 
2025-11-22 12:01:06,625 INFO: [IART_..][epoch:  0, iter:   1,205, lr:(1.929e-04,2.412e-05,)] [eta: 6:05:19, time (data): 2.493 (0.002)] l_pix: 2.5071e-02 
2025-11-22 12:01:09,030 INFO: [IART_..][epoch:  0, iter:   1,206, lr:(1.929e-04,2.412e-05,)] [eta: 6:05:16, time (data): 2.493 (0.002)] l_pix: 3.5981e-02 
2025-11-22 12:01:11,549 INFO: [IART_..][epoch:  0, iter:   1,207, lr:(1.929e-04,2.412e-05,)] [eta: 6:05:14, time (data): 2.518 (0.000)] l_pix: 3.0480e-02 
2025-11-22 12:01:13,990 INFO: [IART_..][epoch:  0, iter:   1,208, lr:(1.929e-04,2.412e-05,)] [eta: 6:05:11, time (data): 2.480 (0.000)] l_pix: 2.9809e-02 
2025-11-22 12:01:16,394 INFO: [IART_..][epoch:  0, iter:   1,209, lr:(1.929e-04,2.411e-05,)] [eta: 6:05:08, time (data): 2.455 (0.000)] l_pix: 3.4759e-02 
2025-11-22 12:01:18,966 INFO: [IART_..][epoch:  0, iter:   1,210, lr:(1.929e-04,2.411e-05,)] [eta: 6:05:06, time (data): 2.484 (0.001)] l_pix: 7.8546e-03 
2025-11-22 12:01:21,478 INFO: [IART_..][epoch:  0, iter:   1,211, lr:(1.929e-04,2.411e-05,)] [eta: 6:05:03, time (data): 2.490 (0.001)] l_pix: 1.2040e-02 
2025-11-22 12:01:23,939 INFO: [IART_..][epoch:  0, iter:   1,212, lr:(1.929e-04,2.411e-05,)] [eta: 6:05:01, time (data): 2.485 (0.001)] l_pix: 3.6436e-02 
2025-11-22 12:01:26,448 INFO: [IART_..][epoch:  0, iter:   1,213, lr:(1.928e-04,2.411e-05,)] [eta: 6:04:58, time (data): 2.488 (0.000)] l_pix: 3.6832e-02 
2025-11-22 12:01:28,892 INFO: [IART_..][epoch:  0, iter:   1,214, lr:(1.928e-04,2.411e-05,)] [eta: 6:04:55, time (data): 2.483 (0.000)] l_pix: 3.7777e-02 
2025-11-22 12:01:31,363 INFO: [IART_..][epoch:  0, iter:   1,215, lr:(1.928e-04,2.411e-05,)] [eta: 6:04:53, time (data): 2.481 (0.000)] l_pix: 1.6086e-02 
2025-11-22 12:01:33,846 INFO: [IART_..][epoch:  0, iter:   1,216, lr:(1.928e-04,2.410e-05,)] [eta: 6:04:50, time (data): 2.482 (0.000)] l_pix: 2.7489e-02 
2025-11-22 12:01:36,287 INFO: [IART_..][epoch:  0, iter:   1,217, lr:(1.928e-04,2.410e-05,)] [eta: 6:04:47, time (data): 2.478 (0.002)] l_pix: 1.2016e-02 
2025-11-22 12:01:38,894 INFO: [IART_..][epoch:  0, iter:   1,218, lr:(1.928e-04,2.410e-05,)] [eta: 6:04:46, time (data): 2.489 (0.002)] l_pix: 2.4309e-02 
2025-11-22 12:01:41,393 INFO: [IART_..][epoch:  0, iter:   1,219, lr:(1.928e-04,2.410e-05,)] [eta: 6:04:43, time (data): 2.489 (0.001)] l_pix: 4.0703e-02 
2025-11-22 12:01:43,870 INFO: [IART_..][epoch:  0, iter:   1,220, lr:(1.928e-04,2.410e-05,)] [eta: 6:04:41, time (data): 2.489 (0.002)] l_pix: 1.7516e-02 
2025-11-22 12:01:46,293 INFO: [IART_..][epoch:  0, iter:   1,221, lr:(1.927e-04,2.410e-05,)] [eta: 6:04:38, time (data): 2.484 (0.002)] l_pix: 2.1068e-02 
2025-11-22 12:01:48,854 INFO: [IART_..][epoch:  0, iter:   1,222, lr:(1.927e-04,2.410e-05,)] [eta: 6:04:36, time (data): 2.489 (0.002)] l_pix: 3.1155e-02 
2025-11-22 12:01:51,374 INFO: [IART_..][epoch:  0, iter:   1,223, lr:(1.927e-04,2.409e-05,)] [eta: 6:04:33, time (data): 2.491 (0.002)] l_pix: 1.9251e-02 
2025-11-22 12:01:53,990 INFO: [IART_..][epoch:  0, iter:   1,224, lr:(1.927e-04,2.409e-05,)] [eta: 6:04:32, time (data): 2.498 (0.002)] l_pix: 3.7326e-02 
2025-11-22 12:01:56,529 INFO: [IART_..][epoch:  0, iter:   1,225, lr:(1.927e-04,2.409e-05,)] [eta: 6:04:30, time (data): 2.500 (0.002)] l_pix: 2.6833e-02 
2025-11-22 12:01:58,953 INFO: [IART_..][epoch:  0, iter:   1,226, lr:(1.927e-04,2.409e-05,)] [eta: 6:04:27, time (data): 2.496 (0.002)] l_pix: 3.4448e-02 
2025-11-22 12:02:01,500 INFO: [IART_..][epoch:  0, iter:   1,227, lr:(1.927e-04,2.409e-05,)] [eta: 6:04:25, time (data): 2.499 (0.002)] l_pix: 3.4146e-02 
2025-11-22 12:02:03,988 INFO: [IART_..][epoch:  0, iter:   1,228, lr:(1.927e-04,2.409e-05,)] [eta: 6:04:22, time (data): 2.498 (0.001)] l_pix: 3.9394e-02 
2025-11-22 12:02:06,457 INFO: [IART_..][epoch:  0, iter:   1,229, lr:(1.927e-04,2.408e-05,)] [eta: 6:04:19, time (data): 2.497 (0.001)] l_pix: 5.2829e-02 
2025-11-22 12:02:09,087 INFO: [IART_..][epoch:  0, iter:   1,230, lr:(1.926e-04,2.408e-05,)] [eta: 6:04:18, time (data): 2.502 (0.001)] l_pix: 2.3890e-02 
2025-11-22 12:02:11,559 INFO: [IART_..][epoch:  0, iter:   1,231, lr:(1.926e-04,2.408e-05,)] [eta: 6:04:15, time (data): 2.501 (0.001)] l_pix: 1.7759e-02 
2025-11-22 12:02:14,021 INFO: [IART_..][epoch:  0, iter:   1,232, lr:(1.926e-04,2.408e-05,)] [eta: 6:04:12, time (data): 2.500 (0.002)] l_pix: 2.8892e-02 
2025-11-22 12:02:16,484 INFO: [IART_..][epoch:  0, iter:   1,233, lr:(1.926e-04,2.408e-05,)] [eta: 6:04:10, time (data): 2.498 (0.002)] l_pix: 2.0541e-02 
2025-11-22 12:02:18,900 INFO: [IART_..][epoch:  0, iter:   1,234, lr:(1.926e-04,2.408e-05,)] [eta: 6:04:07, time (data): 2.495 (0.002)] l_pix: 3.0337e-02 
2025-11-22 12:02:21,334 INFO: [IART_..][epoch:  0, iter:   1,235, lr:(1.926e-04,2.408e-05,)] [eta: 6:04:04, time (data): 2.493 (0.002)] l_pix: 2.5176e-02 
2025-11-22 12:02:23,734 INFO: [IART_..][epoch:  0, iter:   1,236, lr:(1.926e-04,2.407e-05,)] [eta: 6:04:01, time (data): 2.490 (0.002)] l_pix: 3.1445e-02 
2025-11-22 12:02:26,228 INFO: [IART_..][epoch:  0, iter:   1,237, lr:(1.926e-04,2.407e-05,)] [eta: 6:03:58, time (data): 2.490 (0.002)] l_pix: 3.4845e-02 
2025-11-22 12:02:28,732 INFO: [IART_..][epoch:  0, iter:   1,238, lr:(1.925e-04,2.407e-05,)] [eta: 6:03:56, time (data): 2.491 (0.002)] l_pix: 1.8751e-02 
2025-11-22 12:02:31,238 INFO: [IART_..][epoch:  0, iter:   1,239, lr:(1.925e-04,2.407e-05,)] [eta: 6:03:53, time (data): 2.491 (0.002)] l_pix: 2.7877e-02 
2025-11-22 12:02:33,851 INFO: [IART_..][epoch:  0, iter:   1,240, lr:(1.925e-04,2.407e-05,)] [eta: 6:03:52, time (data): 2.495 (0.002)] l_pix: 9.7494e-03 
2025-11-22 12:02:36,251 INFO: [IART_..][epoch:  0, iter:   1,241, lr:(1.925e-04,2.407e-05,)] [eta: 6:03:49, time (data): 2.492 (0.002)] l_pix: 1.6350e-02 
2025-11-22 12:02:38,775 INFO: [IART_..][epoch:  0, iter:   1,242, lr:(1.925e-04,2.407e-05,)] [eta: 6:03:46, time (data): 2.493 (0.002)] l_pix: 3.8492e-02 
2025-11-22 12:02:41,159 INFO: [IART_..][epoch:  0, iter:   1,243, lr:(1.925e-04,2.406e-05,)] [eta: 6:03:43, time (data): 2.490 (0.002)] l_pix: 2.4320e-02 
2025-11-22 12:02:43,604 INFO: [IART_..][epoch:  0, iter:   1,244, lr:(1.925e-04,2.406e-05,)] [eta: 6:03:40, time (data): 2.489 (0.002)] l_pix: 3.3161e-02 
2025-11-22 12:02:46,063 INFO: [IART_..][epoch:  0, iter:   1,245, lr:(1.925e-04,2.406e-05,)] [eta: 6:03:38, time (data): 2.488 (0.002)] l_pix: 5.2272e-02 
2025-11-22 12:02:48,605 INFO: [IART_..][epoch:  0, iter:   1,246, lr:(1.925e-04,2.406e-05,)] [eta: 6:03:35, time (data): 2.489 (0.002)] l_pix: 2.5165e-02 
2025-11-22 12:02:51,110 INFO: [IART_..][epoch:  0, iter:   1,247, lr:(1.924e-04,2.406e-05,)] [eta: 6:03:33, time (data): 2.490 (0.002)] l_pix: 2.8695e-02 
2025-11-22 12:02:53,622 INFO: [IART_..][epoch:  0, iter:   1,248, lr:(1.924e-04,2.406e-05,)] [eta: 6:03:31, time (data): 2.490 (0.002)] l_pix: 1.7657e-02 
2025-11-22 12:02:56,068 INFO: [IART_..][epoch:  0, iter:   1,249, lr:(1.924e-04,2.406e-05,)] [eta: 6:03:28, time (data): 2.489 (0.001)] l_pix: 3.3904e-02 
2025-11-22 12:02:58,546 INFO: [IART_..][epoch:  0, iter:   1,250, lr:(1.924e-04,2.405e-05,)] [eta: 6:03:25, time (data): 2.489 (0.001)] l_pix: 2.5225e-02 
2025-11-22 12:03:00,949 INFO: [IART_..][epoch:  0, iter:   1,251, lr:(1.924e-04,2.405e-05,)] [eta: 6:03:22, time (data): 2.487 (0.001)] l_pix: 3.7265e-02 
2025-11-22 12:03:03,366 INFO: [IART_..][epoch:  0, iter:   1,252, lr:(1.924e-04,2.405e-05,)] [eta: 6:03:19, time (data): 2.486 (0.001)] l_pix: 2.8930e-02 
2025-11-22 12:03:05,849 INFO: [IART_..][epoch:  0, iter:   1,253, lr:(1.924e-04,2.405e-05,)] [eta: 6:03:17, time (data): 2.485 (0.001)] l_pix: 4.3997e-03 
2025-11-22 12:03:08,364 INFO: [IART_..][epoch:  0, iter:   1,254, lr:(1.924e-04,2.405e-05,)] [eta: 6:03:14, time (data): 2.486 (0.001)] l_pix: 2.5043e-02 
2025-11-22 12:03:10,824 INFO: [IART_..][epoch:  0, iter:   1,255, lr:(1.923e-04,2.405e-05,)] [eta: 6:03:11, time (data): 2.486 (0.001)] l_pix: 2.8306e-02 
2025-11-22 12:03:13,359 INFO: [IART_..][epoch:  0, iter:   1,256, lr:(1.923e-04,2.404e-05,)] [eta: 6:03:09, time (data): 2.487 (0.001)] l_pix: 3.6742e-02 
2025-11-22 12:03:15,949 INFO: [IART_..][epoch:  0, iter:   1,257, lr:(1.923e-04,2.404e-05,)] [eta: 6:03:07, time (data): 2.489 (0.001)] l_pix: 4.1724e-02 
2025-11-22 12:03:18,321 INFO: [IART_..][epoch:  0, iter:   1,258, lr:(1.923e-04,2.404e-05,)] [eta: 6:03:04, time (data): 2.486 (0.001)] l_pix: 5.6383e-02 
2025-11-22 12:03:20,881 INFO: [IART_..][epoch:  0, iter:   1,259, lr:(1.923e-04,2.404e-05,)] [eta: 6:03:02, time (data): 2.488 (0.001)] l_pix: 2.9835e-02 
2025-11-22 12:03:23,381 INFO: [IART_..][epoch:  0, iter:   1,260, lr:(1.923e-04,2.404e-05,)] [eta: 6:03:00, time (data): 2.488 (0.001)] l_pix: 4.0120e-02 
2025-11-22 12:03:25,886 INFO: [IART_..][epoch:  0, iter:   1,261, lr:(1.923e-04,2.404e-05,)] [eta: 6:02:57, time (data): 2.488 (0.001)] l_pix: 2.8252e-02 
2025-11-22 12:03:28,356 INFO: [IART_..][epoch:  0, iter:   1,262, lr:(1.923e-04,2.404e-05,)] [eta: 6:02:55, time (data): 2.488 (0.001)] l_pix: 2.5346e-02 
2025-11-22 12:03:30,877 INFO: [IART_..][epoch:  0, iter:   1,263, lr:(1.922e-04,2.403e-05,)] [eta: 6:02:52, time (data): 2.489 (0.001)] l_pix: 4.6604e-02 
2025-11-22 12:03:33,310 INFO: [IART_..][epoch:  0, iter:   1,264, lr:(1.922e-04,2.403e-05,)] [eta: 6:02:49, time (data): 2.488 (0.001)] l_pix: 3.7871e-02 
2025-11-22 12:03:35,821 INFO: [IART_..][epoch:  0, iter:   1,265, lr:(1.922e-04,2.403e-05,)] [eta: 6:02:47, time (data): 2.488 (0.001)] l_pix: 4.0319e-02 
2025-11-22 12:03:38,317 INFO: [IART_..][epoch:  0, iter:   1,266, lr:(1.922e-04,2.403e-05,)] [eta: 6:02:45, time (data): 2.488 (0.001)] l_pix: 3.6447e-02 
2025-11-22 12:03:40,874 INFO: [IART_..][epoch:  0, iter:   1,267, lr:(1.922e-04,2.403e-05,)] [eta: 6:02:42, time (data): 2.489 (0.001)] l_pix: 3.8875e-02 
2025-11-22 12:03:43,290 INFO: [IART_..][epoch:  0, iter:   1,268, lr:(1.922e-04,2.403e-05,)] [eta: 6:02:40, time (data): 2.488 (0.001)] l_pix: 3.4564e-02 
2025-11-22 12:03:45,753 INFO: [IART_..][epoch:  0, iter:   1,269, lr:(1.922e-04,2.403e-05,)] [eta: 6:02:37, time (data): 2.487 (0.001)] l_pix: 3.5119e-02 
2025-11-22 12:03:48,229 INFO: [IART_..][epoch:  0, iter:   1,270, lr:(1.922e-04,2.402e-05,)] [eta: 6:02:34, time (data): 2.487 (0.001)] l_pix: 2.6924e-02 
2025-11-22 12:03:50,636 INFO: [IART_..][epoch:  0, iter:   1,271, lr:(1.921e-04,2.402e-05,)] [eta: 6:02:31, time (data): 2.486 (0.001)] l_pix: 3.0388e-02 
2025-11-22 12:03:53,051 INFO: [IART_..][epoch:  0, iter:   1,272, lr:(1.921e-04,2.402e-05,)] [eta: 6:02:28, time (data): 2.485 (0.001)] l_pix: 2.3080e-02 
2025-11-22 12:03:55,546 INFO: [IART_..][epoch:  0, iter:   1,273, lr:(1.921e-04,2.402e-05,)] [eta: 6:02:26, time (data): 2.485 (0.001)] l_pix: 3.0257e-02 
2025-11-22 12:03:57,991 INFO: [IART_..][epoch:  0, iter:   1,274, lr:(1.921e-04,2.402e-05,)] [eta: 6:02:23, time (data): 2.484 (0.001)] l_pix: 3.3024e-02 
2025-11-22 12:04:00,594 INFO: [IART_..][epoch:  0, iter:   1,275, lr:(1.921e-04,2.402e-05,)] [eta: 6:02:21, time (data): 2.486 (0.001)] l_pix: 3.9328e-02 
2025-11-22 12:04:03,141 INFO: [IART_..][epoch:  0, iter:   1,276, lr:(1.921e-04,2.401e-05,)] [eta: 6:02:19, time (data): 2.487 (0.001)] l_pix: 4.6304e-02 
2025-11-22 12:04:05,644 INFO: [IART_..][epoch:  0, iter:   1,277, lr:(1.921e-04,2.401e-05,)] [eta: 6:02:17, time (data): 2.487 (0.001)] l_pix: 5.1739e-02 
2025-11-22 12:04:08,104 INFO: [IART_..][epoch:  0, iter:   1,278, lr:(1.921e-04,2.401e-05,)] [eta: 6:02:14, time (data): 2.487 (0.001)] l_pix: 4.8398e-02 
2025-11-22 12:04:10,634 INFO: [IART_..][epoch:  0, iter:   1,279, lr:(1.921e-04,2.401e-05,)] [eta: 6:02:12, time (data): 2.487 (0.001)] l_pix: 3.3194e-02 
2025-11-22 12:04:13,099 INFO: [IART_..][epoch:  0, iter:   1,280, lr:(1.920e-04,2.401e-05,)] [eta: 6:02:09, time (data): 2.487 (0.001)] l_pix: 2.7052e-02 
2025-11-22 12:04:15,658 INFO: [IART_..][epoch:  0, iter:   1,281, lr:(1.920e-04,2.401e-05,)] [eta: 6:02:07, time (data): 2.488 (0.001)] l_pix: 4.0711e-02 
2025-11-22 12:04:18,123 INFO: [IART_..][epoch:  0, iter:   1,282, lr:(1.920e-04,2.401e-05,)] [eta: 6:02:04, time (data): 2.488 (0.001)] l_pix: 2.8296e-02 
2025-11-22 12:04:20,600 INFO: [IART_..][epoch:  0, iter:   1,283, lr:(1.920e-04,2.400e-05,)] [eta: 6:02:02, time (data): 2.488 (0.001)] l_pix: 3.4625e-02 
2025-11-22 12:04:23,064 INFO: [IART_..][epoch:  0, iter:   1,284, lr:(1.920e-04,2.400e-05,)] [eta: 6:01:59, time (data): 2.487 (0.001)] l_pix: 2.9869e-02 
2025-11-22 12:04:25,527 INFO: [IART_..][epoch:  0, iter:   1,285, lr:(1.920e-04,2.400e-05,)] [eta: 6:01:56, time (data): 2.487 (0.001)] l_pix: 2.5403e-02 
2025-11-22 12:04:28,025 INFO: [IART_..][epoch:  0, iter:   1,286, lr:(1.920e-04,2.400e-05,)] [eta: 6:01:54, time (data): 2.487 (0.001)] l_pix: 4.2907e-02 
2025-11-22 12:04:30,506 INFO: [IART_..][epoch:  0, iter:   1,287, lr:(1.920e-04,2.400e-05,)] [eta: 6:01:51, time (data): 2.487 (0.001)] l_pix: 2.6098e-02 
2025-11-22 12:04:33,030 INFO: [IART_..][epoch:  0, iter:   1,288, lr:(1.919e-04,2.400e-05,)] [eta: 6:01:49, time (data): 2.488 (0.001)] l_pix: 2.0246e-02 
2025-11-22 12:04:35,476 INFO: [IART_..][epoch:  0, iter:   1,289, lr:(1.919e-04,2.399e-05,)] [eta: 6:01:46, time (data): 2.487 (0.001)] l_pix: 3.1780e-02 
2025-11-22 12:04:37,960 INFO: [IART_..][epoch:  0, iter:   1,290, lr:(1.919e-04,2.399e-05,)] [eta: 6:01:44, time (data): 2.487 (0.001)] l_pix: 4.3642e-02 
2025-11-22 12:04:40,502 INFO: [IART_..][epoch:  0, iter:   1,291, lr:(1.919e-04,2.399e-05,)] [eta: 6:01:41, time (data): 2.488 (0.001)] l_pix: 2.7915e-02 
2025-11-22 12:04:43,009 INFO: [IART_..][epoch:  0, iter:   1,292, lr:(1.919e-04,2.399e-05,)] [eta: 6:01:39, time (data): 2.488 (0.001)] l_pix: 1.6656e-02 
2025-11-22 12:04:45,521 INFO: [IART_..][epoch:  0, iter:   1,293, lr:(1.919e-04,2.399e-05,)] [eta: 6:01:37, time (data): 2.488 (0.001)] l_pix: 2.4852e-02 
2025-11-22 12:04:48,063 INFO: [IART_..][epoch:  0, iter:   1,294, lr:(1.919e-04,2.399e-05,)] [eta: 6:01:35, time (data): 2.489 (0.001)] l_pix: 3.3964e-02 
2025-11-22 12:04:50,528 INFO: [IART_..][epoch:  0, iter:   1,295, lr:(1.919e-04,2.399e-05,)] [eta: 6:01:32, time (data): 2.489 (0.001)] l_pix: 3.3373e-02 
2025-11-22 12:04:53,137 INFO: [IART_..][epoch:  0, iter:   1,296, lr:(1.918e-04,2.398e-05,)] [eta: 6:01:30, time (data): 2.490 (0.001)] l_pix: 2.3378e-02 
2025-11-22 12:04:55,568 INFO: [IART_..][epoch:  0, iter:   1,297, lr:(1.918e-04,2.398e-05,)] [eta: 6:01:27, time (data): 2.489 (0.001)] l_pix: 2.7302e-02 
2025-11-22 12:04:58,093 INFO: [IART_..][epoch:  0, iter:   1,298, lr:(1.918e-04,2.398e-05,)] [eta: 6:01:25, time (data): 2.490 (0.001)] l_pix: 2.2984e-02 
2025-11-22 12:05:00,497 INFO: [IART_..][epoch:  0, iter:   1,299, lr:(1.918e-04,2.398e-05,)] [eta: 6:01:22, time (data): 2.489 (0.001)] l_pix: 2.9061e-02 
2025-11-22 12:05:03,025 INFO: [IART_..][epoch:  0, iter:   1,300, lr:(1.918e-04,2.398e-05,)] [eta: 6:01:20, time (data): 2.489 (0.001)] l_pix: 3.3626e-02 
2025-11-22 12:05:05,517 INFO: [IART_..][epoch:  0, iter:   1,301, lr:(1.918e-04,2.398e-05,)] [eta: 6:01:17, time (data): 2.489 (0.001)] l_pix: 2.8768e-02 
2025-11-22 12:05:08,051 INFO: [IART_..][epoch:  0, iter:   1,302, lr:(1.918e-04,2.397e-05,)] [eta: 6:01:15, time (data): 2.490 (0.001)] l_pix: 3.6435e-02 
2025-11-22 12:05:10,520 INFO: [IART_..][epoch:  0, iter:   1,303, lr:(1.918e-04,2.397e-05,)] [eta: 6:01:12, time (data): 2.489 (0.001)] l_pix: 1.8536e-02 
2025-11-22 12:05:13,029 INFO: [IART_..][epoch:  0, iter:   1,304, lr:(1.917e-04,2.397e-05,)] [eta: 6:01:10, time (data): 2.490 (0.001)] l_pix: 3.6533e-02 
2025-11-22 12:05:15,491 INFO: [IART_..][epoch:  0, iter:   1,305, lr:(1.917e-04,2.397e-05,)] [eta: 6:01:07, time (data): 2.489 (0.001)] l_pix: 3.3106e-02 
2025-11-22 12:05:18,015 INFO: [IART_..][epoch:  0, iter:   1,306, lr:(1.917e-04,2.397e-05,)] [eta: 6:01:05, time (data): 2.490 (0.001)] l_pix: 3.1805e-02 
2025-11-22 12:05:20,509 INFO: [IART_..][epoch:  0, iter:   1,307, lr:(1.917e-04,2.397e-05,)] [eta: 6:01:02, time (data): 2.490 (0.001)] l_pix: 1.4046e-02 
2025-11-22 12:05:22,923 INFO: [IART_..][epoch:  0, iter:   1,308, lr:(1.917e-04,2.397e-05,)] [eta: 6:00:59, time (data): 2.489 (0.001)] l_pix: 5.0829e-02 
2025-11-22 12:05:25,411 INFO: [IART_..][epoch:  0, iter:   1,309, lr:(1.917e-04,2.396e-05,)] [eta: 6:00:57, time (data): 2.489 (0.001)] l_pix: 3.0409e-02 
2025-11-22 12:05:27,849 INFO: [IART_..][epoch:  0, iter:   1,310, lr:(1.917e-04,2.396e-05,)] [eta: 6:00:54, time (data): 2.488 (0.001)] l_pix: 3.6084e-02 
2025-11-22 12:05:30,362 INFO: [IART_..][epoch:  0, iter:   1,311, lr:(1.917e-04,2.396e-05,)] [eta: 6:00:52, time (data): 2.489 (0.001)] l_pix: 2.5965e-02 
2025-11-22 12:05:32,785 INFO: [IART_..][epoch:  0, iter:   1,312, lr:(1.916e-04,2.396e-05,)] [eta: 6:00:49, time (data): 2.488 (0.001)] l_pix: 2.5208e-02 
2025-11-22 12:05:35,309 INFO: [IART_..][epoch:  0, iter:   1,313, lr:(1.916e-04,2.396e-05,)] [eta: 6:00:47, time (data): 2.488 (0.001)] l_pix: 5.2086e-02 
2025-11-22 12:05:37,899 INFO: [IART_..][epoch:  0, iter:   1,314, lr:(1.916e-04,2.396e-05,)] [eta: 6:00:45, time (data): 2.489 (0.001)] l_pix: 2.7000e-02 
2025-11-22 12:05:40,362 INFO: [IART_..][epoch:  0, iter:   1,315, lr:(1.916e-04,2.395e-05,)] [eta: 6:00:42, time (data): 2.489 (0.001)] l_pix: 1.4352e-02 
2025-11-22 12:05:42,809 INFO: [IART_..][epoch:  0, iter:   1,316, lr:(1.916e-04,2.395e-05,)] [eta: 6:00:39, time (data): 2.489 (0.001)] l_pix: 1.9572e-02 
2025-11-22 12:05:45,211 INFO: [IART_..][epoch:  0, iter:   1,317, lr:(1.916e-04,2.395e-05,)] [eta: 6:00:36, time (data): 2.488 (0.001)] l_pix: 1.4934e-02 
2025-11-22 12:05:47,626 INFO: [IART_..][epoch:  0, iter:   1,318, lr:(1.916e-04,2.395e-05,)] [eta: 6:00:33, time (data): 2.487 (0.001)] l_pix: 1.5335e-02 
2025-11-22 12:05:50,293 INFO: [IART_..][epoch:  0, iter:   1,319, lr:(1.916e-04,2.395e-05,)] [eta: 6:00:32, time (data): 2.489 (0.001)] l_pix: 1.2895e-02 
2025-11-22 12:05:52,741 INFO: [IART_..][epoch:  0, iter:   1,320, lr:(1.915e-04,2.395e-05,)] [eta: 6:00:29, time (data): 2.488 (0.001)] l_pix: 2.8075e-02 
2025-11-22 12:05:55,170 INFO: [IART_..][epoch:  0, iter:   1,321, lr:(1.915e-04,2.394e-05,)] [eta: 6:00:26, time (data): 2.488 (0.001)] l_pix: 4.5984e-02 
2025-11-22 12:05:57,651 INFO: [IART_..][epoch:  0, iter:   1,322, lr:(1.915e-04,2.394e-05,)] [eta: 6:00:24, time (data): 2.488 (0.001)] l_pix: 1.9914e-02 
2025-11-22 12:06:00,114 INFO: [IART_..][epoch:  0, iter:   1,323, lr:(1.915e-04,2.394e-05,)] [eta: 6:00:21, time (data): 2.488 (0.001)] l_pix: 1.6680e-02 
2025-11-22 12:06:02,545 INFO: [IART_..][epoch:  0, iter:   1,324, lr:(1.915e-04,2.394e-05,)] [eta: 6:00:18, time (data): 2.487 (0.001)] l_pix: 1.8848e-02 
2025-11-22 12:06:05,120 INFO: [IART_..][epoch:  0, iter:   1,325, lr:(1.915e-04,2.394e-05,)] [eta: 6:00:16, time (data): 2.488 (0.001)] l_pix: 5.9183e-02 
2025-11-22 12:06:07,615 INFO: [IART_..][epoch:  0, iter:   1,326, lr:(1.915e-04,2.394e-05,)] [eta: 6:00:14, time (data): 2.488 (0.001)] l_pix: 2.0864e-02 
2025-11-22 12:06:10,079 INFO: [IART_..][epoch:  0, iter:   1,327, lr:(1.915e-04,2.394e-05,)] [eta: 6:00:11, time (data): 2.488 (0.001)] l_pix: 3.3096e-02 
2025-11-22 12:06:12,525 INFO: [IART_..][epoch:  0, iter:   1,328, lr:(1.914e-04,2.393e-05,)] [eta: 6:00:08, time (data): 2.487 (0.001)] l_pix: 4.0782e-02 
2025-11-22 12:06:14,974 INFO: [IART_..][epoch:  0, iter:   1,329, lr:(1.914e-04,2.393e-05,)] [eta: 6:00:05, time (data): 2.487 (0.001)] l_pix: 2.5703e-02 
2025-11-22 12:06:17,438 INFO: [IART_..][epoch:  0, iter:   1,330, lr:(1.914e-04,2.393e-05,)] [eta: 6:00:03, time (data): 2.487 (0.001)] l_pix: 2.4227e-02 
2025-11-22 12:06:19,996 INFO: [IART_..][epoch:  0, iter:   1,331, lr:(1.914e-04,2.393e-05,)] [eta: 6:00:01, time (data): 2.487 (0.001)] l_pix: 3.0691e-02 
2025-11-22 12:06:22,410 INFO: [IART_..][epoch:  0, iter:   1,332, lr:(1.914e-04,2.393e-05,)] [eta: 5:59:58, time (data): 2.487 (0.001)] l_pix: 3.2723e-02 
2025-11-22 12:06:24,828 INFO: [IART_..][epoch:  0, iter:   1,333, lr:(1.914e-04,2.393e-05,)] [eta: 5:59:55, time (data): 2.486 (0.001)] l_pix: 4.5218e-02 
2025-11-22 12:06:27,229 INFO: [IART_..][epoch:  0, iter:   1,334, lr:(1.914e-04,2.392e-05,)] [eta: 5:59:51, time (data): 2.486 (0.001)] l_pix: 4.3929e-02 
2025-11-22 12:06:29,629 INFO: [IART_..][epoch:  0, iter:   1,335, lr:(1.914e-04,2.392e-05,)] [eta: 5:59:48, time (data): 2.485 (0.001)] l_pix: 2.3218e-02 
2025-11-22 12:06:32,045 INFO: [IART_..][epoch:  0, iter:   1,336, lr:(1.913e-04,2.392e-05,)] [eta: 5:59:45, time (data): 2.484 (0.001)] l_pix: 2.1957e-02 
2025-11-22 12:06:34,567 INFO: [IART_..][epoch:  0, iter:   1,337, lr:(1.913e-04,2.392e-05,)] [eta: 5:59:43, time (data): 2.485 (0.001)] l_pix: 3.8150e-02 
2025-11-22 12:06:37,009 INFO: [IART_..][epoch:  0, iter:   1,338, lr:(1.913e-04,2.392e-05,)] [eta: 5:59:40, time (data): 2.484 (0.001)] l_pix: 2.9509e-02 
2025-11-22 12:06:39,443 INFO: [IART_..][epoch:  0, iter:   1,339, lr:(1.913e-04,2.392e-05,)] [eta: 5:59:37, time (data): 2.484 (0.001)] l_pix: 4.3488e-02 
2025-11-22 12:06:41,975 INFO: [IART_..][epoch:  0, iter:   1,340, lr:(1.913e-04,2.391e-05,)] [eta: 5:59:35, time (data): 2.484 (0.001)] l_pix: 3.2683e-02 
2025-11-22 12:06:44,408 INFO: [IART_..][epoch:  0, iter:   1,341, lr:(1.913e-04,2.391e-05,)] [eta: 5:59:32, time (data): 2.484 (0.001)] l_pix: 2.9606e-02 
2025-11-22 12:06:46,971 INFO: [IART_..][epoch:  0, iter:   1,342, lr:(1.913e-04,2.391e-05,)] [eta: 5:59:30, time (data): 2.485 (0.001)] l_pix: 3.2776e-02 
2025-11-22 12:06:49,426 INFO: [IART_..][epoch:  0, iter:   1,343, lr:(1.912e-04,2.391e-05,)] [eta: 5:59:28, time (data): 2.484 (0.001)] l_pix: 3.1624e-02 
2025-11-22 12:06:51,857 INFO: [IART_..][epoch:  0, iter:   1,344, lr:(1.912e-04,2.391e-05,)] [eta: 5:59:25, time (data): 2.484 (0.001)] l_pix: 1.9012e-02 
2025-11-22 12:06:54,402 INFO: [IART_..][epoch:  0, iter:   1,345, lr:(1.912e-04,2.391e-05,)] [eta: 5:59:23, time (data): 2.484 (0.001)] l_pix: 3.0473e-02 
2025-11-22 12:06:57,104 INFO: [IART_..][epoch:  0, iter:   1,346, lr:(1.912e-04,2.391e-05,)] [eta: 5:59:21, time (data): 2.486 (0.001)] l_pix: 2.9825e-02 
2025-11-22 12:06:59,507 INFO: [IART_..][epoch:  0, iter:   1,347, lr:(1.912e-04,2.390e-05,)] [eta: 5:59:18, time (data): 2.485 (0.001)] l_pix: 2.3328e-02 
2025-11-22 12:07:01,905 INFO: [IART_..][epoch:  0, iter:   1,348, lr:(1.912e-04,2.390e-05,)] [eta: 5:59:15, time (data): 2.485 (0.001)] l_pix: 1.9964e-02 
2025-11-22 12:07:04,291 INFO: [IART_..][epoch:  0, iter:   1,349, lr:(1.912e-04,2.390e-05,)] [eta: 5:59:12, time (data): 2.484 (0.001)] l_pix: 2.5313e-02 
2025-11-22 12:07:06,788 INFO: [IART_..][epoch:  0, iter:   1,350, lr:(1.912e-04,2.390e-05,)] [eta: 5:59:10, time (data): 2.484 (0.001)] l_pix: 2.8376e-02 
2025-11-22 12:07:09,239 INFO: [IART_..][epoch:  0, iter:   1,351, lr:(1.911e-04,2.390e-05,)] [eta: 5:59:07, time (data): 2.484 (0.001)] l_pix: 2.1468e-02 
2025-11-22 12:07:11,717 INFO: [IART_..][epoch:  0, iter:   1,352, lr:(1.911e-04,2.390e-05,)] [eta: 5:59:04, time (data): 2.484 (0.001)] l_pix: 2.3315e-02 
2025-11-22 12:07:14,226 INFO: [IART_..][epoch:  0, iter:   1,353, lr:(1.911e-04,2.389e-05,)] [eta: 5:59:02, time (data): 2.484 (0.001)] l_pix: 1.6671e-02 
2025-11-22 12:07:16,868 INFO: [IART_..][epoch:  0, iter:   1,354, lr:(1.911e-04,2.389e-05,)] [eta: 5:59:00, time (data): 2.485 (0.001)] l_pix: 4.7023e-02 
2025-11-22 12:07:19,328 INFO: [IART_..][epoch:  0, iter:   1,355, lr:(1.911e-04,2.389e-05,)] [eta: 5:58:58, time (data): 2.485 (0.001)] l_pix: 1.7621e-02 
2025-11-22 12:07:21,809 INFO: [IART_..][epoch:  0, iter:   1,356, lr:(1.911e-04,2.389e-05,)] [eta: 5:58:55, time (data): 2.485 (0.001)] l_pix: 3.1728e-02 
2025-11-22 12:07:24,231 INFO: [IART_..][epoch:  0, iter:   1,357, lr:(1.911e-04,2.389e-05,)] [eta: 5:58:52, time (data): 2.484 (0.001)] l_pix: 2.3275e-02 
2025-11-22 12:07:26,711 INFO: [IART_..][epoch:  0, iter:   1,358, lr:(1.911e-04,2.389e-05,)] [eta: 5:58:50, time (data): 2.484 (0.001)] l_pix: 3.3136e-02 
2025-11-22 12:07:29,268 INFO: [IART_..][epoch:  0, iter:   1,359, lr:(1.910e-04,2.388e-05,)] [eta: 5:58:48, time (data): 2.485 (0.001)] l_pix: 3.3558e-02 
2025-11-22 12:07:31,845 INFO: [IART_..][epoch:  0, iter:   1,360, lr:(1.910e-04,2.388e-05,)] [eta: 5:58:46, time (data): 2.485 (0.001)] l_pix: 1.4483e-02 
2025-11-22 12:07:34,357 INFO: [IART_..][epoch:  0, iter:   1,361, lr:(1.910e-04,2.388e-05,)] [eta: 5:58:43, time (data): 2.486 (0.001)] l_pix: 4.8273e-02 
2025-11-22 12:07:36,788 INFO: [IART_..][epoch:  0, iter:   1,362, lr:(1.910e-04,2.388e-05,)] [eta: 5:58:40, time (data): 2.485 (0.001)] l_pix: 3.7780e-02 
2025-11-22 12:07:39,299 INFO: [IART_..][epoch:  0, iter:   1,363, lr:(1.910e-04,2.388e-05,)] [eta: 5:58:38, time (data): 2.485 (0.001)] l_pix: 2.4672e-02 
2025-11-22 12:07:41,834 INFO: [IART_..][epoch:  0, iter:   1,364, lr:(1.910e-04,2.388e-05,)] [eta: 5:58:36, time (data): 2.486 (0.001)] l_pix: 2.7835e-02 
2025-11-22 12:07:44,231 INFO: [IART_..][epoch:  0, iter:   1,365, lr:(1.910e-04,2.387e-05,)] [eta: 5:58:33, time (data): 2.485 (0.001)] l_pix: 4.1581e-02 
2025-11-22 12:07:46,728 INFO: [IART_..][epoch:  0, iter:   1,366, lr:(1.909e-04,2.387e-05,)] [eta: 5:58:30, time (data): 2.485 (0.001)] l_pix: 3.2206e-02 
2025-11-22 12:07:49,142 INFO: [IART_..][epoch:  0, iter:   1,367, lr:(1.909e-04,2.387e-05,)] [eta: 5:58:27, time (data): 2.485 (0.001)] l_pix: 4.8210e-02 
2025-11-22 12:07:51,560 INFO: [IART_..][epoch:  0, iter:   1,368, lr:(1.909e-04,2.387e-05,)] [eta: 5:58:24, time (data): 2.484 (0.001)] l_pix: 2.9163e-02 
2025-11-22 12:07:54,149 INFO: [IART_..][epoch:  0, iter:   1,369, lr:(1.909e-04,2.387e-05,)] [eta: 5:58:22, time (data): 2.485 (0.001)] l_pix: 2.9331e-02 
2025-11-22 12:07:56,627 INFO: [IART_..][epoch:  0, iter:   1,370, lr:(1.909e-04,2.387e-05,)] [eta: 5:58:20, time (data): 2.485 (0.001)] l_pix: 3.9803e-02 
2025-11-22 12:07:59,115 INFO: [IART_..][epoch:  0, iter:   1,371, lr:(1.909e-04,2.386e-05,)] [eta: 5:58:17, time (data): 2.485 (0.001)] l_pix: 2.0822e-02 
2025-11-22 12:08:01,722 INFO: [IART_..][epoch:  0, iter:   1,372, lr:(1.909e-04,2.386e-05,)] [eta: 5:58:16, time (data): 2.486 (0.001)] l_pix: 2.7138e-02 
2025-11-22 12:08:04,244 INFO: [IART_..][epoch:  0, iter:   1,373, lr:(1.909e-04,2.386e-05,)] [eta: 5:58:13, time (data): 2.486 (0.001)] l_pix: 2.3018e-02 
2025-11-22 12:08:06,818 INFO: [IART_..][epoch:  0, iter:   1,374, lr:(1.908e-04,2.386e-05,)] [eta: 5:58:11, time (data): 2.486 (0.001)] l_pix: 5.2358e-02 
2025-11-22 12:08:09,285 INFO: [IART_..][epoch:  0, iter:   1,375, lr:(1.908e-04,2.386e-05,)] [eta: 5:58:09, time (data): 2.486 (0.001)] l_pix: 4.2343e-02 
2025-11-22 12:08:11,736 INFO: [IART_..][epoch:  0, iter:   1,376, lr:(1.908e-04,2.386e-05,)] [eta: 5:58:06, time (data): 2.486 (0.001)] l_pix: 4.0598e-02 
2025-11-22 12:08:14,220 INFO: [IART_..][epoch:  0, iter:   1,377, lr:(1.908e-04,2.385e-05,)] [eta: 5:58:03, time (data): 2.486 (0.001)] l_pix: 1.4665e-02 
2025-11-22 12:08:16,812 INFO: [IART_..][epoch:  0, iter:   1,378, lr:(1.908e-04,2.385e-05,)] [eta: 5:58:01, time (data): 2.487 (0.001)] l_pix: 2.0863e-02 
2025-11-22 12:08:19,403 INFO: [IART_..][epoch:  0, iter:   1,379, lr:(1.908e-04,2.385e-05,)] [eta: 5:58:00, time (data): 2.487 (0.001)] l_pix: 3.0184e-02 
2025-11-22 12:08:21,865 INFO: [IART_..][epoch:  0, iter:   1,380, lr:(1.908e-04,2.385e-05,)] [eta: 5:57:57, time (data): 2.487 (0.001)] l_pix: 1.5569e-02 
2025-11-22 12:08:24,375 INFO: [IART_..][epoch:  0, iter:   1,381, lr:(1.908e-04,2.385e-05,)] [eta: 5:57:55, time (data): 2.487 (0.001)] l_pix: 3.0030e-02 
2025-11-22 12:08:26,830 INFO: [IART_..][epoch:  0, iter:   1,382, lr:(1.907e-04,2.385e-05,)] [eta: 5:57:52, time (data): 2.487 (0.001)] l_pix: 3.5963e-02 
2025-11-22 12:08:29,253 INFO: [IART_..][epoch:  0, iter:   1,383, lr:(1.907e-04,2.384e-05,)] [eta: 5:57:49, time (data): 2.487 (0.001)] l_pix: 3.2709e-02 
2025-11-22 12:08:31,700 INFO: [IART_..][epoch:  0, iter:   1,384, lr:(1.907e-04,2.384e-05,)] [eta: 5:57:46, time (data): 2.487 (0.001)] l_pix: 2.5311e-02 
2025-11-22 12:08:34,187 INFO: [IART_..][epoch:  0, iter:   1,385, lr:(1.907e-04,2.384e-05,)] [eta: 5:57:44, time (data): 2.487 (0.001)] l_pix: 1.5910e-02 
2025-11-22 12:08:36,814 INFO: [IART_..][epoch:  0, iter:   1,386, lr:(1.907e-04,2.384e-05,)] [eta: 5:57:42, time (data): 2.487 (0.001)] l_pix: 2.2148e-02 
2025-11-22 12:08:39,420 INFO: [IART_..][epoch:  0, iter:   1,387, lr:(1.907e-04,2.384e-05,)] [eta: 5:57:40, time (data): 2.488 (0.001)] l_pix: 3.3065e-02 
2025-11-22 12:08:41,883 INFO: [IART_..][epoch:  0, iter:   1,388, lr:(1.907e-04,2.384e-05,)] [eta: 5:57:38, time (data): 2.488 (0.001)] l_pix: 3.2814e-02 
2025-11-22 12:08:44,457 INFO: [IART_..][epoch:  0, iter:   1,389, lr:(1.906e-04,2.384e-05,)] [eta: 5:57:36, time (data): 2.488 (0.001)] l_pix: 4.5792e-02 
2025-11-22 12:08:46,920 INFO: [IART_..][epoch:  0, iter:   1,390, lr:(1.906e-04,2.383e-05,)] [eta: 5:57:33, time (data): 2.488 (0.001)] l_pix: 1.8028e-02 
2025-11-22 12:08:49,414 INFO: [IART_..][epoch:  0, iter:   1,391, lr:(1.906e-04,2.383e-05,)] [eta: 5:57:30, time (data): 2.488 (0.001)] l_pix: 4.2591e-02 
2025-11-22 12:08:51,831 INFO: [IART_..][epoch:  0, iter:   1,392, lr:(1.906e-04,2.383e-05,)] [eta: 5:57:27, time (data): 2.488 (0.001)] l_pix: 1.1231e-02 
2025-11-22 12:08:54,450 INFO: [IART_..][epoch:  0, iter:   1,393, lr:(1.906e-04,2.383e-05,)] [eta: 5:57:26, time (data): 2.488 (0.001)] l_pix: 3.6360e-02 
2025-11-22 12:08:56,979 INFO: [IART_..][epoch:  0, iter:   1,394, lr:(1.906e-04,2.383e-05,)] [eta: 5:57:23, time (data): 2.489 (0.001)] l_pix: 4.0722e-02 
2025-11-22 12:08:59,388 INFO: [IART_..][epoch:  0, iter:   1,395, lr:(1.906e-04,2.383e-05,)] [eta: 5:57:20, time (data): 2.488 (0.001)] l_pix: 3.5973e-02 
2025-11-22 12:09:01,930 INFO: [IART_..][epoch:  0, iter:   1,396, lr:(1.906e-04,2.382e-05,)] [eta: 5:57:18, time (data): 2.488 (0.001)] l_pix: 2.3414e-02 
2025-11-22 12:09:04,417 INFO: [IART_..][epoch:  0, iter:   1,397, lr:(1.905e-04,2.382e-05,)] [eta: 5:57:16, time (data): 2.488 (0.001)] l_pix: 4.9126e-02 
2025-11-22 12:09:06,888 INFO: [IART_..][epoch:  0, iter:   1,398, lr:(1.905e-04,2.382e-05,)] [eta: 5:57:13, time (data): 2.488 (0.001)] l_pix: 2.1920e-02 
2025-11-22 12:09:09,386 INFO: [IART_..][epoch:  0, iter:   1,399, lr:(1.905e-04,2.382e-05,)] [eta: 5:57:11, time (data): 2.488 (0.001)] l_pix: 4.8009e-02 
2025-11-22 12:09:11,891 INFO: [IART_..][epoch:  0, iter:   1,400, lr:(1.905e-04,2.382e-05,)] [eta: 5:57:08, time (data): 2.489 (0.001)] l_pix: 2.1475e-02 
2025-11-22 12:09:14,433 INFO: [IART_..][epoch:  0, iter:   1,401, lr:(1.905e-04,2.382e-05,)] [eta: 5:57:06, time (data): 2.489 (0.001)] l_pix: 3.9594e-02 
2025-11-22 12:09:16,846 INFO: [IART_..][epoch:  0, iter:   1,402, lr:(1.905e-04,2.381e-05,)] [eta: 5:57:03, time (data): 2.488 (0.001)] l_pix: 2.5281e-02 
2025-11-22 12:09:19,233 INFO: [IART_..][epoch:  0, iter:   1,403, lr:(1.905e-04,2.381e-05,)] [eta: 5:57:00, time (data): 2.488 (0.001)] l_pix: 2.8179e-02 
2025-11-22 12:09:21,734 INFO: [IART_..][epoch:  0, iter:   1,404, lr:(1.904e-04,2.381e-05,)] [eta: 5:56:58, time (data): 2.488 (0.001)] l_pix: 2.7174e-02 
2025-11-22 12:09:24,227 INFO: [IART_..][epoch:  0, iter:   1,405, lr:(1.904e-04,2.381e-05,)] [eta: 5:56:55, time (data): 2.488 (0.001)] l_pix: 6.0130e-02 
2025-11-22 12:09:26,687 INFO: [IART_..][epoch:  0, iter:   1,406, lr:(1.904e-04,2.381e-05,)] [eta: 5:56:52, time (data): 2.488 (0.001)] l_pix: 4.1199e-02 
2025-11-22 12:09:29,216 INFO: [IART_..][epoch:  0, iter:   1,407, lr:(1.904e-04,2.381e-05,)] [eta: 5:56:50, time (data): 2.488 (0.001)] l_pix: 2.2014e-02 
2025-11-22 12:09:31,853 INFO: [IART_..][epoch:  0, iter:   1,408, lr:(1.904e-04,2.380e-05,)] [eta: 5:56:48, time (data): 2.637 (0.000)] l_pix: 1.9366e-02 
2025-11-22 12:09:34,394 INFO: [IART_..][epoch:  0, iter:   1,409, lr:(1.904e-04,2.380e-05,)] [eta: 5:56:46, time (data): 2.589 (0.000)] l_pix: 1.9167e-02 
2025-11-22 12:09:36,968 INFO: [IART_..][epoch:  0, iter:   1,410, lr:(1.904e-04,2.380e-05,)] [eta: 5:56:44, time (data): 2.584 (0.000)] l_pix: 1.7061e-02 
2025-11-22 12:09:39,462 INFO: [IART_..][epoch:  0, iter:   1,411, lr:(1.904e-04,2.380e-05,)] [eta: 5:56:42, time (data): 2.561 (0.004)] l_pix: 4.4851e-02 
2025-11-22 12:09:41,831 INFO: [IART_..][epoch:  0, iter:   1,412, lr:(1.903e-04,2.380e-05,)] [eta: 5:56:39, time (data): 2.523 (0.003)] l_pix: 2.5927e-02 
2025-11-22 12:09:44,302 INFO: [IART_..][epoch:  0, iter:   1,413, lr:(1.903e-04,2.380e-05,)] [eta: 5:56:36, time (data): 2.514 (0.005)] l_pix: 9.0886e-03 
2025-11-22 12:09:46,861 INFO: [IART_..][epoch:  0, iter:   1,414, lr:(1.903e-04,2.379e-05,)] [eta: 5:56:34, time (data): 2.521 (0.005)] l_pix: 3.3561e-02 
2025-11-22 12:09:49,281 INFO: [IART_..][epoch:  0, iter:   1,415, lr:(1.903e-04,2.379e-05,)] [eta: 5:56:31, time (data): 2.508 (0.005)] l_pix: 1.3598e-02 
2025-11-22 12:09:51,755 INFO: [IART_..][epoch:  0, iter:   1,416, lr:(1.903e-04,2.379e-05,)] [eta: 5:56:28, time (data): 2.504 (0.004)] l_pix: 3.1215e-02 
2025-11-22 12:09:54,216 INFO: [IART_..][epoch:  0, iter:   1,417, lr:(1.903e-04,2.379e-05,)] [eta: 5:56:26, time (data): 2.500 (0.004)] l_pix: 4.0776e-02 
2025-11-22 12:09:56,615 INFO: [IART_..][epoch:  0, iter:   1,418, lr:(1.903e-04,2.379e-05,)] [eta: 5:56:23, time (data): 2.491 (0.004)] l_pix: 4.3862e-02 
2025-11-22 12:09:59,188 INFO: [IART_..][epoch:  0, iter:   1,419, lr:(1.902e-04,2.378e-05,)] [eta: 5:56:21, time (data): 2.498 (0.003)] l_pix: 3.3877e-02 
2025-11-22 12:10:01,679 INFO: [IART_..][epoch:  0, iter:   1,420, lr:(1.902e-04,2.378e-05,)] [eta: 5:56:18, time (data): 2.497 (0.003)] l_pix: 3.2387e-02 
2025-11-22 12:10:04,189 INFO: [IART_..][epoch:  0, iter:   1,421, lr:(1.902e-04,2.378e-05,)] [eta: 5:56:16, time (data): 2.498 (0.003)] l_pix: 5.7379e-02 
2025-11-22 12:10:06,699 INFO: [IART_..][epoch:  0, iter:   1,422, lr:(1.902e-04,2.378e-05,)] [eta: 5:56:13, time (data): 2.499 (0.003)] l_pix: 2.1690e-02 
2025-11-22 12:10:09,158 INFO: [IART_..][epoch:  0, iter:   1,423, lr:(1.902e-04,2.378e-05,)] [eta: 5:56:11, time (data): 2.496 (0.002)] l_pix: 3.6519e-02 
2025-11-22 12:10:11,671 INFO: [IART_..][epoch:  0, iter:   1,424, lr:(1.902e-04,2.378e-05,)] [eta: 5:56:08, time (data): 2.497 (0.002)] l_pix: 1.2622e-02 
2025-11-22 12:10:14,133 INFO: [IART_..][epoch:  0, iter:   1,425, lr:(1.902e-04,2.377e-05,)] [eta: 5:56:06, time (data): 2.495 (0.002)] l_pix: 3.8351e-02 
2025-11-22 12:10:16,546 INFO: [IART_..][epoch:  0, iter:   1,426, lr:(1.902e-04,2.377e-05,)] [eta: 5:56:03, time (data): 2.491 (0.002)] l_pix: 2.3999e-02 
2025-11-22 12:10:19,024 INFO: [IART_..][epoch:  0, iter:   1,427, lr:(1.901e-04,2.377e-05,)] [eta: 5:56:00, time (data): 2.490 (0.002)] l_pix: 3.1226e-02 
2025-11-22 12:10:21,594 INFO: [IART_..][epoch:  0, iter:   1,428, lr:(1.901e-04,2.377e-05,)] [eta: 5:55:58, time (data): 2.494 (0.003)] l_pix: 4.0061e-02 
2025-11-22 12:10:24,120 INFO: [IART_..][epoch:  0, iter:   1,429, lr:(1.901e-04,2.377e-05,)] [eta: 5:55:56, time (data): 2.496 (0.003)] l_pix: 2.2888e-02 
2025-11-22 12:10:26,802 INFO: [IART_..][epoch:  0, iter:   1,430, lr:(1.901e-04,2.377e-05,)] [eta: 5:55:54, time (data): 2.504 (0.003)] l_pix: 2.9761e-02 
2025-11-22 12:10:29,247 INFO: [IART_..][epoch:  0, iter:   1,431, lr:(1.901e-04,2.376e-05,)] [eta: 5:55:52, time (data): 2.501 (0.003)] l_pix: 3.7207e-02 
2025-11-22 12:10:31,786 INFO: [IART_..][epoch:  0, iter:   1,432, lr:(1.901e-04,2.376e-05,)] [eta: 5:55:49, time (data): 2.503 (0.003)] l_pix: 2.4668e-02 
2025-11-22 12:10:34,235 INFO: [IART_..][epoch:  0, iter:   1,433, lr:(1.901e-04,2.376e-05,)] [eta: 5:55:47, time (data): 2.501 (0.003)] l_pix: 4.0791e-02 
2025-11-22 12:10:36,739 INFO: [IART_..][epoch:  0, iter:   1,434, lr:(1.900e-04,2.376e-05,)] [eta: 5:55:44, time (data): 2.501 (0.003)] l_pix: 1.9590e-02 
2025-11-22 12:10:39,187 INFO: [IART_..][epoch:  0, iter:   1,435, lr:(1.900e-04,2.376e-05,)] [eta: 5:55:41, time (data): 2.499 (0.003)] l_pix: 2.4835e-02 
2025-11-22 12:10:41,625 INFO: [IART_..][epoch:  0, iter:   1,436, lr:(1.900e-04,2.376e-05,)] [eta: 5:55:39, time (data): 2.497 (0.003)] l_pix: 9.9822e-03 
2025-11-22 12:10:44,133 INFO: [IART_..][epoch:  0, iter:   1,437, lr:(1.900e-04,2.375e-05,)] [eta: 5:55:36, time (data): 2.497 (0.003)] l_pix: 1.7730e-02 
2025-11-22 12:10:46,542 INFO: [IART_..][epoch:  0, iter:   1,438, lr:(1.900e-04,2.375e-05,)] [eta: 5:55:33, time (data): 2.494 (0.003)] l_pix: 2.3618e-02 
2025-11-22 12:10:48,948 INFO: [IART_..][epoch:  0, iter:   1,439, lr:(1.900e-04,2.375e-05,)] [eta: 5:55:30, time (data): 2.492 (0.003)] l_pix: 1.6025e-02 
2025-11-22 12:10:51,380 INFO: [IART_..][epoch:  0, iter:   1,440, lr:(1.900e-04,2.375e-05,)] [eta: 5:55:27, time (data): 2.490 (0.003)] l_pix: 1.8171e-02 
2025-11-22 12:10:53,918 INFO: [IART_..][epoch:  0, iter:   1,441, lr:(1.899e-04,2.375e-05,)] [eta: 5:55:25, time (data): 2.491 (0.003)] l_pix: 2.0140e-02 
2025-11-22 12:10:56,457 INFO: [IART_..][epoch:  0, iter:   1,442, lr:(1.899e-04,2.375e-05,)] [eta: 5:55:23, time (data): 2.493 (0.003)] l_pix: 4.4204e-02 
2025-11-22 12:10:58,970 INFO: [IART_..][epoch:  0, iter:   1,443, lr:(1.899e-04,2.374e-05,)] [eta: 5:55:21, time (data): 2.493 (0.003)] l_pix: 3.3084e-02 
2025-11-22 12:11:01,386 INFO: [IART_..][epoch:  0, iter:   1,444, lr:(1.899e-04,2.374e-05,)] [eta: 5:55:18, time (data): 2.491 (0.002)] l_pix: 1.0239e-02 
2025-11-22 12:11:03,842 INFO: [IART_..][epoch:  0, iter:   1,445, lr:(1.899e-04,2.374e-05,)] [eta: 5:55:15, time (data): 2.490 (0.002)] l_pix: 2.7332e-02 
2025-11-22 12:11:06,289 INFO: [IART_..][epoch:  0, iter:   1,446, lr:(1.899e-04,2.374e-05,)] [eta: 5:55:12, time (data): 2.489 (0.002)] l_pix: 3.5216e-02 
2025-11-22 12:11:08,690 INFO: [IART_..][epoch:  0, iter:   1,447, lr:(1.899e-04,2.374e-05,)] [eta: 5:55:09, time (data): 2.487 (0.002)] l_pix: 5.4709e-02 
2025-11-22 12:11:11,154 INFO: [IART_..][epoch:  0, iter:   1,448, lr:(1.898e-04,2.374e-05,)] [eta: 5:55:07, time (data): 2.486 (0.002)] l_pix: 1.6702e-02 
2025-11-22 12:11:13,619 INFO: [IART_..][epoch:  0, iter:   1,449, lr:(1.898e-04,2.373e-05,)] [eta: 5:55:04, time (data): 2.486 (0.002)] l_pix: 2.2396e-02 
2025-11-22 12:11:16,178 INFO: [IART_..][epoch:  0, iter:   1,450, lr:(1.898e-04,2.373e-05,)] [eta: 5:55:02, time (data): 2.487 (0.002)] l_pix: 3.0820e-02 
2025-11-22 12:11:18,658 INFO: [IART_..][epoch:  0, iter:   1,451, lr:(1.898e-04,2.373e-05,)] [eta: 5:54:59, time (data): 2.487 (0.002)] l_pix: 2.1213e-02 
2025-11-22 12:11:21,200 INFO: [IART_..][epoch:  0, iter:   1,452, lr:(1.898e-04,2.373e-05,)] [eta: 5:54:57, time (data): 2.489 (0.002)] l_pix: 3.3602e-02 
2025-11-22 12:11:23,837 INFO: [IART_..][epoch:  0, iter:   1,453, lr:(1.898e-04,2.373e-05,)] [eta: 5:54:55, time (data): 2.492 (0.002)] l_pix: 2.0403e-02 
2025-11-22 12:11:26,345 INFO: [IART_..][epoch:  0, iter:   1,454, lr:(1.898e-04,2.373e-05,)] [eta: 5:54:53, time (data): 2.492 (0.002)] l_pix: 1.8190e-02 
2025-11-22 12:11:28,715 INFO: [IART_..][epoch:  0, iter:   1,455, lr:(1.898e-04,2.372e-05,)] [eta: 5:54:50, time (data): 2.490 (0.002)] l_pix: 1.9336e-02 
2025-11-22 12:11:31,181 INFO: [IART_..][epoch:  0, iter:   1,456, lr:(1.897e-04,2.372e-05,)] [eta: 5:54:47, time (data): 2.489 (0.003)] l_pix: 1.6384e-02 
2025-11-22 12:11:33,659 INFO: [IART_..][epoch:  0, iter:   1,457, lr:(1.897e-04,2.372e-05,)] [eta: 5:54:45, time (data): 2.489 (0.003)] l_pix: 4.2147e-02 
2025-11-22 12:11:36,076 INFO: [IART_..][epoch:  0, iter:   1,458, lr:(1.897e-04,2.372e-05,)] [eta: 5:54:42, time (data): 2.487 (0.002)] l_pix: 3.1473e-02 
2025-11-22 12:11:38,540 INFO: [IART_..][epoch:  0, iter:   1,459, lr:(1.897e-04,2.372e-05,)] [eta: 5:54:39, time (data): 2.487 (0.002)] l_pix: 2.1847e-02 
2025-11-22 12:11:40,956 INFO: [IART_..][epoch:  0, iter:   1,460, lr:(1.897e-04,2.371e-05,)] [eta: 5:54:36, time (data): 2.486 (0.002)] l_pix: 2.7874e-02 
2025-11-22 12:11:43,465 INFO: [IART_..][epoch:  0, iter:   1,461, lr:(1.897e-04,2.371e-05,)] [eta: 5:54:34, time (data): 2.486 (0.002)] l_pix: 3.6532e-02 
2025-11-22 12:11:46,007 INFO: [IART_..][epoch:  0, iter:   1,462, lr:(1.897e-04,2.371e-05,)] [eta: 5:54:31, time (data): 2.487 (0.002)] l_pix: 2.6238e-02 
2025-11-22 12:11:48,486 INFO: [IART_..][epoch:  0, iter:   1,463, lr:(1.896e-04,2.371e-05,)] [eta: 5:54:29, time (data): 2.487 (0.002)] l_pix: 3.0092e-02 
2025-11-22 12:11:50,963 INFO: [IART_..][epoch:  0, iter:   1,464, lr:(1.896e-04,2.371e-05,)] [eta: 5:54:26, time (data): 2.487 (0.002)] l_pix: 3.4659e-02 
2025-11-22 12:11:53,455 INFO: [IART_..][epoch:  0, iter:   1,465, lr:(1.896e-04,2.371e-05,)] [eta: 5:54:24, time (data): 2.487 (0.002)] l_pix: 2.7437e-02 
2025-11-22 12:11:55,965 INFO: [IART_..][epoch:  0, iter:   1,466, lr:(1.896e-04,2.370e-05,)] [eta: 5:54:21, time (data): 2.487 (0.002)] l_pix: 4.4922e-02 
2025-11-22 12:11:58,489 INFO: [IART_..][epoch:  0, iter:   1,467, lr:(1.896e-04,2.370e-05,)] [eta: 5:54:19, time (data): 2.488 (0.002)] l_pix: 2.8183e-02 
2025-11-22 12:12:00,888 INFO: [IART_..][epoch:  0, iter:   1,468, lr:(1.896e-04,2.370e-05,)] [eta: 5:54:16, time (data): 2.486 (0.002)] l_pix: 3.7499e-02 
2025-11-22 12:12:03,364 INFO: [IART_..][epoch:  0, iter:   1,469, lr:(1.896e-04,2.370e-05,)] [eta: 5:54:14, time (data): 2.486 (0.002)] l_pix: 2.5355e-02 
2025-11-22 12:12:05,923 INFO: [IART_..][epoch:  0, iter:   1,470, lr:(1.895e-04,2.370e-05,)] [eta: 5:54:11, time (data): 2.487 (0.002)] l_pix: 1.6453e-02 
2025-11-22 12:12:08,357 INFO: [IART_..][epoch:  0, iter:   1,471, lr:(1.895e-04,2.370e-05,)] [eta: 5:54:09, time (data): 2.487 (0.002)] l_pix: 2.3077e-02 
2025-11-22 12:12:10,878 INFO: [IART_..][epoch:  0, iter:   1,472, lr:(1.895e-04,2.369e-05,)] [eta: 5:54:06, time (data): 2.487 (0.002)] l_pix: 2.3164e-02 
2025-11-22 12:12:13,355 INFO: [IART_..][epoch:  0, iter:   1,473, lr:(1.895e-04,2.369e-05,)] [eta: 5:54:04, time (data): 2.487 (0.002)] l_pix: 2.8147e-02 
2025-11-22 12:12:15,769 INFO: [IART_..][epoch:  0, iter:   1,474, lr:(1.895e-04,2.369e-05,)] [eta: 5:54:01, time (data): 2.486 (0.002)] l_pix: 3.8038e-02 
2025-11-22 12:12:18,444 INFO: [IART_..][epoch:  0, iter:   1,475, lr:(1.895e-04,2.369e-05,)] [eta: 5:53:59, time (data): 2.489 (0.002)] l_pix: 1.8722e-02 
2025-11-22 12:12:20,866 INFO: [IART_..][epoch:  0, iter:   1,476, lr:(1.895e-04,2.369e-05,)] [eta: 5:53:56, time (data): 2.488 (0.002)] l_pix: 2.0811e-02 
2025-11-22 12:12:23,342 INFO: [IART_..][epoch:  0, iter:   1,477, lr:(1.894e-04,2.369e-05,)] [eta: 5:53:54, time (data): 2.487 (0.002)] l_pix: 2.8533e-02 
2025-11-22 12:12:25,756 INFO: [IART_..][epoch:  0, iter:   1,478, lr:(1.894e-04,2.368e-05,)] [eta: 5:53:51, time (data): 2.486 (0.002)] l_pix: 2.1188e-02 
2025-11-22 12:12:28,154 INFO: [IART_..][epoch:  0, iter:   1,479, lr:(1.894e-04,2.368e-05,)] [eta: 5:53:48, time (data): 2.485 (0.002)] l_pix: 4.3312e-02 
2025-11-22 12:12:30,587 INFO: [IART_..][epoch:  0, iter:   1,480, lr:(1.894e-04,2.368e-05,)] [eta: 5:53:45, time (data): 2.484 (0.002)] l_pix: 3.6056e-02 
2025-11-22 12:12:33,065 INFO: [IART_..][epoch:  0, iter:   1,481, lr:(1.894e-04,2.368e-05,)] [eta: 5:53:42, time (data): 2.484 (0.002)] l_pix: 3.7025e-02 
2025-11-22 12:12:35,610 INFO: [IART_..][epoch:  0, iter:   1,482, lr:(1.894e-04,2.368e-05,)] [eta: 5:53:40, time (data): 2.485 (0.002)] l_pix: 2.7540e-02 
2025-11-22 12:12:38,167 INFO: [IART_..][epoch:  0, iter:   1,483, lr:(1.894e-04,2.367e-05,)] [eta: 5:53:38, time (data): 2.486 (0.002)] l_pix: 3.4022e-02 
2025-11-22 12:12:40,599 INFO: [IART_..][epoch:  0, iter:   1,484, lr:(1.893e-04,2.367e-05,)] [eta: 5:53:35, time (data): 2.485 (0.002)] l_pix: 2.1714e-02 
2025-11-22 12:12:43,173 INFO: [IART_..][epoch:  0, iter:   1,485, lr:(1.893e-04,2.367e-05,)] [eta: 5:53:33, time (data): 2.487 (0.002)] l_pix: 1.9653e-02 
2025-11-22 12:12:45,669 INFO: [IART_..][epoch:  0, iter:   1,486, lr:(1.893e-04,2.367e-05,)] [eta: 5:53:31, time (data): 2.487 (0.002)] l_pix: 1.7739e-02 
2025-11-22 12:12:48,101 INFO: [IART_..][epoch:  0, iter:   1,487, lr:(1.893e-04,2.367e-05,)] [eta: 5:53:28, time (data): 2.486 (0.002)] l_pix: 5.0867e-02 
2025-11-22 12:12:50,625 INFO: [IART_..][epoch:  0, iter:   1,488, lr:(1.893e-04,2.367e-05,)] [eta: 5:53:26, time (data): 2.487 (0.002)] l_pix: 2.1146e-02 
2025-11-22 12:12:53,042 INFO: [IART_..][epoch:  0, iter:   1,489, lr:(1.893e-04,2.366e-05,)] [eta: 5:53:23, time (data): 2.486 (0.002)] l_pix: 3.9901e-02 
2025-11-22 12:12:55,567 INFO: [IART_..][epoch:  0, iter:   1,490, lr:(1.893e-04,2.366e-05,)] [eta: 5:53:21, time (data): 2.486 (0.002)] l_pix: 2.2038e-02 
2025-11-22 12:12:57,982 INFO: [IART_..][epoch:  0, iter:   1,491, lr:(1.892e-04,2.366e-05,)] [eta: 5:53:18, time (data): 2.485 (0.002)] l_pix: 3.1600e-02 
2025-11-22 12:13:00,574 INFO: [IART_..][epoch:  0, iter:   1,492, lr:(1.892e-04,2.366e-05,)] [eta: 5:53:16, time (data): 2.487 (0.002)] l_pix: 2.9639e-02 
2025-11-22 12:13:03,130 INFO: [IART_..][epoch:  0, iter:   1,493, lr:(1.892e-04,2.366e-05,)] [eta: 5:53:14, time (data): 2.487 (0.002)] l_pix: 4.5394e-02 
2025-11-22 12:13:05,528 INFO: [IART_..][epoch:  0, iter:   1,494, lr:(1.892e-04,2.366e-05,)] [eta: 5:53:11, time (data): 2.486 (0.002)] l_pix: 2.7448e-02 
2025-11-22 12:13:07,991 INFO: [IART_..][epoch:  0, iter:   1,495, lr:(1.892e-04,2.365e-05,)] [eta: 5:53:08, time (data): 2.486 (0.002)] l_pix: 3.7993e-02 
2025-11-22 12:13:10,454 INFO: [IART_..][epoch:  0, iter:   1,496, lr:(1.892e-04,2.365e-05,)] [eta: 5:53:05, time (data): 2.486 (0.002)] l_pix: 2.2331e-02 
2025-11-22 12:13:12,865 INFO: [IART_..][epoch:  0, iter:   1,497, lr:(1.892e-04,2.365e-05,)] [eta: 5:53:02, time (data): 2.485 (0.002)] l_pix: 3.1150e-02 
2025-11-22 12:13:15,331 INFO: [IART_..][epoch:  0, iter:   1,498, lr:(1.891e-04,2.365e-05,)] [eta: 5:53:00, time (data): 2.485 (0.002)] l_pix: 1.7740e-02 
2025-11-22 12:13:17,780 INFO: [IART_..][epoch:  0, iter:   1,499, lr:(1.891e-04,2.365e-05,)] [eta: 5:52:57, time (data): 2.484 (0.002)] l_pix: 1.5817e-02 
2025-11-22 12:13:20,305 INFO: [IART_..][epoch:  0, iter:   1,500, lr:(1.891e-04,2.364e-05,)] [eta: 5:52:55, time (data): 2.485 (0.002)] l_pix: 1.4110e-02 
2025-11-22 12:13:22,831 INFO: [IART_..][epoch:  0, iter:   1,501, lr:(1.891e-04,2.364e-05,)] [eta: 5:52:52, time (data): 2.485 (0.002)] l_pix: 1.6862e-02 
2025-11-22 12:13:25,405 INFO: [IART_..][epoch:  0, iter:   1,502, lr:(1.891e-04,2.364e-05,)] [eta: 5:52:50, time (data): 2.486 (0.002)] l_pix: 2.1873e-02 
2025-11-22 12:13:27,944 INFO: [IART_..][epoch:  0, iter:   1,503, lr:(1.891e-04,2.364e-05,)] [eta: 5:52:48, time (data): 2.487 (0.002)] l_pix: 4.0839e-02 
2025-11-22 12:13:30,441 INFO: [IART_..][epoch:  0, iter:   1,504, lr:(1.891e-04,2.364e-05,)] [eta: 5:52:46, time (data): 2.487 (0.002)] l_pix: 3.6769e-02 
2025-11-22 12:13:32,872 INFO: [IART_..][epoch:  0, iter:   1,505, lr:(1.890e-04,2.364e-05,)] [eta: 5:52:43, time (data): 2.486 (0.002)] l_pix: 2.9984e-02 
2025-11-22 12:13:35,320 INFO: [IART_..][epoch:  0, iter:   1,506, lr:(1.890e-04,2.363e-05,)] [eta: 5:52:40, time (data): 2.486 (0.002)] l_pix: 3.5158e-02 
2025-11-22 12:13:37,812 INFO: [IART_..][epoch:  0, iter:   1,507, lr:(1.890e-04,2.363e-05,)] [eta: 5:52:38, time (data): 2.486 (0.002)] l_pix: 3.6397e-02 
2025-11-22 12:13:40,289 INFO: [IART_..][epoch:  0, iter:   1,508, lr:(1.890e-04,2.363e-05,)] [eta: 5:52:35, time (data): 2.486 (0.002)] l_pix: 3.4053e-02 
2025-11-22 12:13:42,718 INFO: [IART_..][epoch:  0, iter:   1,509, lr:(1.890e-04,2.363e-05,)] [eta: 5:52:32, time (data): 2.485 (0.002)] l_pix: 3.6729e-02 
2025-11-22 12:13:45,145 INFO: [IART_..][epoch:  0, iter:   1,510, lr:(1.890e-04,2.363e-05,)] [eta: 5:52:29, time (data): 2.485 (0.002)] l_pix: 4.2180e-02 
2025-11-22 12:13:47,609 INFO: [IART_..][epoch:  0, iter:   1,511, lr:(1.890e-04,2.363e-05,)] [eta: 5:52:27, time (data): 2.484 (0.002)] l_pix: 2.3845e-02 
2025-11-22 12:13:50,226 INFO: [IART_..][epoch:  0, iter:   1,512, lr:(1.889e-04,2.362e-05,)] [eta: 5:52:25, time (data): 2.486 (0.002)] l_pix: 3.0849e-02 
2025-11-22 12:13:52,723 INFO: [IART_..][epoch:  0, iter:   1,513, lr:(1.889e-04,2.362e-05,)] [eta: 5:52:22, time (data): 2.486 (0.002)] l_pix: 3.5698e-02 
2025-11-22 12:13:55,155 INFO: [IART_..][epoch:  0, iter:   1,514, lr:(1.889e-04,2.362e-05,)] [eta: 5:52:20, time (data): 2.485 (0.002)] l_pix: 2.1559e-02 
2025-11-22 12:13:57,662 INFO: [IART_..][epoch:  0, iter:   1,515, lr:(1.889e-04,2.362e-05,)] [eta: 5:52:17, time (data): 2.485 (0.002)] l_pix: 3.5745e-02 
2025-11-22 12:14:00,059 INFO: [IART_..][epoch:  0, iter:   1,516, lr:(1.889e-04,2.362e-05,)] [eta: 5:52:14, time (data): 2.485 (0.002)] l_pix: 3.3052e-02 
2025-11-22 12:14:02,681 INFO: [IART_..][epoch:  0, iter:   1,517, lr:(1.889e-04,2.361e-05,)] [eta: 5:52:12, time (data): 2.486 (0.002)] l_pix: 2.0361e-02 
2025-11-22 12:14:05,123 INFO: [IART_..][epoch:  0, iter:   1,518, lr:(1.889e-04,2.361e-05,)] [eta: 5:52:10, time (data): 2.485 (0.002)] l_pix: 1.6779e-02 
2025-11-22 12:14:07,636 INFO: [IART_..][epoch:  0, iter:   1,519, lr:(1.888e-04,2.361e-05,)] [eta: 5:52:07, time (data): 2.486 (0.002)] l_pix: 1.9989e-02 
2025-11-22 12:14:10,102 INFO: [IART_..][epoch:  0, iter:   1,520, lr:(1.888e-04,2.361e-05,)] [eta: 5:52:05, time (data): 2.486 (0.002)] l_pix: 2.9864e-02 
2025-11-22 12:14:12,552 INFO: [IART_..][epoch:  0, iter:   1,521, lr:(1.888e-04,2.361e-05,)] [eta: 5:52:02, time (data): 2.485 (0.002)] l_pix: 4.0434e-02 
2025-11-22 12:14:15,029 INFO: [IART_..][epoch:  0, iter:   1,522, lr:(1.888e-04,2.361e-05,)] [eta: 5:51:59, time (data): 2.485 (0.002)] l_pix: 6.2874e-02 
2025-11-22 12:14:17,489 INFO: [IART_..][epoch:  0, iter:   1,523, lr:(1.888e-04,2.360e-05,)] [eta: 5:51:57, time (data): 2.485 (0.002)] l_pix: 1.6212e-02 
2025-11-22 12:14:19,966 INFO: [IART_..][epoch:  0, iter:   1,524, lr:(1.888e-04,2.360e-05,)] [eta: 5:51:54, time (data): 2.485 (0.002)] l_pix: 4.0340e-02 
2025-11-22 12:14:22,474 INFO: [IART_..][epoch:  0, iter:   1,525, lr:(1.888e-04,2.360e-05,)] [eta: 5:51:52, time (data): 2.485 (0.002)] l_pix: 1.3637e-02 
2025-11-22 12:14:24,998 INFO: [IART_..][epoch:  0, iter:   1,526, lr:(1.887e-04,2.360e-05,)] [eta: 5:51:49, time (data): 2.485 (0.002)] l_pix: 1.9160e-02 
2025-11-22 12:14:27,500 INFO: [IART_..][epoch:  0, iter:   1,527, lr:(1.887e-04,2.360e-05,)] [eta: 5:51:47, time (data): 2.486 (0.002)] l_pix: 3.7540e-02 
2025-11-22 12:14:29,953 INFO: [IART_..][epoch:  0, iter:   1,528, lr:(1.887e-04,2.359e-05,)] [eta: 5:51:44, time (data): 2.485 (0.002)] l_pix: 4.0234e-02 
2025-11-22 12:14:32,385 INFO: [IART_..][epoch:  0, iter:   1,529, lr:(1.887e-04,2.359e-05,)] [eta: 5:51:41, time (data): 2.485 (0.002)] l_pix: 5.3962e-02 
2025-11-22 12:14:34,816 INFO: [IART_..][epoch:  0, iter:   1,530, lr:(1.887e-04,2.359e-05,)] [eta: 5:51:39, time (data): 2.484 (0.002)] l_pix: 4.0910e-02 
2025-11-22 12:14:37,263 INFO: [IART_..][epoch:  0, iter:   1,531, lr:(1.887e-04,2.359e-05,)] [eta: 5:51:36, time (data): 2.484 (0.002)] l_pix: 3.8355e-02 
2025-11-22 12:14:39,832 INFO: [IART_..][epoch:  0, iter:   1,532, lr:(1.887e-04,2.359e-05,)] [eta: 5:51:34, time (data): 2.485 (0.002)] l_pix: 1.1706e-02 
2025-11-22 12:14:42,460 INFO: [IART_..][epoch:  0, iter:   1,533, lr:(1.886e-04,2.359e-05,)] [eta: 5:51:32, time (data): 2.486 (0.002)] l_pix: 2.0626e-02 
2025-11-22 12:14:44,957 INFO: [IART_..][epoch:  0, iter:   1,534, lr:(1.886e-04,2.358e-05,)] [eta: 5:51:30, time (data): 2.486 (0.002)] l_pix: 1.8794e-02 
2025-11-22 12:14:47,498 INFO: [IART_..][epoch:  0, iter:   1,535, lr:(1.886e-04,2.358e-05,)] [eta: 5:51:27, time (data): 2.486 (0.002)] l_pix: 3.9022e-02 
2025-11-22 12:14:50,008 INFO: [IART_..][epoch:  0, iter:   1,536, lr:(1.886e-04,2.358e-05,)] [eta: 5:51:25, time (data): 2.487 (0.002)] l_pix: 4.6397e-02 
2025-11-22 12:14:52,468 INFO: [IART_..][epoch:  0, iter:   1,537, lr:(1.886e-04,2.358e-05,)] [eta: 5:51:22, time (data): 2.486 (0.002)] l_pix: 3.0925e-02 
2025-11-22 12:14:54,900 INFO: [IART_..][epoch:  0, iter:   1,538, lr:(1.886e-04,2.358e-05,)] [eta: 5:51:19, time (data): 2.486 (0.002)] l_pix: 2.0555e-02 
2025-11-22 12:14:57,311 INFO: [IART_..][epoch:  0, iter:   1,539, lr:(1.886e-04,2.357e-05,)] [eta: 5:51:17, time (data): 2.485 (0.002)] l_pix: 2.5339e-02 
2025-11-22 12:14:59,696 INFO: [IART_..][epoch:  0, iter:   1,540, lr:(1.885e-04,2.357e-05,)] [eta: 5:51:13, time (data): 2.485 (0.002)] l_pix: 2.4413e-02 
2025-11-22 12:15:02,160 INFO: [IART_..][epoch:  0, iter:   1,541, lr:(1.885e-04,2.357e-05,)] [eta: 5:51:11, time (data): 2.485 (0.002)] l_pix: 9.9465e-03 
2025-11-22 12:15:04,715 INFO: [IART_..][epoch:  0, iter:   1,542, lr:(1.885e-04,2.357e-05,)] [eta: 5:51:09, time (data): 2.485 (0.002)] l_pix: 2.6397e-02 
2025-11-22 12:15:07,335 INFO: [IART_..][epoch:  0, iter:   1,543, lr:(1.885e-04,2.357e-05,)] [eta: 5:51:07, time (data): 2.486 (0.002)] l_pix: 1.9425e-02 
2025-11-22 12:15:09,838 INFO: [IART_..][epoch:  0, iter:   1,544, lr:(1.885e-04,2.357e-05,)] [eta: 5:51:04, time (data): 2.486 (0.002)] l_pix: 3.9257e-02 
2025-11-22 12:15:12,287 INFO: [IART_..][epoch:  0, iter:   1,545, lr:(1.885e-04,2.356e-05,)] [eta: 5:51:02, time (data): 2.486 (0.002)] l_pix: 3.0850e-02 
2025-11-22 12:15:14,736 INFO: [IART_..][epoch:  0, iter:   1,546, lr:(1.885e-04,2.356e-05,)] [eta: 5:50:59, time (data): 2.486 (0.002)] l_pix: 3.4233e-02 
2025-11-22 12:15:17,259 INFO: [IART_..][epoch:  0, iter:   1,547, lr:(1.884e-04,2.356e-05,)] [eta: 5:50:57, time (data): 2.486 (0.002)] l_pix: 2.7346e-02 
2025-11-22 12:15:19,770 INFO: [IART_..][epoch:  0, iter:   1,548, lr:(1.884e-04,2.356e-05,)] [eta: 5:50:54, time (data): 2.486 (0.002)] l_pix: 1.7479e-02 
2025-11-22 12:15:22,278 INFO: [IART_..][epoch:  0, iter:   1,549, lr:(1.884e-04,2.356e-05,)] [eta: 5:50:52, time (data): 2.486 (0.002)] l_pix: 3.6283e-02 
2025-11-22 12:15:24,741 INFO: [IART_..][epoch:  0, iter:   1,550, lr:(1.884e-04,2.355e-05,)] [eta: 5:50:49, time (data): 2.486 (0.002)] l_pix: 3.3394e-02 
2025-11-22 12:15:27,154 INFO: [IART_..][epoch:  0, iter:   1,551, lr:(1.884e-04,2.355e-05,)] [eta: 5:50:46, time (data): 2.486 (0.002)] l_pix: 2.9783e-02 
2025-11-22 12:15:29,585 INFO: [IART_..][epoch:  0, iter:   1,552, lr:(1.884e-04,2.355e-05,)] [eta: 5:50:44, time (data): 2.485 (0.002)] l_pix: 2.8129e-02 
2025-11-22 12:15:32,081 INFO: [IART_..][epoch:  0, iter:   1,553, lr:(1.884e-04,2.355e-05,)] [eta: 5:50:41, time (data): 2.485 (0.002)] l_pix: 2.8173e-02 
2025-11-22 12:15:34,592 INFO: [IART_..][epoch:  0, iter:   1,554, lr:(1.883e-04,2.355e-05,)] [eta: 5:50:39, time (data): 2.485 (0.002)] l_pix: 1.0039e-02 
2025-11-22 12:15:37,039 INFO: [IART_..][epoch:  0, iter:   1,555, lr:(1.883e-04,2.355e-05,)] [eta: 5:50:36, time (data): 2.485 (0.002)] l_pix: 1.0707e-02 
2025-11-22 12:15:39,723 INFO: [IART_..][epoch:  0, iter:   1,556, lr:(1.883e-04,2.354e-05,)] [eta: 5:50:35, time (data): 2.486 (0.002)] l_pix: 1.4245e-02 
2025-11-22 12:15:42,154 INFO: [IART_..][epoch:  0, iter:   1,557, lr:(1.883e-04,2.354e-05,)] [eta: 5:50:32, time (data): 2.486 (0.002)] l_pix: 2.9008e-02 
2025-11-22 12:15:44,573 INFO: [IART_..][epoch:  0, iter:   1,558, lr:(1.883e-04,2.354e-05,)] [eta: 5:50:29, time (data): 2.486 (0.002)] l_pix: 1.5867e-02 
2025-11-22 12:15:47,007 INFO: [IART_..][epoch:  0, iter:   1,559, lr:(1.883e-04,2.354e-05,)] [eta: 5:50:26, time (data): 2.485 (0.002)] l_pix: 2.6008e-02 
2025-11-22 12:15:49,561 INFO: [IART_..][epoch:  0, iter:   1,560, lr:(1.882e-04,2.354e-05,)] [eta: 5:50:24, time (data): 2.486 (0.002)] l_pix: 4.8930e-02 
2025-11-22 12:15:52,039 INFO: [IART_..][epoch:  0, iter:   1,561, lr:(1.882e-04,2.353e-05,)] [eta: 5:50:21, time (data): 2.486 (0.002)] l_pix: 3.6599e-02 
2025-11-22 12:15:54,453 INFO: [IART_..][epoch:  0, iter:   1,562, lr:(1.882e-04,2.353e-05,)] [eta: 5:50:18, time (data): 2.485 (0.002)] l_pix: 3.9140e-02 
2025-11-22 12:15:56,884 INFO: [IART_..][epoch:  0, iter:   1,563, lr:(1.882e-04,2.353e-05,)] [eta: 5:50:16, time (data): 2.485 (0.002)] l_pix: 2.6498e-02 
2025-11-22 12:15:59,441 INFO: [IART_..][epoch:  0, iter:   1,564, lr:(1.882e-04,2.353e-05,)] [eta: 5:50:13, time (data): 2.485 (0.002)] l_pix: 2.4181e-02 
2025-11-22 12:16:01,936 INFO: [IART_..][epoch:  0, iter:   1,565, lr:(1.882e-04,2.353e-05,)] [eta: 5:50:11, time (data): 2.485 (0.002)] l_pix: 3.5335e-02 
2025-11-22 12:16:04,446 INFO: [IART_..][epoch:  0, iter:   1,566, lr:(1.882e-04,2.353e-05,)] [eta: 5:50:09, time (data): 2.486 (0.002)] l_pix: 2.1735e-02 
2025-11-22 12:16:06,863 INFO: [IART_..][epoch:  0, iter:   1,567, lr:(1.881e-04,2.352e-05,)] [eta: 5:50:06, time (data): 2.485 (0.002)] l_pix: 3.9635e-02 
2025-11-22 12:16:09,485 INFO: [IART_..][epoch:  0, iter:   1,568, lr:(1.881e-04,2.352e-05,)] [eta: 5:50:04, time (data): 2.486 (0.002)] l_pix: 2.1120e-02 
2025-11-22 12:16:11,929 INFO: [IART_..][epoch:  0, iter:   1,569, lr:(1.881e-04,2.352e-05,)] [eta: 5:50:01, time (data): 2.486 (0.002)] l_pix: 2.8932e-02 
2025-11-22 12:16:14,393 INFO: [IART_..][epoch:  0, iter:   1,570, lr:(1.881e-04,2.352e-05,)] [eta: 5:49:58, time (data): 2.486 (0.002)] l_pix: 1.6664e-02 
2025-11-22 12:16:16,920 INFO: [IART_..][epoch:  0, iter:   1,571, lr:(1.881e-04,2.352e-05,)] [eta: 5:49:56, time (data): 2.486 (0.002)] l_pix: 2.9732e-02 
2025-11-22 12:16:19,478 INFO: [IART_..][epoch:  0, iter:   1,572, lr:(1.881e-04,2.351e-05,)] [eta: 5:49:54, time (data): 2.486 (0.002)] l_pix: 2.9331e-02 
2025-11-22 12:16:21,989 INFO: [IART_..][epoch:  0, iter:   1,573, lr:(1.881e-04,2.351e-05,)] [eta: 5:49:52, time (data): 2.486 (0.002)] l_pix: 1.8147e-02 
2025-11-22 12:16:24,402 INFO: [IART_..][epoch:  0, iter:   1,574, lr:(1.880e-04,2.351e-05,)] [eta: 5:49:49, time (data): 2.486 (0.002)] l_pix: 2.6168e-02 
2025-11-22 12:16:26,897 INFO: [IART_..][epoch:  0, iter:   1,575, lr:(1.880e-04,2.351e-05,)] [eta: 5:49:46, time (data): 2.486 (0.002)] l_pix: 2.9932e-02 
2025-11-22 12:16:29,375 INFO: [IART_..][epoch:  0, iter:   1,576, lr:(1.880e-04,2.351e-05,)] [eta: 5:49:44, time (data): 2.486 (0.002)] l_pix: 2.4977e-02 
2025-11-22 12:16:31,966 INFO: [IART_..][epoch:  0, iter:   1,577, lr:(1.880e-04,2.350e-05,)] [eta: 5:49:42, time (data): 2.487 (0.002)] l_pix: 2.1996e-02 
2025-11-22 12:16:34,515 INFO: [IART_..][epoch:  0, iter:   1,578, lr:(1.880e-04,2.350e-05,)] [eta: 5:49:40, time (data): 2.487 (0.002)] l_pix: 1.7784e-02 
2025-11-22 12:16:36,970 INFO: [IART_..][epoch:  0, iter:   1,579, lr:(1.880e-04,2.350e-05,)] [eta: 5:49:37, time (data): 2.487 (0.002)] l_pix: 4.6622e-02 
2025-11-22 12:16:39,449 INFO: [IART_..][epoch:  0, iter:   1,580, lr:(1.880e-04,2.350e-05,)] [eta: 5:49:34, time (data): 2.487 (0.002)] l_pix: 1.6901e-02 
2025-11-22 12:16:41,894 INFO: [IART_..][epoch:  0, iter:   1,581, lr:(1.879e-04,2.350e-05,)] [eta: 5:49:32, time (data): 2.486 (0.002)] l_pix: 2.3823e-02 
2025-11-22 12:16:44,576 INFO: [IART_..][epoch:  0, iter:   1,582, lr:(1.879e-04,2.350e-05,)] [eta: 5:49:30, time (data): 2.488 (0.002)] l_pix: 1.9733e-02 
2025-11-22 12:16:47,061 INFO: [IART_..][epoch:  0, iter:   1,583, lr:(1.879e-04,2.349e-05,)] [eta: 5:49:28, time (data): 2.488 (0.002)] l_pix: 3.6986e-02 
2025-11-22 12:16:49,587 INFO: [IART_..][epoch:  0, iter:   1,584, lr:(1.879e-04,2.349e-05,)] [eta: 5:49:25, time (data): 2.488 (0.002)] l_pix: 2.1256e-02 
2025-11-22 12:16:52,002 INFO: [IART_..][epoch:  0, iter:   1,585, lr:(1.879e-04,2.349e-05,)] [eta: 5:49:22, time (data): 2.487 (0.002)] l_pix: 3.9917e-02 
2025-11-22 12:16:54,417 INFO: [IART_..][epoch:  0, iter:   1,586, lr:(1.879e-04,2.349e-05,)] [eta: 5:49:20, time (data): 2.487 (0.002)] l_pix: 3.7050e-02 
2025-11-22 12:16:56,898 INFO: [IART_..][epoch:  0, iter:   1,587, lr:(1.878e-04,2.349e-05,)] [eta: 5:49:17, time (data): 2.487 (0.002)] l_pix: 2.2588e-02 
2025-11-22 12:16:59,440 INFO: [IART_..][epoch:  0, iter:   1,588, lr:(1.878e-04,2.348e-05,)] [eta: 5:49:15, time (data): 2.487 (0.002)] l_pix: 2.9178e-02 
2025-11-22 12:17:01,967 INFO: [IART_..][epoch:  0, iter:   1,589, lr:(1.878e-04,2.348e-05,)] [eta: 5:49:12, time (data): 2.487 (0.002)] l_pix: 3.7968e-02 
2025-11-22 12:17:04,655 INFO: [IART_..][epoch:  0, iter:   1,590, lr:(1.878e-04,2.348e-05,)] [eta: 5:49:11, time (data): 2.489 (0.002)] l_pix: 1.3033e-02 
2025-11-22 12:17:07,246 INFO: [IART_..][epoch:  0, iter:   1,591, lr:(1.878e-04,2.348e-05,)] [eta: 5:49:09, time (data): 2.489 (0.002)] l_pix: 2.1892e-02 
2025-11-22 12:17:09,725 INFO: [IART_..][epoch:  0, iter:   1,592, lr:(1.878e-04,2.348e-05,)] [eta: 5:49:06, time (data): 2.489 (0.002)] l_pix: 2.7637e-02 
2025-11-22 12:17:12,175 INFO: [IART_..][epoch:  0, iter:   1,593, lr:(1.878e-04,2.348e-05,)] [eta: 5:49:04, time (data): 2.489 (0.002)] l_pix: 4.7516e-02 
2025-11-22 12:17:14,685 INFO: [IART_..][epoch:  0, iter:   1,594, lr:(1.877e-04,2.347e-05,)] [eta: 5:49:01, time (data): 2.489 (0.002)] l_pix: 4.3399e-02 
2025-11-22 12:17:17,276 INFO: [IART_..][epoch:  0, iter:   1,595, lr:(1.877e-04,2.347e-05,)] [eta: 5:48:59, time (data): 2.490 (0.002)] l_pix: 1.7711e-02 
2025-11-22 12:17:19,743 INFO: [IART_..][epoch:  0, iter:   1,596, lr:(1.877e-04,2.347e-05,)] [eta: 5:48:57, time (data): 2.489 (0.002)] l_pix: 1.3948e-02 
2025-11-22 12:17:22,381 INFO: [IART_..][epoch:  0, iter:   1,597, lr:(1.877e-04,2.347e-05,)] [eta: 5:48:55, time (data): 2.490 (0.002)] l_pix: 2.9955e-02 
2025-11-22 12:17:24,844 INFO: [IART_..][epoch:  0, iter:   1,598, lr:(1.877e-04,2.347e-05,)] [eta: 5:48:52, time (data): 2.490 (0.002)] l_pix: 2.0199e-02 
2025-11-22 12:17:27,261 INFO: [IART_..][epoch:  0, iter:   1,599, lr:(1.877e-04,2.346e-05,)] [eta: 5:48:50, time (data): 2.490 (0.002)] l_pix: 3.5696e-02 
2025-11-22 12:17:29,663 INFO: [IART_..][epoch:  0, iter:   1,600, lr:(1.877e-04,2.346e-05,)] [eta: 5:48:47, time (data): 2.489 (0.002)] l_pix: 1.1742e-02 
2025-11-22 12:17:32,141 INFO: [IART_..][epoch:  0, iter:   1,601, lr:(1.876e-04,2.346e-05,)] [eta: 5:48:44, time (data): 2.489 (0.002)] l_pix: 1.7814e-02 
2025-11-22 12:17:34,729 INFO: [IART_..][epoch:  0, iter:   1,602, lr:(1.876e-04,2.346e-05,)] [eta: 5:48:42, time (data): 2.490 (0.002)] l_pix: 3.5016e-02 
2025-11-22 12:17:37,222 INFO: [IART_..][epoch:  0, iter:   1,603, lr:(1.876e-04,2.346e-05,)] [eta: 5:48:40, time (data): 2.490 (0.002)] l_pix: 1.8626e-02 
2025-11-22 12:17:39,622 INFO: [IART_..][epoch:  0, iter:   1,604, lr:(1.876e-04,2.345e-05,)] [eta: 5:48:37, time (data): 2.489 (0.002)] l_pix: 4.1834e-02 
2025-11-22 12:17:42,086 INFO: [IART_..][epoch:  0, iter:   1,605, lr:(1.876e-04,2.345e-05,)] [eta: 5:48:34, time (data): 2.489 (0.002)] l_pix: 2.3493e-02 
2025-11-22 12:17:44,596 INFO: [IART_..][epoch:  0, iter:   1,606, lr:(1.876e-04,2.345e-05,)] [eta: 5:48:32, time (data): 2.489 (0.002)] l_pix: 4.9469e-02 
2025-11-22 12:17:47,183 INFO: [IART_..][epoch:  0, iter:   1,607, lr:(1.875e-04,2.345e-05,)] [eta: 5:48:30, time (data): 2.490 (0.002)] l_pix: 2.1536e-02 
2025-11-22 12:17:49,614 INFO: [IART_..][epoch:  0, iter:   1,608, lr:(1.875e-04,2.345e-05,)] [eta: 5:48:27, time (data): 2.489 (0.002)] l_pix: 3.4991e-02 
2025-11-22 12:17:52,089 INFO: [IART_..][epoch:  0, iter:   1,609, lr:(1.875e-04,2.344e-05,)] [eta: 5:48:24, time (data): 2.476 (0.000)] l_pix: 2.9086e-02 
2025-11-22 12:17:54,535 INFO: [IART_..][epoch:  0, iter:   1,610, lr:(1.875e-04,2.344e-05,)] [eta: 5:48:21, time (data): 2.461 (0.008)] l_pix: 2.7179e-02 
2025-11-22 12:17:56,937 INFO: [IART_..][epoch:  0, iter:   1,611, lr:(1.875e-04,2.344e-05,)] [eta: 5:48:18, time (data): 2.441 (0.005)] l_pix: 2.9514e-02 
2025-11-22 12:17:59,352 INFO: [IART_..][epoch:  0, iter:   1,612, lr:(1.875e-04,2.344e-05,)] [eta: 5:48:16, time (data): 2.435 (0.004)] l_pix: 2.7542e-02 
2025-11-22 12:18:02,056 INFO: [IART_..][epoch:  0, iter:   1,613, lr:(1.875e-04,2.344e-05,)] [eta: 5:48:14, time (data): 2.488 (0.006)] l_pix: 3.6093e-02 
2025-11-22 12:18:04,627 INFO: [IART_..][epoch:  0, iter:   1,614, lr:(1.874e-04,2.344e-05,)] [eta: 5:48:12, time (data): 2.502 (0.005)] l_pix: 3.3550e-02 
2025-11-22 12:18:07,172 INFO: [IART_..][epoch:  0, iter:   1,615, lr:(1.874e-04,2.343e-05,)] [eta: 5:48:10, time (data): 2.508 (0.005)] l_pix: 5.2933e-02 
2025-11-22 12:18:09,619 INFO: [IART_..][epoch:  0, iter:   1,616, lr:(1.874e-04,2.343e-05,)] [eta: 5:48:07, time (data): 2.501 (0.004)] l_pix: 2.2660e-02 
2025-11-22 12:18:12,131 INFO: [IART_..][epoch:  0, iter:   1,617, lr:(1.874e-04,2.343e-05,)] [eta: 5:48:05, time (data): 2.502 (0.004)] l_pix: 2.3052e-02 
2025-11-22 12:18:14,639 INFO: [IART_..][epoch:  0, iter:   1,618, lr:(1.874e-04,2.343e-05,)] [eta: 5:48:02, time (data): 2.503 (0.003)] l_pix: 3.6053e-02 
2025-11-22 12:18:17,118 INFO: [IART_..][epoch:  0, iter:   1,619, lr:(1.874e-04,2.343e-05,)] [eta: 5:48:00, time (data): 2.500 (0.003)] l_pix: 1.8600e-02 
2025-11-22 12:18:19,616 INFO: [IART_..][epoch:  0, iter:   1,620, lr:(1.873e-04,2.342e-05,)] [eta: 5:47:57, time (data): 2.500 (0.003)] l_pix: 2.1378e-02 
2025-11-22 12:18:22,080 INFO: [IART_..][epoch:  0, iter:   1,621, lr:(1.873e-04,2.342e-05,)] [eta: 5:47:55, time (data): 2.497 (0.002)] l_pix: 1.7377e-02 
2025-11-22 12:18:24,531 INFO: [IART_..][epoch:  0, iter:   1,622, lr:(1.873e-04,2.342e-05,)] [eta: 5:47:52, time (data): 2.494 (0.002)] l_pix: 1.6458e-02 
2025-11-22 12:18:26,961 INFO: [IART_..][epoch:  0, iter:   1,623, lr:(1.873e-04,2.342e-05,)] [eta: 5:47:49, time (data): 2.490 (0.002)] l_pix: 2.3458e-02 
2025-11-22 12:18:29,471 INFO: [IART_..][epoch:  0, iter:   1,624, lr:(1.873e-04,2.342e-05,)] [eta: 5:47:47, time (data): 2.491 (0.002)] l_pix: 3.3874e-02 
2025-11-22 12:18:31,953 INFO: [IART_..][epoch:  0, iter:   1,625, lr:(1.873e-04,2.341e-05,)] [eta: 5:47:44, time (data): 2.491 (0.002)] l_pix: 2.3726e-02 
2025-11-22 12:18:34,639 INFO: [IART_..][epoch:  0, iter:   1,626, lr:(1.873e-04,2.341e-05,)] [eta: 5:47:43, time (data): 2.501 (0.002)] l_pix: 4.6142e-02 
2025-11-22 12:18:37,307 INFO: [IART_..][epoch:  0, iter:   1,627, lr:(1.872e-04,2.341e-05,)] [eta: 5:47:41, time (data): 2.510 (0.002)] l_pix: 2.5521e-02 
2025-11-22 12:18:39,707 INFO: [IART_..][epoch:  0, iter:   1,628, lr:(1.872e-04,2.341e-05,)] [eta: 5:47:38, time (data): 2.505 (0.002)] l_pix: 3.0363e-02 
2025-11-22 12:18:42,189 INFO: [IART_..][epoch:  0, iter:   1,629, lr:(1.872e-04,2.341e-05,)] [eta: 5:47:36, time (data): 2.503 (0.002)] l_pix: 3.5394e-02 
2025-11-22 12:18:44,712 INFO: [IART_..][epoch:  0, iter:   1,630, lr:(1.872e-04,2.340e-05,)] [eta: 5:47:33, time (data): 2.504 (0.002)] l_pix: 2.6089e-02 
2025-11-22 12:18:47,223 INFO: [IART_..][epoch:  0, iter:   1,631, lr:(1.872e-04,2.340e-05,)] [eta: 5:47:31, time (data): 2.504 (0.002)] l_pix: 3.6427e-02 
2025-11-22 12:18:49,705 INFO: [IART_..][epoch:  0, iter:   1,632, lr:(1.872e-04,2.340e-05,)] [eta: 5:47:28, time (data): 2.503 (0.002)] l_pix: 2.3784e-02 
2025-11-22 12:18:52,216 INFO: [IART_..][epoch:  0, iter:   1,633, lr:(1.871e-04,2.340e-05,)] [eta: 5:47:26, time (data): 2.503 (0.002)] l_pix: 3.2663e-02 
2025-11-22 12:18:54,790 INFO: [IART_..][epoch:  0, iter:   1,634, lr:(1.871e-04,2.340e-05,)] [eta: 5:47:24, time (data): 2.506 (0.002)] l_pix: 2.7702e-02 
2025-11-22 12:18:57,314 INFO: [IART_..][epoch:  0, iter:   1,635, lr:(1.871e-04,2.340e-05,)] [eta: 5:47:22, time (data): 2.507 (0.002)] l_pix: 3.5838e-02 
2025-11-22 12:18:59,871 INFO: [IART_..][epoch:  0, iter:   1,636, lr:(1.871e-04,2.339e-05,)] [eta: 5:47:19, time (data): 2.509 (0.002)] l_pix: 3.3466e-02 
2025-11-22 12:19:02,287 INFO: [IART_..][epoch:  0, iter:   1,637, lr:(1.871e-04,2.339e-05,)] [eta: 5:47:17, time (data): 2.505 (0.002)] l_pix: 3.4734e-02 
2025-11-22 12:19:04,717 INFO: [IART_..][epoch:  0, iter:   1,638, lr:(1.871e-04,2.339e-05,)] [eta: 5:47:14, time (data): 2.503 (0.002)] l_pix: 3.7988e-02 
2025-11-22 12:19:07,196 INFO: [IART_..][epoch:  0, iter:   1,639, lr:(1.871e-04,2.339e-05,)] [eta: 5:47:11, time (data): 2.502 (0.002)] l_pix: 4.5111e-02 
2025-11-22 12:19:09,690 INFO: [IART_..][epoch:  0, iter:   1,640, lr:(1.870e-04,2.339e-05,)] [eta: 5:47:09, time (data): 2.501 (0.002)] l_pix: 3.7809e-02 
2025-11-22 12:19:12,108 INFO: [IART_..][epoch:  0, iter:   1,641, lr:(1.870e-04,2.338e-05,)] [eta: 5:47:06, time (data): 2.499 (0.002)] l_pix: 3.9144e-02 
2025-11-22 12:19:14,605 INFO: [IART_..][epoch:  0, iter:   1,642, lr:(1.870e-04,2.338e-05,)] [eta: 5:47:03, time (data): 2.498 (0.002)] l_pix: 3.2787e-02 
2025-11-22 12:19:17,081 INFO: [IART_..][epoch:  0, iter:   1,643, lr:(1.870e-04,2.338e-05,)] [eta: 5:47:01, time (data): 2.498 (0.002)] l_pix: 1.6729e-02 
2025-11-22 12:19:19,519 INFO: [IART_..][epoch:  0, iter:   1,644, lr:(1.870e-04,2.338e-05,)] [eta: 5:46:58, time (data): 2.496 (0.002)] l_pix: 1.0794e-02 
2025-11-22 12:19:21,926 INFO: [IART_..][epoch:  0, iter:   1,645, lr:(1.870e-04,2.338e-05,)] [eta: 5:46:55, time (data): 2.494 (0.003)] l_pix: 4.0626e-02 
2025-11-22 12:19:24,416 INFO: [IART_..][epoch:  0, iter:   1,646, lr:(1.869e-04,2.337e-05,)] [eta: 5:46:53, time (data): 2.494 (0.002)] l_pix: 3.3577e-02 
2025-11-22 12:19:26,879 INFO: [IART_..][epoch:  0, iter:   1,647, lr:(1.869e-04,2.337e-05,)] [eta: 5:46:50, time (data): 2.493 (0.002)] l_pix: 2.9425e-02 
2025-11-22 12:19:29,451 INFO: [IART_..][epoch:  0, iter:   1,648, lr:(1.869e-04,2.337e-05,)] [eta: 5:46:48, time (data): 2.495 (0.002)] l_pix: 2.9190e-02 
2025-11-22 12:19:31,936 INFO: [IART_..][epoch:  0, iter:   1,649, lr:(1.869e-04,2.337e-05,)] [eta: 5:46:45, time (data): 2.494 (0.002)] l_pix: 3.5274e-02 
2025-11-22 12:19:34,417 INFO: [IART_..][epoch:  0, iter:   1,650, lr:(1.869e-04,2.337e-05,)] [eta: 5:46:43, time (data): 2.494 (0.002)] l_pix: 1.6727e-02 
2025-11-22 12:19:36,911 INFO: [IART_..][epoch:  0, iter:   1,651, lr:(1.869e-04,2.336e-05,)] [eta: 5:46:40, time (data): 2.494 (0.002)] l_pix: 8.8883e-03 
2025-11-22 12:19:39,313 INFO: [IART_..][epoch:  0, iter:   1,652, lr:(1.869e-04,2.336e-05,)] [eta: 5:46:37, time (data): 2.492 (0.002)] l_pix: 4.4085e-02 
2025-11-22 12:19:41,839 INFO: [IART_..][epoch:  0, iter:   1,653, lr:(1.868e-04,2.336e-05,)] [eta: 5:46:35, time (data): 2.493 (0.002)] l_pix: 2.3933e-02 
2025-11-22 12:19:44,286 INFO: [IART_..][epoch:  0, iter:   1,654, lr:(1.868e-04,2.336e-05,)] [eta: 5:46:32, time (data): 2.492 (0.002)] l_pix: 3.1663e-02 
2025-11-22 12:19:46,863 INFO: [IART_..][epoch:  0, iter:   1,655, lr:(1.868e-04,2.336e-05,)] [eta: 5:46:30, time (data): 2.494 (0.002)] l_pix: 1.8894e-02 
2025-11-22 12:19:49,326 INFO: [IART_..][epoch:  0, iter:   1,656, lr:(1.868e-04,2.335e-05,)] [eta: 5:46:28, time (data): 2.493 (0.002)] l_pix: 3.3255e-02 
2025-11-22 12:19:51,808 INFO: [IART_..][epoch:  0, iter:   1,657, lr:(1.868e-04,2.335e-05,)] [eta: 5:46:25, time (data): 2.493 (0.002)] l_pix: 3.8230e-02 
2025-11-22 12:19:54,278 INFO: [IART_..][epoch:  0, iter:   1,658, lr:(1.868e-04,2.335e-05,)] [eta: 5:46:23, time (data): 2.492 (0.002)] l_pix: 2.2730e-02 
2025-11-22 12:19:56,831 INFO: [IART_..][epoch:  0, iter:   1,659, lr:(1.867e-04,2.335e-05,)] [eta: 5:46:20, time (data): 2.493 (0.002)] l_pix: 1.4796e-02 
2025-11-22 12:19:59,374 INFO: [IART_..][epoch:  0, iter:   1,660, lr:(1.867e-04,2.335e-05,)] [eta: 5:46:18, time (data): 2.494 (0.002)] l_pix: 2.3920e-02 
2025-11-22 12:20:01,904 INFO: [IART_..][epoch:  0, iter:   1,661, lr:(1.867e-04,2.335e-05,)] [eta: 5:46:16, time (data): 2.495 (0.002)] l_pix: 8.8863e-03 
2025-11-22 12:20:04,319 INFO: [IART_..][epoch:  0, iter:   1,662, lr:(1.867e-04,2.334e-05,)] [eta: 5:46:13, time (data): 2.493 (0.002)] l_pix: 3.5718e-02 
2025-11-22 12:20:06,860 INFO: [IART_..][epoch:  0, iter:   1,663, lr:(1.867e-04,2.334e-05,)] [eta: 5:46:11, time (data): 2.494 (0.002)] l_pix: 9.4383e-03 
2025-11-22 12:20:09,322 INFO: [IART_..][epoch:  0, iter:   1,664, lr:(1.867e-04,2.334e-05,)] [eta: 5:46:08, time (data): 2.494 (0.002)] l_pix: 2.7647e-02 
2025-11-22 12:20:11,780 INFO: [IART_..][epoch:  0, iter:   1,665, lr:(1.867e-04,2.334e-05,)] [eta: 5:46:05, time (data): 2.493 (0.002)] l_pix: 3.0219e-02 
2025-11-22 12:20:14,329 INFO: [IART_..][epoch:  0, iter:   1,666, lr:(1.866e-04,2.334e-05,)] [eta: 5:46:03, time (data): 2.494 (0.002)] l_pix: 3.0788e-02 
2025-11-22 12:20:16,825 INFO: [IART_..][epoch:  0, iter:   1,667, lr:(1.866e-04,2.333e-05,)] [eta: 5:46:01, time (data): 2.494 (0.002)] l_pix: 3.0004e-02 
2025-11-22 12:20:19,270 INFO: [IART_..][epoch:  0, iter:   1,668, lr:(1.866e-04,2.333e-05,)] [eta: 5:45:58, time (data): 2.493 (0.002)] l_pix: 1.9801e-02 
2025-11-22 12:20:21,751 INFO: [IART_..][epoch:  0, iter:   1,669, lr:(1.866e-04,2.333e-05,)] [eta: 5:45:55, time (data): 2.493 (0.002)] l_pix: 2.2555e-02 
2025-11-22 12:20:24,164 INFO: [IART_..][epoch:  0, iter:   1,670, lr:(1.866e-04,2.333e-05,)] [eta: 5:45:53, time (data): 2.492 (0.002)] l_pix: 2.0182e-02 
2025-11-22 12:20:26,630 INFO: [IART_..][epoch:  0, iter:   1,671, lr:(1.866e-04,2.333e-05,)] [eta: 5:45:50, time (data): 2.491 (0.002)] l_pix: 1.7193e-02 
2025-11-22 12:20:29,105 INFO: [IART_..][epoch:  0, iter:   1,672, lr:(1.865e-04,2.332e-05,)] [eta: 5:45:47, time (data): 2.491 (0.002)] l_pix: 4.7735e-02 
2025-11-22 12:20:31,521 INFO: [IART_..][epoch:  0, iter:   1,673, lr:(1.865e-04,2.332e-05,)] [eta: 5:45:45, time (data): 2.490 (0.002)] l_pix: 3.5045e-02 
2025-11-22 12:20:33,939 INFO: [IART_..][epoch:  0, iter:   1,674, lr:(1.865e-04,2.332e-05,)] [eta: 5:45:42, time (data): 2.489 (0.002)] l_pix: 2.6952e-02 
2025-11-22 12:20:36,388 INFO: [IART_..][epoch:  0, iter:   1,675, lr:(1.865e-04,2.332e-05,)] [eta: 5:45:39, time (data): 2.488 (0.002)] l_pix: 2.7137e-02 
2025-11-22 12:20:38,941 INFO: [IART_..][epoch:  0, iter:   1,676, lr:(1.865e-04,2.332e-05,)] [eta: 5:45:37, time (data): 2.489 (0.002)] l_pix: 2.6672e-02 
2025-11-22 12:20:41,371 INFO: [IART_..][epoch:  0, iter:   1,677, lr:(1.865e-04,2.331e-05,)] [eta: 5:45:34, time (data): 2.488 (0.002)] l_pix: 3.9682e-02 
2025-11-22 12:20:43,912 INFO: [IART_..][epoch:  0, iter:   1,678, lr:(1.864e-04,2.331e-05,)] [eta: 5:45:32, time (data): 2.489 (0.002)] l_pix: 2.9871e-02 
2025-11-22 12:20:46,466 INFO: [IART_..][epoch:  0, iter:   1,679, lr:(1.864e-04,2.331e-05,)] [eta: 5:45:30, time (data): 2.490 (0.002)] l_pix: 1.4434e-02 
2025-11-22 12:20:49,085 INFO: [IART_..][epoch:  0, iter:   1,680, lr:(1.864e-04,2.331e-05,)] [eta: 5:45:28, time (data): 2.491 (0.002)] l_pix: 3.0811e-02 
2025-11-22 12:20:51,579 INFO: [IART_..][epoch:  0, iter:   1,681, lr:(1.864e-04,2.331e-05,)] [eta: 5:45:25, time (data): 2.491 (0.002)] l_pix: 2.3004e-02 
2025-11-22 12:20:54,278 INFO: [IART_..][epoch:  0, iter:   1,682, lr:(1.864e-04,2.330e-05,)] [eta: 5:45:24, time (data): 2.494 (0.002)] l_pix: 2.8759e-02 
2025-11-22 12:20:56,826 INFO: [IART_..][epoch:  0, iter:   1,683, lr:(1.864e-04,2.330e-05,)] [eta: 5:45:22, time (data): 2.495 (0.002)] l_pix: 2.0821e-02 
2025-11-22 12:20:59,385 INFO: [IART_..][epoch:  0, iter:   1,684, lr:(1.864e-04,2.330e-05,)] [eta: 5:45:19, time (data): 2.496 (0.002)] l_pix: 1.3960e-02 
2025-11-22 12:21:01,944 INFO: [IART_..][epoch:  0, iter:   1,685, lr:(1.863e-04,2.330e-05,)] [eta: 5:45:17, time (data): 2.497 (0.002)] l_pix: 3.0832e-02 
2025-11-22 12:21:04,424 INFO: [IART_..][epoch:  0, iter:   1,686, lr:(1.863e-04,2.330e-05,)] [eta: 5:45:15, time (data): 2.496 (0.002)] l_pix: 4.0763e-02 
2025-11-22 12:21:06,874 INFO: [IART_..][epoch:  0, iter:   1,687, lr:(1.863e-04,2.329e-05,)] [eta: 5:45:12, time (data): 2.496 (0.002)] l_pix: 2.2055e-02 
2025-11-22 12:21:09,416 INFO: [IART_..][epoch:  0, iter:   1,688, lr:(1.863e-04,2.329e-05,)] [eta: 5:45:10, time (data): 2.496 (0.002)] l_pix: 3.2785e-02 
2025-11-22 12:21:11,961 INFO: [IART_..][epoch:  0, iter:   1,689, lr:(1.863e-04,2.329e-05,)] [eta: 5:45:07, time (data): 2.497 (0.002)] l_pix: 1.5138e-02 
2025-11-22 12:21:14,457 INFO: [IART_..][epoch:  0, iter:   1,690, lr:(1.863e-04,2.329e-05,)] [eta: 5:45:05, time (data): 2.497 (0.002)] l_pix: 5.6100e-02 
2025-11-22 12:21:16,939 INFO: [IART_..][epoch:  0, iter:   1,691, lr:(1.862e-04,2.329e-05,)] [eta: 5:45:02, time (data): 2.496 (0.002)] l_pix: 2.6905e-02 
2025-11-22 12:21:19,450 INFO: [IART_..][epoch:  0, iter:   1,692, lr:(1.862e-04,2.328e-05,)] [eta: 5:45:00, time (data): 2.497 (0.002)] l_pix: 3.0643e-02 
2025-11-22 12:21:21,900 INFO: [IART_..][epoch:  0, iter:   1,693, lr:(1.862e-04,2.328e-05,)] [eta: 5:44:57, time (data): 2.496 (0.002)] l_pix: 1.8249e-02 
2025-11-22 12:21:24,333 INFO: [IART_..][epoch:  0, iter:   1,694, lr:(1.862e-04,2.328e-05,)] [eta: 5:44:55, time (data): 2.495 (0.002)] l_pix: 4.1023e-02 
2025-11-22 12:21:26,752 INFO: [IART_..][epoch:  0, iter:   1,695, lr:(1.862e-04,2.328e-05,)] [eta: 5:44:52, time (data): 2.494 (0.002)] l_pix: 1.3809e-02 
2025-11-22 12:21:29,153 INFO: [IART_..][epoch:  0, iter:   1,696, lr:(1.862e-04,2.328e-05,)] [eta: 5:44:49, time (data): 2.493 (0.002)] l_pix: 5.0039e-02 
2025-11-22 12:21:31,791 INFO: [IART_..][epoch:  0, iter:   1,697, lr:(1.861e-04,2.327e-05,)] [eta: 5:44:47, time (data): 2.495 (0.002)] l_pix: 1.9695e-02 
2025-11-22 12:21:34,291 INFO: [IART_..][epoch:  0, iter:   1,698, lr:(1.861e-04,2.327e-05,)] [eta: 5:44:45, time (data): 2.495 (0.002)] l_pix: 2.5053e-02 
2025-11-22 12:21:36,897 INFO: [IART_..][epoch:  0, iter:   1,699, lr:(1.861e-04,2.327e-05,)] [eta: 5:44:43, time (data): 2.496 (0.002)] l_pix: 2.5477e-02 
2025-11-22 12:21:39,411 INFO: [IART_..][epoch:  0, iter:   1,700, lr:(1.861e-04,2.327e-05,)] [eta: 5:44:40, time (data): 2.497 (0.002)] l_pix: 2.8115e-02 
2025-11-22 12:21:41,911 INFO: [IART_..][epoch:  0, iter:   1,701, lr:(1.861e-04,2.327e-05,)] [eta: 5:44:38, time (data): 2.497 (0.002)] l_pix: 3.5318e-02 
2025-11-22 12:21:44,476 INFO: [IART_..][epoch:  0, iter:   1,702, lr:(1.861e-04,2.326e-05,)] [eta: 5:44:36, time (data): 2.497 (0.002)] l_pix: 7.9837e-03 
2025-11-22 12:21:46,977 INFO: [IART_..][epoch:  0, iter:   1,703, lr:(1.860e-04,2.326e-05,)] [eta: 5:44:33, time (data): 2.497 (0.002)] l_pix: 1.2855e-02 
2025-11-22 12:21:49,469 INFO: [IART_..][epoch:  0, iter:   1,704, lr:(1.860e-04,2.326e-05,)] [eta: 5:44:31, time (data): 2.497 (0.002)] l_pix: 1.7644e-02 
2025-11-22 12:21:51,889 INFO: [IART_..][epoch:  0, iter:   1,705, lr:(1.860e-04,2.326e-05,)] [eta: 5:44:28, time (data): 2.496 (0.002)] l_pix: 3.6370e-02 
2025-11-22 12:21:54,569 INFO: [IART_..][epoch:  0, iter:   1,706, lr:(1.860e-04,2.326e-05,)] [eta: 5:44:26, time (data): 2.498 (0.002)] l_pix: 2.9233e-02 
2025-11-22 12:21:57,113 INFO: [IART_..][epoch:  0, iter:   1,707, lr:(1.860e-04,2.325e-05,)] [eta: 5:44:24, time (data): 2.499 (0.002)] l_pix: 2.7653e-02 
2025-11-22 12:21:59,665 INFO: [IART_..][epoch:  0, iter:   1,708, lr:(1.860e-04,2.325e-05,)] [eta: 5:44:22, time (data): 2.499 (0.002)] l_pix: 2.4513e-02 
2025-11-22 12:22:02,236 INFO: [IART_..][epoch:  0, iter:   1,709, lr:(1.860e-04,2.325e-05,)] [eta: 5:44:20, time (data): 2.500 (0.002)] l_pix: 1.3157e-02 
2025-11-22 12:22:04,668 INFO: [IART_..][epoch:  0, iter:   1,710, lr:(1.859e-04,2.325e-05,)] [eta: 5:44:17, time (data): 2.499 (0.002)] l_pix: 4.4705e-02 
2025-11-22 12:22:07,332 INFO: [IART_..][epoch:  0, iter:   1,711, lr:(1.859e-04,2.325e-05,)] [eta: 5:44:15, time (data): 2.501 (0.002)] l_pix: 3.1130e-02 
2025-11-22 12:22:09,872 INFO: [IART_..][epoch:  0, iter:   1,712, lr:(1.859e-04,2.324e-05,)] [eta: 5:44:13, time (data): 2.501 (0.002)] l_pix: 3.9314e-02 
2025-11-22 12:22:12,473 INFO: [IART_..][epoch:  0, iter:   1,713, lr:(1.859e-04,2.324e-05,)] [eta: 5:44:11, time (data): 2.502 (0.002)] l_pix: 3.4720e-02 
2025-11-22 12:22:14,998 INFO: [IART_..][epoch:  0, iter:   1,714, lr:(1.859e-04,2.324e-05,)] [eta: 5:44:09, time (data): 2.503 (0.002)] l_pix: 3.2912e-02 
2025-11-22 12:22:17,455 INFO: [IART_..][epoch:  0, iter:   1,715, lr:(1.859e-04,2.324e-05,)] [eta: 5:44:06, time (data): 2.502 (0.002)] l_pix: 2.7225e-02 
2025-11-22 12:22:19,968 INFO: [IART_..][epoch:  0, iter:   1,716, lr:(1.858e-04,2.324e-05,)] [eta: 5:44:04, time (data): 2.502 (0.002)] l_pix: 3.5240e-02 
2025-11-22 12:22:22,398 INFO: [IART_..][epoch:  0, iter:   1,717, lr:(1.858e-04,2.323e-05,)] [eta: 5:44:01, time (data): 2.502 (0.002)] l_pix: 1.2144e-02 
2025-11-22 12:22:24,922 INFO: [IART_..][epoch:  0, iter:   1,718, lr:(1.858e-04,2.323e-05,)] [eta: 5:43:59, time (data): 2.502 (0.002)] l_pix: 2.6126e-02 
2025-11-22 12:22:27,432 INFO: [IART_..][epoch:  0, iter:   1,719, lr:(1.858e-04,2.323e-05,)] [eta: 5:43:56, time (data): 2.502 (0.002)] l_pix: 2.0902e-02 
2025-11-22 12:22:30,024 INFO: [IART_..][epoch:  0, iter:   1,720, lr:(1.858e-04,2.323e-05,)] [eta: 5:43:54, time (data): 2.502 (0.002)] l_pix: 2.7076e-02 
2025-11-22 12:22:32,455 INFO: [IART_..][epoch:  0, iter:   1,721, lr:(1.858e-04,2.323e-05,)] [eta: 5:43:51, time (data): 2.502 (0.002)] l_pix: 2.7720e-02 
2025-11-22 12:22:35,048 INFO: [IART_..][epoch:  0, iter:   1,722, lr:(1.857e-04,2.322e-05,)] [eta: 5:43:49, time (data): 2.503 (0.002)] l_pix: 4.5635e-02 
2025-11-22 12:22:37,607 INFO: [IART_..][epoch:  0, iter:   1,723, lr:(1.857e-04,2.322e-05,)] [eta: 5:43:47, time (data): 2.503 (0.002)] l_pix: 2.2849e-02 
2025-11-22 12:22:40,054 INFO: [IART_..][epoch:  0, iter:   1,724, lr:(1.857e-04,2.322e-05,)] [eta: 5:43:44, time (data): 2.503 (0.002)] l_pix: 3.2323e-02 
2025-11-22 12:22:42,512 INFO: [IART_..][epoch:  0, iter:   1,725, lr:(1.857e-04,2.322e-05,)] [eta: 5:43:42, time (data): 2.502 (0.002)] l_pix: 3.1434e-02 
2025-11-22 12:22:44,930 INFO: [IART_..][epoch:  0, iter:   1,726, lr:(1.857e-04,2.322e-05,)] [eta: 5:43:39, time (data): 2.502 (0.002)] l_pix: 2.4560e-02 
2025-11-22 12:22:47,414 INFO: [IART_..][epoch:  0, iter:   1,727, lr:(1.857e-04,2.321e-05,)] [eta: 5:43:36, time (data): 2.501 (0.002)] l_pix: 3.6273e-02 
2025-11-22 12:22:49,903 INFO: [IART_..][epoch:  0, iter:   1,728, lr:(1.856e-04,2.321e-05,)] [eta: 5:43:34, time (data): 2.501 (0.002)] l_pix: 3.7324e-02 
2025-11-22 12:22:52,362 INFO: [IART_..][epoch:  0, iter:   1,729, lr:(1.856e-04,2.321e-05,)] [eta: 5:43:31, time (data): 2.501 (0.002)] l_pix: 2.2596e-02 
2025-11-22 12:22:54,904 INFO: [IART_..][epoch:  0, iter:   1,730, lr:(1.856e-04,2.321e-05,)] [eta: 5:43:29, time (data): 2.501 (0.002)] l_pix: 4.0902e-02 
2025-11-22 12:22:57,398 INFO: [IART_..][epoch:  0, iter:   1,731, lr:(1.856e-04,2.321e-05,)] [eta: 5:43:27, time (data): 2.501 (0.002)] l_pix: 2.4704e-02 
2025-11-22 12:22:59,908 INFO: [IART_..][epoch:  0, iter:   1,732, lr:(1.856e-04,2.320e-05,)] [eta: 5:43:24, time (data): 2.501 (0.002)] l_pix: 2.4394e-02 
2025-11-22 12:23:02,563 INFO: [IART_..][epoch:  0, iter:   1,733, lr:(1.856e-04,2.320e-05,)] [eta: 5:43:22, time (data): 2.503 (0.002)] l_pix: 1.9148e-02 
2025-11-22 12:23:05,076 INFO: [IART_..][epoch:  0, iter:   1,734, lr:(1.855e-04,2.320e-05,)] [eta: 5:43:20, time (data): 2.503 (0.002)] l_pix: 4.2473e-02 
2025-11-22 12:23:07,552 INFO: [IART_..][epoch:  0, iter:   1,735, lr:(1.855e-04,2.320e-05,)] [eta: 5:43:17, time (data): 2.502 (0.002)] l_pix: 3.7734e-02 
2025-11-22 12:23:09,969 INFO: [IART_..][epoch:  0, iter:   1,736, lr:(1.855e-04,2.320e-05,)] [eta: 5:43:15, time (data): 2.502 (0.002)] l_pix: 2.1357e-02 
2025-11-22 12:23:12,494 INFO: [IART_..][epoch:  0, iter:   1,737, lr:(1.855e-04,2.319e-05,)] [eta: 5:43:12, time (data): 2.502 (0.002)] l_pix: 3.0783e-02 
2025-11-22 12:23:14,987 INFO: [IART_..][epoch:  0, iter:   1,738, lr:(1.855e-04,2.319e-05,)] [eta: 5:43:10, time (data): 2.502 (0.002)] l_pix: 2.8028e-02 
2025-11-22 12:23:17,480 INFO: [IART_..][epoch:  0, iter:   1,739, lr:(1.855e-04,2.319e-05,)] [eta: 5:43:07, time (data): 2.502 (0.002)] l_pix: 3.1378e-02 
2025-11-22 12:23:20,006 INFO: [IART_..][epoch:  0, iter:   1,740, lr:(1.855e-04,2.319e-05,)] [eta: 5:43:05, time (data): 2.502 (0.002)] l_pix: 1.3980e-02 
2025-11-22 12:23:22,438 INFO: [IART_..][epoch:  0, iter:   1,741, lr:(1.854e-04,2.319e-05,)] [eta: 5:43:02, time (data): 2.501 (0.002)] l_pix: 2.4870e-02 
2025-11-22 12:23:24,917 INFO: [IART_..][epoch:  0, iter:   1,742, lr:(1.854e-04,2.318e-05,)] [eta: 5:43:00, time (data): 2.501 (0.002)] l_pix: 1.4201e-02 
2025-11-22 12:23:27,365 INFO: [IART_..][epoch:  0, iter:   1,743, lr:(1.854e-04,2.318e-05,)] [eta: 5:42:57, time (data): 2.501 (0.002)] l_pix: 2.8657e-02 
2025-11-22 12:23:29,844 INFO: [IART_..][epoch:  0, iter:   1,744, lr:(1.854e-04,2.318e-05,)] [eta: 5:42:54, time (data): 2.501 (0.002)] l_pix: 3.2415e-02 
2025-11-22 12:23:32,338 INFO: [IART_..][epoch:  0, iter:   1,745, lr:(1.854e-04,2.318e-05,)] [eta: 5:42:52, time (data): 2.501 (0.002)] l_pix: 2.2070e-02 
2025-11-22 12:23:34,849 INFO: [IART_..][epoch:  0, iter:   1,746, lr:(1.854e-04,2.318e-05,)] [eta: 5:42:49, time (data): 2.501 (0.002)] l_pix: 1.9931e-02 
2025-11-22 12:23:37,357 INFO: [IART_..][epoch:  0, iter:   1,747, lr:(1.853e-04,2.317e-05,)] [eta: 5:42:47, time (data): 2.501 (0.002)] l_pix: 2.7039e-02 
2025-11-22 12:23:39,837 INFO: [IART_..][epoch:  0, iter:   1,748, lr:(1.853e-04,2.317e-05,)] [eta: 5:42:44, time (data): 2.501 (0.002)] l_pix: 3.6050e-02 
2025-11-22 12:23:42,269 INFO: [IART_..][epoch:  0, iter:   1,749, lr:(1.853e-04,2.317e-05,)] [eta: 5:42:42, time (data): 2.500 (0.002)] l_pix: 2.9608e-02 
2025-11-22 12:23:44,796 INFO: [IART_..][epoch:  0, iter:   1,750, lr:(1.853e-04,2.317e-05,)] [eta: 5:42:39, time (data): 2.500 (0.002)] l_pix: 1.6340e-02 
2025-11-22 12:23:47,302 INFO: [IART_..][epoch:  0, iter:   1,751, lr:(1.853e-04,2.317e-05,)] [eta: 5:42:37, time (data): 2.500 (0.002)] l_pix: 2.9689e-02 
2025-11-22 12:23:49,843 INFO: [IART_..][epoch:  0, iter:   1,752, lr:(1.853e-04,2.316e-05,)] [eta: 5:42:35, time (data): 2.501 (0.002)] l_pix: 1.8041e-02 
2025-11-22 12:23:52,355 INFO: [IART_..][epoch:  0, iter:   1,753, lr:(1.852e-04,2.316e-05,)] [eta: 5:42:32, time (data): 2.501 (0.002)] l_pix: 2.3714e-02 
2025-11-22 12:23:54,899 INFO: [IART_..][epoch:  0, iter:   1,754, lr:(1.852e-04,2.316e-05,)] [eta: 5:42:30, time (data): 2.501 (0.002)] l_pix: 2.5302e-02 
2025-11-22 12:23:57,426 INFO: [IART_..][epoch:  0, iter:   1,755, lr:(1.852e-04,2.316e-05,)] [eta: 5:42:28, time (data): 2.501 (0.002)] l_pix: 2.5560e-02 
2025-11-22 12:23:59,926 INFO: [IART_..][epoch:  0, iter:   1,756, lr:(1.852e-04,2.316e-05,)] [eta: 5:42:25, time (data): 2.501 (0.002)] l_pix: 2.7272e-02 
2025-11-22 12:24:02,401 INFO: [IART_..][epoch:  0, iter:   1,757, lr:(1.852e-04,2.315e-05,)] [eta: 5:42:23, time (data): 2.501 (0.002)] l_pix: 1.2288e-02 
2025-11-22 12:24:04,897 INFO: [IART_..][epoch:  0, iter:   1,758, lr:(1.852e-04,2.315e-05,)] [eta: 5:42:20, time (data): 2.501 (0.002)] l_pix: 3.3458e-02 
2025-11-22 12:24:07,354 INFO: [IART_..][epoch:  0, iter:   1,759, lr:(1.851e-04,2.315e-05,)] [eta: 5:42:18, time (data): 2.501 (0.002)] l_pix: 1.6648e-02 
2025-11-22 12:24:09,843 INFO: [IART_..][epoch:  0, iter:   1,760, lr:(1.851e-04,2.315e-05,)] [eta: 5:42:15, time (data): 2.501 (0.002)] l_pix: 2.4116e-02 
2025-11-22 12:24:12,327 INFO: [IART_..][epoch:  0, iter:   1,761, lr:(1.851e-04,2.314e-05,)] [eta: 5:42:12, time (data): 2.501 (0.002)] l_pix: 3.8117e-02 
2025-11-22 12:24:14,779 INFO: [IART_..][epoch:  0, iter:   1,762, lr:(1.851e-04,2.314e-05,)] [eta: 5:42:10, time (data): 2.500 (0.002)] l_pix: 3.8003e-02 
2025-11-22 12:24:17,274 INFO: [IART_..][epoch:  0, iter:   1,763, lr:(1.851e-04,2.314e-05,)] [eta: 5:42:07, time (data): 2.500 (0.002)] l_pix: 4.8272e-02 
2025-11-22 12:24:19,786 INFO: [IART_..][epoch:  0, iter:   1,764, lr:(1.851e-04,2.314e-05,)] [eta: 5:42:05, time (data): 2.500 (0.002)] l_pix: 3.2454e-02 
2025-11-22 12:24:22,361 INFO: [IART_..][epoch:  0, iter:   1,765, lr:(1.850e-04,2.314e-05,)] [eta: 5:42:03, time (data): 2.501 (0.002)] l_pix: 4.4101e-02 
2025-11-22 12:24:24,825 INFO: [IART_..][epoch:  0, iter:   1,766, lr:(1.850e-04,2.313e-05,)] [eta: 5:42:00, time (data): 2.500 (0.002)] l_pix: 3.2339e-02 
2025-11-22 12:24:27,227 INFO: [IART_..][epoch:  0, iter:   1,767, lr:(1.850e-04,2.313e-05,)] [eta: 5:41:57, time (data): 2.500 (0.002)] l_pix: 2.6649e-02 
2025-11-22 12:24:29,851 INFO: [IART_..][epoch:  0, iter:   1,768, lr:(1.850e-04,2.313e-05,)] [eta: 5:41:55, time (data): 2.501 (0.002)] l_pix: 2.8336e-02 
2025-11-22 12:24:32,410 INFO: [IART_..][epoch:  0, iter:   1,769, lr:(1.850e-04,2.313e-05,)] [eta: 5:41:53, time (data): 2.501 (0.002)] l_pix: 3.7201e-02 
2025-11-22 12:24:34,936 INFO: [IART_..][epoch:  0, iter:   1,770, lr:(1.850e-04,2.313e-05,)] [eta: 5:41:51, time (data): 2.501 (0.002)] l_pix: 2.3479e-02 
2025-11-22 12:24:37,400 INFO: [IART_..][epoch:  0, iter:   1,771, lr:(1.849e-04,2.312e-05,)] [eta: 5:41:48, time (data): 2.501 (0.002)] l_pix: 1.7843e-02 
2025-11-22 12:24:39,818 INFO: [IART_..][epoch:  0, iter:   1,772, lr:(1.849e-04,2.312e-05,)] [eta: 5:41:45, time (data): 2.500 (0.002)] l_pix: 3.4874e-02 
2025-11-22 12:24:42,281 INFO: [IART_..][epoch:  0, iter:   1,773, lr:(1.849e-04,2.312e-05,)] [eta: 5:41:43, time (data): 2.500 (0.002)] l_pix: 1.8751e-02 
2025-11-22 12:24:44,809 INFO: [IART_..][epoch:  0, iter:   1,774, lr:(1.849e-04,2.312e-05,)] [eta: 5:41:40, time (data): 2.500 (0.002)] l_pix: 3.4738e-02 
2025-11-22 12:24:47,272 INFO: [IART_..][epoch:  0, iter:   1,775, lr:(1.849e-04,2.312e-05,)] [eta: 5:41:38, time (data): 2.500 (0.002)] l_pix: 2.0383e-02 
2025-11-22 12:24:49,689 INFO: [IART_..][epoch:  0, iter:   1,776, lr:(1.849e-04,2.311e-05,)] [eta: 5:41:35, time (data): 2.500 (0.002)] l_pix: 3.9148e-02 
2025-11-22 12:24:52,137 INFO: [IART_..][epoch:  0, iter:   1,777, lr:(1.848e-04,2.311e-05,)] [eta: 5:41:32, time (data): 2.499 (0.002)] l_pix: 2.5681e-02 
2025-11-22 12:24:54,663 INFO: [IART_..][epoch:  0, iter:   1,778, lr:(1.848e-04,2.311e-05,)] [eta: 5:41:30, time (data): 2.499 (0.002)] l_pix: 1.6508e-02 
2025-11-22 12:24:57,111 INFO: [IART_..][epoch:  0, iter:   1,779, lr:(1.848e-04,2.311e-05,)] [eta: 5:41:27, time (data): 2.499 (0.002)] l_pix: 2.7857e-02 
2025-11-22 12:24:59,623 INFO: [IART_..][epoch:  0, iter:   1,780, lr:(1.848e-04,2.311e-05,)] [eta: 5:41:25, time (data): 2.499 (0.002)] l_pix: 2.3835e-02 
2025-11-22 12:25:02,182 INFO: [IART_..][epoch:  0, iter:   1,781, lr:(1.848e-04,2.310e-05,)] [eta: 5:41:23, time (data): 2.500 (0.002)] l_pix: 2.2718e-02 
2025-11-22 12:25:04,756 INFO: [IART_..][epoch:  0, iter:   1,782, lr:(1.848e-04,2.310e-05,)] [eta: 5:41:21, time (data): 2.500 (0.002)] l_pix: 1.7713e-02 
2025-11-22 12:25:07,170 INFO: [IART_..][epoch:  0, iter:   1,783, lr:(1.847e-04,2.310e-05,)] [eta: 5:41:18, time (data): 2.499 (0.002)] l_pix: 3.1194e-02 
2025-11-22 12:25:09,777 INFO: [IART_..][epoch:  0, iter:   1,784, lr:(1.847e-04,2.310e-05,)] [eta: 5:41:16, time (data): 2.500 (0.002)] l_pix: 3.0890e-02 
2025-11-22 12:25:12,334 INFO: [IART_..][epoch:  0, iter:   1,785, lr:(1.847e-04,2.310e-05,)] [eta: 5:41:14, time (data): 2.500 (0.002)] l_pix: 2.7917e-02 
2025-11-22 12:25:14,780 INFO: [IART_..][epoch:  0, iter:   1,786, lr:(1.847e-04,2.309e-05,)] [eta: 5:41:11, time (data): 2.500 (0.002)] l_pix: 2.3428e-02 
2025-11-22 12:25:17,417 INFO: [IART_..][epoch:  0, iter:   1,787, lr:(1.847e-04,2.309e-05,)] [eta: 5:41:09, time (data): 2.501 (0.002)] l_pix: 3.0194e-02 
2025-11-22 12:25:19,944 INFO: [IART_..][epoch:  0, iter:   1,788, lr:(1.847e-04,2.309e-05,)] [eta: 5:41:07, time (data): 2.501 (0.002)] l_pix: 2.9561e-02 
2025-11-22 12:25:22,402 INFO: [IART_..][epoch:  0, iter:   1,789, lr:(1.846e-04,2.309e-05,)] [eta: 5:41:04, time (data): 2.501 (0.002)] l_pix: 2.9689e-02 
2025-11-22 12:25:24,832 INFO: [IART_..][epoch:  0, iter:   1,790, lr:(1.846e-04,2.308e-05,)] [eta: 5:41:01, time (data): 2.500 (0.002)] l_pix: 4.1016e-02 
2025-11-22 12:25:27,285 INFO: [IART_..][epoch:  0, iter:   1,791, lr:(1.846e-04,2.308e-05,)] [eta: 5:40:59, time (data): 2.500 (0.002)] l_pix: 2.4558e-02 
2025-11-22 12:25:29,781 INFO: [IART_..][epoch:  0, iter:   1,792, lr:(1.846e-04,2.308e-05,)] [eta: 5:40:56, time (data): 2.500 (0.002)] l_pix: 1.3929e-02 
2025-11-22 12:25:32,245 INFO: [IART_..][epoch:  0, iter:   1,793, lr:(1.846e-04,2.308e-05,)] [eta: 5:40:53, time (data): 2.500 (0.002)] l_pix: 2.8341e-02 
2025-11-22 12:25:34,706 INFO: [IART_..][epoch:  0, iter:   1,794, lr:(1.846e-04,2.308e-05,)] [eta: 5:40:51, time (data): 2.500 (0.002)] l_pix: 3.7246e-02 
2025-11-22 12:25:37,202 INFO: [IART_..][epoch:  0, iter:   1,795, lr:(1.845e-04,2.307e-05,)] [eta: 5:40:48, time (data): 2.500 (0.002)] l_pix: 3.5053e-02 
2025-11-22 12:25:39,757 INFO: [IART_..][epoch:  0, iter:   1,796, lr:(1.845e-04,2.307e-05,)] [eta: 5:40:46, time (data): 2.500 (0.002)] l_pix: 2.4129e-02 
2025-11-22 12:25:42,159 INFO: [IART_..][epoch:  0, iter:   1,797, lr:(1.845e-04,2.307e-05,)] [eta: 5:40:43, time (data): 2.499 (0.002)] l_pix: 5.1077e-02 
2025-11-22 12:25:44,638 INFO: [IART_..][epoch:  0, iter:   1,798, lr:(1.845e-04,2.307e-05,)] [eta: 5:40:41, time (data): 2.499 (0.002)] l_pix: 1.5503e-02 
2025-11-22 12:25:47,193 INFO: [IART_..][epoch:  0, iter:   1,799, lr:(1.845e-04,2.307e-05,)] [eta: 5:40:38, time (data): 2.500 (0.002)] l_pix: 3.4901e-02 
2025-11-22 12:25:49,929 INFO: [IART_..][epoch:  0, iter:   1,800, lr:(1.845e-04,2.306e-05,)] [eta: 5:40:37, time (data): 2.501 (0.002)] l_pix: 3.1805e-02 
2025-11-22 12:25:52,424 INFO: [IART_..][epoch:  0, iter:   1,801, lr:(1.844e-04,2.306e-05,)] [eta: 5:40:35, time (data): 2.501 (0.002)] l_pix: 1.9856e-02 
2025-11-22 12:25:54,887 INFO: [IART_..][epoch:  0, iter:   1,802, lr:(1.844e-04,2.306e-05,)] [eta: 5:40:32, time (data): 2.501 (0.002)] l_pix: 4.3309e-02 
2025-11-22 12:25:57,398 INFO: [IART_..][epoch:  0, iter:   1,803, lr:(1.844e-04,2.306e-05,)] [eta: 5:40:30, time (data): 2.501 (0.002)] l_pix: 2.0550e-02 
2025-11-22 12:25:59,862 INFO: [IART_..][epoch:  0, iter:   1,804, lr:(1.844e-04,2.306e-05,)] [eta: 5:40:27, time (data): 2.500 (0.002)] l_pix: 2.3712e-02 
2025-11-22 12:26:02,358 INFO: [IART_..][epoch:  0, iter:   1,805, lr:(1.844e-04,2.305e-05,)] [eta: 5:40:24, time (data): 2.500 (0.002)] l_pix: 3.0306e-02 
2025-11-22 12:26:04,805 INFO: [IART_..][epoch:  0, iter:   1,806, lr:(1.844e-04,2.305e-05,)] [eta: 5:40:22, time (data): 2.500 (0.002)] l_pix: 1.5277e-02 
2025-11-22 12:26:07,470 INFO: [IART_..][epoch:  0, iter:   1,807, lr:(1.843e-04,2.305e-05,)] [eta: 5:40:20, time (data): 2.501 (0.002)] l_pix: 4.6278e-02 
2025-11-22 12:26:09,980 INFO: [IART_..][epoch:  0, iter:   1,808, lr:(1.843e-04,2.305e-05,)] [eta: 5:40:18, time (data): 2.501 (0.002)] l_pix: 3.3417e-02 
2025-11-22 12:26:12,614 INFO: [IART_..][epoch:  0, iter:   1,809, lr:(1.843e-04,2.305e-05,)] [eta: 5:40:16, time (data): 2.502 (0.002)] l_pix: 2.1746e-02 
2025-11-22 12:26:15,157 INFO: [IART_..][epoch:  0, iter:   1,810, lr:(1.843e-04,2.304e-05,)] [eta: 5:40:14, time (data): 2.543 (0.000)] l_pix: 4.4672e-02 
2025-11-22 12:26:17,635 INFO: [IART_..][epoch:  0, iter:   1,811, lr:(1.843e-04,2.304e-05,)] [eta: 5:40:11, time (data): 2.510 (0.000)] l_pix: 4.0470e-02 
2025-11-22 12:26:20,180 INFO: [IART_..][epoch:  0, iter:   1,812, lr:(1.843e-04,2.304e-05,)] [eta: 5:40:09, time (data): 2.522 (0.000)] l_pix: 3.6322e-02 
2025-11-22 12:26:22,578 INFO: [IART_..][epoch:  0, iter:   1,813, lr:(1.842e-04,2.304e-05,)] [eta: 5:40:06, time (data): 2.491 (0.000)] l_pix: 3.6300e-02 
2025-11-22 12:26:25,151 INFO: [IART_..][epoch:  0, iter:   1,814, lr:(1.842e-04,2.303e-05,)] [eta: 5:40:04, time (data): 2.507 (0.003)] l_pix: 1.9449e-02 
2025-11-22 12:26:27,583 INFO: [IART_..][epoch:  0, iter:   1,815, lr:(1.842e-04,2.303e-05,)] [eta: 5:40:01, time (data): 2.495 (0.003)] l_pix: 3.0025e-02 
2025-11-22 12:26:30,036 INFO: [IART_..][epoch:  0, iter:   1,816, lr:(1.842e-04,2.303e-05,)] [eta: 5:39:58, time (data): 2.489 (0.002)] l_pix: 4.3170e-02 
2025-11-22 12:26:32,527 INFO: [IART_..][epoch:  0, iter:   1,817, lr:(1.842e-04,2.303e-05,)] [eta: 5:39:56, time (data): 2.489 (0.002)] l_pix: 3.7064e-02 
2025-11-22 12:26:35,035 INFO: [IART_..][epoch:  0, iter:   1,818, lr:(1.842e-04,2.303e-05,)] [eta: 5:39:53, time (data): 2.491 (0.002)] l_pix: 3.5431e-02 
2025-11-22 12:26:37,548 INFO: [IART_..][epoch:  0, iter:   1,819, lr:(1.841e-04,2.302e-05,)] [eta: 5:39:51, time (data): 2.493 (0.002)] l_pix: 3.1180e-02 
2025-11-22 12:26:39,992 INFO: [IART_..][epoch:  0, iter:   1,820, lr:(1.841e-04,2.302e-05,)] [eta: 5:39:48, time (data): 2.489 (0.003)] l_pix: 1.7397e-02 
2025-11-22 12:26:42,436 INFO: [IART_..][epoch:  0, iter:   1,821, lr:(1.841e-04,2.302e-05,)] [eta: 5:39:45, time (data): 2.485 (0.003)] l_pix: 2.9524e-02 
2025-11-22 12:26:44,960 INFO: [IART_..][epoch:  0, iter:   1,822, lr:(1.841e-04,2.302e-05,)] [eta: 5:39:43, time (data): 2.488 (0.002)] l_pix: 2.8874e-02 
2025-11-22 12:26:47,406 INFO: [IART_..][epoch:  0, iter:   1,823, lr:(1.841e-04,2.302e-05,)] [eta: 5:39:40, time (data): 2.485 (0.002)] l_pix: 2.0206e-02 
2025-11-22 12:26:49,835 INFO: [IART_..][epoch:  0, iter:   1,824, lr:(1.841e-04,2.301e-05,)] [eta: 5:39:38, time (data): 2.481 (0.002)] l_pix: 2.6316e-02 
2025-11-22 12:26:52,264 INFO: [IART_..][epoch:  0, iter:   1,825, lr:(1.840e-04,2.301e-05,)] [eta: 5:39:35, time (data): 2.478 (0.002)] l_pix: 2.8887e-02 
2025-11-22 12:26:54,665 INFO: [IART_..][epoch:  0, iter:   1,826, lr:(1.840e-04,2.301e-05,)] [eta: 5:39:32, time (data): 2.473 (0.002)] l_pix: 2.0661e-02 
2025-11-22 12:26:57,095 INFO: [IART_..][epoch:  0, iter:   1,827, lr:(1.840e-04,2.301e-05,)] [eta: 5:39:29, time (data): 2.471 (0.002)] l_pix: 2.5707e-02 
2025-11-22 12:26:59,634 INFO: [IART_..][epoch:  0, iter:   1,828, lr:(1.840e-04,2.300e-05,)] [eta: 5:39:27, time (data): 2.474 (0.002)] l_pix: 2.5405e-02 
2025-11-22 12:27:02,156 INFO: [IART_..][epoch:  0, iter:   1,829, lr:(1.840e-04,2.300e-05,)] [eta: 5:39:25, time (data): 2.476 (0.002)] l_pix: 2.7405e-02 
2025-11-22 12:27:04,648 INFO: [IART_..][epoch:  0, iter:   1,830, lr:(1.839e-04,2.300e-05,)] [eta: 5:39:22, time (data): 2.477 (0.002)] l_pix: 1.9196e-02 
2025-11-22 12:27:07,211 INFO: [IART_..][epoch:  0, iter:   1,831, lr:(1.839e-04,2.300e-05,)] [eta: 5:39:20, time (data): 2.481 (0.002)] l_pix: 3.0012e-02 
2025-11-22 12:27:10,227 INFO: [IART_..][epoch:  0, iter:   1,832, lr:(1.839e-04,2.300e-05,)] [eta: 5:39:20, time (data): 2.504 (0.002)] l_pix: 4.0178e-02 
2025-11-22 12:27:12,899 INFO: [IART_..][epoch:  0, iter:   1,833, lr:(1.839e-04,2.299e-05,)] [eta: 5:39:18, time (data): 2.511 (0.001)] l_pix: 2.6703e-02 
2025-11-22 12:27:15,446 INFO: [IART_..][epoch:  0, iter:   1,834, lr:(1.839e-04,2.299e-05,)] [eta: 5:39:16, time (data): 2.512 (0.001)] l_pix: 2.5719e-02 
2025-11-22 12:27:18,126 INFO: [IART_..][epoch:  0, iter:   1,835, lr:(1.839e-04,2.299e-05,)] [eta: 5:39:14, time (data): 2.519 (0.001)] l_pix: 1.5768e-02 
2025-11-22 12:27:20,612 INFO: [IART_..][epoch:  0, iter:   1,836, lr:(1.838e-04,2.299e-05,)] [eta: 5:39:12, time (data): 2.518 (0.001)] l_pix: 3.5262e-02 
2025-11-22 12:27:23,129 INFO: [IART_..][epoch:  0, iter:   1,837, lr:(1.838e-04,2.299e-05,)] [eta: 5:39:09, time (data): 2.518 (0.001)] l_pix: 4.7600e-02 
2025-11-22 12:27:25,612 INFO: [IART_..][epoch:  0, iter:   1,838, lr:(1.838e-04,2.298e-05,)] [eta: 5:39:07, time (data): 2.517 (0.001)] l_pix: 3.5236e-02 
2025-11-22 12:27:28,118 INFO: [IART_..][epoch:  0, iter:   1,839, lr:(1.838e-04,2.298e-05,)] [eta: 5:39:04, time (data): 2.516 (0.002)] l_pix: 2.5392e-02 
2025-11-22 12:27:30,662 INFO: [IART_..][epoch:  0, iter:   1,840, lr:(1.838e-04,2.298e-05,)] [eta: 5:39:02, time (data): 2.517 (0.002)] l_pix: 2.5626e-02 
2025-11-22 12:27:33,089 INFO: [IART_..][epoch:  0, iter:   1,841, lr:(1.838e-04,2.298e-05,)] [eta: 5:38:59, time (data): 2.514 (0.002)] l_pix: 2.4674e-02 
2025-11-22 12:27:35,536 INFO: [IART_..][epoch:  0, iter:   1,842, lr:(1.837e-04,2.298e-05,)] [eta: 5:38:56, time (data): 2.512 (0.002)] l_pix: 3.0169e-02 
2025-11-22 12:27:38,061 INFO: [IART_..][epoch:  0, iter:   1,843, lr:(1.837e-04,2.297e-05,)] [eta: 5:38:54, time (data): 2.513 (0.002)] l_pix: 2.8072e-02 
2025-11-22 12:27:40,514 INFO: [IART_..][epoch:  0, iter:   1,844, lr:(1.837e-04,2.297e-05,)] [eta: 5:38:51, time (data): 2.511 (0.001)] l_pix: 3.7889e-02 
2025-11-22 12:27:43,030 INFO: [IART_..][epoch:  0, iter:   1,845, lr:(1.837e-04,2.297e-05,)] [eta: 5:38:49, time (data): 2.511 (0.001)] l_pix: 1.2928e-02 
2025-11-22 12:27:45,560 INFO: [IART_..][epoch:  0, iter:   1,846, lr:(1.837e-04,2.297e-05,)] [eta: 5:38:47, time (data): 2.512 (0.001)] l_pix: 1.9805e-02 
2025-11-22 12:27:48,120 INFO: [IART_..][epoch:  0, iter:   1,847, lr:(1.837e-04,2.296e-05,)] [eta: 5:38:44, time (data): 2.513 (0.001)] l_pix: 2.3143e-02 
2025-11-22 12:27:50,667 INFO: [IART_..][epoch:  0, iter:   1,848, lr:(1.836e-04,2.296e-05,)] [eta: 5:38:42, time (data): 2.514 (0.002)] l_pix: 3.0848e-02 
2025-11-22 12:27:53,101 INFO: [IART_..][epoch:  0, iter:   1,849, lr:(1.836e-04,2.296e-05,)] [eta: 5:38:39, time (data): 2.512 (0.002)] l_pix: 1.8946e-02 
2025-11-22 12:27:55,632 INFO: [IART_..][epoch:  0, iter:   1,850, lr:(1.836e-04,2.296e-05,)] [eta: 5:38:37, time (data): 2.512 (0.002)] l_pix: 1.7859e-02 
2025-11-22 12:27:58,209 INFO: [IART_..][epoch:  0, iter:   1,851, lr:(1.836e-04,2.296e-05,)] [eta: 5:38:35, time (data): 2.513 (0.002)] l_pix: 2.8065e-02 
2025-11-22 12:28:00,691 INFO: [IART_..][epoch:  0, iter:   1,852, lr:(1.836e-04,2.295e-05,)] [eta: 5:38:32, time (data): 2.513 (0.002)] l_pix: 2.3559e-02 
2025-11-22 12:28:03,217 INFO: [IART_..][epoch:  0, iter:   1,853, lr:(1.836e-04,2.295e-05,)] [eta: 5:38:30, time (data): 2.513 (0.002)] l_pix: 4.9067e-02 
2025-11-22 12:28:05,856 INFO: [IART_..][epoch:  0, iter:   1,854, lr:(1.835e-04,2.295e-05,)] [eta: 5:38:28, time (data): 2.515 (0.002)] l_pix: 2.2874e-02 
2025-11-22 12:28:08,415 INFO: [IART_..][epoch:  0, iter:   1,855, lr:(1.835e-04,2.295e-05,)] [eta: 5:38:26, time (data): 2.516 (0.001)] l_pix: 3.2428e-02 
2025-11-22 12:28:11,010 INFO: [IART_..][epoch:  0, iter:   1,856, lr:(1.835e-04,2.295e-05,)] [eta: 5:38:24, time (data): 2.518 (0.001)] l_pix: 3.3763e-02 
2025-11-22 12:28:13,536 INFO: [IART_..][epoch:  0, iter:   1,857, lr:(1.835e-04,2.294e-05,)] [eta: 5:38:22, time (data): 2.518 (0.002)] l_pix: 4.1228e-02 
2025-11-22 12:28:16,032 INFO: [IART_..][epoch:  0, iter:   1,858, lr:(1.835e-04,2.294e-05,)] [eta: 5:38:19, time (data): 2.518 (0.002)] l_pix: 2.1122e-02 
2025-11-22 12:28:18,481 INFO: [IART_..][epoch:  0, iter:   1,859, lr:(1.835e-04,2.294e-05,)] [eta: 5:38:16, time (data): 2.516 (0.002)] l_pix: 3.0710e-02 
2025-11-22 12:28:21,041 INFO: [IART_..][epoch:  0, iter:   1,860, lr:(1.834e-04,2.294e-05,)] [eta: 5:38:14, time (data): 2.517 (0.002)] l_pix: 2.9140e-02 
2025-11-22 12:28:23,476 INFO: [IART_..][epoch:  0, iter:   1,861, lr:(1.834e-04,2.293e-05,)] [eta: 5:38:12, time (data): 2.516 (0.002)] l_pix: 2.3919e-02 
2025-11-22 12:28:25,973 INFO: [IART_..][epoch:  0, iter:   1,862, lr:(1.834e-04,2.293e-05,)] [eta: 5:38:09, time (data): 2.515 (0.002)] l_pix: 2.9323e-02 
2025-11-22 12:28:28,535 INFO: [IART_..][epoch:  0, iter:   1,863, lr:(1.834e-04,2.293e-05,)] [eta: 5:38:07, time (data): 2.516 (0.002)] l_pix: 2.7952e-02 
2025-11-22 12:28:31,144 INFO: [IART_..][epoch:  0, iter:   1,864, lr:(1.834e-04,2.293e-05,)] [eta: 5:38:05, time (data): 2.518 (0.002)] l_pix: 5.1133e-02 
2025-11-22 12:28:33,624 INFO: [IART_..][epoch:  0, iter:   1,865, lr:(1.833e-04,2.293e-05,)] [eta: 5:38:02, time (data): 2.517 (0.001)] l_pix: 3.0906e-02 
2025-11-22 12:28:36,041 INFO: [IART_..][epoch:  0, iter:   1,866, lr:(1.833e-04,2.292e-05,)] [eta: 5:37:59, time (data): 2.515 (0.001)] l_pix: 3.2750e-02 
2025-11-22 12:28:38,473 INFO: [IART_..][epoch:  0, iter:   1,867, lr:(1.833e-04,2.292e-05,)] [eta: 5:37:57, time (data): 2.514 (0.001)] l_pix: 2.4276e-02 
2025-11-22 12:28:40,970 INFO: [IART_..][epoch:  0, iter:   1,868, lr:(1.833e-04,2.292e-05,)] [eta: 5:37:54, time (data): 2.514 (0.001)] l_pix: 4.0863e-02 
2025-11-22 12:28:43,404 INFO: [IART_..][epoch:  0, iter:   1,869, lr:(1.833e-04,2.292e-05,)] [eta: 5:37:52, time (data): 2.512 (0.002)] l_pix: 2.8834e-02 
2025-11-22 12:28:45,901 INFO: [IART_..][epoch:  0, iter:   1,870, lr:(1.833e-04,2.291e-05,)] [eta: 5:37:49, time (data): 2.512 (0.002)] l_pix: 5.1595e-02 
2025-11-22 12:28:48,398 INFO: [IART_..][epoch:  0, iter:   1,871, lr:(1.832e-04,2.291e-05,)] [eta: 5:37:47, time (data): 2.512 (0.002)] l_pix: 2.3568e-02 
2025-11-22 12:28:50,916 INFO: [IART_..][epoch:  0, iter:   1,872, lr:(1.832e-04,2.291e-05,)] [eta: 5:37:44, time (data): 2.512 (0.002)] l_pix: 3.8157e-02 
2025-11-22 12:28:53,426 INFO: [IART_..][epoch:  0, iter:   1,873, lr:(1.832e-04,2.291e-05,)] [eta: 5:37:42, time (data): 2.512 (0.002)] l_pix: 2.7470e-02 
2025-11-22 12:28:55,848 INFO: [IART_..][epoch:  0, iter:   1,874, lr:(1.832e-04,2.291e-05,)] [eta: 5:37:39, time (data): 2.510 (0.002)] l_pix: 1.8391e-02 
2025-11-22 12:28:58,317 INFO: [IART_..][epoch:  0, iter:   1,875, lr:(1.832e-04,2.290e-05,)] [eta: 5:37:36, time (data): 2.510 (0.002)] l_pix: 1.9419e-02 
2025-11-22 12:29:00,848 INFO: [IART_..][epoch:  0, iter:   1,876, lr:(1.832e-04,2.290e-05,)] [eta: 5:37:34, time (data): 2.510 (0.001)] l_pix: 1.5152e-02 
2025-11-22 12:29:03,250 INFO: [IART_..][epoch:  0, iter:   1,877, lr:(1.831e-04,2.290e-05,)] [eta: 5:37:31, time (data): 2.509 (0.001)] l_pix: 4.0746e-02 
2025-11-22 12:29:05,712 INFO: [IART_..][epoch:  0, iter:   1,878, lr:(1.831e-04,2.290e-05,)] [eta: 5:37:28, time (data): 2.508 (0.001)] l_pix: 3.3476e-02 
2025-11-22 12:29:08,114 INFO: [IART_..][epoch:  0, iter:   1,879, lr:(1.831e-04,2.290e-05,)] [eta: 5:37:26, time (data): 2.506 (0.001)] l_pix: 3.2597e-02 
2025-11-22 12:29:10,658 INFO: [IART_..][epoch:  0, iter:   1,880, lr:(1.831e-04,2.289e-05,)] [eta: 5:37:23, time (data): 2.507 (0.001)] l_pix: 2.9404e-02 
2025-11-22 12:29:13,171 INFO: [IART_..][epoch:  0, iter:   1,881, lr:(1.831e-04,2.289e-05,)] [eta: 5:37:21, time (data): 2.507 (0.001)] l_pix: 2.0645e-02 
2025-11-22 12:29:15,666 INFO: [IART_..][epoch:  0, iter:   1,882, lr:(1.831e-04,2.289e-05,)] [eta: 5:37:18, time (data): 2.507 (0.001)] l_pix: 2.8333e-02 
2025-11-22 12:29:18,240 INFO: [IART_..][epoch:  0, iter:   1,883, lr:(1.830e-04,2.289e-05,)] [eta: 5:37:16, time (data): 2.508 (0.002)] l_pix: 2.5180e-02 
2025-11-22 12:29:20,713 INFO: [IART_..][epoch:  0, iter:   1,884, lr:(1.830e-04,2.288e-05,)] [eta: 5:37:14, time (data): 2.507 (0.002)] l_pix: 3.2673e-02 
2025-11-22 12:29:23,138 INFO: [IART_..][epoch:  0, iter:   1,885, lr:(1.830e-04,2.288e-05,)] [eta: 5:37:11, time (data): 2.506 (0.002)] l_pix: 2.4363e-02 
2025-11-22 12:29:25,654 INFO: [IART_..][epoch:  0, iter:   1,886, lr:(1.830e-04,2.288e-05,)] [eta: 5:37:09, time (data): 2.506 (0.001)] l_pix: 3.4129e-02 
2025-11-22 12:29:28,233 INFO: [IART_..][epoch:  0, iter:   1,887, lr:(1.830e-04,2.288e-05,)] [eta: 5:37:06, time (data): 2.507 (0.001)] l_pix: 4.3797e-02 
2025-11-22 12:29:30,652 INFO: [IART_..][epoch:  0, iter:   1,888, lr:(1.829e-04,2.288e-05,)] [eta: 5:37:04, time (data): 2.506 (0.001)] l_pix: 2.8711e-02 
2025-11-22 12:29:33,169 INFO: [IART_..][epoch:  0, iter:   1,889, lr:(1.829e-04,2.287e-05,)] [eta: 5:37:01, time (data): 2.506 (0.001)] l_pix: 2.1933e-02 
2025-11-22 12:29:35,599 INFO: [IART_..][epoch:  0, iter:   1,890, lr:(1.829e-04,2.287e-05,)] [eta: 5:36:58, time (data): 2.505 (0.001)] l_pix: 1.9603e-02 
2025-11-22 12:29:38,016 INFO: [IART_..][epoch:  0, iter:   1,891, lr:(1.829e-04,2.287e-05,)] [eta: 5:36:56, time (data): 2.504 (0.001)] l_pix: 3.3222e-02 
2025-11-22 12:29:40,672 INFO: [IART_..][epoch:  0, iter:   1,892, lr:(1.829e-04,2.287e-05,)] [eta: 5:36:54, time (data): 2.506 (0.001)] l_pix: 2.7169e-02 
2025-11-22 12:29:43,201 INFO: [IART_..][epoch:  0, iter:   1,893, lr:(1.829e-04,2.286e-05,)] [eta: 5:36:51, time (data): 2.506 (0.001)] l_pix: 2.5016e-02 
2025-11-22 12:29:45,700 INFO: [IART_..][epoch:  0, iter:   1,894, lr:(1.828e-04,2.286e-05,)] [eta: 5:36:49, time (data): 2.506 (0.002)] l_pix: 3.9407e-02 
2025-11-22 12:29:48,133 INFO: [IART_..][epoch:  0, iter:   1,895, lr:(1.828e-04,2.286e-05,)] [eta: 5:36:46, time (data): 2.505 (0.002)] l_pix: 3.4702e-02 
2025-11-22 12:29:50,535 INFO: [IART_..][epoch:  0, iter:   1,896, lr:(1.828e-04,2.286e-05,)] [eta: 5:36:43, time (data): 2.504 (0.002)] l_pix: 6.1142e-02 
2025-11-22 12:29:53,062 INFO: [IART_..][epoch:  0, iter:   1,897, lr:(1.828e-04,2.286e-05,)] [eta: 5:36:41, time (data): 2.504 (0.002)] l_pix: 3.1157e-02 
2025-11-22 12:29:55,576 INFO: [IART_..][epoch:  0, iter:   1,898, lr:(1.828e-04,2.285e-05,)] [eta: 5:36:39, time (data): 2.505 (0.002)] l_pix: 1.8721e-02 
2025-11-22 12:29:58,044 INFO: [IART_..][epoch:  0, iter:   1,899, lr:(1.828e-04,2.285e-05,)] [eta: 5:36:36, time (data): 2.504 (0.002)] l_pix: 4.4148e-02 
2025-11-22 12:30:00,589 INFO: [IART_..][epoch:  0, iter:   1,900, lr:(1.827e-04,2.285e-05,)] [eta: 5:36:34, time (data): 2.505 (0.002)] l_pix: 2.0710e-02 
2025-11-22 12:30:03,150 INFO: [IART_..][epoch:  0, iter:   1,901, lr:(1.827e-04,2.285e-05,)] [eta: 5:36:32, time (data): 2.505 (0.002)] l_pix: 2.0415e-02 
2025-11-22 12:30:05,760 INFO: [IART_..][epoch:  0, iter:   1,902, lr:(1.827e-04,2.284e-05,)] [eta: 5:36:30, time (data): 2.506 (0.002)] l_pix: 2.7337e-02 
2025-11-22 12:30:08,222 INFO: [IART_..][epoch:  0, iter:   1,903, lr:(1.827e-04,2.284e-05,)] [eta: 5:36:27, time (data): 2.506 (0.002)] l_pix: 2.5080e-02 
2025-11-22 12:30:10,624 INFO: [IART_..][epoch:  0, iter:   1,904, lr:(1.827e-04,2.284e-05,)] [eta: 5:36:24, time (data): 2.505 (0.002)] l_pix: 2.0510e-02 
2025-11-22 12:30:13,184 INFO: [IART_..][epoch:  0, iter:   1,905, lr:(1.826e-04,2.284e-05,)] [eta: 5:36:22, time (data): 2.505 (0.002)] l_pix: 3.2056e-02 
2025-11-22 12:30:15,807 INFO: [IART_..][epoch:  0, iter:   1,906, lr:(1.826e-04,2.284e-05,)] [eta: 5:36:20, time (data): 2.506 (0.002)] l_pix: 3.4998e-02 
2025-11-22 12:30:18,352 INFO: [IART_..][epoch:  0, iter:   1,907, lr:(1.826e-04,2.283e-05,)] [eta: 5:36:18, time (data): 2.507 (0.001)] l_pix: 1.1136e-02 
2025-11-22 12:30:20,819 INFO: [IART_..][epoch:  0, iter:   1,908, lr:(1.826e-04,2.283e-05,)] [eta: 5:36:15, time (data): 2.506 (0.001)] l_pix: 2.8388e-02 
2025-11-22 12:30:23,270 INFO: [IART_..][epoch:  0, iter:   1,909, lr:(1.826e-04,2.283e-05,)] [eta: 5:36:12, time (data): 2.506 (0.002)] l_pix: 3.1249e-02 
2025-11-22 12:30:25,867 INFO: [IART_..][epoch:  0, iter:   1,910, lr:(1.826e-04,2.283e-05,)] [eta: 5:36:10, time (data): 2.507 (0.002)] l_pix: 2.3189e-02 
2025-11-22 12:30:28,347 INFO: [IART_..][epoch:  0, iter:   1,911, lr:(1.825e-04,2.283e-05,)] [eta: 5:36:08, time (data): 2.507 (0.002)] l_pix: 2.9374e-02 
2025-11-22 12:30:30,799 INFO: [IART_..][epoch:  0, iter:   1,912, lr:(1.825e-04,2.282e-05,)] [eta: 5:36:05, time (data): 2.506 (0.002)] l_pix: 2.6036e-02 
2025-11-22 12:30:33,310 INFO: [IART_..][epoch:  0, iter:   1,913, lr:(1.825e-04,2.282e-05,)] [eta: 5:36:03, time (data): 2.506 (0.002)] l_pix: 2.5212e-02 
2025-11-22 12:30:35,714 INFO: [IART_..][epoch:  0, iter:   1,914, lr:(1.825e-04,2.282e-05,)] [eta: 5:36:00, time (data): 2.505 (0.002)] l_pix: 1.8936e-02 
2025-11-22 12:30:38,228 INFO: [IART_..][epoch:  0, iter:   1,915, lr:(1.825e-04,2.282e-05,)] [eta: 5:35:57, time (data): 2.505 (0.002)] l_pix: 3.0325e-02 
2025-11-22 12:30:40,647 INFO: [IART_..][epoch:  0, iter:   1,916, lr:(1.825e-04,2.281e-05,)] [eta: 5:35:55, time (data): 2.504 (0.002)] l_pix: 2.0585e-02 
2025-11-22 12:30:43,142 INFO: [IART_..][epoch:  0, iter:   1,917, lr:(1.824e-04,2.281e-05,)] [eta: 5:35:52, time (data): 2.504 (0.002)] l_pix: 5.7466e-03 
2025-11-22 12:30:45,561 INFO: [IART_..][epoch:  0, iter:   1,918, lr:(1.824e-04,2.281e-05,)] [eta: 5:35:49, time (data): 2.503 (0.002)] l_pix: 2.2036e-02 
2025-11-22 12:30:48,024 INFO: [IART_..][epoch:  0, iter:   1,919, lr:(1.824e-04,2.281e-05,)] [eta: 5:35:47, time (data): 2.503 (0.002)] l_pix: 2.1802e-02 
2025-11-22 12:30:50,486 INFO: [IART_..][epoch:  0, iter:   1,920, lr:(1.824e-04,2.281e-05,)] [eta: 5:35:44, time (data): 2.503 (0.002)] l_pix: 4.3107e-02 
2025-11-22 12:30:52,984 INFO: [IART_..][epoch:  0, iter:   1,921, lr:(1.824e-04,2.280e-05,)] [eta: 5:35:42, time (data): 2.503 (0.002)] l_pix: 3.3531e-02 
2025-11-22 12:30:55,481 INFO: [IART_..][epoch:  0, iter:   1,922, lr:(1.823e-04,2.280e-05,)] [eta: 5:35:39, time (data): 2.503 (0.002)] l_pix: 1.4663e-02 
2025-11-22 12:30:57,954 INFO: [IART_..][epoch:  0, iter:   1,923, lr:(1.823e-04,2.280e-05,)] [eta: 5:35:36, time (data): 2.502 (0.002)] l_pix: 1.3607e-02 
2025-11-22 12:31:00,434 INFO: [IART_..][epoch:  0, iter:   1,924, lr:(1.823e-04,2.280e-05,)] [eta: 5:35:34, time (data): 2.502 (0.002)] l_pix: 4.2627e-02 
2025-11-22 12:31:02,920 INFO: [IART_..][epoch:  0, iter:   1,925, lr:(1.823e-04,2.279e-05,)] [eta: 5:35:31, time (data): 2.502 (0.002)] l_pix: 1.6667e-02 
2025-11-22 12:31:05,335 INFO: [IART_..][epoch:  0, iter:   1,926, lr:(1.823e-04,2.279e-05,)] [eta: 5:35:29, time (data): 2.501 (0.002)] l_pix: 3.6542e-02 
2025-11-22 12:31:07,846 INFO: [IART_..][epoch:  0, iter:   1,927, lr:(1.823e-04,2.279e-05,)] [eta: 5:35:26, time (data): 2.501 (0.002)] l_pix: 2.6156e-02 
2025-11-22 12:31:10,319 INFO: [IART_..][epoch:  0, iter:   1,928, lr:(1.822e-04,2.279e-05,)] [eta: 5:35:24, time (data): 2.501 (0.002)] l_pix: 1.3828e-02 
2025-11-22 12:31:12,780 INFO: [IART_..][epoch:  0, iter:   1,929, lr:(1.822e-04,2.279e-05,)] [eta: 5:35:21, time (data): 2.501 (0.001)] l_pix: 4.4944e-02 
2025-11-22 12:31:15,340 INFO: [IART_..][epoch:  0, iter:   1,930, lr:(1.822e-04,2.278e-05,)] [eta: 5:35:19, time (data): 2.501 (0.002)] l_pix: 1.4978e-02 
2025-11-22 12:31:17,823 INFO: [IART_..][epoch:  0, iter:   1,931, lr:(1.822e-04,2.278e-05,)] [eta: 5:35:16, time (data): 2.501 (0.002)] l_pix: 3.2879e-02 
2025-11-22 12:31:20,273 INFO: [IART_..][epoch:  0, iter:   1,932, lr:(1.822e-04,2.278e-05,)] [eta: 5:35:13, time (data): 2.501 (0.002)] l_pix: 1.8670e-02 
2025-11-22 12:31:22,819 INFO: [IART_..][epoch:  0, iter:   1,933, lr:(1.821e-04,2.278e-05,)] [eta: 5:35:11, time (data): 2.501 (0.002)] l_pix: 1.1702e-02 
2025-11-22 12:31:25,329 INFO: [IART_..][epoch:  0, iter:   1,934, lr:(1.821e-04,2.277e-05,)] [eta: 5:35:09, time (data): 2.501 (0.002)] l_pix: 4.1857e-02 
2025-11-22 12:31:27,843 INFO: [IART_..][epoch:  0, iter:   1,935, lr:(1.821e-04,2.277e-05,)] [eta: 5:35:06, time (data): 2.501 (0.002)] l_pix: 1.8091e-02 
2025-11-22 12:31:30,405 INFO: [IART_..][epoch:  0, iter:   1,936, lr:(1.821e-04,2.277e-05,)] [eta: 5:35:04, time (data): 2.502 (0.002)] l_pix: 1.4924e-02 
2025-11-22 12:31:32,872 INFO: [IART_..][epoch:  0, iter:   1,937, lr:(1.821e-04,2.277e-05,)] [eta: 5:35:02, time (data): 2.501 (0.002)] l_pix: 2.7681e-02 
2025-11-22 12:31:35,322 INFO: [IART_..][epoch:  0, iter:   1,938, lr:(1.821e-04,2.277e-05,)] [eta: 5:34:59, time (data): 2.501 (0.002)] l_pix: 5.6015e-02 
2025-11-22 12:31:37,788 INFO: [IART_..][epoch:  0, iter:   1,939, lr:(1.820e-04,2.276e-05,)] [eta: 5:34:56, time (data): 2.501 (0.002)] l_pix: 3.1126e-02 
2025-11-22 12:31:40,415 INFO: [IART_..][epoch:  0, iter:   1,940, lr:(1.820e-04,2.276e-05,)] [eta: 5:34:54, time (data): 2.502 (0.002)] l_pix: 1.0191e-02 
2025-11-22 12:31:42,819 INFO: [IART_..][epoch:  0, iter:   1,941, lr:(1.820e-04,2.276e-05,)] [eta: 5:34:51, time (data): 2.501 (0.002)] l_pix: 2.6531e-02 
2025-11-22 12:31:45,297 INFO: [IART_..][epoch:  0, iter:   1,942, lr:(1.820e-04,2.276e-05,)] [eta: 5:34:49, time (data): 2.501 (0.002)] l_pix: 1.9764e-02 
2025-11-22 12:31:47,766 INFO: [IART_..][epoch:  0, iter:   1,943, lr:(1.820e-04,2.275e-05,)] [eta: 5:34:46, time (data): 2.500 (0.002)] l_pix: 2.0629e-02 
2025-11-22 12:31:50,309 INFO: [IART_..][epoch:  0, iter:   1,944, lr:(1.820e-04,2.275e-05,)] [eta: 5:34:44, time (data): 2.501 (0.002)] l_pix: 2.4473e-02 
2025-11-22 12:31:52,821 INFO: [IART_..][epoch:  0, iter:   1,945, lr:(1.819e-04,2.275e-05,)] [eta: 5:34:42, time (data): 2.501 (0.002)] l_pix: 2.3403e-02 
2025-11-22 12:31:55,241 INFO: [IART_..][epoch:  0, iter:   1,946, lr:(1.819e-04,2.275e-05,)] [eta: 5:34:39, time (data): 2.500 (0.002)] l_pix: 2.6369e-02 
2025-11-22 12:31:57,692 INFO: [IART_..][epoch:  0, iter:   1,947, lr:(1.819e-04,2.274e-05,)] [eta: 5:34:36, time (data): 2.500 (0.002)] l_pix: 2.2111e-02 
2025-11-22 12:32:00,188 INFO: [IART_..][epoch:  0, iter:   1,948, lr:(1.819e-04,2.274e-05,)] [eta: 5:34:34, time (data): 2.500 (0.002)] l_pix: 2.5892e-02 
2025-11-22 12:32:02,685 INFO: [IART_..][epoch:  0, iter:   1,949, lr:(1.819e-04,2.274e-05,)] [eta: 5:34:31, time (data): 2.500 (0.002)] l_pix: 1.5671e-02 
2025-11-22 12:32:05,150 INFO: [IART_..][epoch:  0, iter:   1,950, lr:(1.818e-04,2.274e-05,)] [eta: 5:34:29, time (data): 2.500 (0.002)] l_pix: 3.3457e-02 
2025-11-22 12:32:07,579 INFO: [IART_..][epoch:  0, iter:   1,951, lr:(1.818e-04,2.274e-05,)] [eta: 5:34:26, time (data): 2.499 (0.002)] l_pix: 1.4628e-02 
2025-11-22 12:32:10,083 INFO: [IART_..][epoch:  0, iter:   1,952, lr:(1.818e-04,2.273e-05,)] [eta: 5:34:23, time (data): 2.499 (0.002)] l_pix: 3.4451e-02 
2025-11-22 12:32:12,578 INFO: [IART_..][epoch:  0, iter:   1,953, lr:(1.818e-04,2.273e-05,)] [eta: 5:34:21, time (data): 2.499 (0.002)] l_pix: 3.8812e-02 
2025-11-22 12:32:15,139 INFO: [IART_..][epoch:  0, iter:   1,954, lr:(1.818e-04,2.273e-05,)] [eta: 5:34:19, time (data): 2.500 (0.002)] l_pix: 3.1503e-02 
2025-11-22 12:32:17,555 INFO: [IART_..][epoch:  0, iter:   1,955, lr:(1.818e-04,2.273e-05,)] [eta: 5:34:16, time (data): 2.499 (0.002)] l_pix: 2.5379e-02 
2025-11-22 12:32:20,139 INFO: [IART_..][epoch:  0, iter:   1,956, lr:(1.817e-04,2.272e-05,)] [eta: 5:34:14, time (data): 2.500 (0.002)] l_pix: 3.1750e-02 
2025-11-22 12:32:22,607 INFO: [IART_..][epoch:  0, iter:   1,957, lr:(1.817e-04,2.272e-05,)] [eta: 5:34:11, time (data): 2.499 (0.002)] l_pix: 2.9574e-02 
2025-11-22 12:32:25,084 INFO: [IART_..][epoch:  0, iter:   1,958, lr:(1.817e-04,2.272e-05,)] [eta: 5:34:09, time (data): 2.499 (0.002)] l_pix: 2.0740e-02 
2025-11-22 12:32:27,579 INFO: [IART_..][epoch:  0, iter:   1,959, lr:(1.817e-04,2.272e-05,)] [eta: 5:34:06, time (data): 2.499 (0.002)] l_pix: 4.8489e-02 
2025-11-22 12:32:30,125 INFO: [IART_..][epoch:  0, iter:   1,960, lr:(1.817e-04,2.272e-05,)] [eta: 5:34:04, time (data): 2.499 (0.002)] l_pix: 2.5176e-02 
2025-11-22 12:32:32,575 INFO: [IART_..][epoch:  0, iter:   1,961, lr:(1.816e-04,2.271e-05,)] [eta: 5:34:01, time (data): 2.499 (0.002)] l_pix: 2.1137e-02 
2025-11-22 12:32:35,017 INFO: [IART_..][epoch:  0, iter:   1,962, lr:(1.816e-04,2.271e-05,)] [eta: 5:33:58, time (data): 2.499 (0.002)] l_pix: 3.3101e-02 
2025-11-22 12:32:37,473 INFO: [IART_..][epoch:  0, iter:   1,963, lr:(1.816e-04,2.271e-05,)] [eta: 5:33:56, time (data): 2.499 (0.002)] l_pix: 2.6954e-02 
2025-11-22 12:32:40,064 INFO: [IART_..][epoch:  0, iter:   1,964, lr:(1.816e-04,2.271e-05,)] [eta: 5:33:54, time (data): 2.499 (0.002)] l_pix: 1.8049e-02 
2025-11-22 12:32:42,549 INFO: [IART_..][epoch:  0, iter:   1,965, lr:(1.816e-04,2.270e-05,)] [eta: 5:33:51, time (data): 2.499 (0.001)] l_pix: 2.1379e-02 
2025-11-22 12:32:44,982 INFO: [IART_..][epoch:  0, iter:   1,966, lr:(1.816e-04,2.270e-05,)] [eta: 5:33:48, time (data): 2.499 (0.001)] l_pix: 2.2716e-02 
2025-11-22 12:32:47,509 INFO: [IART_..][epoch:  0, iter:   1,967, lr:(1.815e-04,2.270e-05,)] [eta: 5:33:46, time (data): 2.499 (0.001)] l_pix: 3.1149e-02 
2025-11-22 12:32:49,998 INFO: [IART_..][epoch:  0, iter:   1,968, lr:(1.815e-04,2.270e-05,)] [eta: 5:33:44, time (data): 2.499 (0.001)] l_pix: 2.2418e-02 
2025-11-22 12:32:52,573 INFO: [IART_..][epoch:  0, iter:   1,969, lr:(1.815e-04,2.270e-05,)] [eta: 5:33:41, time (data): 2.499 (0.001)] l_pix: 2.7648e-02 
2025-11-22 12:32:54,996 INFO: [IART_..][epoch:  0, iter:   1,970, lr:(1.815e-04,2.269e-05,)] [eta: 5:33:39, time (data): 2.499 (0.001)] l_pix: 2.0004e-02 
2025-11-22 12:32:57,426 INFO: [IART_..][epoch:  0, iter:   1,971, lr:(1.815e-04,2.269e-05,)] [eta: 5:33:36, time (data): 2.498 (0.001)] l_pix: 5.6606e-02 
2025-11-22 12:32:59,987 INFO: [IART_..][epoch:  0, iter:   1,972, lr:(1.814e-04,2.269e-05,)] [eta: 5:33:34, time (data): 2.499 (0.001)] l_pix: 3.0219e-02 
2025-11-22 12:33:02,440 INFO: [IART_..][epoch:  0, iter:   1,973, lr:(1.814e-04,2.269e-05,)] [eta: 5:33:31, time (data): 2.498 (0.001)] l_pix: 1.9425e-02 
2025-11-22 12:33:05,051 INFO: [IART_..][epoch:  0, iter:   1,974, lr:(1.814e-04,2.268e-05,)] [eta: 5:33:29, time (data): 2.499 (0.002)] l_pix: 1.8750e-02 
2025-11-22 12:33:07,626 INFO: [IART_..][epoch:  0, iter:   1,975, lr:(1.814e-04,2.268e-05,)] [eta: 5:33:27, time (data): 2.500 (0.002)] l_pix: 1.8655e-02 
2025-11-22 12:33:10,135 INFO: [IART_..][epoch:  0, iter:   1,976, lr:(1.814e-04,2.268e-05,)] [eta: 5:33:24, time (data): 2.500 (0.002)] l_pix: 3.7803e-02 
2025-11-22 12:33:12,741 INFO: [IART_..][epoch:  0, iter:   1,977, lr:(1.814e-04,2.268e-05,)] [eta: 5:33:22, time (data): 2.500 (0.002)] l_pix: 1.9513e-02 
2025-11-22 12:33:15,267 INFO: [IART_..][epoch:  0, iter:   1,978, lr:(1.813e-04,2.267e-05,)] [eta: 5:33:20, time (data): 2.500 (0.002)] l_pix: 9.9311e-03 
2025-11-22 12:33:17,761 INFO: [IART_..][epoch:  0, iter:   1,979, lr:(1.813e-04,2.267e-05,)] [eta: 5:33:18, time (data): 2.500 (0.002)] l_pix: 4.2128e-02 
2025-11-22 12:33:20,353 INFO: [IART_..][epoch:  0, iter:   1,980, lr:(1.813e-04,2.267e-05,)] [eta: 5:33:15, time (data): 2.501 (0.002)] l_pix: 2.8295e-02 
2025-11-22 12:33:22,929 INFO: [IART_..][epoch:  0, iter:   1,981, lr:(1.813e-04,2.267e-05,)] [eta: 5:33:13, time (data): 2.501 (0.002)] l_pix: 3.5900e-02 
2025-11-22 12:33:25,442 INFO: [IART_..][epoch:  0, iter:   1,982, lr:(1.813e-04,2.267e-05,)] [eta: 5:33:11, time (data): 2.501 (0.002)] l_pix: 3.0036e-02 
2025-11-22 12:33:27,856 INFO: [IART_..][epoch:  0, iter:   1,983, lr:(1.812e-04,2.266e-05,)] [eta: 5:33:08, time (data): 2.501 (0.002)] l_pix: 3.3580e-02 
2025-11-22 12:33:30,289 INFO: [IART_..][epoch:  0, iter:   1,984, lr:(1.812e-04,2.266e-05,)] [eta: 5:33:05, time (data): 2.500 (0.002)] l_pix: 2.4026e-02 
2025-11-22 12:33:32,769 INFO: [IART_..][epoch:  0, iter:   1,985, lr:(1.812e-04,2.266e-05,)] [eta: 5:33:03, time (data): 2.500 (0.002)] l_pix: 3.5178e-02 
2025-11-22 12:33:35,216 INFO: [IART_..][epoch:  0, iter:   1,986, lr:(1.812e-04,2.266e-05,)] [eta: 5:33:00, time (data): 2.500 (0.001)] l_pix: 1.3060e-02 
2025-11-22 12:33:37,742 INFO: [IART_..][epoch:  0, iter:   1,987, lr:(1.812e-04,2.265e-05,)] [eta: 5:32:58, time (data): 2.500 (0.001)] l_pix: 2.1167e-02 
2025-11-22 12:33:40,192 INFO: [IART_..][epoch:  0, iter:   1,988, lr:(1.812e-04,2.265e-05,)] [eta: 5:32:55, time (data): 2.500 (0.001)] l_pix: 3.3397e-02 
2025-11-22 12:33:42,702 INFO: [IART_..][epoch:  0, iter:   1,989, lr:(1.811e-04,2.265e-05,)] [eta: 5:32:53, time (data): 2.500 (0.001)] l_pix: 3.1465e-02 
2025-11-22 12:33:45,168 INFO: [IART_..][epoch:  0, iter:   1,990, lr:(1.811e-04,2.265e-05,)] [eta: 5:32:50, time (data): 2.500 (0.001)] l_pix: 5.0326e-02 
2025-11-22 12:33:47,725 INFO: [IART_..][epoch:  0, iter:   1,991, lr:(1.811e-04,2.265e-05,)] [eta: 5:32:48, time (data): 2.500 (0.002)] l_pix: 2.8334e-02 
2025-11-22 12:33:50,302 INFO: [IART_..][epoch:  0, iter:   1,992, lr:(1.811e-04,2.264e-05,)] [eta: 5:32:46, time (data): 2.500 (0.002)] l_pix: 3.7002e-02 
2025-11-22 12:33:52,715 INFO: [IART_..][epoch:  0, iter:   1,993, lr:(1.811e-04,2.264e-05,)] [eta: 5:32:43, time (data): 2.500 (0.002)] l_pix: 3.4134e-02 
2025-11-22 12:33:55,212 INFO: [IART_..][epoch:  0, iter:   1,994, lr:(1.810e-04,2.264e-05,)] [eta: 5:32:40, time (data): 2.500 (0.002)] l_pix: 3.4453e-02 
2025-11-22 12:33:57,644 INFO: [IART_..][epoch:  0, iter:   1,995, lr:(1.810e-04,2.264e-05,)] [eta: 5:32:38, time (data): 2.500 (0.002)] l_pix: 2.6108e-02 
2025-11-22 12:34:00,125 INFO: [IART_..][epoch:  0, iter:   1,996, lr:(1.810e-04,2.263e-05,)] [eta: 5:32:35, time (data): 2.499 (0.001)] l_pix: 1.3565e-02 
2025-11-22 12:34:02,573 INFO: [IART_..][epoch:  0, iter:   1,997, lr:(1.810e-04,2.263e-05,)] [eta: 5:32:32, time (data): 2.499 (0.001)] l_pix: 4.5823e-02 
2025-11-22 12:34:05,000 INFO: [IART_..][epoch:  0, iter:   1,998, lr:(1.810e-04,2.263e-05,)] [eta: 5:32:30, time (data): 2.499 (0.001)] l_pix: 5.0872e-02 
2025-11-22 12:34:07,517 INFO: [IART_..][epoch:  0, iter:   1,999, lr:(1.809e-04,2.263e-05,)] [eta: 5:32:27, time (data): 2.499 (0.001)] l_pix: 4.0590e-02 
2025-11-22 12:34:10,026 INFO: [IART_..][epoch:  0, iter:   2,000, lr:(1.809e-04,2.262e-05,)] [eta: 5:32:25, time (data): 2.499 (0.001)] l_pix: 3.5669e-02 
2025-11-22 12:34:12,496 INFO: [IART_..][epoch:  0, iter:   2,001, lr:(1.809e-04,2.262e-05,)] [eta: 5:32:22, time (data): 2.499 (0.001)] l_pix: 1.7181e-02 
2025-11-22 12:34:15,024 INFO: [IART_..][epoch:  0, iter:   2,002, lr:(1.809e-04,2.262e-05,)] [eta: 5:32:20, time (data): 2.499 (0.001)] l_pix: 3.6405e-02 
2025-11-22 12:34:17,543 INFO: [IART_..][epoch:  0, iter:   2,003, lr:(1.809e-04,2.262e-05,)] [eta: 5:32:17, time (data): 2.499 (0.001)] l_pix: 2.2808e-02 
2025-11-22 12:34:20,008 INFO: [IART_..][epoch:  0, iter:   2,004, lr:(1.809e-04,2.262e-05,)] [eta: 5:32:15, time (data): 2.499 (0.001)] l_pix: 4.2212e-02 
2025-11-22 12:34:22,540 INFO: [IART_..][epoch:  0, iter:   2,005, lr:(1.808e-04,2.261e-05,)] [eta: 5:32:12, time (data): 2.499 (0.001)] l_pix: 3.5797e-02 
2025-11-22 12:34:24,970 INFO: [IART_..][epoch:  0, iter:   2,006, lr:(1.808e-04,2.261e-05,)] [eta: 5:32:10, time (data): 2.499 (0.001)] l_pix: 3.2608e-02 
2025-11-22 12:34:27,526 INFO: [IART_..][epoch:  0, iter:   2,007, lr:(1.808e-04,2.261e-05,)] [eta: 5:32:07, time (data): 2.499 (0.001)] l_pix: 4.0998e-02 
2025-11-22 12:34:30,009 INFO: [IART_..][epoch:  0, iter:   2,008, lr:(1.808e-04,2.261e-05,)] [eta: 5:32:05, time (data): 2.499 (0.001)] l_pix: 2.7134e-02 
2025-11-22 12:34:32,679 INFO: [IART_..][epoch:  0, iter:   2,009, lr:(1.808e-04,2.260e-05,)] [eta: 5:32:03, time (data): 2.500 (0.001)] l_pix: 3.3273e-02 
2025-11-22 12:34:35,289 INFO: [IART_..][epoch:  0, iter:   2,010, lr:(1.807e-04,2.260e-05,)] [eta: 5:32:01, time (data): 2.500 (0.001)] l_pix: 4.6662e-02 
2025-11-22 12:34:37,709 INFO: [IART_..][epoch:  0, iter:   2,011, lr:(1.807e-04,2.260e-05,)] [eta: 5:31:58, time (data): 2.421 (0.000)] l_pix: 4.7016e-02 
2025-11-22 12:34:40,317 INFO: [IART_..][epoch:  0, iter:   2,012, lr:(1.807e-04,2.260e-05,)] [eta: 5:31:56, time (data): 2.514 (0.000)] l_pix: 1.7267e-02 
2025-11-22 12:34:42,749 INFO: [IART_..][epoch:  0, iter:   2,013, lr:(1.807e-04,2.259e-05,)] [eta: 5:31:54, time (data): 2.487 (0.000)] l_pix: 2.5492e-02 
2025-11-22 12:34:45,215 INFO: [IART_..][epoch:  0, iter:   2,014, lr:(1.807e-04,2.259e-05,)] [eta: 5:31:51, time (data): 2.482 (0.000)] l_pix: 3.6450e-02 
2025-11-22 12:34:47,710 INFO: [IART_..][epoch:  0, iter:   2,015, lr:(1.807e-04,2.259e-05,)] [eta: 5:31:48, time (data): 2.484 (0.000)] l_pix: 3.1106e-02 
2025-11-22 12:34:50,176 INFO: [IART_..][epoch:  0, iter:   2,016, lr:(1.806e-04,2.259e-05,)] [eta: 5:31:46, time (data): 2.481 (0.000)] l_pix: 2.7036e-02 
2025-11-22 12:34:52,625 INFO: [IART_..][epoch:  0, iter:   2,017, lr:(1.806e-04,2.259e-05,)] [eta: 5:31:43, time (data): 2.474 (0.000)] l_pix: 3.4175e-02 
2025-11-22 12:34:55,215 INFO: [IART_..][epoch:  0, iter:   2,018, lr:(1.806e-04,2.258e-05,)] [eta: 5:31:41, time (data): 2.489 (0.000)] l_pix: 4.6974e-02 
2025-11-22 12:34:57,634 INFO: [IART_..][epoch:  0, iter:   2,019, lr:(1.806e-04,2.258e-05,)] [eta: 5:31:38, time (data): 2.481 (0.000)] l_pix: 3.3800e-02 
2025-11-22 12:35:00,037 INFO: [IART_..][epoch:  0, iter:   2,020, lr:(1.806e-04,2.258e-05,)] [eta: 5:31:35, time (data): 2.473 (0.000)] l_pix: 3.9164e-02 
2025-11-22 12:35:02,452 INFO: [IART_..][epoch:  0, iter:   2,021, lr:(1.805e-04,2.258e-05,)] [eta: 5:31:33, time (data): 2.468 (0.000)] l_pix: 3.1082e-02 
2025-11-22 12:35:04,916 INFO: [IART_..][epoch:  0, iter:   2,022, lr:(1.805e-04,2.257e-05,)] [eta: 5:31:30, time (data): 2.466 (0.000)] l_pix: 2.2529e-02 
2025-11-22 12:35:07,450 INFO: [IART_..][epoch:  0, iter:   2,023, lr:(1.805e-04,2.257e-05,)] [eta: 5:31:28, time (data): 2.472 (0.000)] l_pix: 2.0520e-02 
2025-11-22 12:35:10,024 INFO: [IART_..][epoch:  0, iter:   2,024, lr:(1.805e-04,2.257e-05,)] [eta: 5:31:26, time (data): 2.479 (0.000)] l_pix: 1.0956e-02 
2025-11-22 12:35:12,450 INFO: [IART_..][epoch:  0, iter:   2,025, lr:(1.805e-04,2.257e-05,)] [eta: 5:31:23, time (data): 2.475 (0.000)] l_pix: 3.1297e-02 
2025-11-22 12:35:14,884 INFO: [IART_..][epoch:  0, iter:   2,026, lr:(1.804e-04,2.256e-05,)] [eta: 5:31:20, time (data): 2.473 (0.001)] l_pix: 1.9061e-02 
2025-11-22 12:35:17,349 INFO: [IART_..][epoch:  0, iter:   2,027, lr:(1.804e-04,2.256e-05,)] [eta: 5:31:17, time (data): 2.472 (0.001)] l_pix: 1.6184e-02 
2025-11-22 12:35:19,904 INFO: [IART_..][epoch:  0, iter:   2,028, lr:(1.804e-04,2.256e-05,)] [eta: 5:31:15, time (data): 2.477 (0.001)] l_pix: 1.9729e-02 
2025-11-22 12:35:22,518 INFO: [IART_..][epoch:  0, iter:   2,029, lr:(1.804e-04,2.256e-05,)] [eta: 5:31:13, time (data): 2.484 (0.001)] l_pix: 2.8843e-02 
2025-11-22 12:35:25,106 INFO: [IART_..][epoch:  0, iter:   2,030, lr:(1.804e-04,2.256e-05,)] [eta: 5:31:11, time (data): 2.489 (0.001)] l_pix: 2.7480e-02 
2025-11-22 12:35:27,673 INFO: [IART_..][epoch:  0, iter:   2,031, lr:(1.804e-04,2.255e-05,)] [eta: 5:31:09, time (data): 2.493 (0.001)] l_pix: 1.7826e-02 
2025-11-22 12:35:30,168 INFO: [IART_..][epoch:  0, iter:   2,032, lr:(1.803e-04,2.255e-05,)] [eta: 5:31:06, time (data): 2.493 (0.001)] l_pix: 2.9568e-02 
2025-11-22 12:35:32,635 INFO: [IART_..][epoch:  0, iter:   2,033, lr:(1.803e-04,2.255e-05,)] [eta: 5:31:04, time (data): 2.492 (0.001)] l_pix: 1.7567e-02 
2025-11-22 12:35:35,120 INFO: [IART_..][epoch:  0, iter:   2,034, lr:(1.803e-04,2.255e-05,)] [eta: 5:31:01, time (data): 2.492 (0.001)] l_pix: 2.2623e-02 
2025-11-22 12:35:37,692 INFO: [IART_..][epoch:  0, iter:   2,035, lr:(1.803e-04,2.254e-05,)] [eta: 5:30:59, time (data): 2.495 (0.001)] l_pix: 1.4613e-02 
2025-11-22 12:35:40,225 INFO: [IART_..][epoch:  0, iter:   2,036, lr:(1.803e-04,2.254e-05,)] [eta: 5:30:57, time (data): 2.496 (0.001)] l_pix: 2.8815e-02 
2025-11-22 12:35:42,849 INFO: [IART_..][epoch:  0, iter:   2,037, lr:(1.802e-04,2.254e-05,)] [eta: 5:30:55, time (data): 2.501 (0.001)] l_pix: 3.3753e-02 
2025-11-22 12:35:45,380 INFO: [IART_..][epoch:  0, iter:   2,038, lr:(1.802e-04,2.254e-05,)] [eta: 5:30:52, time (data): 2.502 (0.001)] l_pix: 2.1188e-02 
2025-11-22 12:35:47,910 INFO: [IART_..][epoch:  0, iter:   2,039, lr:(1.802e-04,2.253e-05,)] [eta: 5:30:50, time (data): 2.503 (0.001)] l_pix: 2.5788e-02 
2025-11-22 12:35:50,364 INFO: [IART_..][epoch:  0, iter:   2,040, lr:(1.802e-04,2.253e-05,)] [eta: 5:30:47, time (data): 2.501 (0.001)] l_pix: 9.3317e-03 
2025-11-22 12:35:53,011 INFO: [IART_..][epoch:  0, iter:   2,041, lr:(1.802e-04,2.253e-05,)] [eta: 5:30:45, time (data): 2.506 (0.001)] l_pix: 2.4266e-02 
2025-11-22 12:35:55,491 INFO: [IART_..][epoch:  0, iter:   2,042, lr:(1.801e-04,2.253e-05,)] [eta: 5:30:43, time (data): 2.505 (0.001)] l_pix: 4.7674e-02 
2025-11-22 12:35:57,975 INFO: [IART_..][epoch:  0, iter:   2,043, lr:(1.801e-04,2.252e-05,)] [eta: 5:30:40, time (data): 2.505 (0.001)] l_pix: 4.2289e-02 
2025-11-22 12:36:00,477 INFO: [IART_..][epoch:  0, iter:   2,044, lr:(1.801e-04,2.252e-05,)] [eta: 5:30:38, time (data): 2.505 (0.001)] l_pix: 3.5376e-02 
2025-11-22 12:36:02,942 INFO: [IART_..][epoch:  0, iter:   2,045, lr:(1.801e-04,2.252e-05,)] [eta: 5:30:35, time (data): 2.503 (0.001)] l_pix: 4.6157e-02 
2025-11-22 12:36:05,457 INFO: [IART_..][epoch:  0, iter:   2,046, lr:(1.801e-04,2.252e-05,)] [eta: 5:30:33, time (data): 2.504 (0.001)] l_pix: 2.0358e-02 
2025-11-22 12:36:07,921 INFO: [IART_..][epoch:  0, iter:   2,047, lr:(1.801e-04,2.252e-05,)] [eta: 5:30:30, time (data): 2.503 (0.001)] l_pix: 2.9174e-02 
2025-11-22 12:36:10,514 INFO: [IART_..][epoch:  0, iter:   2,048, lr:(1.800e-04,2.251e-05,)] [eta: 5:30:28, time (data): 2.505 (0.001)] l_pix: 2.8329e-02 
2025-11-22 12:36:13,040 INFO: [IART_..][epoch:  0, iter:   2,049, lr:(1.800e-04,2.251e-05,)] [eta: 5:30:26, time (data): 2.506 (0.001)] l_pix: 1.9670e-02 
2025-11-22 12:36:15,568 INFO: [IART_..][epoch:  0, iter:   2,050, lr:(1.800e-04,2.251e-05,)] [eta: 5:30:23, time (data): 2.506 (0.001)] l_pix: 2.3219e-02 
2025-11-22 12:36:18,033 INFO: [IART_..][epoch:  0, iter:   2,051, lr:(1.800e-04,2.251e-05,)] [eta: 5:30:21, time (data): 2.505 (0.001)] l_pix: 3.2501e-02 
2025-11-22 12:36:20,450 INFO: [IART_..][epoch:  0, iter:   2,052, lr:(1.800e-04,2.250e-05,)] [eta: 5:30:18, time (data): 2.503 (0.001)] l_pix: 3.1981e-02 
2025-11-22 12:36:22,931 INFO: [IART_..][epoch:  0, iter:   2,053, lr:(1.799e-04,2.250e-05,)] [eta: 5:30:16, time (data): 2.503 (0.001)] l_pix: 3.1559e-02 
2025-11-22 12:36:25,363 INFO: [IART_..][epoch:  0, iter:   2,054, lr:(1.799e-04,2.250e-05,)] [eta: 5:30:13, time (data): 2.501 (0.001)] l_pix: 1.1528e-02 
2025-11-22 12:36:27,780 INFO: [IART_..][epoch:  0, iter:   2,055, lr:(1.799e-04,2.250e-05,)] [eta: 5:30:10, time (data): 2.499 (0.001)] l_pix: 3.5016e-02 
2025-11-22 12:36:30,277 INFO: [IART_..][epoch:  0, iter:   2,056, lr:(1.799e-04,2.249e-05,)] [eta: 5:30:08, time (data): 2.499 (0.001)] l_pix: 3.8174e-02 
2025-11-22 12:36:32,723 INFO: [IART_..][epoch:  0, iter:   2,057, lr:(1.799e-04,2.249e-05,)] [eta: 5:30:05, time (data): 2.498 (0.001)] l_pix: 2.8900e-02 
2025-11-22 12:36:35,206 INFO: [IART_..][epoch:  0, iter:   2,058, lr:(1.798e-04,2.249e-05,)] [eta: 5:30:02, time (data): 2.498 (0.001)] l_pix: 3.1057e-02 
2025-11-22 12:36:37,754 INFO: [IART_..][epoch:  0, iter:   2,059, lr:(1.798e-04,2.249e-05,)] [eta: 5:30:00, time (data): 2.499 (0.001)] l_pix: 3.3342e-02 
2025-11-22 12:36:40,399 INFO: [IART_..][epoch:  0, iter:   2,060, lr:(1.798e-04,2.248e-05,)] [eta: 5:29:58, time (data): 2.502 (0.001)] l_pix: 4.2215e-02 
2025-11-22 12:36:43,024 INFO: [IART_..][epoch:  0, iter:   2,061, lr:(1.798e-04,2.248e-05,)] [eta: 5:29:56, time (data): 2.504 (0.001)] l_pix: 2.7802e-02 
2025-11-22 12:36:45,598 INFO: [IART_..][epoch:  0, iter:   2,062, lr:(1.798e-04,2.248e-05,)] [eta: 5:29:54, time (data): 2.505 (0.001)] l_pix: 3.0116e-02 
2025-11-22 12:36:48,109 INFO: [IART_..][epoch:  0, iter:   2,063, lr:(1.798e-04,2.248e-05,)] [eta: 5:29:51, time (data): 2.505 (0.001)] l_pix: 6.9575e-03 
2025-11-22 12:36:50,530 INFO: [IART_..][epoch:  0, iter:   2,064, lr:(1.797e-04,2.248e-05,)] [eta: 5:29:49, time (data): 2.504 (0.001)] l_pix: 4.0472e-02 
2025-11-22 12:36:53,084 INFO: [IART_..][epoch:  0, iter:   2,065, lr:(1.797e-04,2.247e-05,)] [eta: 5:29:46, time (data): 2.505 (0.001)] l_pix: 2.5265e-02 
2025-11-22 12:36:55,632 INFO: [IART_..][epoch:  0, iter:   2,066, lr:(1.797e-04,2.247e-05,)] [eta: 5:29:44, time (data): 2.505 (0.001)] l_pix: 2.2832e-02 
2025-11-22 12:36:58,080 INFO: [IART_..][epoch:  0, iter:   2,067, lr:(1.797e-04,2.247e-05,)] [eta: 5:29:42, time (data): 2.504 (0.001)] l_pix: 2.1793e-02 
2025-11-22 12:37:00,699 INFO: [IART_..][epoch:  0, iter:   2,068, lr:(1.797e-04,2.247e-05,)] [eta: 5:29:39, time (data): 2.506 (0.001)] l_pix: 3.1686e-02 
2025-11-22 12:37:03,105 INFO: [IART_..][epoch:  0, iter:   2,069, lr:(1.796e-04,2.246e-05,)] [eta: 5:29:37, time (data): 2.505 (0.001)] l_pix: 4.4669e-02 
2025-11-22 12:37:05,542 INFO: [IART_..][epoch:  0, iter:   2,070, lr:(1.796e-04,2.246e-05,)] [eta: 5:29:34, time (data): 2.503 (0.001)] l_pix: 2.0574e-02 
2025-11-22 12:37:07,985 INFO: [IART_..][epoch:  0, iter:   2,071, lr:(1.796e-04,2.246e-05,)] [eta: 5:29:31, time (data): 2.502 (0.001)] l_pix: 2.4775e-02 
2025-11-22 12:37:10,408 INFO: [IART_..][epoch:  0, iter:   2,072, lr:(1.796e-04,2.246e-05,)] [eta: 5:29:28, time (data): 2.501 (0.001)] l_pix: 3.6554e-02 
2025-11-22 12:37:12,983 INFO: [IART_..][epoch:  0, iter:   2,073, lr:(1.796e-04,2.245e-05,)] [eta: 5:29:26, time (data): 2.502 (0.001)] l_pix: 1.6796e-02 
2025-11-22 12:37:15,575 INFO: [IART_..][epoch:  0, iter:   2,074, lr:(1.795e-04,2.245e-05,)] [eta: 5:29:24, time (data): 2.504 (0.001)] l_pix: 2.2446e-02 
2025-11-22 12:37:18,008 INFO: [IART_..][epoch:  0, iter:   2,075, lr:(1.795e-04,2.245e-05,)] [eta: 5:29:21, time (data): 2.503 (0.001)] l_pix: 3.5895e-02 
2025-11-22 12:37:20,471 INFO: [IART_..][epoch:  0, iter:   2,076, lr:(1.795e-04,2.245e-05,)] [eta: 5:29:19, time (data): 2.502 (0.001)] l_pix: 3.5654e-02 
2025-11-22 12:37:22,920 INFO: [IART_..][epoch:  0, iter:   2,077, lr:(1.795e-04,2.244e-05,)] [eta: 5:29:16, time (data): 2.501 (0.001)] l_pix: 4.5423e-02 
2025-11-22 12:37:25,418 INFO: [IART_..][epoch:  0, iter:   2,078, lr:(1.795e-04,2.244e-05,)] [eta: 5:29:14, time (data): 2.501 (0.001)] l_pix: 9.8832e-03 
2025-11-22 12:37:28,043 INFO: [IART_..][epoch:  0, iter:   2,079, lr:(1.794e-04,2.244e-05,)] [eta: 5:29:12, time (data): 2.503 (0.001)] l_pix: 2.0651e-02 
2025-11-22 12:37:30,526 INFO: [IART_..][epoch:  0, iter:   2,080, lr:(1.794e-04,2.244e-05,)] [eta: 5:29:09, time (data): 2.503 (0.001)] l_pix: 2.9127e-02 
2025-11-22 12:37:33,006 INFO: [IART_..][epoch:  0, iter:   2,081, lr:(1.794e-04,2.244e-05,)] [eta: 5:29:07, time (data): 2.502 (0.001)] l_pix: 4.2012e-02 
2025-11-22 12:37:35,518 INFO: [IART_..][epoch:  0, iter:   2,082, lr:(1.794e-04,2.243e-05,)] [eta: 5:29:04, time (data): 2.503 (0.001)] l_pix: 1.3596e-02 
2025-11-22 12:37:37,952 INFO: [IART_..][epoch:  0, iter:   2,083, lr:(1.794e-04,2.243e-05,)] [eta: 5:29:01, time (data): 2.502 (0.001)] l_pix: 2.5429e-02 
2025-11-22 12:37:40,491 INFO: [IART_..][epoch:  0, iter:   2,084, lr:(1.794e-04,2.243e-05,)] [eta: 5:28:59, time (data): 2.502 (0.001)] l_pix: 2.6914e-02 
2025-11-22 12:37:43,036 INFO: [IART_..][epoch:  0, iter:   2,085, lr:(1.793e-04,2.243e-05,)] [eta: 5:28:57, time (data): 2.503 (0.001)] l_pix: 4.2639e-02 
2025-11-22 12:37:45,579 INFO: [IART_..][epoch:  0, iter:   2,086, lr:(1.793e-04,2.242e-05,)] [eta: 5:28:55, time (data): 2.503 (0.001)] l_pix: 2.0804e-02 
2025-11-22 12:37:48,053 INFO: [IART_..][epoch:  0, iter:   2,087, lr:(1.793e-04,2.242e-05,)] [eta: 5:28:52, time (data): 2.503 (0.001)] l_pix: 5.1540e-02 
2025-11-22 12:37:50,549 INFO: [IART_..][epoch:  0, iter:   2,088, lr:(1.793e-04,2.242e-05,)] [eta: 5:28:49, time (data): 2.502 (0.001)] l_pix: 1.6381e-02 
2025-11-22 12:37:52,984 INFO: [IART_..][epoch:  0, iter:   2,089, lr:(1.793e-04,2.242e-05,)] [eta: 5:28:47, time (data): 2.502 (0.001)] l_pix: 1.8728e-02 
2025-11-22 12:37:55,416 INFO: [IART_..][epoch:  0, iter:   2,090, lr:(1.792e-04,2.241e-05,)] [eta: 5:28:44, time (data): 2.501 (0.001)] l_pix: 3.2100e-02 
2025-11-22 12:37:57,880 INFO: [IART_..][epoch:  0, iter:   2,091, lr:(1.792e-04,2.241e-05,)] [eta: 5:28:41, time (data): 2.500 (0.001)] l_pix: 3.2432e-02 
2025-11-22 12:38:00,425 INFO: [IART_..][epoch:  0, iter:   2,092, lr:(1.792e-04,2.241e-05,)] [eta: 5:28:39, time (data): 2.501 (0.001)] l_pix: 1.9732e-02 
2025-11-22 12:38:02,854 INFO: [IART_..][epoch:  0, iter:   2,093, lr:(1.792e-04,2.241e-05,)] [eta: 5:28:36, time (data): 2.500 (0.001)] l_pix: 3.2320e-02 
2025-11-22 12:38:05,416 INFO: [IART_..][epoch:  0, iter:   2,094, lr:(1.792e-04,2.240e-05,)] [eta: 5:28:34, time (data): 2.501 (0.001)] l_pix: 3.5379e-02 
2025-11-22 12:38:07,841 INFO: [IART_..][epoch:  0, iter:   2,095, lr:(1.791e-04,2.240e-05,)] [eta: 5:28:31, time (data): 2.500 (0.001)] l_pix: 2.3596e-02 
2025-11-22 12:38:10,364 INFO: [IART_..][epoch:  0, iter:   2,096, lr:(1.791e-04,2.240e-05,)] [eta: 5:28:29, time (data): 2.500 (0.001)] l_pix: 2.5961e-02 
2025-11-22 12:38:12,875 INFO: [IART_..][epoch:  0, iter:   2,097, lr:(1.791e-04,2.240e-05,)] [eta: 5:28:27, time (data): 2.500 (0.001)] l_pix: 2.7494e-02 
2025-11-22 12:38:15,364 INFO: [IART_..][epoch:  0, iter:   2,098, lr:(1.791e-04,2.239e-05,)] [eta: 5:28:24, time (data): 2.500 (0.001)] l_pix: 1.0690e-02 
2025-11-22 12:38:17,907 INFO: [IART_..][epoch:  0, iter:   2,099, lr:(1.791e-04,2.239e-05,)] [eta: 5:28:22, time (data): 2.501 (0.001)] l_pix: 4.8639e-02 
2025-11-22 12:38:20,386 INFO: [IART_..][epoch:  0, iter:   2,100, lr:(1.790e-04,2.239e-05,)] [eta: 5:28:19, time (data): 2.500 (0.001)] l_pix: 3.6037e-02 
2025-11-22 12:38:22,815 INFO: [IART_..][epoch:  0, iter:   2,101, lr:(1.790e-04,2.239e-05,)] [eta: 5:28:16, time (data): 2.500 (0.001)] l_pix: 1.5441e-02 
2025-11-22 12:38:25,278 INFO: [IART_..][epoch:  0, iter:   2,102, lr:(1.790e-04,2.239e-05,)] [eta: 5:28:14, time (data): 2.499 (0.001)] l_pix: 4.0403e-02 
2025-11-22 12:38:27,879 INFO: [IART_..][epoch:  0, iter:   2,103, lr:(1.790e-04,2.238e-05,)] [eta: 5:28:12, time (data): 2.500 (0.001)] l_pix: 2.8363e-02 
2025-11-22 12:38:30,366 INFO: [IART_..][epoch:  0, iter:   2,104, lr:(1.790e-04,2.238e-05,)] [eta: 5:28:09, time (data): 2.500 (0.001)] l_pix: 1.5551e-02 
2025-11-22 12:38:32,846 INFO: [IART_..][epoch:  0, iter:   2,105, lr:(1.789e-04,2.238e-05,)] [eta: 5:28:07, time (data): 2.500 (0.001)] l_pix: 2.3358e-02 
2025-11-22 12:38:35,260 INFO: [IART_..][epoch:  0, iter:   2,106, lr:(1.789e-04,2.238e-05,)] [eta: 5:28:04, time (data): 2.499 (0.001)] l_pix: 2.7194e-02 
2025-11-22 12:38:37,885 INFO: [IART_..][epoch:  0, iter:   2,107, lr:(1.789e-04,2.237e-05,)] [eta: 5:28:02, time (data): 2.500 (0.001)] l_pix: 4.2228e-02 
2025-11-22 12:38:40,300 INFO: [IART_..][epoch:  0, iter:   2,108, lr:(1.789e-04,2.237e-05,)] [eta: 5:27:59, time (data): 2.499 (0.001)] l_pix: 3.0817e-02 
2025-11-22 12:38:42,823 INFO: [IART_..][epoch:  0, iter:   2,109, lr:(1.789e-04,2.237e-05,)] [eta: 5:27:57, time (data): 2.500 (0.001)] l_pix: 4.7203e-02 
2025-11-22 12:38:45,329 INFO: [IART_..][epoch:  0, iter:   2,110, lr:(1.789e-04,2.237e-05,)] [eta: 5:27:54, time (data): 2.500 (0.001)] l_pix: 1.6866e-02 
2025-11-22 12:38:47,975 INFO: [IART_..][epoch:  0, iter:   2,111, lr:(1.788e-04,2.236e-05,)] [eta: 5:27:52, time (data): 2.501 (0.001)] l_pix: 3.4043e-02 
2025-11-22 12:38:50,417 INFO: [IART_..][epoch:  0, iter:   2,112, lr:(1.788e-04,2.236e-05,)] [eta: 5:27:50, time (data): 2.501 (0.001)] l_pix: 2.2263e-02 
2025-11-22 12:38:53,009 INFO: [IART_..][epoch:  0, iter:   2,113, lr:(1.788e-04,2.236e-05,)] [eta: 5:27:48, time (data): 2.501 (0.001)] l_pix: 4.1331e-02 
2025-11-22 12:38:55,473 INFO: [IART_..][epoch:  0, iter:   2,114, lr:(1.788e-04,2.236e-05,)] [eta: 5:27:45, time (data): 2.501 (0.001)] l_pix: 2.3570e-02 
2025-11-22 12:38:57,906 INFO: [IART_..][epoch:  0, iter:   2,115, lr:(1.788e-04,2.235e-05,)] [eta: 5:27:42, time (data): 2.500 (0.001)] l_pix: 1.6405e-02 
2025-11-22 12:39:00,430 INFO: [IART_..][epoch:  0, iter:   2,116, lr:(1.787e-04,2.235e-05,)] [eta: 5:27:40, time (data): 2.501 (0.001)] l_pix: 4.3198e-02 
2025-11-22 12:39:02,970 INFO: [IART_..][epoch:  0, iter:   2,117, lr:(1.787e-04,2.235e-05,)] [eta: 5:27:38, time (data): 2.501 (0.001)] l_pix: 3.2216e-02 
2025-11-22 12:39:05,481 INFO: [IART_..][epoch:  0, iter:   2,118, lr:(1.787e-04,2.235e-05,)] [eta: 5:27:35, time (data): 2.501 (0.001)] l_pix: 3.0424e-02 
2025-11-22 12:39:08,099 INFO: [IART_..][epoch:  0, iter:   2,119, lr:(1.787e-04,2.234e-05,)] [eta: 5:27:33, time (data): 2.502 (0.001)] l_pix: 2.7921e-02 
2025-11-22 12:39:10,672 INFO: [IART_..][epoch:  0, iter:   2,120, lr:(1.787e-04,2.234e-05,)] [eta: 5:27:31, time (data): 2.503 (0.001)] l_pix: 2.4938e-02 
2025-11-22 12:39:13,121 INFO: [IART_..][epoch:  0, iter:   2,121, lr:(1.786e-04,2.234e-05,)] [eta: 5:27:28, time (data): 2.502 (0.001)] l_pix: 4.2513e-02 
2025-11-22 12:39:15,584 INFO: [IART_..][epoch:  0, iter:   2,122, lr:(1.786e-04,2.234e-05,)] [eta: 5:27:26, time (data): 2.502 (0.001)] l_pix: 2.1018e-02 
2025-11-22 12:39:18,024 INFO: [IART_..][epoch:  0, iter:   2,123, lr:(1.786e-04,2.233e-05,)] [eta: 5:27:23, time (data): 2.501 (0.001)] l_pix: 2.8114e-02 
2025-11-22 12:39:20,503 INFO: [IART_..][epoch:  0, iter:   2,124, lr:(1.786e-04,2.233e-05,)] [eta: 5:27:20, time (data): 2.501 (0.001)] l_pix: 1.7515e-02 
2025-11-22 12:39:23,026 INFO: [IART_..][epoch:  0, iter:   2,125, lr:(1.786e-04,2.233e-05,)] [eta: 5:27:18, time (data): 2.501 (0.001)] l_pix: 3.8236e-02 
2025-11-22 12:39:25,519 INFO: [IART_..][epoch:  0, iter:   2,126, lr:(1.785e-04,2.233e-05,)] [eta: 5:27:15, time (data): 2.501 (0.001)] l_pix: 2.4214e-02 
2025-11-22 12:39:28,075 INFO: [IART_..][epoch:  0, iter:   2,127, lr:(1.785e-04,2.232e-05,)] [eta: 5:27:13, time (data): 2.502 (0.001)] l_pix: 3.2434e-02 
2025-11-22 12:39:30,506 INFO: [IART_..][epoch:  0, iter:   2,128, lr:(1.785e-04,2.232e-05,)] [eta: 5:27:10, time (data): 2.501 (0.001)] l_pix: 1.4502e-02 
2025-11-22 12:39:33,154 INFO: [IART_..][epoch:  0, iter:   2,129, lr:(1.785e-04,2.232e-05,)] [eta: 5:27:09, time (data): 2.502 (0.001)] l_pix: 4.0708e-02 
2025-11-22 12:39:35,636 INFO: [IART_..][epoch:  0, iter:   2,130, lr:(1.785e-04,2.232e-05,)] [eta: 5:27:06, time (data): 2.502 (0.001)] l_pix: 5.3317e-02 
2025-11-22 12:39:38,142 INFO: [IART_..][epoch:  0, iter:   2,131, lr:(1.784e-04,2.232e-05,)] [eta: 5:27:04, time (data): 2.502 (0.001)] l_pix: 2.2830e-02 
2025-11-22 12:39:40,622 INFO: [IART_..][epoch:  0, iter:   2,132, lr:(1.784e-04,2.231e-05,)] [eta: 5:27:01, time (data): 2.502 (0.001)] l_pix: 2.6346e-02 
2025-11-22 12:39:43,226 INFO: [IART_..][epoch:  0, iter:   2,133, lr:(1.784e-04,2.231e-05,)] [eta: 5:26:59, time (data): 2.503 (0.001)] l_pix: 3.3866e-02 
2025-11-22 12:39:45,778 INFO: [IART_..][epoch:  0, iter:   2,134, lr:(1.784e-04,2.231e-05,)] [eta: 5:26:57, time (data): 2.503 (0.001)] l_pix: 2.1673e-02 
2025-11-22 12:39:48,290 INFO: [IART_..][epoch:  0, iter:   2,135, lr:(1.784e-04,2.231e-05,)] [eta: 5:26:54, time (data): 2.503 (0.001)] l_pix: 1.3075e-02 
2025-11-22 12:39:50,707 INFO: [IART_..][epoch:  0, iter:   2,136, lr:(1.783e-04,2.230e-05,)] [eta: 5:26:51, time (data): 2.503 (0.001)] l_pix: 2.7488e-02 
2025-11-22 12:39:53,152 INFO: [IART_..][epoch:  0, iter:   2,137, lr:(1.783e-04,2.230e-05,)] [eta: 5:26:49, time (data): 2.502 (0.001)] l_pix: 2.9689e-02 
2025-11-22 12:39:55,616 INFO: [IART_..][epoch:  0, iter:   2,138, lr:(1.783e-04,2.230e-05,)] [eta: 5:26:46, time (data): 2.502 (0.001)] l_pix: 3.3353e-02 
2025-11-22 12:39:58,048 INFO: [IART_..][epoch:  0, iter:   2,139, lr:(1.783e-04,2.230e-05,)] [eta: 5:26:43, time (data): 2.501 (0.001)] l_pix: 4.0557e-02 
2025-11-22 12:40:00,449 INFO: [IART_..][epoch:  0, iter:   2,140, lr:(1.783e-04,2.229e-05,)] [eta: 5:26:41, time (data): 2.501 (0.001)] l_pix: 2.9231e-02 
2025-11-22 12:40:02,850 INFO: [IART_..][epoch:  0, iter:   2,141, lr:(1.782e-04,2.229e-05,)] [eta: 5:26:38, time (data): 2.500 (0.001)] l_pix: 2.3710e-02 
2025-11-22 12:40:05,344 INFO: [IART_..][epoch:  0, iter:   2,142, lr:(1.782e-04,2.229e-05,)] [eta: 5:26:35, time (data): 2.500 (0.001)] l_pix: 4.1836e-02 
2025-11-22 12:40:07,950 INFO: [IART_..][epoch:  0, iter:   2,143, lr:(1.782e-04,2.229e-05,)] [eta: 5:26:33, time (data): 2.501 (0.001)] l_pix: 2.5232e-02 
2025-11-22 12:40:10,448 INFO: [IART_..][epoch:  0, iter:   2,144, lr:(1.782e-04,2.228e-05,)] [eta: 5:26:31, time (data): 2.501 (0.001)] l_pix: 2.0973e-02 
2025-11-22 12:40:12,896 INFO: [IART_..][epoch:  0, iter:   2,145, lr:(1.782e-04,2.228e-05,)] [eta: 5:26:28, time (data): 2.500 (0.001)] l_pix: 1.6180e-02 
2025-11-22 12:40:15,524 INFO: [IART_..][epoch:  0, iter:   2,146, lr:(1.782e-04,2.228e-05,)] [eta: 5:26:26, time (data): 2.501 (0.001)] l_pix: 3.1858e-02 
2025-11-22 12:40:17,995 INFO: [IART_..][epoch:  0, iter:   2,147, lr:(1.781e-04,2.228e-05,)] [eta: 5:26:23, time (data): 2.501 (0.001)] l_pix: 2.4291e-02 
2025-11-22 12:40:20,540 INFO: [IART_..][epoch:  0, iter:   2,148, lr:(1.781e-04,2.227e-05,)] [eta: 5:26:21, time (data): 2.501 (0.001)] l_pix: 3.1209e-02 
2025-11-22 12:40:22,941 INFO: [IART_..][epoch:  0, iter:   2,149, lr:(1.781e-04,2.227e-05,)] [eta: 5:26:18, time (data): 2.500 (0.001)] l_pix: 8.2272e-03 
2025-11-22 12:40:25,498 INFO: [IART_..][epoch:  0, iter:   2,150, lr:(1.781e-04,2.227e-05,)] [eta: 5:26:16, time (data): 2.501 (0.001)] l_pix: 2.8218e-02 
2025-11-22 12:40:27,994 INFO: [IART_..][epoch:  0, iter:   2,151, lr:(1.781e-04,2.227e-05,)] [eta: 5:26:14, time (data): 2.501 (0.001)] l_pix: 1.8344e-02 
2025-11-22 12:40:30,410 INFO: [IART_..][epoch:  0, iter:   2,152, lr:(1.780e-04,2.226e-05,)] [eta: 5:26:11, time (data): 2.500 (0.001)] l_pix: 1.3277e-02 
2025-11-22 12:40:32,844 INFO: [IART_..][epoch:  0, iter:   2,153, lr:(1.780e-04,2.226e-05,)] [eta: 5:26:08, time (data): 2.500 (0.001)] l_pix: 3.8000e-02 
2025-11-22 12:40:35,371 INFO: [IART_..][epoch:  0, iter:   2,154, lr:(1.780e-04,2.226e-05,)] [eta: 5:26:06, time (data): 2.500 (0.001)] l_pix: 4.6527e-02 
2025-11-22 12:40:37,856 INFO: [IART_..][epoch:  0, iter:   2,155, lr:(1.780e-04,2.226e-05,)] [eta: 5:26:03, time (data): 2.500 (0.001)] l_pix: 2.3040e-02 
2025-11-22 12:40:40,370 INFO: [IART_..][epoch:  0, iter:   2,156, lr:(1.780e-04,2.225e-05,)] [eta: 5:26:01, time (data): 2.500 (0.001)] l_pix: 3.3215e-02 
2025-11-22 12:40:42,813 INFO: [IART_..][epoch:  0, iter:   2,157, lr:(1.779e-04,2.225e-05,)] [eta: 5:25:58, time (data): 2.500 (0.001)] l_pix: 1.4956e-02 
2025-11-22 12:40:45,317 INFO: [IART_..][epoch:  0, iter:   2,158, lr:(1.779e-04,2.225e-05,)] [eta: 5:25:56, time (data): 2.500 (0.001)] l_pix: 4.4135e-02 
2025-11-22 12:40:47,814 INFO: [IART_..][epoch:  0, iter:   2,159, lr:(1.779e-04,2.225e-05,)] [eta: 5:25:53, time (data): 2.500 (0.001)] l_pix: 4.1545e-02 
2025-11-22 12:40:50,260 INFO: [IART_..][epoch:  0, iter:   2,160, lr:(1.779e-04,2.224e-05,)] [eta: 5:25:50, time (data): 2.499 (0.001)] l_pix: 2.4831e-02 
2025-11-22 12:40:52,663 INFO: [IART_..][epoch:  0, iter:   2,161, lr:(1.779e-04,2.224e-05,)] [eta: 5:25:48, time (data): 2.499 (0.001)] l_pix: 7.0291e-03 
2025-11-22 12:40:55,144 INFO: [IART_..][epoch:  0, iter:   2,162, lr:(1.778e-04,2.224e-05,)] [eta: 5:25:45, time (data): 2.498 (0.001)] l_pix: 3.4736e-02 
2025-11-22 12:40:57,676 INFO: [IART_..][epoch:  0, iter:   2,163, lr:(1.778e-04,2.224e-05,)] [eta: 5:25:43, time (data): 2.499 (0.001)] l_pix: 2.6125e-02 
2025-11-22 12:41:00,252 INFO: [IART_..][epoch:  0, iter:   2,164, lr:(1.778e-04,2.223e-05,)] [eta: 5:25:41, time (data): 2.499 (0.001)] l_pix: 2.1526e-02 
2025-11-22 12:41:02,781 INFO: [IART_..][epoch:  0, iter:   2,165, lr:(1.778e-04,2.223e-05,)] [eta: 5:25:38, time (data): 2.499 (0.001)] l_pix: 1.8155e-02 
2025-11-22 12:41:05,392 INFO: [IART_..][epoch:  0, iter:   2,166, lr:(1.778e-04,2.223e-05,)] [eta: 5:25:36, time (data): 2.500 (0.001)] l_pix: 2.1493e-02 
2025-11-22 12:41:07,859 INFO: [IART_..][epoch:  0, iter:   2,167, lr:(1.777e-04,2.223e-05,)] [eta: 5:25:33, time (data): 2.500 (0.001)] l_pix: 2.7340e-02 
2025-11-22 12:41:10,372 INFO: [IART_..][epoch:  0, iter:   2,168, lr:(1.777e-04,2.222e-05,)] [eta: 5:25:31, time (data): 2.500 (0.001)] l_pix: 2.6660e-02 
2025-11-22 12:41:12,911 INFO: [IART_..][epoch:  0, iter:   2,169, lr:(1.777e-04,2.222e-05,)] [eta: 5:25:29, time (data): 2.500 (0.001)] l_pix: 2.5370e-02 
2025-11-22 12:41:15,348 INFO: [IART_..][epoch:  0, iter:   2,170, lr:(1.777e-04,2.222e-05,)] [eta: 5:25:26, time (data): 2.500 (0.001)] l_pix: 1.6439e-02 
2025-11-22 12:41:17,955 INFO: [IART_..][epoch:  0, iter:   2,171, lr:(1.777e-04,2.222e-05,)] [eta: 5:25:24, time (data): 2.500 (0.001)] l_pix: 3.6028e-02 
2025-11-22 12:41:20,542 INFO: [IART_..][epoch:  0, iter:   2,172, lr:(1.776e-04,2.221e-05,)] [eta: 5:25:22, time (data): 2.501 (0.001)] l_pix: 3.4448e-02 
2025-11-22 12:41:23,019 INFO: [IART_..][epoch:  0, iter:   2,173, lr:(1.776e-04,2.221e-05,)] [eta: 5:25:19, time (data): 2.501 (0.001)] l_pix: 2.4723e-02 
2025-11-22 12:41:25,532 INFO: [IART_..][epoch:  0, iter:   2,174, lr:(1.776e-04,2.221e-05,)] [eta: 5:25:17, time (data): 2.501 (0.001)] l_pix: 3.0969e-02 
2025-11-22 12:41:28,058 INFO: [IART_..][epoch:  0, iter:   2,175, lr:(1.776e-04,2.221e-05,)] [eta: 5:25:14, time (data): 2.501 (0.001)] l_pix: 4.2526e-02 
2025-11-22 12:41:30,598 INFO: [IART_..][epoch:  0, iter:   2,176, lr:(1.776e-04,2.220e-05,)] [eta: 5:25:12, time (data): 2.501 (0.001)] l_pix: 2.5139e-02 
2025-11-22 12:41:33,021 INFO: [IART_..][epoch:  0, iter:   2,177, lr:(1.775e-04,2.220e-05,)] [eta: 5:25:09, time (data): 2.501 (0.001)] l_pix: 1.1096e-02 
2025-11-22 12:41:35,518 INFO: [IART_..][epoch:  0, iter:   2,178, lr:(1.775e-04,2.220e-05,)] [eta: 5:25:07, time (data): 2.501 (0.001)] l_pix: 2.8108e-02 
2025-11-22 12:41:38,043 INFO: [IART_..][epoch:  0, iter:   2,179, lr:(1.775e-04,2.220e-05,)] [eta: 5:25:04, time (data): 2.501 (0.001)] l_pix: 1.6816e-02 
2025-11-22 12:41:40,457 INFO: [IART_..][epoch:  0, iter:   2,180, lr:(1.775e-04,2.220e-05,)] [eta: 5:25:02, time (data): 2.500 (0.001)] l_pix: 2.1230e-02 
2025-11-22 12:41:43,014 INFO: [IART_..][epoch:  0, iter:   2,181, lr:(1.775e-04,2.219e-05,)] [eta: 5:24:59, time (data): 2.501 (0.001)] l_pix: 3.1693e-02 
2025-11-22 12:41:45,671 INFO: [IART_..][epoch:  0, iter:   2,182, lr:(1.774e-04,2.219e-05,)] [eta: 5:24:58, time (data): 2.502 (0.001)] l_pix: 3.1086e-02 
2025-11-22 12:41:48,166 INFO: [IART_..][epoch:  0, iter:   2,183, lr:(1.774e-04,2.219e-05,)] [eta: 5:24:55, time (data): 2.502 (0.001)] l_pix: 3.6511e-02 
2025-11-22 12:41:50,772 INFO: [IART_..][epoch:  0, iter:   2,184, lr:(1.774e-04,2.219e-05,)] [eta: 5:24:53, time (data): 2.502 (0.001)] l_pix: 4.2961e-02 
2025-11-22 12:41:53,411 INFO: [IART_..][epoch:  0, iter:   2,185, lr:(1.774e-04,2.218e-05,)] [eta: 5:24:51, time (data): 2.503 (0.001)] l_pix: 3.8589e-02 
2025-11-22 12:41:55,970 INFO: [IART_..][epoch:  0, iter:   2,186, lr:(1.774e-04,2.218e-05,)] [eta: 5:24:49, time (data): 2.503 (0.001)] l_pix: 3.6461e-02 
2025-11-22 12:41:58,544 INFO: [IART_..][epoch:  0, iter:   2,187, lr:(1.773e-04,2.218e-05,)] [eta: 5:24:46, time (data): 2.504 (0.001)] l_pix: 2.1053e-02 
2025-11-22 12:42:01,071 INFO: [IART_..][epoch:  0, iter:   2,188, lr:(1.773e-04,2.218e-05,)] [eta: 5:24:44, time (data): 2.504 (0.001)] l_pix: 1.9712e-02 
2025-11-22 12:42:03,710 INFO: [IART_..][epoch:  0, iter:   2,189, lr:(1.773e-04,2.217e-05,)] [eta: 5:24:42, time (data): 2.505 (0.001)] l_pix: 3.2648e-02 
2025-11-22 12:42:06,318 INFO: [IART_..][epoch:  0, iter:   2,190, lr:(1.773e-04,2.217e-05,)] [eta: 5:24:40, time (data): 2.505 (0.001)] l_pix: 3.9825e-02 
2025-11-22 12:42:08,750 INFO: [IART_..][epoch:  0, iter:   2,191, lr:(1.773e-04,2.217e-05,)] [eta: 5:24:37, time (data): 2.505 (0.001)] l_pix: 1.5612e-02 
2025-11-22 12:42:11,229 INFO: [IART_..][epoch:  0, iter:   2,192, lr:(1.772e-04,2.217e-05,)] [eta: 5:24:35, time (data): 2.505 (0.001)] l_pix: 3.6705e-02 
2025-11-22 12:42:13,757 INFO: [IART_..][epoch:  0, iter:   2,193, lr:(1.772e-04,2.216e-05,)] [eta: 5:24:32, time (data): 2.505 (0.001)] l_pix: 3.4714e-02 
2025-11-22 12:42:16,341 INFO: [IART_..][epoch:  0, iter:   2,194, lr:(1.772e-04,2.216e-05,)] [eta: 5:24:30, time (data): 2.505 (0.001)] l_pix: 1.3348e-02 
2025-11-22 12:42:18,821 INFO: [IART_..][epoch:  0, iter:   2,195, lr:(1.772e-04,2.216e-05,)] [eta: 5:24:28, time (data): 2.505 (0.001)] l_pix: 2.2188e-02 
2025-11-22 12:42:21,271 INFO: [IART_..][epoch:  0, iter:   2,196, lr:(1.772e-04,2.216e-05,)] [eta: 5:24:25, time (data): 2.505 (0.001)] l_pix: 3.7562e-02 
2025-11-22 12:42:23,676 INFO: [IART_..][epoch:  0, iter:   2,197, lr:(1.771e-04,2.215e-05,)] [eta: 5:24:22, time (data): 2.504 (0.001)] l_pix: 3.3106e-02 
2025-11-22 12:42:26,283 INFO: [IART_..][epoch:  0, iter:   2,198, lr:(1.771e-04,2.215e-05,)] [eta: 5:24:20, time (data): 2.505 (0.001)] l_pix: 2.9341e-02 
2025-11-22 12:42:28,778 INFO: [IART_..][epoch:  0, iter:   2,199, lr:(1.771e-04,2.215e-05,)] [eta: 5:24:18, time (data): 2.505 (0.001)] l_pix: 2.8150e-02 
2025-11-22 12:42:31,372 INFO: [IART_..][epoch:  0, iter:   2,200, lr:(1.771e-04,2.215e-05,)] [eta: 5:24:15, time (data): 2.505 (0.001)] l_pix: 3.3724e-02 
2025-11-22 12:42:33,914 INFO: [IART_..][epoch:  0, iter:   2,201, lr:(1.771e-04,2.214e-05,)] [eta: 5:24:13, time (data): 2.505 (0.001)] l_pix: 2.5550e-02 
2025-11-22 12:42:36,438 INFO: [IART_..][epoch:  0, iter:   2,202, lr:(1.770e-04,2.214e-05,)] [eta: 5:24:11, time (data): 2.506 (0.001)] l_pix: 1.7311e-02 
2025-11-22 12:42:38,957 INFO: [IART_..][epoch:  0, iter:   2,203, lr:(1.770e-04,2.214e-05,)] [eta: 5:24:08, time (data): 2.506 (0.001)] l_pix: 1.4606e-02 
2025-11-22 12:42:41,374 INFO: [IART_..][epoch:  0, iter:   2,204, lr:(1.770e-04,2.214e-05,)] [eta: 5:24:06, time (data): 2.505 (0.001)] l_pix: 1.9028e-02 
2025-11-22 12:42:43,806 INFO: [IART_..][epoch:  0, iter:   2,205, lr:(1.770e-04,2.213e-05,)] [eta: 5:24:03, time (data): 2.505 (0.001)] l_pix: 2.2159e-02 
2025-11-22 12:42:46,226 INFO: [IART_..][epoch:  0, iter:   2,206, lr:(1.770e-04,2.213e-05,)] [eta: 5:24:00, time (data): 2.504 (0.001)] l_pix: 2.4520e-02 
2025-11-22 12:42:48,816 INFO: [IART_..][epoch:  0, iter:   2,207, lr:(1.769e-04,2.213e-05,)] [eta: 5:23:58, time (data): 2.505 (0.001)] l_pix: 2.9727e-02 
2025-11-22 12:42:51,253 INFO: [IART_..][epoch:  0, iter:   2,208, lr:(1.769e-04,2.213e-05,)] [eta: 5:23:55, time (data): 2.504 (0.001)] l_pix: 3.2762e-02 
2025-11-22 12:42:53,753 INFO: [IART_..][epoch:  0, iter:   2,209, lr:(1.769e-04,2.212e-05,)] [eta: 5:23:53, time (data): 2.504 (0.001)] l_pix: 3.9245e-02 
2025-11-22 12:42:56,172 INFO: [IART_..][epoch:  0, iter:   2,210, lr:(1.769e-04,2.212e-05,)] [eta: 5:23:50, time (data): 2.504 (0.001)] l_pix: 4.5602e-02 
2025-11-22 12:42:58,686 INFO: [IART_..][epoch:  0, iter:   2,211, lr:(1.769e-04,2.212e-05,)] [eta: 5:23:48, time (data): 2.504 (0.001)] l_pix: 3.2200e-02 
2025-11-22 12:43:01,107 INFO: [IART_..][epoch:  0, iter:   2,212, lr:(1.768e-04,2.212e-05,)] [eta: 5:23:45, time (data): 2.421 (0.000)] l_pix: 1.9070e-02 
2025-11-22 12:43:03,636 INFO: [IART_..][epoch:  0, iter:   2,213, lr:(1.768e-04,2.211e-05,)] [eta: 5:23:42, time (data): 2.475 (0.008)] l_pix: 2.4858e-02 
2025-11-22 12:43:06,166 INFO: [IART_..][epoch:  0, iter:   2,214, lr:(1.768e-04,2.211e-05,)] [eta: 5:23:40, time (data): 2.493 (0.005)] l_pix: 1.8719e-02 
2025-11-22 12:43:08,666 INFO: [IART_..][epoch:  0, iter:   2,215, lr:(1.768e-04,2.211e-05,)] [eta: 5:23:38, time (data): 2.495 (0.004)] l_pix: 3.1560e-02 
2025-11-22 12:43:11,150 INFO: [IART_..][epoch:  0, iter:   2,216, lr:(1.768e-04,2.211e-05,)] [eta: 5:23:35, time (data): 2.493 (0.003)] l_pix: 8.6935e-03 
2025-11-22 12:43:13,728 INFO: [IART_..][epoch:  0, iter:   2,217, lr:(1.767e-04,2.210e-05,)] [eta: 5:23:33, time (data): 2.507 (0.003)] l_pix: 1.7024e-02 
2025-11-22 12:43:16,164 INFO: [IART_..][epoch:  0, iter:   2,218, lr:(1.767e-04,2.210e-05,)] [eta: 5:23:30, time (data): 2.497 (0.005)] l_pix: 4.0198e-02 
2025-11-22 12:43:18,597 INFO: [IART_..][epoch:  0, iter:   2,219, lr:(1.767e-04,2.210e-05,)] [eta: 5:23:27, time (data): 2.489 (0.004)] l_pix: 3.1128e-02 
2025-11-22 12:43:21,033 INFO: [IART_..][epoch:  0, iter:   2,220, lr:(1.767e-04,2.210e-05,)] [eta: 5:23:25, time (data): 2.483 (0.004)] l_pix: 2.0881e-02 
2025-11-22 12:43:23,510 INFO: [IART_..][epoch:  0, iter:   2,221, lr:(1.767e-04,2.209e-05,)] [eta: 5:23:22, time (data): 2.482 (0.003)] l_pix: 2.6964e-02 
2025-11-22 12:43:26,056 INFO: [IART_..][epoch:  0, iter:   2,222, lr:(1.766e-04,2.209e-05,)] [eta: 5:23:20, time (data): 2.488 (0.003)] l_pix: 3.4375e-02 
2025-11-22 12:43:28,535 INFO: [IART_..][epoch:  0, iter:   2,223, lr:(1.766e-04,2.209e-05,)] [eta: 5:23:17, time (data): 2.487 (0.003)] l_pix: 2.3088e-02 
2025-11-22 12:43:30,995 INFO: [IART_..][epoch:  0, iter:   2,224, lr:(1.766e-04,2.209e-05,)] [eta: 5:23:15, time (data): 2.485 (0.002)] l_pix: 4.1735e-02 
2025-11-22 12:43:33,402 INFO: [IART_..][epoch:  0, iter:   2,225, lr:(1.766e-04,2.208e-05,)] [eta: 5:23:12, time (data): 2.480 (0.002)] l_pix: 5.2685e-02 
2025-11-22 12:43:35,946 INFO: [IART_..][epoch:  0, iter:   2,226, lr:(1.766e-04,2.208e-05,)] [eta: 5:23:10, time (data): 2.484 (0.002)] l_pix: 3.1762e-02 
2025-11-22 12:43:38,378 INFO: [IART_..][epoch:  0, iter:   2,227, lr:(1.765e-04,2.208e-05,)] [eta: 5:23:07, time (data): 2.481 (0.002)] l_pix: 3.5529e-02 
2025-11-22 12:43:40,826 INFO: [IART_..][epoch:  0, iter:   2,228, lr:(1.765e-04,2.208e-05,)] [eta: 5:23:04, time (data): 2.479 (0.002)] l_pix: 1.7515e-02 
2025-11-22 12:43:43,274 INFO: [IART_..][epoch:  0, iter:   2,229, lr:(1.765e-04,2.207e-05,)] [eta: 5:23:02, time (data): 2.477 (0.002)] l_pix: 2.8413e-02 
2025-11-22 12:43:45,808 INFO: [IART_..][epoch:  0, iter:   2,230, lr:(1.765e-04,2.207e-05,)] [eta: 5:22:59, time (data): 2.480 (0.002)] l_pix: 1.7771e-02 
2025-11-22 12:43:48,426 INFO: [IART_..][epoch:  0, iter:   2,231, lr:(1.765e-04,2.207e-05,)] [eta: 5:22:57, time (data): 2.487 (0.002)] l_pix: 2.6431e-02 
2025-11-22 12:43:50,846 INFO: [IART_..][epoch:  0, iter:   2,232, lr:(1.764e-04,2.207e-05,)] [eta: 5:22:54, time (data): 2.484 (0.002)] l_pix: 2.4476e-02 
2025-11-22 12:43:53,356 INFO: [IART_..][epoch:  0, iter:   2,233, lr:(1.764e-04,2.206e-05,)] [eta: 5:22:52, time (data): 2.485 (0.001)] l_pix: 1.5051e-02 
2025-11-22 12:43:55,772 INFO: [IART_..][epoch:  0, iter:   2,234, lr:(1.764e-04,2.206e-05,)] [eta: 5:22:49, time (data): 2.482 (0.001)] l_pix: 1.4120e-02 
2025-11-22 12:43:58,271 INFO: [IART_..][epoch:  0, iter:   2,235, lr:(1.764e-04,2.206e-05,)] [eta: 5:22:47, time (data): 2.482 (0.001)] l_pix: 2.6965e-02 
2025-11-22 12:44:00,748 INFO: [IART_..][epoch:  0, iter:   2,236, lr:(1.764e-04,2.206e-05,)] [eta: 5:22:44, time (data): 2.482 (0.001)] l_pix: 3.1651e-02 
2025-11-22 12:44:03,226 INFO: [IART_..][epoch:  0, iter:   2,237, lr:(1.763e-04,2.205e-05,)] [eta: 5:22:42, time (data): 2.482 (0.001)] l_pix: 3.7103e-02 
2025-11-22 12:44:05,692 INFO: [IART_..][epoch:  0, iter:   2,238, lr:(1.763e-04,2.205e-05,)] [eta: 5:22:39, time (data): 2.481 (0.002)] l_pix: 1.8053e-02 
2025-11-22 12:44:08,113 INFO: [IART_..][epoch:  0, iter:   2,239, lr:(1.763e-04,2.205e-05,)] [eta: 5:22:36, time (data): 2.479 (0.002)] l_pix: 3.5642e-02 
2025-11-22 12:44:10,594 INFO: [IART_..][epoch:  0, iter:   2,240, lr:(1.763e-04,2.204e-05,)] [eta: 5:22:34, time (data): 2.479 (0.002)] l_pix: 4.8088e-02 
2025-11-22 12:44:13,082 INFO: [IART_..][epoch:  0, iter:   2,241, lr:(1.763e-04,2.204e-05,)] [eta: 5:22:31, time (data): 2.479 (0.002)] l_pix: 2.9758e-02 
2025-11-22 12:44:15,592 INFO: [IART_..][epoch:  0, iter:   2,242, lr:(1.762e-04,2.204e-05,)] [eta: 5:22:29, time (data): 2.480 (0.002)] l_pix: 4.0429e-02 
2025-11-22 12:44:17,998 INFO: [IART_..][epoch:  0, iter:   2,243, lr:(1.762e-04,2.204e-05,)] [eta: 5:22:26, time (data): 2.478 (0.002)] l_pix: 3.0682e-02 
2025-11-22 12:44:20,442 INFO: [IART_..][epoch:  0, iter:   2,244, lr:(1.762e-04,2.203e-05,)] [eta: 5:22:23, time (data): 2.477 (0.002)] l_pix: 2.7010e-02 
2025-11-22 12:44:23,095 INFO: [IART_..][epoch:  0, iter:   2,245, lr:(1.762e-04,2.203e-05,)] [eta: 5:22:21, time (data): 2.482 (0.002)] l_pix: 1.9698e-02 
2025-11-22 12:44:25,600 INFO: [IART_..][epoch:  0, iter:   2,246, lr:(1.762e-04,2.203e-05,)] [eta: 5:22:19, time (data): 2.483 (0.002)] l_pix: 2.8690e-02 
2025-11-22 12:44:28,173 INFO: [IART_..][epoch:  0, iter:   2,247, lr:(1.761e-04,2.203e-05,)] [eta: 5:22:17, time (data): 2.485 (0.002)] l_pix: 3.3827e-02 
2025-11-22 12:44:30,643 INFO: [IART_..][epoch:  0, iter:   2,248, lr:(1.761e-04,2.202e-05,)] [eta: 5:22:14, time (data): 2.485 (0.002)] l_pix: 2.2559e-02 
2025-11-22 12:44:33,177 INFO: [IART_..][epoch:  0, iter:   2,249, lr:(1.761e-04,2.202e-05,)] [eta: 5:22:12, time (data): 2.486 (0.002)] l_pix: 1.8904e-02 
2025-11-22 12:44:35,816 INFO: [IART_..][epoch:  0, iter:   2,250, lr:(1.761e-04,2.202e-05,)] [eta: 5:22:10, time (data): 2.490 (0.002)] l_pix: 1.8927e-02 
2025-11-22 12:44:38,246 INFO: [IART_..][epoch:  0, iter:   2,251, lr:(1.761e-04,2.202e-05,)] [eta: 5:22:07, time (data): 2.488 (0.002)] l_pix: 4.2214e-02 
2025-11-22 12:44:40,790 INFO: [IART_..][epoch:  0, iter:   2,252, lr:(1.760e-04,2.201e-05,)] [eta: 5:22:05, time (data): 2.490 (0.002)] l_pix: 1.9502e-02 
2025-11-22 12:44:43,202 INFO: [IART_..][epoch:  0, iter:   2,253, lr:(1.760e-04,2.201e-05,)] [eta: 5:22:02, time (data): 2.488 (0.002)] l_pix: 2.8675e-02 
2025-11-22 12:44:45,630 INFO: [IART_..][epoch:  0, iter:   2,254, lr:(1.760e-04,2.201e-05,)] [eta: 5:21:59, time (data): 2.487 (0.002)] l_pix: 3.4303e-02 
2025-11-22 12:44:48,115 INFO: [IART_..][epoch:  0, iter:   2,255, lr:(1.760e-04,2.201e-05,)] [eta: 5:21:57, time (data): 2.487 (0.002)] l_pix: 1.6740e-02 
2025-11-22 12:44:50,665 INFO: [IART_..][epoch:  0, iter:   2,256, lr:(1.760e-04,2.200e-05,)] [eta: 5:21:54, time (data): 2.488 (0.002)] l_pix: 2.3910e-02 
2025-11-22 12:44:53,143 INFO: [IART_..][epoch:  0, iter:   2,257, lr:(1.759e-04,2.200e-05,)] [eta: 5:21:52, time (data): 2.488 (0.002)] l_pix: 2.9267e-02 
2025-11-22 12:44:55,529 INFO: [IART_..][epoch:  0, iter:   2,258, lr:(1.759e-04,2.200e-05,)] [eta: 5:21:49, time (data): 2.486 (0.002)] l_pix: 2.6159e-02 
2025-11-22 12:44:57,985 INFO: [IART_..][epoch:  0, iter:   2,259, lr:(1.759e-04,2.200e-05,)] [eta: 5:21:46, time (data): 2.485 (0.002)] l_pix: 1.8826e-02 
2025-11-22 12:45:00,444 INFO: [IART_..][epoch:  0, iter:   2,260, lr:(1.759e-04,2.199e-05,)] [eta: 5:21:44, time (data): 2.484 (0.002)] l_pix: 3.2005e-02 
2025-11-22 12:45:03,013 INFO: [IART_..][epoch:  0, iter:   2,261, lr:(1.758e-04,2.199e-05,)] [eta: 5:21:41, time (data): 2.486 (0.002)] l_pix: 2.1663e-02 
2025-11-22 12:45:05,432 INFO: [IART_..][epoch:  0, iter:   2,262, lr:(1.758e-04,2.199e-05,)] [eta: 5:21:39, time (data): 2.485 (0.002)] l_pix: 2.6764e-02 
2025-11-22 12:45:07,841 INFO: [IART_..][epoch:  0, iter:   2,263, lr:(1.758e-04,2.199e-05,)] [eta: 5:21:36, time (data): 2.483 (0.002)] l_pix: 9.8590e-03 
2025-11-22 12:45:10,269 INFO: [IART_..][epoch:  0, iter:   2,264, lr:(1.758e-04,2.198e-05,)] [eta: 5:21:33, time (data): 2.482 (0.002)] l_pix: 2.7119e-02 
2025-11-22 12:45:12,774 INFO: [IART_..][epoch:  0, iter:   2,265, lr:(1.758e-04,2.198e-05,)] [eta: 5:21:31, time (data): 2.483 (0.002)] l_pix: 1.7901e-02 
2025-11-22 12:45:15,234 INFO: [IART_..][epoch:  0, iter:   2,266, lr:(1.757e-04,2.198e-05,)] [eta: 5:21:28, time (data): 2.482 (0.002)] l_pix: 2.6337e-02 
2025-11-22 12:45:17,735 INFO: [IART_..][epoch:  0, iter:   2,267, lr:(1.757e-04,2.198e-05,)] [eta: 5:21:26, time (data): 2.483 (0.002)] l_pix: 3.9024e-02 
2025-11-22 12:45:20,277 INFO: [IART_..][epoch:  0, iter:   2,268, lr:(1.757e-04,2.197e-05,)] [eta: 5:21:23, time (data): 2.484 (0.002)] l_pix: 3.3220e-02 
2025-11-22 12:45:22,678 INFO: [IART_..][epoch:  0, iter:   2,269, lr:(1.757e-04,2.197e-05,)] [eta: 5:21:21, time (data): 2.482 (0.002)] l_pix: 3.2153e-02 
2025-11-22 12:45:25,118 INFO: [IART_..][epoch:  0, iter:   2,270, lr:(1.757e-04,2.197e-05,)] [eta: 5:21:18, time (data): 2.482 (0.002)] l_pix: 3.3230e-02 
2025-11-22 12:45:27,664 INFO: [IART_..][epoch:  0, iter:   2,271, lr:(1.756e-04,2.197e-05,)] [eta: 5:21:16, time (data): 2.483 (0.002)] l_pix: 2.1979e-02 
2025-11-22 12:45:30,184 INFO: [IART_..][epoch:  0, iter:   2,272, lr:(1.756e-04,2.196e-05,)] [eta: 5:21:13, time (data): 2.483 (0.002)] l_pix: 3.3290e-02 
2025-11-22 12:45:32,588 INFO: [IART_..][epoch:  0, iter:   2,273, lr:(1.756e-04,2.196e-05,)] [eta: 5:21:10, time (data): 2.482 (0.002)] l_pix: 2.9484e-02 
2025-11-22 12:45:34,999 INFO: [IART_..][epoch:  0, iter:   2,274, lr:(1.756e-04,2.196e-05,)] [eta: 5:21:08, time (data): 2.481 (0.002)] l_pix: 3.1226e-02 
2025-11-22 12:45:37,469 INFO: [IART_..][epoch:  0, iter:   2,275, lr:(1.756e-04,2.196e-05,)] [eta: 5:21:05, time (data): 2.481 (0.002)] l_pix: 2.0009e-02 
2025-11-22 12:45:39,882 INFO: [IART_..][epoch:  0, iter:   2,276, lr:(1.755e-04,2.195e-05,)] [eta: 5:21:02, time (data): 2.480 (0.002)] l_pix: 1.1948e-02 
2025-11-22 12:45:42,306 INFO: [IART_..][epoch:  0, iter:   2,277, lr:(1.755e-04,2.195e-05,)] [eta: 5:20:59, time (data): 2.479 (0.002)] l_pix: 3.6311e-02 
2025-11-22 12:45:44,768 INFO: [IART_..][epoch:  0, iter:   2,278, lr:(1.755e-04,2.195e-05,)] [eta: 5:20:57, time (data): 2.478 (0.002)] l_pix: 3.6476e-02 
2025-11-22 12:45:47,257 INFO: [IART_..][epoch:  0, iter:   2,279, lr:(1.755e-04,2.195e-05,)] [eta: 5:20:54, time (data): 2.479 (0.002)] l_pix: 1.1704e-02 
2025-11-22 12:45:49,671 INFO: [IART_..][epoch:  0, iter:   2,280, lr:(1.755e-04,2.194e-05,)] [eta: 5:20:52, time (data): 2.478 (0.002)] l_pix: 2.6924e-02 
2025-11-22 12:45:52,138 INFO: [IART_..][epoch:  0, iter:   2,281, lr:(1.754e-04,2.194e-05,)] [eta: 5:20:49, time (data): 2.478 (0.002)] l_pix: 1.5499e-02 
2025-11-22 12:45:54,622 INFO: [IART_..][epoch:  0, iter:   2,282, lr:(1.754e-04,2.194e-05,)] [eta: 5:20:46, time (data): 2.478 (0.002)] l_pix: 2.8192e-02 
2025-11-22 12:45:57,016 INFO: [IART_..][epoch:  0, iter:   2,283, lr:(1.754e-04,2.194e-05,)] [eta: 5:20:44, time (data): 2.476 (0.002)] l_pix: 1.6092e-02 
2025-11-22 12:45:59,550 INFO: [IART_..][epoch:  0, iter:   2,284, lr:(1.754e-04,2.193e-05,)] [eta: 5:20:41, time (data): 2.477 (0.002)] l_pix: 2.8796e-02 
2025-11-22 12:46:01,986 INFO: [IART_..][epoch:  0, iter:   2,285, lr:(1.754e-04,2.193e-05,)] [eta: 5:20:39, time (data): 2.477 (0.002)] l_pix: 5.6260e-02 
2025-11-22 12:46:04,483 INFO: [IART_..][epoch:  0, iter:   2,286, lr:(1.753e-04,2.193e-05,)] [eta: 5:20:36, time (data): 2.477 (0.002)] l_pix: 3.1375e-02 
2025-11-22 12:46:06,899 INFO: [IART_..][epoch:  0, iter:   2,287, lr:(1.753e-04,2.193e-05,)] [eta: 5:20:33, time (data): 2.476 (0.002)] l_pix: 1.6025e-02 
2025-11-22 12:46:09,346 INFO: [IART_..][epoch:  0, iter:   2,288, lr:(1.753e-04,2.192e-05,)] [eta: 5:20:31, time (data): 2.476 (0.002)] l_pix: 2.7023e-02 
2025-11-22 12:46:11,912 INFO: [IART_..][epoch:  0, iter:   2,289, lr:(1.753e-04,2.192e-05,)] [eta: 5:20:28, time (data): 2.477 (0.002)] l_pix: 4.4265e-02 
2025-11-22 12:46:14,362 INFO: [IART_..][epoch:  0, iter:   2,290, lr:(1.753e-04,2.192e-05,)] [eta: 5:20:26, time (data): 2.477 (0.002)] l_pix: 2.1999e-02 
2025-11-22 12:46:16,796 INFO: [IART_..][epoch:  0, iter:   2,291, lr:(1.752e-04,2.191e-05,)] [eta: 5:20:23, time (data): 2.476 (0.002)] l_pix: 3.1282e-02 
2025-11-22 12:46:19,321 INFO: [IART_..][epoch:  0, iter:   2,292, lr:(1.752e-04,2.191e-05,)] [eta: 5:20:21, time (data): 2.477 (0.002)] l_pix: 2.0005e-02 
2025-11-22 12:46:21,846 INFO: [IART_..][epoch:  0, iter:   2,293, lr:(1.752e-04,2.191e-05,)] [eta: 5:20:18, time (data): 2.477 (0.002)] l_pix: 1.5865e-02 
2025-11-22 12:46:24,364 INFO: [IART_..][epoch:  0, iter:   2,294, lr:(1.752e-04,2.191e-05,)] [eta: 5:20:16, time (data): 2.478 (0.002)] l_pix: 4.0753e-02 
2025-11-22 12:46:26,897 INFO: [IART_..][epoch:  0, iter:   2,295, lr:(1.751e-04,2.190e-05,)] [eta: 5:20:14, time (data): 2.478 (0.002)] l_pix: 1.4945e-02 
2025-11-22 12:46:29,264 INFO: [IART_..][epoch:  0, iter:   2,296, lr:(1.751e-04,2.190e-05,)] [eta: 5:20:11, time (data): 2.477 (0.002)] l_pix: 4.2098e-02 
2025-11-22 12:46:31,713 INFO: [IART_..][epoch:  0, iter:   2,297, lr:(1.751e-04,2.190e-05,)] [eta: 5:20:08, time (data): 2.477 (0.002)] l_pix: 2.0042e-02 
2025-11-22 12:46:34,183 INFO: [IART_..][epoch:  0, iter:   2,298, lr:(1.751e-04,2.190e-05,)] [eta: 5:20:05, time (data): 2.477 (0.002)] l_pix: 5.3620e-02 
2025-11-22 12:46:36,734 INFO: [IART_..][epoch:  0, iter:   2,299, lr:(1.751e-04,2.189e-05,)] [eta: 5:20:03, time (data): 2.477 (0.002)] l_pix: 2.6168e-02 
2025-11-22 12:46:39,194 INFO: [IART_..][epoch:  0, iter:   2,300, lr:(1.750e-04,2.189e-05,)] [eta: 5:20:00, time (data): 2.477 (0.002)] l_pix: 2.0800e-02 
2025-11-22 12:46:41,677 INFO: [IART_..][epoch:  0, iter:   2,301, lr:(1.750e-04,2.189e-05,)] [eta: 5:19:58, time (data): 2.477 (0.002)] l_pix: 2.3870e-02 
2025-11-22 12:46:44,177 INFO: [IART_..][epoch:  0, iter:   2,302, lr:(1.750e-04,2.189e-05,)] [eta: 5:19:55, time (data): 2.478 (0.002)] l_pix: 1.6477e-02 
2025-11-22 12:46:46,681 INFO: [IART_..][epoch:  0, iter:   2,303, lr:(1.750e-04,2.188e-05,)] [eta: 5:19:53, time (data): 2.478 (0.002)] l_pix: 2.2684e-02 
2025-11-22 12:46:49,161 INFO: [IART_..][epoch:  0, iter:   2,304, lr:(1.750e-04,2.188e-05,)] [eta: 5:19:50, time (data): 2.478 (0.002)] l_pix: 1.5855e-02 
2025-11-22 12:46:51,607 INFO: [IART_..][epoch:  0, iter:   2,305, lr:(1.749e-04,2.188e-05,)] [eta: 5:19:48, time (data): 2.478 (0.002)] l_pix: 3.0146e-02 
2025-11-22 12:46:54,021 INFO: [IART_..][epoch:  0, iter:   2,306, lr:(1.749e-04,2.188e-05,)] [eta: 5:19:45, time (data): 2.477 (0.002)] l_pix: 2.0645e-02 
2025-11-22 12:46:56,554 INFO: [IART_..][epoch:  0, iter:   2,307, lr:(1.749e-04,2.187e-05,)] [eta: 5:19:43, time (data): 2.478 (0.002)] l_pix: 3.7107e-02 
2025-11-22 12:46:59,006 INFO: [IART_..][epoch:  0, iter:   2,308, lr:(1.749e-04,2.187e-05,)] [eta: 5:19:40, time (data): 2.477 (0.002)] l_pix: 2.1423e-02 
2025-11-22 12:47:01,457 INFO: [IART_..][epoch:  0, iter:   2,309, lr:(1.749e-04,2.187e-05,)] [eta: 5:19:37, time (data): 2.477 (0.002)] l_pix: 1.6839e-02 
2025-11-22 12:47:03,969 INFO: [IART_..][epoch:  0, iter:   2,310, lr:(1.748e-04,2.187e-05,)] [eta: 5:19:35, time (data): 2.477 (0.002)] l_pix: 1.5673e-02 
2025-11-22 12:47:06,421 INFO: [IART_..][epoch:  0, iter:   2,311, lr:(1.748e-04,2.186e-05,)] [eta: 5:19:32, time (data): 2.477 (0.002)] l_pix: 2.9604e-02 
2025-11-22 12:47:08,846 INFO: [IART_..][epoch:  0, iter:   2,312, lr:(1.748e-04,2.186e-05,)] [eta: 5:19:30, time (data): 2.477 (0.002)] l_pix: 2.9510e-02 
2025-11-22 12:47:11,426 INFO: [IART_..][epoch:  0, iter:   2,313, lr:(1.748e-04,2.186e-05,)] [eta: 5:19:27, time (data): 2.478 (0.002)] l_pix: 2.4238e-02 
2025-11-22 12:47:13,930 INFO: [IART_..][epoch:  0, iter:   2,314, lr:(1.748e-04,2.186e-05,)] [eta: 5:19:25, time (data): 2.478 (0.002)] l_pix: 3.2831e-02 
2025-11-22 12:47:16,444 INFO: [IART_..][epoch:  0, iter:   2,315, lr:(1.747e-04,2.185e-05,)] [eta: 5:19:23, time (data): 2.478 (0.002)] l_pix: 2.2462e-02 
2025-11-22 12:47:18,953 INFO: [IART_..][epoch:  0, iter:   2,316, lr:(1.747e-04,2.185e-05,)] [eta: 5:19:20, time (data): 2.478 (0.002)] l_pix: 2.5319e-02 
2025-11-22 12:47:21,469 INFO: [IART_..][epoch:  0, iter:   2,317, lr:(1.747e-04,2.185e-05,)] [eta: 5:19:18, time (data): 2.479 (0.002)] l_pix: 5.1308e-02 
2025-11-22 12:47:23,988 INFO: [IART_..][epoch:  0, iter:   2,318, lr:(1.747e-04,2.184e-05,)] [eta: 5:19:15, time (data): 2.479 (0.002)] l_pix: 3.9232e-02 
2025-11-22 12:47:26,420 INFO: [IART_..][epoch:  0, iter:   2,319, lr:(1.746e-04,2.184e-05,)] [eta: 5:19:13, time (data): 2.479 (0.002)] l_pix: 3.5411e-02 
2025-11-22 12:47:28,856 INFO: [IART_..][epoch:  0, iter:   2,320, lr:(1.746e-04,2.184e-05,)] [eta: 5:19:10, time (data): 2.478 (0.002)] l_pix: 4.4394e-02 
2025-11-22 12:47:31,354 INFO: [IART_..][epoch:  0, iter:   2,321, lr:(1.746e-04,2.184e-05,)] [eta: 5:19:07, time (data): 2.478 (0.002)] l_pix: 3.7094e-02 
2025-11-22 12:47:33,830 INFO: [IART_..][epoch:  0, iter:   2,322, lr:(1.746e-04,2.183e-05,)] [eta: 5:19:05, time (data): 2.478 (0.002)] l_pix: 4.4694e-02 
2025-11-22 12:47:36,562 INFO: [IART_..][epoch:  0, iter:   2,323, lr:(1.746e-04,2.183e-05,)] [eta: 5:19:03, time (data): 2.481 (0.002)] l_pix: 1.5297e-02 
2025-11-22 12:47:39,098 INFO: [IART_..][epoch:  0, iter:   2,324, lr:(1.745e-04,2.183e-05,)] [eta: 5:19:01, time (data): 2.481 (0.002)] l_pix: 3.4970e-02 
2025-11-22 12:47:41,554 INFO: [IART_..][epoch:  0, iter:   2,325, lr:(1.745e-04,2.183e-05,)] [eta: 5:18:58, time (data): 2.481 (0.002)] l_pix: 1.4519e-02 
2025-11-22 12:47:44,078 INFO: [IART_..][epoch:  0, iter:   2,326, lr:(1.745e-04,2.182e-05,)] [eta: 5:18:56, time (data): 2.481 (0.002)] l_pix: 1.6603e-02 
2025-11-22 12:47:46,540 INFO: [IART_..][epoch:  0, iter:   2,327, lr:(1.745e-04,2.182e-05,)] [eta: 5:18:53, time (data): 2.481 (0.002)] l_pix: 2.8137e-02 
2025-11-22 12:47:48,923 INFO: [IART_..][epoch:  0, iter:   2,328, lr:(1.745e-04,2.182e-05,)] [eta: 5:18:50, time (data): 2.480 (0.002)] l_pix: 4.2560e-02 
2025-11-22 12:47:51,335 INFO: [IART_..][epoch:  0, iter:   2,329, lr:(1.744e-04,2.182e-05,)] [eta: 5:18:48, time (data): 2.480 (0.002)] l_pix: 2.9949e-02 
2025-11-22 12:47:53,821 INFO: [IART_..][epoch:  0, iter:   2,330, lr:(1.744e-04,2.181e-05,)] [eta: 5:18:45, time (data): 2.480 (0.002)] l_pix: 2.1380e-02 
2025-11-22 12:47:56,238 INFO: [IART_..][epoch:  0, iter:   2,331, lr:(1.744e-04,2.181e-05,)] [eta: 5:18:42, time (data): 2.479 (0.002)] l_pix: 3.1896e-02 
2025-11-22 12:47:58,713 INFO: [IART_..][epoch:  0, iter:   2,332, lr:(1.744e-04,2.181e-05,)] [eta: 5:18:40, time (data): 2.479 (0.002)] l_pix: 2.8614e-02 
2025-11-22 12:48:01,277 INFO: [IART_..][epoch:  0, iter:   2,333, lr:(1.744e-04,2.181e-05,)] [eta: 5:18:37, time (data): 2.480 (0.002)] l_pix: 3.2327e-02 
2025-11-22 12:48:03,752 INFO: [IART_..][epoch:  0, iter:   2,334, lr:(1.743e-04,2.180e-05,)] [eta: 5:18:35, time (data): 2.480 (0.002)] l_pix: 2.0339e-02 
2025-11-22 12:48:06,230 INFO: [IART_..][epoch:  0, iter:   2,335, lr:(1.743e-04,2.180e-05,)] [eta: 5:18:32, time (data): 2.480 (0.002)] l_pix: 2.2946e-02 
2025-11-22 12:48:08,686 INFO: [IART_..][epoch:  0, iter:   2,336, lr:(1.743e-04,2.180e-05,)] [eta: 5:18:30, time (data): 2.480 (0.002)] l_pix: 2.0447e-02 
2025-11-22 12:48:11,162 INFO: [IART_..][epoch:  0, iter:   2,337, lr:(1.743e-04,2.180e-05,)] [eta: 5:18:27, time (data): 2.480 (0.002)] l_pix: 1.4922e-02 
2025-11-22 12:48:13,542 INFO: [IART_..][epoch:  0, iter:   2,338, lr:(1.743e-04,2.179e-05,)] [eta: 5:18:24, time (data): 2.479 (0.002)] l_pix: 2.2911e-02 
2025-11-22 12:48:15,970 INFO: [IART_..][epoch:  0, iter:   2,339, lr:(1.742e-04,2.179e-05,)] [eta: 5:18:22, time (data): 2.478 (0.002)] l_pix: 2.8687e-02 
2025-11-22 12:48:18,384 INFO: [IART_..][epoch:  0, iter:   2,340, lr:(1.742e-04,2.179e-05,)] [eta: 5:18:19, time (data): 2.478 (0.002)] l_pix: 3.5877e-02 
2025-11-22 12:48:21,051 INFO: [IART_..][epoch:  0, iter:   2,341, lr:(1.742e-04,2.178e-05,)] [eta: 5:18:17, time (data): 2.479 (0.002)] l_pix: 2.4053e-02 
2025-11-22 12:48:23,511 INFO: [IART_..][epoch:  0, iter:   2,342, lr:(1.742e-04,2.178e-05,)] [eta: 5:18:14, time (data): 2.479 (0.002)] l_pix: 4.4068e-02 
2025-11-22 12:48:25,957 INFO: [IART_..][epoch:  0, iter:   2,343, lr:(1.741e-04,2.178e-05,)] [eta: 5:18:12, time (data): 2.479 (0.002)] l_pix: 2.6519e-02 
2025-11-22 12:48:28,385 INFO: [IART_..][epoch:  0, iter:   2,344, lr:(1.741e-04,2.178e-05,)] [eta: 5:18:09, time (data): 2.479 (0.002)] l_pix: 1.5094e-02 
2025-11-22 12:48:30,837 INFO: [IART_..][epoch:  0, iter:   2,345, lr:(1.741e-04,2.177e-05,)] [eta: 5:18:06, time (data): 2.478 (0.002)] l_pix: 3.0780e-02 
2025-11-22 12:48:33,286 INFO: [IART_..][epoch:  0, iter:   2,346, lr:(1.741e-04,2.177e-05,)] [eta: 5:18:04, time (data): 2.478 (0.002)] l_pix: 2.1589e-02 
2025-11-22 12:48:35,683 INFO: [IART_..][epoch:  0, iter:   2,347, lr:(1.741e-04,2.177e-05,)] [eta: 5:18:01, time (data): 2.478 (0.002)] l_pix: 3.8781e-02 
2025-11-22 12:48:38,113 INFO: [IART_..][epoch:  0, iter:   2,348, lr:(1.740e-04,2.177e-05,)] [eta: 5:17:58, time (data): 2.477 (0.002)] l_pix: 3.2726e-02 
2025-11-22 12:48:40,558 INFO: [IART_..][epoch:  0, iter:   2,349, lr:(1.740e-04,2.176e-05,)] [eta: 5:17:56, time (data): 2.477 (0.002)] l_pix: 2.8504e-02 
2025-11-22 12:48:43,107 INFO: [IART_..][epoch:  0, iter:   2,350, lr:(1.740e-04,2.176e-05,)] [eta: 5:17:53, time (data): 2.478 (0.002)] l_pix: 3.1628e-02 
2025-11-22 12:48:45,641 INFO: [IART_..][epoch:  0, iter:   2,351, lr:(1.740e-04,2.176e-05,)] [eta: 5:17:51, time (data): 2.478 (0.002)] l_pix: 3.5422e-02 
2025-11-22 12:48:48,053 INFO: [IART_..][epoch:  0, iter:   2,352, lr:(1.740e-04,2.176e-05,)] [eta: 5:17:48, time (data): 2.477 (0.002)] l_pix: 4.2125e-02 
2025-11-22 12:48:50,587 INFO: [IART_..][epoch:  0, iter:   2,353, lr:(1.739e-04,2.175e-05,)] [eta: 5:17:46, time (data): 2.478 (0.002)] l_pix: 2.0952e-02 
2025-11-22 12:48:53,052 INFO: [IART_..][epoch:  0, iter:   2,354, lr:(1.739e-04,2.175e-05,)] [eta: 5:17:43, time (data): 2.478 (0.002)] l_pix: 3.2939e-02 
2025-11-22 12:48:55,535 INFO: [IART_..][epoch:  0, iter:   2,355, lr:(1.739e-04,2.175e-05,)] [eta: 5:17:41, time (data): 2.478 (0.002)] l_pix: 2.3628e-02 
2025-11-22 12:48:58,017 INFO: [IART_..][epoch:  0, iter:   2,356, lr:(1.739e-04,2.175e-05,)] [eta: 5:17:38, time (data): 2.478 (0.002)] l_pix: 4.5861e-02 
2025-11-22 12:49:00,421 INFO: [IART_..][epoch:  0, iter:   2,357, lr:(1.738e-04,2.174e-05,)] [eta: 5:17:35, time (data): 2.477 (0.002)] l_pix: 1.9842e-02 
2025-11-22 12:49:02,858 INFO: [IART_..][epoch:  0, iter:   2,358, lr:(1.738e-04,2.174e-05,)] [eta: 5:17:33, time (data): 2.477 (0.002)] l_pix: 2.2669e-02 
2025-11-22 12:49:05,327 INFO: [IART_..][epoch:  0, iter:   2,359, lr:(1.738e-04,2.174e-05,)] [eta: 5:17:30, time (data): 2.477 (0.002)] l_pix: 2.0835e-02 
2025-11-22 12:49:07,906 INFO: [IART_..][epoch:  0, iter:   2,360, lr:(1.738e-04,2.173e-05,)] [eta: 5:17:28, time (data): 2.478 (0.002)] l_pix: 4.2533e-02 
2025-11-22 12:49:10,483 INFO: [IART_..][epoch:  0, iter:   2,361, lr:(1.738e-04,2.173e-05,)] [eta: 5:17:26, time (data): 2.478 (0.002)] l_pix: 2.7155e-02 
2025-11-22 12:49:13,086 INFO: [IART_..][epoch:  0, iter:   2,362, lr:(1.737e-04,2.173e-05,)] [eta: 5:17:23, time (data): 2.479 (0.002)] l_pix: 3.7866e-02 
2025-11-22 12:49:15,524 INFO: [IART_..][epoch:  0, iter:   2,363, lr:(1.737e-04,2.173e-05,)] [eta: 5:17:21, time (data): 2.479 (0.002)] l_pix: 2.9601e-02 
2025-11-22 12:49:18,010 INFO: [IART_..][epoch:  0, iter:   2,364, lr:(1.737e-04,2.172e-05,)] [eta: 5:17:18, time (data): 2.479 (0.002)] l_pix: 2.1848e-02 
2025-11-22 12:49:20,412 INFO: [IART_..][epoch:  0, iter:   2,365, lr:(1.737e-04,2.172e-05,)] [eta: 5:17:16, time (data): 2.478 (0.002)] l_pix: 3.7417e-02 
2025-11-22 12:49:23,019 INFO: [IART_..][epoch:  0, iter:   2,366, lr:(1.737e-04,2.172e-05,)] [eta: 5:17:13, time (data): 2.479 (0.002)] l_pix: 3.8349e-02 
2025-11-22 12:49:25,520 INFO: [IART_..][epoch:  0, iter:   2,367, lr:(1.736e-04,2.172e-05,)] [eta: 5:17:11, time (data): 2.479 (0.002)] l_pix: 1.3539e-02 
2025-11-22 12:49:27,935 INFO: [IART_..][epoch:  0, iter:   2,368, lr:(1.736e-04,2.171e-05,)] [eta: 5:17:08, time (data): 2.479 (0.002)] l_pix: 2.2247e-02 
2025-11-22 12:49:30,414 INFO: [IART_..][epoch:  0, iter:   2,369, lr:(1.736e-04,2.171e-05,)] [eta: 5:17:06, time (data): 2.479 (0.002)] l_pix: 4.4041e-02 
2025-11-22 12:49:32,843 INFO: [IART_..][epoch:  0, iter:   2,370, lr:(1.736e-04,2.171e-05,)] [eta: 5:17:03, time (data): 2.479 (0.002)] l_pix: 3.2954e-02 
2025-11-22 12:49:35,313 INFO: [IART_..][epoch:  0, iter:   2,371, lr:(1.736e-04,2.171e-05,)] [eta: 5:17:00, time (data): 2.479 (0.002)] l_pix: 1.7896e-02 
2025-11-22 12:49:37,794 INFO: [IART_..][epoch:  0, iter:   2,372, lr:(1.735e-04,2.170e-05,)] [eta: 5:16:58, time (data): 2.479 (0.002)] l_pix: 3.8847e-02 
2025-11-22 12:49:40,226 INFO: [IART_..][epoch:  0, iter:   2,373, lr:(1.735e-04,2.170e-05,)] [eta: 5:16:55, time (data): 2.478 (0.002)] l_pix: 2.3401e-02 
2025-11-22 12:49:42,705 INFO: [IART_..][epoch:  0, iter:   2,374, lr:(1.735e-04,2.170e-05,)] [eta: 5:16:53, time (data): 2.478 (0.002)] l_pix: 3.1527e-02 
2025-11-22 12:49:45,203 INFO: [IART_..][epoch:  0, iter:   2,375, lr:(1.735e-04,2.169e-05,)] [eta: 5:16:50, time (data): 2.478 (0.002)] l_pix: 3.4548e-02 
2025-11-22 12:49:47,648 INFO: [IART_..][epoch:  0, iter:   2,376, lr:(1.734e-04,2.169e-05,)] [eta: 5:16:47, time (data): 2.478 (0.002)] l_pix: 2.9677e-02 
2025-11-22 12:49:50,097 INFO: [IART_..][epoch:  0, iter:   2,377, lr:(1.734e-04,2.169e-05,)] [eta: 5:16:45, time (data): 2.478 (0.002)] l_pix: 3.3152e-02 
2025-11-22 12:49:52,562 INFO: [IART_..][epoch:  0, iter:   2,378, lr:(1.734e-04,2.169e-05,)] [eta: 5:16:42, time (data): 2.478 (0.002)] l_pix: 3.2470e-02 
2025-11-22 12:49:55,010 INFO: [IART_..][epoch:  0, iter:   2,379, lr:(1.734e-04,2.168e-05,)] [eta: 5:16:40, time (data): 2.478 (0.002)] l_pix: 3.3258e-02 
2025-11-22 12:49:57,427 INFO: [IART_..][epoch:  0, iter:   2,380, lr:(1.734e-04,2.168e-05,)] [eta: 5:16:37, time (data): 2.477 (0.002)] l_pix: 2.7347e-02 
2025-11-22 12:49:59,873 INFO: [IART_..][epoch:  0, iter:   2,381, lr:(1.733e-04,2.168e-05,)] [eta: 5:16:34, time (data): 2.477 (0.002)] l_pix: 3.1994e-02 
2025-11-22 12:50:02,433 INFO: [IART_..][epoch:  0, iter:   2,382, lr:(1.733e-04,2.168e-05,)] [eta: 5:16:32, time (data): 2.478 (0.002)] l_pix: 1.9617e-02 
2025-11-22 12:50:04,963 INFO: [IART_..][epoch:  0, iter:   2,383, lr:(1.733e-04,2.167e-05,)] [eta: 5:16:30, time (data): 2.478 (0.002)] l_pix: 4.2499e-02 
2025-11-22 12:50:07,460 INFO: [IART_..][epoch:  0, iter:   2,384, lr:(1.733e-04,2.167e-05,)] [eta: 5:16:27, time (data): 2.478 (0.002)] l_pix: 3.7682e-02 
2025-11-22 12:50:09,924 INFO: [IART_..][epoch:  0, iter:   2,385, lr:(1.733e-04,2.167e-05,)] [eta: 5:16:24, time (data): 2.478 (0.002)] l_pix: 3.6582e-02 
2025-11-22 12:50:12,458 INFO: [IART_..][epoch:  0, iter:   2,386, lr:(1.732e-04,2.167e-05,)] [eta: 5:16:22, time (data): 2.478 (0.002)] l_pix: 3.5226e-02 
2025-11-22 12:50:14,923 INFO: [IART_..][epoch:  0, iter:   2,387, lr:(1.732e-04,2.166e-05,)] [eta: 5:16:20, time (data): 2.478 (0.002)] l_pix: 1.3047e-02 
2025-11-22 12:50:17,625 INFO: [IART_..][epoch:  0, iter:   2,388, lr:(1.732e-04,2.166e-05,)] [eta: 5:16:18, time (data): 2.480 (0.002)] l_pix: 3.3823e-02 
2025-11-22 12:50:20,072 INFO: [IART_..][epoch:  0, iter:   2,389, lr:(1.732e-04,2.166e-05,)] [eta: 5:16:15, time (data): 2.479 (0.002)] l_pix: 2.6035e-02 
2025-11-22 12:50:22,585 INFO: [IART_..][epoch:  0, iter:   2,390, lr:(1.731e-04,2.166e-05,)] [eta: 5:16:13, time (data): 2.480 (0.002)] l_pix: 1.6030e-02 
2025-11-22 12:50:25,113 INFO: [IART_..][epoch:  0, iter:   2,391, lr:(1.731e-04,2.165e-05,)] [eta: 5:16:10, time (data): 2.480 (0.002)] l_pix: 1.6954e-02 
2025-11-22 12:50:27,579 INFO: [IART_..][epoch:  0, iter:   2,392, lr:(1.731e-04,2.165e-05,)] [eta: 5:16:08, time (data): 2.480 (0.002)] l_pix: 2.6274e-02 
2025-11-22 12:50:30,122 INFO: [IART_..][epoch:  0, iter:   2,393, lr:(1.731e-04,2.165e-05,)] [eta: 5:16:05, time (data): 2.480 (0.002)] l_pix: 7.6183e-03 
2025-11-22 12:50:32,570 INFO: [IART_..][epoch:  0, iter:   2,394, lr:(1.731e-04,2.164e-05,)] [eta: 5:16:03, time (data): 2.480 (0.002)] l_pix: 3.6809e-02 
2025-11-22 12:50:35,049 INFO: [IART_..][epoch:  0, iter:   2,395, lr:(1.730e-04,2.164e-05,)] [eta: 5:16:00, time (data): 2.480 (0.002)] l_pix: 2.0550e-02 
2025-11-22 12:50:37,495 INFO: [IART_..][epoch:  0, iter:   2,396, lr:(1.730e-04,2.164e-05,)] [eta: 5:15:58, time (data): 2.480 (0.002)] l_pix: 2.2149e-02 
2025-11-22 12:50:39,900 INFO: [IART_..][epoch:  0, iter:   2,397, lr:(1.730e-04,2.164e-05,)] [eta: 5:15:55, time (data): 2.479 (0.002)] l_pix: 4.9737e-02 
2025-11-22 12:50:42,538 INFO: [IART_..][epoch:  0, iter:   2,398, lr:(1.730e-04,2.163e-05,)] [eta: 5:15:53, time (data): 2.480 (0.002)] l_pix: 3.1718e-02 
2025-11-22 12:50:45,003 INFO: [IART_..][epoch:  0, iter:   2,399, lr:(1.730e-04,2.163e-05,)] [eta: 5:15:50, time (data): 2.480 (0.002)] l_pix: 5.5800e-02 
2025-11-22 12:50:47,534 INFO: [IART_..][epoch:  0, iter:   2,400, lr:(1.729e-04,2.163e-05,)] [eta: 5:15:48, time (data): 2.480 (0.002)] l_pix: 3.3671e-02 
2025-11-22 12:50:50,141 INFO: [IART_..][epoch:  0, iter:   2,401, lr:(1.729e-04,2.163e-05,)] [eta: 5:15:46, time (data): 2.481 (0.002)] l_pix: 2.2420e-02 
2025-11-22 12:50:52,591 INFO: [IART_..][epoch:  0, iter:   2,402, lr:(1.729e-04,2.162e-05,)] [eta: 5:15:43, time (data): 2.481 (0.002)] l_pix: 3.1267e-02 
2025-11-22 12:50:55,197 INFO: [IART_..][epoch:  0, iter:   2,403, lr:(1.729e-04,2.162e-05,)] [eta: 5:15:41, time (data): 2.482 (0.002)] l_pix: 3.9848e-02 
2025-11-22 12:50:57,857 INFO: [IART_..][epoch:  0, iter:   2,404, lr:(1.728e-04,2.162e-05,)] [eta: 5:15:39, time (data): 2.483 (0.002)] l_pix: 1.8767e-02 
2025-11-22 12:51:00,397 INFO: [IART_..][epoch:  0, iter:   2,405, lr:(1.728e-04,2.161e-05,)] [eta: 5:15:37, time (data): 2.483 (0.002)] l_pix: 1.5484e-02 
2025-11-22 12:51:02,862 INFO: [IART_..][epoch:  0, iter:   2,406, lr:(1.728e-04,2.161e-05,)] [eta: 5:15:34, time (data): 2.483 (0.002)] l_pix: 2.2140e-02 
2025-11-22 12:51:05,372 INFO: [IART_..][epoch:  0, iter:   2,407, lr:(1.728e-04,2.161e-05,)] [eta: 5:15:32, time (data): 2.483 (0.002)] l_pix: 2.4216e-02 
2025-11-22 12:51:07,813 INFO: [IART_..][epoch:  0, iter:   2,408, lr:(1.728e-04,2.161e-05,)] [eta: 5:15:29, time (data): 2.483 (0.002)] l_pix: 4.4222e-02 
2025-11-22 12:51:10,350 INFO: [IART_..][epoch:  0, iter:   2,409, lr:(1.727e-04,2.160e-05,)] [eta: 5:15:26, time (data): 2.483 (0.002)] l_pix: 4.1309e-02 
2025-11-22 12:51:12,823 INFO: [IART_..][epoch:  0, iter:   2,410, lr:(1.727e-04,2.160e-05,)] [eta: 5:15:24, time (data): 2.483 (0.002)] l_pix: 2.9037e-02 
2025-11-22 12:51:15,306 INFO: [IART_..][epoch:  0, iter:   2,411, lr:(1.727e-04,2.160e-05,)] [eta: 5:15:21, time (data): 2.483 (0.002)] l_pix: 3.1863e-02 
2025-11-22 12:51:17,835 INFO: [IART_..][epoch:  0, iter:   2,412, lr:(1.727e-04,2.160e-05,)] [eta: 5:15:19, time (data): 2.483 (0.002)] l_pix: 3.6242e-02 
2025-11-22 12:51:20,331 INFO: [IART_..][epoch:  0, iter:   2,413, lr:(1.727e-04,2.159e-05,)] [eta: 5:15:17, time (data): 2.496 (0.000)] l_pix: 3.6095e-02 
2025-11-22 12:51:22,781 INFO: [IART_..][epoch:  0, iter:   2,414, lr:(1.726e-04,2.159e-05,)] [eta: 5:15:14, time (data): 2.473 (0.001)] l_pix: 2.3967e-02 
2025-11-22 12:51:25,324 INFO: [IART_..][epoch:  0, iter:   2,415, lr:(1.726e-04,2.159e-05,)] [eta: 5:15:12, time (data): 2.496 (0.006)] l_pix: 2.0595e-02 
2025-11-22 12:51:27,788 INFO: [IART_..][epoch:  0, iter:   2,416, lr:(1.726e-04,2.159e-05,)] [eta: 5:15:09, time (data): 2.488 (0.004)] l_pix: 1.3264e-02 
2025-11-22 12:51:30,396 INFO: [IART_..][epoch:  0, iter:   2,417, lr:(1.726e-04,2.158e-05,)] [eta: 5:15:07, time (data): 2.512 (0.004)] l_pix: 2.1825e-02 
2025-11-22 12:51:32,921 INFO: [IART_..][epoch:  0, iter:   2,418, lr:(1.725e-04,2.158e-05,)] [eta: 5:15:04, time (data): 2.514 (0.003)] l_pix: 3.8906e-02 
2025-11-22 12:51:35,450 INFO: [IART_..][epoch:  0, iter:   2,419, lr:(1.725e-04,2.158e-05,)] [eta: 5:15:02, time (data): 2.516 (0.003)] l_pix: 1.9917e-02 
2025-11-22 12:51:37,892 INFO: [IART_..][epoch:  0, iter:   2,420, lr:(1.725e-04,2.157e-05,)] [eta: 5:14:59, time (data): 2.507 (0.004)] l_pix: 2.3452e-02 
2025-11-22 12:51:40,334 INFO: [IART_..][epoch:  0, iter:   2,421, lr:(1.725e-04,2.157e-05,)] [eta: 5:14:57, time (data): 2.500 (0.004)] l_pix: 2.9056e-02 
2025-11-22 12:51:42,828 INFO: [IART_..][epoch:  0, iter:   2,422, lr:(1.725e-04,2.157e-05,)] [eta: 5:14:54, time (data): 2.499 (0.003)] l_pix: 3.0771e-02 
2025-11-22 12:51:45,264 INFO: [IART_..][epoch:  0, iter:   2,423, lr:(1.724e-04,2.157e-05,)] [eta: 5:14:52, time (data): 2.494 (0.003)] l_pix: 3.4137e-02 
2025-11-22 12:51:47,712 INFO: [IART_..][epoch:  0, iter:   2,424, lr:(1.724e-04,2.156e-05,)] [eta: 5:14:49, time (data): 2.490 (0.003)] l_pix: 2.9937e-02 
2025-11-22 12:51:50,226 INFO: [IART_..][epoch:  0, iter:   2,425, lr:(1.724e-04,2.156e-05,)] [eta: 5:14:47, time (data): 2.492 (0.003)] l_pix: 3.3047e-02 
2025-11-22 12:51:52,683 INFO: [IART_..][epoch:  0, iter:   2,426, lr:(1.724e-04,2.156e-05,)] [eta: 5:14:44, time (data): 2.489 (0.002)] l_pix: 2.3564e-02 
2025-11-22 12:51:55,133 INFO: [IART_..][epoch:  0, iter:   2,427, lr:(1.723e-04,2.156e-05,)] [eta: 5:14:41, time (data): 2.487 (0.002)] l_pix: 3.4860e-02 
2025-11-22 12:51:57,579 INFO: [IART_..][epoch:  0, iter:   2,428, lr:(1.723e-04,2.155e-05,)] [eta: 5:14:39, time (data): 2.484 (0.002)] l_pix: 2.0206e-02 
2025-11-22 12:52:00,040 INFO: [IART_..][epoch:  0, iter:   2,429, lr:(1.723e-04,2.155e-05,)] [eta: 5:14:36, time (data): 2.483 (0.002)] l_pix: 1.7330e-02 
2025-11-22 12:52:02,618 INFO: [IART_..][epoch:  0, iter:   2,430, lr:(1.723e-04,2.155e-05,)] [eta: 5:14:34, time (data): 2.488 (0.002)] l_pix: 3.4542e-02 
2025-11-22 12:52:05,002 INFO: [IART_..][epoch:  0, iter:   2,431, lr:(1.723e-04,2.154e-05,)] [eta: 5:14:31, time (data): 2.483 (0.002)] l_pix: 2.9076e-02 
2025-11-22 12:52:07,497 INFO: [IART_..][epoch:  0, iter:   2,432, lr:(1.722e-04,2.154e-05,)] [eta: 5:14:28, time (data): 2.483 (0.002)] l_pix: 3.5892e-02 
2025-11-22 12:52:09,985 INFO: [IART_..][epoch:  0, iter:   2,433, lr:(1.722e-04,2.154e-05,)] [eta: 5:14:26, time (data): 2.483 (0.002)] l_pix: 1.2303e-02 
2025-11-22 12:52:12,458 INFO: [IART_..][epoch:  0, iter:   2,434, lr:(1.722e-04,2.154e-05,)] [eta: 5:14:23, time (data): 2.483 (0.002)] l_pix: 4.7193e-02 
2025-11-22 12:52:14,905 INFO: [IART_..][epoch:  0, iter:   2,435, lr:(1.722e-04,2.153e-05,)] [eta: 5:14:21, time (data): 2.481 (0.001)] l_pix: 2.8421e-02 
2025-11-22 12:52:17,367 INFO: [IART_..][epoch:  0, iter:   2,436, lr:(1.722e-04,2.153e-05,)] [eta: 5:14:18, time (data): 2.481 (0.002)] l_pix: 1.2403e-02 
2025-11-22 12:52:19,907 INFO: [IART_..][epoch:  0, iter:   2,437, lr:(1.721e-04,2.153e-05,)] [eta: 5:14:16, time (data): 2.483 (0.002)] l_pix: 4.5091e-02 
2025-11-22 12:52:22,311 INFO: [IART_..][epoch:  0, iter:   2,438, lr:(1.721e-04,2.153e-05,)] [eta: 5:14:13, time (data): 2.480 (0.002)] l_pix: 2.6829e-02 
2025-11-22 12:52:24,712 INFO: [IART_..][epoch:  0, iter:   2,439, lr:(1.721e-04,2.152e-05,)] [eta: 5:14:10, time (data): 2.477 (0.002)] l_pix: 2.4086e-02 
2025-11-22 12:52:27,208 INFO: [IART_..][epoch:  0, iter:   2,440, lr:(1.721e-04,2.152e-05,)] [eta: 5:14:08, time (data): 2.478 (0.002)] l_pix: 4.1439e-02 
2025-11-22 12:52:29,719 INFO: [IART_..][epoch:  0, iter:   2,441, lr:(1.720e-04,2.152e-05,)] [eta: 5:14:05, time (data): 2.479 (0.002)] l_pix: 2.4678e-02 
2025-11-22 12:52:32,156 INFO: [IART_..][epoch:  0, iter:   2,442, lr:(1.720e-04,2.152e-05,)] [eta: 5:14:03, time (data): 2.477 (0.002)] l_pix: 2.5392e-02 
2025-11-22 12:52:34,641 INFO: [IART_..][epoch:  0, iter:   2,443, lr:(1.720e-04,2.151e-05,)] [eta: 5:14:00, time (data): 2.478 (0.002)] l_pix: 3.4650e-02 
2025-11-22 12:52:37,110 INFO: [IART_..][epoch:  0, iter:   2,444, lr:(1.720e-04,2.151e-05,)] [eta: 5:13:58, time (data): 2.477 (0.002)] l_pix: 3.8695e-02 
2025-11-22 12:52:39,527 INFO: [IART_..][epoch:  0, iter:   2,445, lr:(1.720e-04,2.151e-05,)] [eta: 5:13:55, time (data): 2.476 (0.002)] l_pix: 3.5966e-02 
2025-11-22 12:52:41,993 INFO: [IART_..][epoch:  0, iter:   2,446, lr:(1.719e-04,2.150e-05,)] [eta: 5:13:52, time (data): 2.475 (0.001)] l_pix: 2.9989e-02 
2025-11-22 12:52:44,408 INFO: [IART_..][epoch:  0, iter:   2,447, lr:(1.719e-04,2.150e-05,)] [eta: 5:13:50, time (data): 2.474 (0.001)] l_pix: 9.3758e-03 
2025-11-22 12:52:46,826 INFO: [IART_..][epoch:  0, iter:   2,448, lr:(1.719e-04,2.150e-05,)] [eta: 5:13:47, time (data): 2.472 (0.001)] l_pix: 2.6312e-02 
2025-11-22 12:52:49,295 INFO: [IART_..][epoch:  0, iter:   2,449, lr:(1.719e-04,2.150e-05,)] [eta: 5:13:44, time (data): 2.472 (0.002)] l_pix: 2.6716e-02 
2025-11-22 12:52:51,803 INFO: [IART_..][epoch:  0, iter:   2,450, lr:(1.718e-04,2.149e-05,)] [eta: 5:13:42, time (data): 2.473 (0.002)] l_pix: 1.5126e-02 
2025-11-22 12:52:54,233 INFO: [IART_..][epoch:  0, iter:   2,451, lr:(1.718e-04,2.149e-05,)] [eta: 5:13:39, time (data): 2.472 (0.002)] l_pix: 3.6324e-02 
2025-11-22 12:52:56,645 INFO: [IART_..][epoch:  0, iter:   2,452, lr:(1.718e-04,2.149e-05,)] [eta: 5:13:36, time (data): 2.470 (0.002)] l_pix: 3.4113e-02 
2025-11-22 12:52:59,096 INFO: [IART_..][epoch:  0, iter:   2,453, lr:(1.718e-04,2.149e-05,)] [eta: 5:13:34, time (data): 2.470 (0.002)] l_pix: 1.6718e-02 
2025-11-22 12:53:01,578 INFO: [IART_..][epoch:  0, iter:   2,454, lr:(1.718e-04,2.148e-05,)] [eta: 5:13:31, time (data): 2.470 (0.002)] l_pix: 2.3283e-02 
2025-11-22 12:53:04,093 INFO: [IART_..][epoch:  0, iter:   2,455, lr:(1.717e-04,2.148e-05,)] [eta: 5:13:29, time (data): 2.471 (0.002)] l_pix: 4.7094e-02 
2025-11-22 12:53:06,639 INFO: [IART_..][epoch:  0, iter:   2,456, lr:(1.717e-04,2.148e-05,)] [eta: 5:13:26, time (data): 2.473 (0.002)] l_pix: 3.2545e-02 
2025-11-22 12:53:09,087 INFO: [IART_..][epoch:  0, iter:   2,457, lr:(1.717e-04,2.147e-05,)] [eta: 5:13:24, time (data): 2.472 (0.001)] l_pix: 3.0361e-02 
2025-11-22 12:53:11,552 INFO: [IART_..][epoch:  0, iter:   2,458, lr:(1.717e-04,2.147e-05,)] [eta: 5:13:21, time (data): 2.472 (0.001)] l_pix: 1.8431e-02 
2025-11-22 12:53:14,046 INFO: [IART_..][epoch:  0, iter:   2,459, lr:(1.717e-04,2.147e-05,)] [eta: 5:13:19, time (data): 2.473 (0.001)] l_pix: 2.9003e-02 
2025-11-22 12:53:16,503 INFO: [IART_..][epoch:  0, iter:   2,460, lr:(1.716e-04,2.147e-05,)] [eta: 5:13:16, time (data): 2.472 (0.001)] l_pix: 1.9673e-02 
2025-11-22 12:53:19,070 INFO: [IART_..][epoch:  0, iter:   2,461, lr:(1.716e-04,2.146e-05,)] [eta: 5:13:14, time (data): 2.474 (0.001)] l_pix: 2.3980e-02 
2025-11-22 12:53:21,532 INFO: [IART_..][epoch:  0, iter:   2,462, lr:(1.716e-04,2.146e-05,)] [eta: 5:13:11, time (data): 2.474 (0.001)] l_pix: 1.4920e-02 
2025-11-22 12:53:23,962 INFO: [IART_..][epoch:  0, iter:   2,463, lr:(1.716e-04,2.146e-05,)] [eta: 5:13:09, time (data): 2.473 (0.001)] l_pix: 1.9011e-02 
2025-11-22 12:53:26,458 INFO: [IART_..][epoch:  0, iter:   2,464, lr:(1.715e-04,2.146e-05,)] [eta: 5:13:06, time (data): 2.473 (0.001)] l_pix: 1.5967e-02 
2025-11-22 12:53:28,815 INFO: [IART_..][epoch:  0, iter:   2,465, lr:(1.715e-04,2.145e-05,)] [eta: 5:13:03, time (data): 2.471 (0.001)] l_pix: 1.5819e-02 
2025-11-22 12:53:31,310 INFO: [IART_..][epoch:  0, iter:   2,466, lr:(1.715e-04,2.145e-05,)] [eta: 5:13:01, time (data): 2.471 (0.002)] l_pix: 6.5420e-03 
2025-11-22 12:53:33,742 INFO: [IART_..][epoch:  0, iter:   2,467, lr:(1.715e-04,2.145e-05,)] [eta: 5:12:58, time (data): 2.471 (0.002)] l_pix: 1.8011e-02 
2025-11-22 12:53:36,203 INFO: [IART_..][epoch:  0, iter:   2,468, lr:(1.715e-04,2.144e-05,)] [eta: 5:12:55, time (data): 2.471 (0.002)] l_pix: 3.6304e-02 
2025-11-22 12:53:38,716 INFO: [IART_..][epoch:  0, iter:   2,469, lr:(1.714e-04,2.144e-05,)] [eta: 5:12:53, time (data): 2.471 (0.002)] l_pix: 1.3302e-02 
2025-11-22 12:53:41,148 INFO: [IART_..][epoch:  0, iter:   2,470, lr:(1.714e-04,2.144e-05,)] [eta: 5:12:50, time (data): 2.471 (0.002)] l_pix: 3.5383e-02 
2025-11-22 12:53:43,643 INFO: [IART_..][epoch:  0, iter:   2,471, lr:(1.714e-04,2.144e-05,)] [eta: 5:12:48, time (data): 2.471 (0.002)] l_pix: 3.7162e-02 
2025-11-22 12:53:46,153 INFO: [IART_..][epoch:  0, iter:   2,472, lr:(1.714e-04,2.143e-05,)] [eta: 5:12:45, time (data): 2.472 (0.002)] l_pix: 2.5022e-02 
2025-11-22 12:53:48,695 INFO: [IART_..][epoch:  0, iter:   2,473, lr:(1.713e-04,2.143e-05,)] [eta: 5:12:43, time (data): 2.473 (0.002)] l_pix: 2.4803e-02 
2025-11-22 12:53:51,122 INFO: [IART_..][epoch:  0, iter:   2,474, lr:(1.713e-04,2.143e-05,)] [eta: 5:12:40, time (data): 2.472 (0.002)] l_pix: 2.7261e-02 
2025-11-22 12:53:53,574 INFO: [IART_..][epoch:  0, iter:   2,475, lr:(1.713e-04,2.143e-05,)] [eta: 5:12:38, time (data): 2.472 (0.002)] l_pix: 3.2509e-02 
2025-11-22 12:53:56,093 INFO: [IART_..][epoch:  0, iter:   2,476, lr:(1.713e-04,2.142e-05,)] [eta: 5:12:35, time (data): 2.473 (0.002)] l_pix: 4.0005e-02 
2025-11-22 12:53:58,645 INFO: [IART_..][epoch:  0, iter:   2,477, lr:(1.713e-04,2.142e-05,)] [eta: 5:12:33, time (data): 2.474 (0.002)] l_pix: 2.2188e-02 
2025-11-22 12:54:01,106 INFO: [IART_..][epoch:  0, iter:   2,478, lr:(1.712e-04,2.142e-05,)] [eta: 5:12:30, time (data): 2.474 (0.002)] l_pix: 1.8903e-02 
2025-11-22 12:54:03,567 INFO: [IART_..][epoch:  0, iter:   2,479, lr:(1.712e-04,2.141e-05,)] [eta: 5:12:28, time (data): 2.473 (0.002)] l_pix: 2.9746e-02 
2025-11-22 12:54:06,004 INFO: [IART_..][epoch:  0, iter:   2,480, lr:(1.712e-04,2.141e-05,)] [eta: 5:12:25, time (data): 2.473 (0.002)] l_pix: 1.3238e-02 
2025-11-22 12:54:08,511 INFO: [IART_..][epoch:  0, iter:   2,481, lr:(1.712e-04,2.141e-05,)] [eta: 5:12:23, time (data): 2.473 (0.002)] l_pix: 1.3760e-02 
2025-11-22 12:54:10,960 INFO: [IART_..][epoch:  0, iter:   2,482, lr:(1.711e-04,2.141e-05,)] [eta: 5:12:20, time (data): 2.473 (0.002)] l_pix: 9.1435e-03 
2025-11-22 12:54:13,407 INFO: [IART_..][epoch:  0, iter:   2,483, lr:(1.711e-04,2.140e-05,)] [eta: 5:12:17, time (data): 2.473 (0.001)] l_pix: 3.0377e-02 
2025-11-22 12:54:15,854 INFO: [IART_..][epoch:  0, iter:   2,484, lr:(1.711e-04,2.140e-05,)] [eta: 5:12:15, time (data): 2.472 (0.001)] l_pix: 4.0617e-02 
2025-11-22 12:54:18,299 INFO: [IART_..][epoch:  0, iter:   2,485, lr:(1.711e-04,2.140e-05,)] [eta: 5:12:12, time (data): 2.472 (0.001)] l_pix: 1.4161e-02 
2025-11-22 12:54:20,717 INFO: [IART_..][epoch:  0, iter:   2,486, lr:(1.711e-04,2.139e-05,)] [eta: 5:12:10, time (data): 2.471 (0.001)] l_pix: 3.7779e-02 
2025-11-22 12:54:23,139 INFO: [IART_..][epoch:  0, iter:   2,487, lr:(1.710e-04,2.139e-05,)] [eta: 5:12:07, time (data): 2.470 (0.002)] l_pix: 1.9671e-02 
2025-11-22 12:54:25,593 INFO: [IART_..][epoch:  0, iter:   2,488, lr:(1.710e-04,2.139e-05,)] [eta: 5:12:04, time (data): 2.470 (0.002)] l_pix: 1.9318e-02 
2025-11-22 12:54:28,014 INFO: [IART_..][epoch:  0, iter:   2,489, lr:(1.710e-04,2.139e-05,)] [eta: 5:12:01, time (data): 2.470 (0.002)] l_pix: 3.5878e-02 
2025-11-22 12:54:30,504 INFO: [IART_..][epoch:  0, iter:   2,490, lr:(1.710e-04,2.138e-05,)] [eta: 5:11:59, time (data): 2.470 (0.002)] l_pix: 3.2009e-02 
2025-11-22 12:54:32,965 INFO: [IART_..][epoch:  0, iter:   2,491, lr:(1.709e-04,2.138e-05,)] [eta: 5:11:56, time (data): 2.470 (0.002)] l_pix: 3.9505e-02 
2025-11-22 12:54:35,409 INFO: [IART_..][epoch:  0, iter:   2,492, lr:(1.709e-04,2.138e-05,)] [eta: 5:11:54, time (data): 2.469 (0.002)] l_pix: 2.2829e-02 
2025-11-22 12:54:37,970 INFO: [IART_..][epoch:  0, iter:   2,493, lr:(1.709e-04,2.138e-05,)] [eta: 5:11:51, time (data): 2.471 (0.002)] l_pix: 2.8119e-02 
2025-11-22 12:54:40,578 INFO: [IART_..][epoch:  0, iter:   2,494, lr:(1.709e-04,2.137e-05,)] [eta: 5:11:49, time (data): 2.472 (0.001)] l_pix: 3.7010e-02 
2025-11-22 12:54:42,986 INFO: [IART_..][epoch:  0, iter:   2,495, lr:(1.709e-04,2.137e-05,)] [eta: 5:11:47, time (data): 2.471 (0.001)] l_pix: 4.4918e-02 
2025-11-22 12:54:45,470 INFO: [IART_..][epoch:  0, iter:   2,496, lr:(1.708e-04,2.137e-05,)] [eta: 5:11:44, time (data): 2.472 (0.001)] l_pix: 1.8537e-02 
2025-11-22 12:54:47,929 INFO: [IART_..][epoch:  0, iter:   2,497, lr:(1.708e-04,2.136e-05,)] [eta: 5:11:41, time (data): 2.471 (0.001)] l_pix: 2.8338e-02 
2025-11-22 12:54:50,440 INFO: [IART_..][epoch:  0, iter:   2,498, lr:(1.708e-04,2.136e-05,)] [eta: 5:11:39, time (data): 2.472 (0.001)] l_pix: 3.5545e-02 
2025-11-22 12:54:52,952 INFO: [IART_..][epoch:  0, iter:   2,499, lr:(1.708e-04,2.136e-05,)] [eta: 5:11:37, time (data): 2.472 (0.001)] l_pix: 4.1897e-02 
2025-11-22 12:54:55,368 INFO: [IART_..][epoch:  0, iter:   2,500, lr:(1.707e-04,2.136e-05,)] [eta: 5:11:34, time (data): 2.472 (0.001)] l_pix: 1.1571e-02 
2025-11-22 12:54:55,368 INFO: Saving models and training states.
2025-11-22 12:54:56,018 WARNING: nondist_validation is not implemented. Run dist_validation.
