2025-11-21 17:07:30,224 INFO: 
                ____                _       _____  ____
               / __ ) ____ _ _____ (_)_____/ ___/ / __ \
              / __  |/ __ `// ___// // ___/\__ \ / /_/ /
             / /_/ // /_/ /(__  )/ // /__ ___/ // _, _/
            /_____/ \__,_//____//_/ \___//____//_/ |_|
     ______                   __   __                 __      __
    / ____/____   ____   ____/ /  / /   __  __ _____ / /__   / /
   / / __ / __ \ / __ \ / __  /  / /   / / / // ___// //_/  / /
  / /_/ // /_/ // /_/ // /_/ /  / /___/ /_/ // /__ / /<    /_/
  \____/ \____/ \____/ \____/  /_____/\____/ \___//_/|_|  (_)
    
Version Information: 
	BasicSR: 1.4.2
	PyTorch: 2.8.0+cu128
	TorchVision: 0.23.0+cu128
2025-11-21 17:07:30,224 INFO: 
  name: IART_REDS_N5_15K
  model_type: RecurrentMixPrecisionRTModel
  scale: 4
  num_gpu: 1
  manual_seed: 0
  find_unused_parameters: False
  use_static_graph: True
  datasets:[
    train:[
      name: REDS
      type: REDSRecurrentDataset
      dataroot_gt: datasets/REDS/train_sharp
      dataroot_lq: datasets/REDS/train_sharp_bicubic/X4
      meta_info_file: datasets/meta_info/meta_info_REDS_GT.txt
      val_partition: REDS4
      test_mode: False
      io_backend:[
        type: disk
      ]
      num_frame: 5
      gt_size: 256
      interval_list: [1]
      random_reverse: False
      use_hflip: True
      use_rot: True
      use_shuffle: True
      num_worker_per_gpu: 4
      batch_size_per_gpu: 2
      dataset_enlarge_ratio: 1
      prefetch_mode: None
      phase: train
      scale: 4
    ]
    val:[
      name: REDS4
      type: VideoRecurrentTestDataset
      dataroot_gt: datasets/REDS/val_REDS4_sharp
      dataroot_lq: datasets/REDS/val_REDS4_sharp_bicubic/X4
      cache_data: True
      io_backend:[
        type: disk
      ]
      num_frame: -1
      phase: val
      scale: 4
    ]
  ]
  network_g:[
    type: IART
    mid_channels: 64
    embed_dim: 120
    depths: [6, 6, 6]
    num_heads: [6, 6, 6]
    window_size: [3, 8, 8]
    num_frames: 3
    img_size: 64
    patch_size: 1
    cpu_cache_length: 100
    is_low_res_input: True
    spynet_path: experiments/pretrained_models/flownet/spynet_sintel_final-3d2a1287.pth
  ]
  path:[
    pretrain_network_g: None
    strict_load_g: True
    resume_state: None
    experiments_root: C:\Users\snms\Desktop\yuan_project\IART\experiments\IART_REDS_N5_15K
    models: C:\Users\snms\Desktop\yuan_project\IART\experiments\IART_REDS_N5_15K\models
    training_states: C:\Users\snms\Desktop\yuan_project\IART\experiments\IART_REDS_N5_15K\training_states
    log: C:\Users\snms\Desktop\yuan_project\IART\experiments\IART_REDS_N5_15K
    visualization: C:\Users\snms\Desktop\yuan_project\IART\experiments\IART_REDS_N5_15K\visualization
  ]
  train:[
    ema_decay: 0.999
    optim_g:[
      type: Adam
      lr: 0.0002
      weight_decay: 0
      betas: [0.9, 0.99]
    ]
    scheduler:[
      type: CosineAnnealingRestartLR
      periods: [15000]
      restart_weights: [1]
      eta_min: 1e-07
    ]
    total_iter: 15000
    warmup_iter: -1
    fix_flow: 5000
    flow_lr_mul: 0.125
    pixel_opt:[
      type: CharbonnierLoss
      loss_weight: 1.0
      reduction: mean
    ]
  ]
  val:[
    val_freq: 2500.0
    save_img: False
    metrics:[
      psnr:[
        type: calculate_psnr
        crop_border: 0
        test_y_channel: False
      ]
      ssim:[
        type: calculate_ssim
        crop_border: 0
        test_y_channel: False
      ]
    ]
  ]
  logger:[
    print_freq: 1
    save_checkpoint_freq: 2500.0
    use_tb_logger: True
    wandb:[
      project: None
      resume_id: None
    ]
  ]
  dist_params:[
    backend: nccl
    port: 29500
  ]
  dist: False
  rank: 0
  world_size: 1
  auto_resume: True
  is_train: True
  root_path: C:\Users\snms\Desktop\yuan_project\IART

2025-11-21 17:07:30,400 INFO: Temporal augmentation interval list: [1]; random reverse is False.
2025-11-21 17:07:30,401 INFO: Dataset [REDSRecurrentDataset] - REDS is built.
2025-11-21 17:07:30,401 INFO: Training statistics:
	Number of train images: 26600
	Dataset enlarge ratio: 1
	Batch size per gpu: 2
	World size (gpu number): 1
	Require iter number per epoch: 13300
	Total epochs: 2; iters: 15000.
2025-11-21 17:07:30,401 INFO: Generate data info for VideoTestDataset - REDS4
2025-11-21 17:07:30,401 INFO: Dataset [VideoRecurrentTestDataset] - REDS4 is built.
2025-11-21 17:07:30,402 INFO: Number of val images/folders in REDS4: 0
2025-11-21 17:07:30,635 INFO: Network [IART] is created.
2025-11-21 17:07:30,774 INFO: Network: IART, with parameters: 13,410,503
2025-11-21 17:07:30,774 INFO: IART(
  (conv_before_upsample): Conv2d(120, 64, kernel_size=(3, 3), stride=(1, 1), padding=(1, 1))
  (spynet): SpyNet(
    (basic_module): ModuleList(
      (0-5): 6 x BasicModule(
        (basic_module): Sequential(
          (0): Conv2d(8, 32, kernel_size=(7, 7), stride=(1, 1), padding=(3, 3))
          (1): ReLU()
          (2): Conv2d(32, 64, kernel_size=(7, 7), stride=(1, 1), padding=(3, 3))
          (3): ReLU()
          (4): Conv2d(64, 32, kernel_size=(7, 7), stride=(1, 1), padding=(3, 3))
          (5): ReLU()
          (6): Conv2d(32, 16, kernel_size=(7, 7), stride=(1, 1), padding=(3, 3))
          (7): ReLU()
          (8): Conv2d(16, 2, kernel_size=(7, 7), stride=(1, 1), padding=(3, 3))
        )
      )
    )
  )
  (conv_first): Conv2d(3, 120, kernel_size=(3, 3), stride=(1, 1), padding=(1, 1))
  (swin_backbone): ModuleDict(
    (backward_1): SwinIRFM(
      (conv_first): Conv2d(3, 120, kernel_size=(3, 3), stride=(1, 1), padding=(1, 1))
      (conv_first_feat): Conv2d(64, 120, kernel_size=(3, 3), stride=(1, 1), padding=(1, 1))
      (patch_embed): PatchEmbed(
        (norm): LayerNorm((120,), eps=1e-05, elementwise_affine=True)
      )
      (patch_unembed): PatchUnEmbed()
      (pos_drop): Dropout(p=0.0, inplace=False)
      (layers): ModuleList(
        (0): RSTB(
          (residual_group): BasicLayer(
            dim=120, input_resolution=(64, 64), depth=6
            (blocks): ModuleList(
              (0): SwinTransformerBlock(
                dim=120, input_resolution=(64, 64), num_heads=6, window_size=[3, 8, 8], shift_size=(0, 0, 0), mlp_ratio=2.0
                (norm1): LayerNorm((120,), eps=1e-05, elementwise_affine=True)
                (attn): WindowAttention(
                  dim=120, window_size=[3, 8, 8], num_heads=6
                  (qkv): Linear(in_features=120, out_features=360, bias=True)
                  (attn_drop): Dropout(p=0.0, inplace=False)
                  (proj): Linear(in_features=120, out_features=120, bias=True)
                  (proj_drop): Dropout(p=0.0, inplace=False)
                  (softmax): Softmax(dim=-1)
                )
                (drop_path): Identity()
                (norm2): LayerNorm((120,), eps=1e-05, elementwise_affine=True)
                (mlp): Mlp(
                  (fc1): Linear(in_features=120, out_features=240, bias=True)
                  (act): GELU(approximate='none')
                  (fc2): Linear(in_features=240, out_features=120, bias=True)
                  (drop): Dropout(p=0.0, inplace=False)
                )
              )
              (1): SwinTransformerBlock(
                dim=120, input_resolution=(64, 64), num_heads=6, window_size=[3, 8, 8], shift_size=(3, 4, 4), mlp_ratio=2.0
                (norm1): LayerNorm((120,), eps=1e-05, elementwise_affine=True)
                (attn): WindowAttention(
                  dim=120, window_size=[3, 8, 8], num_heads=6
                  (qkv): Linear(in_features=120, out_features=360, bias=True)
                  (attn_drop): Dropout(p=0.0, inplace=False)
                  (proj): Linear(in_features=120, out_features=120, bias=True)
                  (proj_drop): Dropout(p=0.0, inplace=False)
                  (softmax): Softmax(dim=-1)
                )
                (drop_path): DropPath()
                (norm2): LayerNorm((120,), eps=1e-05, elementwise_affine=True)
                (mlp): Mlp(
                  (fc1): Linear(in_features=120, out_features=240, bias=True)
                  (act): GELU(approximate='none')
                  (fc2): Linear(in_features=240, out_features=120, bias=True)
                  (drop): Dropout(p=0.0, inplace=False)
                )
              )
              (2): SwinTransformerBlock(
                dim=120, input_resolution=(64, 64), num_heads=6, window_size=[3, 8, 8], shift_size=(0, 0, 0), mlp_ratio=2.0
                (norm1): LayerNorm((120,), eps=1e-05, elementwise_affine=True)
                (attn): WindowAttention(
                  dim=120, window_size=[3, 8, 8], num_heads=6
                  (qkv): Linear(in_features=120, out_features=360, bias=True)
                  (attn_drop): Dropout(p=0.0, inplace=False)
                  (proj): Linear(in_features=120, out_features=120, bias=True)
                  (proj_drop): Dropout(p=0.0, inplace=False)
                  (softmax): Softmax(dim=-1)
                )
                (drop_path): DropPath()
                (norm2): LayerNorm((120,), eps=1e-05, elementwise_affine=True)
                (mlp): Mlp(
                  (fc1): Linear(in_features=120, out_features=240, bias=True)
                  (act): GELU(approximate='none')
                  (fc2): Linear(in_features=240, out_features=120, bias=True)
                  (drop): Dropout(p=0.0, inplace=False)
                )
              )
              (3): SwinTransformerBlock(
                dim=120, input_resolution=(64, 64), num_heads=6, window_size=[3, 8, 8], shift_size=(3, 4, 4), mlp_ratio=2.0
                (norm1): LayerNorm((120,), eps=1e-05, elementwise_affine=True)
                (attn): WindowAttention(
                  dim=120, window_size=[3, 8, 8], num_heads=6
                  (qkv): Linear(in_features=120, out_features=360, bias=True)
                  (attn_drop): Dropout(p=0.0, inplace=False)
                  (proj): Linear(in_features=120, out_features=120, bias=True)
                  (proj_drop): Dropout(p=0.0, inplace=False)
                  (softmax): Softmax(dim=-1)
                )
                (drop_path): DropPath()
                (norm2): LayerNorm((120,), eps=1e-05, elementwise_affine=True)
                (mlp): Mlp(
                  (fc1): Linear(in_features=120, out_features=240, bias=True)
                  (act): GELU(approximate='none')
                  (fc2): Linear(in_features=240, out_features=120, bias=True)
                  (drop): Dropout(p=0.0, inplace=False)
                )
              )
              (4): SwinTransformerBlock(
                dim=120, input_resolution=(64, 64), num_heads=6, window_size=[3, 8, 8], shift_size=(0, 0, 0), mlp_ratio=2.0
                (norm1): LayerNorm((120,), eps=1e-05, elementwise_affine=True)
                (attn): WindowAttention(
                  dim=120, window_size=[3, 8, 8], num_heads=6
                  (qkv): Linear(in_features=120, out_features=360, bias=True)
                  (attn_drop): Dropout(p=0.0, inplace=False)
                  (proj): Linear(in_features=120, out_features=120, bias=True)
                  (proj_drop): Dropout(p=0.0, inplace=False)
                  (softmax): Softmax(dim=-1)
                )
                (drop_path): DropPath()
                (norm2): LayerNorm((120,), eps=1e-05, elementwise_affine=True)
                (mlp): Mlp(
                  (fc1): Linear(in_features=120, out_features=240, bias=True)
                  (act): GELU(approximate='none')
                  (fc2): Linear(in_features=240, out_features=120, bias=True)
                  (drop): Dropout(p=0.0, inplace=False)
                )
              )
              (5): SwinTransformerBlock(
                dim=120, input_resolution=(64, 64), num_heads=6, window_size=[3, 8, 8], shift_size=(3, 4, 4), mlp_ratio=2.0
                (norm1): LayerNorm((120,), eps=1e-05, elementwise_affine=True)
                (attn): WindowAttention(
                  dim=120, window_size=[3, 8, 8], num_heads=6
                  (qkv): Linear(in_features=120, out_features=360, bias=True)
                  (attn_drop): Dropout(p=0.0, inplace=False)
                  (proj): Linear(in_features=120, out_features=120, bias=True)
                  (proj_drop): Dropout(p=0.0, inplace=False)
                  (softmax): Softmax(dim=-1)
                )
                (drop_path): DropPath()
                (norm2): LayerNorm((120,), eps=1e-05, elementwise_affine=True)
                (mlp): Mlp(
                  (fc1): Linear(in_features=120, out_features=240, bias=True)
                  (act): GELU(approximate='none')
                  (fc2): Linear(in_features=240, out_features=120, bias=True)
                  (drop): Dropout(p=0.0, inplace=False)
                )
              )
            )
          )
          (conv): Conv2d(120, 120, kernel_size=(3, 3), stride=(1, 1), padding=(1, 1))
          (patch_embed): PatchEmbed()
          (patch_unembed): PatchUnEmbed()
        )
        (1-2): 2 x RSTB(
          (residual_group): BasicLayer(
            dim=120, input_resolution=(64, 64), depth=6
            (blocks): ModuleList(
              (0): SwinTransformerBlock(
                dim=120, input_resolution=(64, 64), num_heads=6, window_size=[3, 8, 8], shift_size=(0, 0, 0), mlp_ratio=2.0
                (norm1): LayerNorm((120,), eps=1e-05, elementwise_affine=True)
                (attn): WindowAttention(
                  dim=120, window_size=[3, 8, 8], num_heads=6
                  (qkv): Linear(in_features=120, out_features=360, bias=True)
                  (attn_drop): Dropout(p=0.0, inplace=False)
                  (proj): Linear(in_features=120, out_features=120, bias=True)
                  (proj_drop): Dropout(p=0.0, inplace=False)
                  (softmax): Softmax(dim=-1)
                )
                (drop_path): DropPath()
                (norm2): LayerNorm((120,), eps=1e-05, elementwise_affine=True)
                (mlp): Mlp(
                  (fc1): Linear(in_features=120, out_features=240, bias=True)
                  (act): GELU(approximate='none')
                  (fc2): Linear(in_features=240, out_features=120, bias=True)
                  (drop): Dropout(p=0.0, inplace=False)
                )
              )
              (1): SwinTransformerBlock(
                dim=120, input_resolution=(64, 64), num_heads=6, window_size=[3, 8, 8], shift_size=(3, 4, 4), mlp_ratio=2.0
                (norm1): LayerNorm((120,), eps=1e-05, elementwise_affine=True)
                (attn): WindowAttention(
                  dim=120, window_size=[3, 8, 8], num_heads=6
                  (qkv): Linear(in_features=120, out_features=360, bias=True)
                  (attn_drop): Dropout(p=0.0, inplace=False)
                  (proj): Linear(in_features=120, out_features=120, bias=True)
                  (proj_drop): Dropout(p=0.0, inplace=False)
                  (softmax): Softmax(dim=-1)
                )
                (drop_path): DropPath()
                (norm2): LayerNorm((120,), eps=1e-05, elementwise_affine=True)
                (mlp): Mlp(
                  (fc1): Linear(in_features=120, out_features=240, bias=True)
                  (act): GELU(approximate='none')
                  (fc2): Linear(in_features=240, out_features=120, bias=True)
                  (drop): Dropout(p=0.0, inplace=False)
                )
              )
              (2): SwinTransformerBlock(
                dim=120, input_resolution=(64, 64), num_heads=6, window_size=[3, 8, 8], shift_size=(0, 0, 0), mlp_ratio=2.0
                (norm1): LayerNorm((120,), eps=1e-05, elementwise_affine=True)
                (attn): WindowAttention(
                  dim=120, window_size=[3, 8, 8], num_heads=6
                  (qkv): Linear(in_features=120, out_features=360, bias=True)
                  (attn_drop): Dropout(p=0.0, inplace=False)
                  (proj): Linear(in_features=120, out_features=120, bias=True)
                  (proj_drop): Dropout(p=0.0, inplace=False)
                  (softmax): Softmax(dim=-1)
                )
                (drop_path): DropPath()
                (norm2): LayerNorm((120,), eps=1e-05, elementwise_affine=True)
                (mlp): Mlp(
                  (fc1): Linear(in_features=120, out_features=240, bias=True)
                  (act): GELU(approximate='none')
                  (fc2): Linear(in_features=240, out_features=120, bias=True)
                  (drop): Dropout(p=0.0, inplace=False)
                )
              )
              (3): SwinTransformerBlock(
                dim=120, input_resolution=(64, 64), num_heads=6, window_size=[3, 8, 8], shift_size=(3, 4, 4), mlp_ratio=2.0
                (norm1): LayerNorm((120,), eps=1e-05, elementwise_affine=True)
                (attn): WindowAttention(
                  dim=120, window_size=[3, 8, 8], num_heads=6
                  (qkv): Linear(in_features=120, out_features=360, bias=True)
                  (attn_drop): Dropout(p=0.0, inplace=False)
                  (proj): Linear(in_features=120, out_features=120, bias=True)
                  (proj_drop): Dropout(p=0.0, inplace=False)
                  (softmax): Softmax(dim=-1)
                )
                (drop_path): DropPath()
                (norm2): LayerNorm((120,), eps=1e-05, elementwise_affine=True)
                (mlp): Mlp(
                  (fc1): Linear(in_features=120, out_features=240, bias=True)
                  (act): GELU(approximate='none')
                  (fc2): Linear(in_features=240, out_features=120, bias=True)
                  (drop): Dropout(p=0.0, inplace=False)
                )
              )
              (4): SwinTransformerBlock(
                dim=120, input_resolution=(64, 64), num_heads=6, window_size=[3, 8, 8], shift_size=(0, 0, 0), mlp_ratio=2.0
                (norm1): LayerNorm((120,), eps=1e-05, elementwise_affine=True)
                (attn): WindowAttention(
                  dim=120, window_size=[3, 8, 8], num_heads=6
                  (qkv): Linear(in_features=120, out_features=360, bias=True)
                  (attn_drop): Dropout(p=0.0, inplace=False)
                  (proj): Linear(in_features=120, out_features=120, bias=True)
                  (proj_drop): Dropout(p=0.0, inplace=False)
                  (softmax): Softmax(dim=-1)
                )
                (drop_path): DropPath()
                (norm2): LayerNorm((120,), eps=1e-05, elementwise_affine=True)
                (mlp): Mlp(
                  (fc1): Linear(in_features=120, out_features=240, bias=True)
                  (act): GELU(approximate='none')
                  (fc2): Linear(in_features=240, out_features=120, bias=True)
                  (drop): Dropout(p=0.0, inplace=False)
                )
              )
              (5): SwinTransformerBlock(
                dim=120, input_resolution=(64, 64), num_heads=6, window_size=[3, 8, 8], shift_size=(3, 4, 4), mlp_ratio=2.0
                (norm1): LayerNorm((120,), eps=1e-05, elementwise_affine=True)
                (attn): WindowAttention(
                  dim=120, window_size=[3, 8, 8], num_heads=6
                  (qkv): Linear(in_features=120, out_features=360, bias=True)
                  (attn_drop): Dropout(p=0.0, inplace=False)
                  (proj): Linear(in_features=120, out_features=120, bias=True)
                  (proj_drop): Dropout(p=0.0, inplace=False)
                  (softmax): Softmax(dim=-1)
                )
                (drop_path): DropPath()
                (norm2): LayerNorm((120,), eps=1e-05, elementwise_affine=True)
                (mlp): Mlp(
                  (fc1): Linear(in_features=120, out_features=240, bias=True)
                  (act): GELU(approximate='none')
                  (fc2): Linear(in_features=240, out_features=120, bias=True)
                  (drop): Dropout(p=0.0, inplace=False)
                )
              )
            )
          )
          (conv): Conv2d(120, 120, kernel_size=(3, 3), stride=(1, 1), padding=(1, 1))
          (patch_embed): PatchEmbed()
          (patch_unembed): PatchUnEmbed()
        )
      )
      (norm): LayerNorm((120,), eps=1e-05, elementwise_affine=True)
      (conv_after_body): Conv2d(120, 120, kernel_size=(3, 3), stride=(1, 1), padding=(1, 1))
      (lrelu): LeakyReLU(negative_slope=0.1, inplace=True)
      (conv_before_upsample): Conv2d(120, 64, kernel_size=(3, 3), stride=(1, 1), padding=(1, 1))
    )
    (forward_1): SwinIRFM(
      (conv_first): Conv2d(3, 120, kernel_size=(3, 3), stride=(1, 1), padding=(1, 1))
      (conv_first_feat): Conv2d(64, 120, kernel_size=(3, 3), stride=(1, 1), padding=(1, 1))
      (patch_embed): PatchEmbed(
        (norm): LayerNorm((120,), eps=1e-05, elementwise_affine=True)
      )
      (patch_unembed): PatchUnEmbed()
      (pos_drop): Dropout(p=0.0, inplace=False)
      (layers): ModuleList(
        (0): RSTB(
          (residual_group): BasicLayer(
            dim=120, input_resolution=(64, 64), depth=6
            (blocks): ModuleList(
              (0): SwinTransformerBlock(
                dim=120, input_resolution=(64, 64), num_heads=6, window_size=[3, 8, 8], shift_size=(0, 0, 0), mlp_ratio=2.0
                (norm1): LayerNorm((120,), eps=1e-05, elementwise_affine=True)
                (attn): WindowAttention(
                  dim=120, window_size=[3, 8, 8], num_heads=6
                  (qkv): Linear(in_features=120, out_features=360, bias=True)
                  (attn_drop): Dropout(p=0.0, inplace=False)
                  (proj): Linear(in_features=120, out_features=120, bias=True)
                  (proj_drop): Dropout(p=0.0, inplace=False)
                  (softmax): Softmax(dim=-1)
                )
                (drop_path): Identity()
                (norm2): LayerNorm((120,), eps=1e-05, elementwise_affine=True)
                (mlp): Mlp(
                  (fc1): Linear(in_features=120, out_features=240, bias=True)
                  (act): GELU(approximate='none')
                  (fc2): Linear(in_features=240, out_features=120, bias=True)
                  (drop): Dropout(p=0.0, inplace=False)
                )
              )
              (1): SwinTransformerBlock(
                dim=120, input_resolution=(64, 64), num_heads=6, window_size=[3, 8, 8], shift_size=(3, 4, 4), mlp_ratio=2.0
                (norm1): LayerNorm((120,), eps=1e-05, elementwise_affine=True)
                (attn): WindowAttention(
                  dim=120, window_size=[3, 8, 8], num_heads=6
                  (qkv): Linear(in_features=120, out_features=360, bias=True)
                  (attn_drop): Dropout(p=0.0, inplace=False)
                  (proj): Linear(in_features=120, out_features=120, bias=True)
                  (proj_drop): Dropout(p=0.0, inplace=False)
                  (softmax): Softmax(dim=-1)
                )
                (drop_path): DropPath()
                (norm2): LayerNorm((120,), eps=1e-05, elementwise_affine=True)
                (mlp): Mlp(
                  (fc1): Linear(in_features=120, out_features=240, bias=True)
                  (act): GELU(approximate='none')
                  (fc2): Linear(in_features=240, out_features=120, bias=True)
                  (drop): Dropout(p=0.0, inplace=False)
                )
              )
              (2): SwinTransformerBlock(
                dim=120, input_resolution=(64, 64), num_heads=6, window_size=[3, 8, 8], shift_size=(0, 0, 0), mlp_ratio=2.0
                (norm1): LayerNorm((120,), eps=1e-05, elementwise_affine=True)
                (attn): WindowAttention(
                  dim=120, window_size=[3, 8, 8], num_heads=6
                  (qkv): Linear(in_features=120, out_features=360, bias=True)
                  (attn_drop): Dropout(p=0.0, inplace=False)
                  (proj): Linear(in_features=120, out_features=120, bias=True)
                  (proj_drop): Dropout(p=0.0, inplace=False)
                  (softmax): Softmax(dim=-1)
                )
                (drop_path): DropPath()
                (norm2): LayerNorm((120,), eps=1e-05, elementwise_affine=True)
                (mlp): Mlp(
                  (fc1): Linear(in_features=120, out_features=240, bias=True)
                  (act): GELU(approximate='none')
                  (fc2): Linear(in_features=240, out_features=120, bias=True)
                  (drop): Dropout(p=0.0, inplace=False)
                )
              )
              (3): SwinTransformerBlock(
                dim=120, input_resolution=(64, 64), num_heads=6, window_size=[3, 8, 8], shift_size=(3, 4, 4), mlp_ratio=2.0
                (norm1): LayerNorm((120,), eps=1e-05, elementwise_affine=True)
                (attn): WindowAttention(
                  dim=120, window_size=[3, 8, 8], num_heads=6
                  (qkv): Linear(in_features=120, out_features=360, bias=True)
                  (attn_drop): Dropout(p=0.0, inplace=False)
                  (proj): Linear(in_features=120, out_features=120, bias=True)
                  (proj_drop): Dropout(p=0.0, inplace=False)
                  (softmax): Softmax(dim=-1)
                )
                (drop_path): DropPath()
                (norm2): LayerNorm((120,), eps=1e-05, elementwise_affine=True)
                (mlp): Mlp(
                  (fc1): Linear(in_features=120, out_features=240, bias=True)
                  (act): GELU(approximate='none')
                  (fc2): Linear(in_features=240, out_features=120, bias=True)
                  (drop): Dropout(p=0.0, inplace=False)
                )
              )
              (4): SwinTransformerBlock(
                dim=120, input_resolution=(64, 64), num_heads=6, window_size=[3, 8, 8], shift_size=(0, 0, 0), mlp_ratio=2.0
                (norm1): LayerNorm((120,), eps=1e-05, elementwise_affine=True)
                (attn): WindowAttention(
                  dim=120, window_size=[3, 8, 8], num_heads=6
                  (qkv): Linear(in_features=120, out_features=360, bias=True)
                  (attn_drop): Dropout(p=0.0, inplace=False)
                  (proj): Linear(in_features=120, out_features=120, bias=True)
                  (proj_drop): Dropout(p=0.0, inplace=False)
                  (softmax): Softmax(dim=-1)
                )
                (drop_path): DropPath()
                (norm2): LayerNorm((120,), eps=1e-05, elementwise_affine=True)
                (mlp): Mlp(
                  (fc1): Linear(in_features=120, out_features=240, bias=True)
                  (act): GELU(approximate='none')
                  (fc2): Linear(in_features=240, out_features=120, bias=True)
                  (drop): Dropout(p=0.0, inplace=False)
                )
              )
              (5): SwinTransformerBlock(
                dim=120, input_resolution=(64, 64), num_heads=6, window_size=[3, 8, 8], shift_size=(3, 4, 4), mlp_ratio=2.0
                (norm1): LayerNorm((120,), eps=1e-05, elementwise_affine=True)
                (attn): WindowAttention(
                  dim=120, window_size=[3, 8, 8], num_heads=6
                  (qkv): Linear(in_features=120, out_features=360, bias=True)
                  (attn_drop): Dropout(p=0.0, inplace=False)
                  (proj): Linear(in_features=120, out_features=120, bias=True)
                  (proj_drop): Dropout(p=0.0, inplace=False)
                  (softmax): Softmax(dim=-1)
                )
                (drop_path): DropPath()
                (norm2): LayerNorm((120,), eps=1e-05, elementwise_affine=True)
                (mlp): Mlp(
                  (fc1): Linear(in_features=120, out_features=240, bias=True)
                  (act): GELU(approximate='none')
                  (fc2): Linear(in_features=240, out_features=120, bias=True)
                  (drop): Dropout(p=0.0, inplace=False)
                )
              )
            )
          )
          (conv): Conv2d(120, 120, kernel_size=(3, 3), stride=(1, 1), padding=(1, 1))
          (patch_embed): PatchEmbed()
          (patch_unembed): PatchUnEmbed()
        )
        (1-2): 2 x RSTB(
          (residual_group): BasicLayer(
            dim=120, input_resolution=(64, 64), depth=6
            (blocks): ModuleList(
              (0): SwinTransformerBlock(
                dim=120, input_resolution=(64, 64), num_heads=6, window_size=[3, 8, 8], shift_size=(0, 0, 0), mlp_ratio=2.0
                (norm1): LayerNorm((120,), eps=1e-05, elementwise_affine=True)
                (attn): WindowAttention(
                  dim=120, window_size=[3, 8, 8], num_heads=6
                  (qkv): Linear(in_features=120, out_features=360, bias=True)
                  (attn_drop): Dropout(p=0.0, inplace=False)
                  (proj): Linear(in_features=120, out_features=120, bias=True)
                  (proj_drop): Dropout(p=0.0, inplace=False)
                  (softmax): Softmax(dim=-1)
                )
                (drop_path): DropPath()
                (norm2): LayerNorm((120,), eps=1e-05, elementwise_affine=True)
                (mlp): Mlp(
                  (fc1): Linear(in_features=120, out_features=240, bias=True)
                  (act): GELU(approximate='none')
                  (fc2): Linear(in_features=240, out_features=120, bias=True)
                  (drop): Dropout(p=0.0, inplace=False)
                )
              )
              (1): SwinTransformerBlock(
                dim=120, input_resolution=(64, 64), num_heads=6, window_size=[3, 8, 8], shift_size=(3, 4, 4), mlp_ratio=2.0
                (norm1): LayerNorm((120,), eps=1e-05, elementwise_affine=True)
                (attn): WindowAttention(
                  dim=120, window_size=[3, 8, 8], num_heads=6
                  (qkv): Linear(in_features=120, out_features=360, bias=True)
                  (attn_drop): Dropout(p=0.0, inplace=False)
                  (proj): Linear(in_features=120, out_features=120, bias=True)
                  (proj_drop): Dropout(p=0.0, inplace=False)
                  (softmax): Softmax(dim=-1)
                )
                (drop_path): DropPath()
                (norm2): LayerNorm((120,), eps=1e-05, elementwise_affine=True)
                (mlp): Mlp(
                  (fc1): Linear(in_features=120, out_features=240, bias=True)
                  (act): GELU(approximate='none')
                  (fc2): Linear(in_features=240, out_features=120, bias=True)
                  (drop): Dropout(p=0.0, inplace=False)
                )
              )
              (2): SwinTransformerBlock(
                dim=120, input_resolution=(64, 64), num_heads=6, window_size=[3, 8, 8], shift_size=(0, 0, 0), mlp_ratio=2.0
                (norm1): LayerNorm((120,), eps=1e-05, elementwise_affine=True)
                (attn): WindowAttention(
                  dim=120, window_size=[3, 8, 8], num_heads=6
                  (qkv): Linear(in_features=120, out_features=360, bias=True)
                  (attn_drop): Dropout(p=0.0, inplace=False)
                  (proj): Linear(in_features=120, out_features=120, bias=True)
                  (proj_drop): Dropout(p=0.0, inplace=False)
                  (softmax): Softmax(dim=-1)
                )
                (drop_path): DropPath()
                (norm2): LayerNorm((120,), eps=1e-05, elementwise_affine=True)
                (mlp): Mlp(
                  (fc1): Linear(in_features=120, out_features=240, bias=True)
                  (act): GELU(approximate='none')
                  (fc2): Linear(in_features=240, out_features=120, bias=True)
                  (drop): Dropout(p=0.0, inplace=False)
                )
              )
              (3): SwinTransformerBlock(
                dim=120, input_resolution=(64, 64), num_heads=6, window_size=[3, 8, 8], shift_size=(3, 4, 4), mlp_ratio=2.0
                (norm1): LayerNorm((120,), eps=1e-05, elementwise_affine=True)
                (attn): WindowAttention(
                  dim=120, window_size=[3, 8, 8], num_heads=6
                  (qkv): Linear(in_features=120, out_features=360, bias=True)
                  (attn_drop): Dropout(p=0.0, inplace=False)
                  (proj): Linear(in_features=120, out_features=120, bias=True)
                  (proj_drop): Dropout(p=0.0, inplace=False)
                  (softmax): Softmax(dim=-1)
                )
                (drop_path): DropPath()
                (norm2): LayerNorm((120,), eps=1e-05, elementwise_affine=True)
                (mlp): Mlp(
                  (fc1): Linear(in_features=120, out_features=240, bias=True)
                  (act): GELU(approximate='none')
                  (fc2): Linear(in_features=240, out_features=120, bias=True)
                  (drop): Dropout(p=0.0, inplace=False)
                )
              )
              (4): SwinTransformerBlock(
                dim=120, input_resolution=(64, 64), num_heads=6, window_size=[3, 8, 8], shift_size=(0, 0, 0), mlp_ratio=2.0
                (norm1): LayerNorm((120,), eps=1e-05, elementwise_affine=True)
                (attn): WindowAttention(
                  dim=120, window_size=[3, 8, 8], num_heads=6
                  (qkv): Linear(in_features=120, out_features=360, bias=True)
                  (attn_drop): Dropout(p=0.0, inplace=False)
                  (proj): Linear(in_features=120, out_features=120, bias=True)
                  (proj_drop): Dropout(p=0.0, inplace=False)
                  (softmax): Softmax(dim=-1)
                )
                (drop_path): DropPath()
                (norm2): LayerNorm((120,), eps=1e-05, elementwise_affine=True)
                (mlp): Mlp(
                  (fc1): Linear(in_features=120, out_features=240, bias=True)
                  (act): GELU(approximate='none')
                  (fc2): Linear(in_features=240, out_features=120, bias=True)
                  (drop): Dropout(p=0.0, inplace=False)
                )
              )
              (5): SwinTransformerBlock(
                dim=120, input_resolution=(64, 64), num_heads=6, window_size=[3, 8, 8], shift_size=(3, 4, 4), mlp_ratio=2.0
                (norm1): LayerNorm((120,), eps=1e-05, elementwise_affine=True)
                (attn): WindowAttention(
                  dim=120, window_size=[3, 8, 8], num_heads=6
                  (qkv): Linear(in_features=120, out_features=360, bias=True)
                  (attn_drop): Dropout(p=0.0, inplace=False)
                  (proj): Linear(in_features=120, out_features=120, bias=True)
                  (proj_drop): Dropout(p=0.0, inplace=False)
                  (softmax): Softmax(dim=-1)
                )
                (drop_path): DropPath()
                (norm2): LayerNorm((120,), eps=1e-05, elementwise_affine=True)
                (mlp): Mlp(
                  (fc1): Linear(in_features=120, out_features=240, bias=True)
                  (act): GELU(approximate='none')
                  (fc2): Linear(in_features=240, out_features=120, bias=True)
                  (drop): Dropout(p=0.0, inplace=False)
                )
              )
            )
          )
          (conv): Conv2d(120, 120, kernel_size=(3, 3), stride=(1, 1), padding=(1, 1))
          (patch_embed): PatchEmbed()
          (patch_unembed): PatchUnEmbed()
        )
      )
      (norm): LayerNorm((120,), eps=1e-05, elementwise_affine=True)
      (conv_after_body): Conv2d(120, 120, kernel_size=(3, 3), stride=(1, 1), padding=(1, 1))
      (lrelu): LeakyReLU(negative_slope=0.1, inplace=True)
      (conv_before_upsample): Conv2d(120, 64, kernel_size=(3, 3), stride=(1, 1), padding=(1, 1))
    )
    (backward_2): SwinIRFM(
      (conv_first): Conv2d(3, 120, kernel_size=(3, 3), stride=(1, 1), padding=(1, 1))
      (conv_first_feat): Conv2d(64, 120, kernel_size=(3, 3), stride=(1, 1), padding=(1, 1))
      (patch_embed): PatchEmbed(
        (norm): LayerNorm((120,), eps=1e-05, elementwise_affine=True)
      )
      (patch_unembed): PatchUnEmbed()
      (pos_drop): Dropout(p=0.0, inplace=False)
      (layers): ModuleList(
        (0): RSTB(
          (residual_group): BasicLayer(
            dim=120, input_resolution=(64, 64), depth=6
            (blocks): ModuleList(
              (0): SwinTransformerBlock(
                dim=120, input_resolution=(64, 64), num_heads=6, window_size=[3, 8, 8], shift_size=(0, 0, 0), mlp_ratio=2.0
                (norm1): LayerNorm((120,), eps=1e-05, elementwise_affine=True)
                (attn): WindowAttention(
                  dim=120, window_size=[3, 8, 8], num_heads=6
                  (qkv): Linear(in_features=120, out_features=360, bias=True)
                  (attn_drop): Dropout(p=0.0, inplace=False)
                  (proj): Linear(in_features=120, out_features=120, bias=True)
                  (proj_drop): Dropout(p=0.0, inplace=False)
                  (softmax): Softmax(dim=-1)
                )
                (drop_path): Identity()
                (norm2): LayerNorm((120,), eps=1e-05, elementwise_affine=True)
                (mlp): Mlp(
                  (fc1): Linear(in_features=120, out_features=240, bias=True)
                  (act): GELU(approximate='none')
                  (fc2): Linear(in_features=240, out_features=120, bias=True)
                  (drop): Dropout(p=0.0, inplace=False)
                )
              )
              (1): SwinTransformerBlock(
                dim=120, input_resolution=(64, 64), num_heads=6, window_size=[3, 8, 8], shift_size=(3, 4, 4), mlp_ratio=2.0
                (norm1): LayerNorm((120,), eps=1e-05, elementwise_affine=True)
                (attn): WindowAttention(
                  dim=120, window_size=[3, 8, 8], num_heads=6
                  (qkv): Linear(in_features=120, out_features=360, bias=True)
                  (attn_drop): Dropout(p=0.0, inplace=False)
                  (proj): Linear(in_features=120, out_features=120, bias=True)
                  (proj_drop): Dropout(p=0.0, inplace=False)
                  (softmax): Softmax(dim=-1)
                )
                (drop_path): DropPath()
                (norm2): LayerNorm((120,), eps=1e-05, elementwise_affine=True)
                (mlp): Mlp(
                  (fc1): Linear(in_features=120, out_features=240, bias=True)
                  (act): GELU(approximate='none')
                  (fc2): Linear(in_features=240, out_features=120, bias=True)
                  (drop): Dropout(p=0.0, inplace=False)
                )
              )
              (2): SwinTransformerBlock(
                dim=120, input_resolution=(64, 64), num_heads=6, window_size=[3, 8, 8], shift_size=(0, 0, 0), mlp_ratio=2.0
                (norm1): LayerNorm((120,), eps=1e-05, elementwise_affine=True)
                (attn): WindowAttention(
                  dim=120, window_size=[3, 8, 8], num_heads=6
                  (qkv): Linear(in_features=120, out_features=360, bias=True)
                  (attn_drop): Dropout(p=0.0, inplace=False)
                  (proj): Linear(in_features=120, out_features=120, bias=True)
                  (proj_drop): Dropout(p=0.0, inplace=False)
                  (softmax): Softmax(dim=-1)
                )
                (drop_path): DropPath()
                (norm2): LayerNorm((120,), eps=1e-05, elementwise_affine=True)
                (mlp): Mlp(
                  (fc1): Linear(in_features=120, out_features=240, bias=True)
                  (act): GELU(approximate='none')
                  (fc2): Linear(in_features=240, out_features=120, bias=True)
                  (drop): Dropout(p=0.0, inplace=False)
                )
              )
              (3): SwinTransformerBlock(
                dim=120, input_resolution=(64, 64), num_heads=6, window_size=[3, 8, 8], shift_size=(3, 4, 4), mlp_ratio=2.0
                (norm1): LayerNorm((120,), eps=1e-05, elementwise_affine=True)
                (attn): WindowAttention(
                  dim=120, window_size=[3, 8, 8], num_heads=6
                  (qkv): Linear(in_features=120, out_features=360, bias=True)
                  (attn_drop): Dropout(p=0.0, inplace=False)
                  (proj): Linear(in_features=120, out_features=120, bias=True)
                  (proj_drop): Dropout(p=0.0, inplace=False)
                  (softmax): Softmax(dim=-1)
                )
                (drop_path): DropPath()
                (norm2): LayerNorm((120,), eps=1e-05, elementwise_affine=True)
                (mlp): Mlp(
                  (fc1): Linear(in_features=120, out_features=240, bias=True)
                  (act): GELU(approximate='none')
                  (fc2): Linear(in_features=240, out_features=120, bias=True)
                  (drop): Dropout(p=0.0, inplace=False)
                )
              )
              (4): SwinTransformerBlock(
                dim=120, input_resolution=(64, 64), num_heads=6, window_size=[3, 8, 8], shift_size=(0, 0, 0), mlp_ratio=2.0
                (norm1): LayerNorm((120,), eps=1e-05, elementwise_affine=True)
                (attn): WindowAttention(
                  dim=120, window_size=[3, 8, 8], num_heads=6
                  (qkv): Linear(in_features=120, out_features=360, bias=True)
                  (attn_drop): Dropout(p=0.0, inplace=False)
                  (proj): Linear(in_features=120, out_features=120, bias=True)
                  (proj_drop): Dropout(p=0.0, inplace=False)
                  (softmax): Softmax(dim=-1)
                )
                (drop_path): DropPath()
                (norm2): LayerNorm((120,), eps=1e-05, elementwise_affine=True)
                (mlp): Mlp(
                  (fc1): Linear(in_features=120, out_features=240, bias=True)
                  (act): GELU(approximate='none')
                  (fc2): Linear(in_features=240, out_features=120, bias=True)
                  (drop): Dropout(p=0.0, inplace=False)
                )
              )
              (5): SwinTransformerBlock(
                dim=120, input_resolution=(64, 64), num_heads=6, window_size=[3, 8, 8], shift_size=(3, 4, 4), mlp_ratio=2.0
                (norm1): LayerNorm((120,), eps=1e-05, elementwise_affine=True)
                (attn): WindowAttention(
                  dim=120, window_size=[3, 8, 8], num_heads=6
                  (qkv): Linear(in_features=120, out_features=360, bias=True)
                  (attn_drop): Dropout(p=0.0, inplace=False)
                  (proj): Linear(in_features=120, out_features=120, bias=True)
                  (proj_drop): Dropout(p=0.0, inplace=False)
                  (softmax): Softmax(dim=-1)
                )
                (drop_path): DropPath()
                (norm2): LayerNorm((120,), eps=1e-05, elementwise_affine=True)
                (mlp): Mlp(
                  (fc1): Linear(in_features=120, out_features=240, bias=True)
                  (act): GELU(approximate='none')
                  (fc2): Linear(in_features=240, out_features=120, bias=True)
                  (drop): Dropout(p=0.0, inplace=False)
                )
              )
            )
          )
          (conv): Conv2d(120, 120, kernel_size=(3, 3), stride=(1, 1), padding=(1, 1))
          (patch_embed): PatchEmbed()
          (patch_unembed): PatchUnEmbed()
        )
        (1-2): 2 x RSTB(
          (residual_group): BasicLayer(
            dim=120, input_resolution=(64, 64), depth=6
            (blocks): ModuleList(
              (0): SwinTransformerBlock(
                dim=120, input_resolution=(64, 64), num_heads=6, window_size=[3, 8, 8], shift_size=(0, 0, 0), mlp_ratio=2.0
                (norm1): LayerNorm((120,), eps=1e-05, elementwise_affine=True)
                (attn): WindowAttention(
                  dim=120, window_size=[3, 8, 8], num_heads=6
                  (qkv): Linear(in_features=120, out_features=360, bias=True)
                  (attn_drop): Dropout(p=0.0, inplace=False)
                  (proj): Linear(in_features=120, out_features=120, bias=True)
                  (proj_drop): Dropout(p=0.0, inplace=False)
                  (softmax): Softmax(dim=-1)
                )
                (drop_path): DropPath()
                (norm2): LayerNorm((120,), eps=1e-05, elementwise_affine=True)
                (mlp): Mlp(
                  (fc1): Linear(in_features=120, out_features=240, bias=True)
                  (act): GELU(approximate='none')
                  (fc2): Linear(in_features=240, out_features=120, bias=True)
                  (drop): Dropout(p=0.0, inplace=False)
                )
              )
              (1): SwinTransformerBlock(
                dim=120, input_resolution=(64, 64), num_heads=6, window_size=[3, 8, 8], shift_size=(3, 4, 4), mlp_ratio=2.0
                (norm1): LayerNorm((120,), eps=1e-05, elementwise_affine=True)
                (attn): WindowAttention(
                  dim=120, window_size=[3, 8, 8], num_heads=6
                  (qkv): Linear(in_features=120, out_features=360, bias=True)
                  (attn_drop): Dropout(p=0.0, inplace=False)
                  (proj): Linear(in_features=120, out_features=120, bias=True)
                  (proj_drop): Dropout(p=0.0, inplace=False)
                  (softmax): Softmax(dim=-1)
                )
                (drop_path): DropPath()
                (norm2): LayerNorm((120,), eps=1e-05, elementwise_affine=True)
                (mlp): Mlp(
                  (fc1): Linear(in_features=120, out_features=240, bias=True)
                  (act): GELU(approximate='none')
                  (fc2): Linear(in_features=240, out_features=120, bias=True)
                  (drop): Dropout(p=0.0, inplace=False)
                )
              )
              (2): SwinTransformerBlock(
                dim=120, input_resolution=(64, 64), num_heads=6, window_size=[3, 8, 8], shift_size=(0, 0, 0), mlp_ratio=2.0
                (norm1): LayerNorm((120,), eps=1e-05, elementwise_affine=True)
                (attn): WindowAttention(
                  dim=120, window_size=[3, 8, 8], num_heads=6
                  (qkv): Linear(in_features=120, out_features=360, bias=True)
                  (attn_drop): Dropout(p=0.0, inplace=False)
                  (proj): Linear(in_features=120, out_features=120, bias=True)
                  (proj_drop): Dropout(p=0.0, inplace=False)
                  (softmax): Softmax(dim=-1)
                )
                (drop_path): DropPath()
                (norm2): LayerNorm((120,), eps=1e-05, elementwise_affine=True)
                (mlp): Mlp(
                  (fc1): Linear(in_features=120, out_features=240, bias=True)
                  (act): GELU(approximate='none')
                  (fc2): Linear(in_features=240, out_features=120, bias=True)
                  (drop): Dropout(p=0.0, inplace=False)
                )
              )
              (3): SwinTransformerBlock(
                dim=120, input_resolution=(64, 64), num_heads=6, window_size=[3, 8, 8], shift_size=(3, 4, 4), mlp_ratio=2.0
                (norm1): LayerNorm((120,), eps=1e-05, elementwise_affine=True)
                (attn): WindowAttention(
                  dim=120, window_size=[3, 8, 8], num_heads=6
                  (qkv): Linear(in_features=120, out_features=360, bias=True)
                  (attn_drop): Dropout(p=0.0, inplace=False)
                  (proj): Linear(in_features=120, out_features=120, bias=True)
                  (proj_drop): Dropout(p=0.0, inplace=False)
                  (softmax): Softmax(dim=-1)
                )
                (drop_path): DropPath()
                (norm2): LayerNorm((120,), eps=1e-05, elementwise_affine=True)
                (mlp): Mlp(
                  (fc1): Linear(in_features=120, out_features=240, bias=True)
                  (act): GELU(approximate='none')
                  (fc2): Linear(in_features=240, out_features=120, bias=True)
                  (drop): Dropout(p=0.0, inplace=False)
                )
              )
              (4): SwinTransformerBlock(
                dim=120, input_resolution=(64, 64), num_heads=6, window_size=[3, 8, 8], shift_size=(0, 0, 0), mlp_ratio=2.0
                (norm1): LayerNorm((120,), eps=1e-05, elementwise_affine=True)
                (attn): WindowAttention(
                  dim=120, window_size=[3, 8, 8], num_heads=6
                  (qkv): Linear(in_features=120, out_features=360, bias=True)
                  (attn_drop): Dropout(p=0.0, inplace=False)
                  (proj): Linear(in_features=120, out_features=120, bias=True)
                  (proj_drop): Dropout(p=0.0, inplace=False)
                  (softmax): Softmax(dim=-1)
                )
                (drop_path): DropPath()
                (norm2): LayerNorm((120,), eps=1e-05, elementwise_affine=True)
                (mlp): Mlp(
                  (fc1): Linear(in_features=120, out_features=240, bias=True)
                  (act): GELU(approximate='none')
                  (fc2): Linear(in_features=240, out_features=120, bias=True)
                  (drop): Dropout(p=0.0, inplace=False)
                )
              )
              (5): SwinTransformerBlock(
                dim=120, input_resolution=(64, 64), num_heads=6, window_size=[3, 8, 8], shift_size=(3, 4, 4), mlp_ratio=2.0
                (norm1): LayerNorm((120,), eps=1e-05, elementwise_affine=True)
                (attn): WindowAttention(
                  dim=120, window_size=[3, 8, 8], num_heads=6
                  (qkv): Linear(in_features=120, out_features=360, bias=True)
                  (attn_drop): Dropout(p=0.0, inplace=False)
                  (proj): Linear(in_features=120, out_features=120, bias=True)
                  (proj_drop): Dropout(p=0.0, inplace=False)
                  (softmax): Softmax(dim=-1)
                )
                (drop_path): DropPath()
                (norm2): LayerNorm((120,), eps=1e-05, elementwise_affine=True)
                (mlp): Mlp(
                  (fc1): Linear(in_features=120, out_features=240, bias=True)
                  (act): GELU(approximate='none')
                  (fc2): Linear(in_features=240, out_features=120, bias=True)
                  (drop): Dropout(p=0.0, inplace=False)
                )
              )
            )
          )
          (conv): Conv2d(120, 120, kernel_size=(3, 3), stride=(1, 1), padding=(1, 1))
          (patch_embed): PatchEmbed()
          (patch_unembed): PatchUnEmbed()
        )
      )
      (norm): LayerNorm((120,), eps=1e-05, elementwise_affine=True)
      (conv_after_body): Conv2d(120, 120, kernel_size=(3, 3), stride=(1, 1), padding=(1, 1))
      (lrelu): LeakyReLU(negative_slope=0.1, inplace=True)
      (conv_before_upsample): Conv2d(120, 64, kernel_size=(3, 3), stride=(1, 1), padding=(1, 1))
    )
    (forward_2): SwinIRFM(
      (conv_first): Conv2d(3, 120, kernel_size=(3, 3), stride=(1, 1), padding=(1, 1))
      (conv_first_feat): Conv2d(64, 120, kernel_size=(3, 3), stride=(1, 1), padding=(1, 1))
      (patch_embed): PatchEmbed(
        (norm): LayerNorm((120,), eps=1e-05, elementwise_affine=True)
      )
      (patch_unembed): PatchUnEmbed()
      (pos_drop): Dropout(p=0.0, inplace=False)
      (layers): ModuleList(
        (0): RSTB(
          (residual_group): BasicLayer(
            dim=120, input_resolution=(64, 64), depth=6
            (blocks): ModuleList(
              (0): SwinTransformerBlock(
                dim=120, input_resolution=(64, 64), num_heads=6, window_size=[3, 8, 8], shift_size=(0, 0, 0), mlp_ratio=2.0
                (norm1): LayerNorm((120,), eps=1e-05, elementwise_affine=True)
                (attn): WindowAttention(
                  dim=120, window_size=[3, 8, 8], num_heads=6
                  (qkv): Linear(in_features=120, out_features=360, bias=True)
                  (attn_drop): Dropout(p=0.0, inplace=False)
                  (proj): Linear(in_features=120, out_features=120, bias=True)
                  (proj_drop): Dropout(p=0.0, inplace=False)
                  (softmax): Softmax(dim=-1)
                )
                (drop_path): Identity()
                (norm2): LayerNorm((120,), eps=1e-05, elementwise_affine=True)
                (mlp): Mlp(
                  (fc1): Linear(in_features=120, out_features=240, bias=True)
                  (act): GELU(approximate='none')
                  (fc2): Linear(in_features=240, out_features=120, bias=True)
                  (drop): Dropout(p=0.0, inplace=False)
                )
              )
              (1): SwinTransformerBlock(
                dim=120, input_resolution=(64, 64), num_heads=6, window_size=[3, 8, 8], shift_size=(3, 4, 4), mlp_ratio=2.0
                (norm1): LayerNorm((120,), eps=1e-05, elementwise_affine=True)
                (attn): WindowAttention(
                  dim=120, window_size=[3, 8, 8], num_heads=6
                  (qkv): Linear(in_features=120, out_features=360, bias=True)
                  (attn_drop): Dropout(p=0.0, inplace=False)
                  (proj): Linear(in_features=120, out_features=120, bias=True)
                  (proj_drop): Dropout(p=0.0, inplace=False)
                  (softmax): Softmax(dim=-1)
                )
                (drop_path): DropPath()
                (norm2): LayerNorm((120,), eps=1e-05, elementwise_affine=True)
                (mlp): Mlp(
                  (fc1): Linear(in_features=120, out_features=240, bias=True)
                  (act): GELU(approximate='none')
                  (fc2): Linear(in_features=240, out_features=120, bias=True)
                  (drop): Dropout(p=0.0, inplace=False)
                )
              )
              (2): SwinTransformerBlock(
                dim=120, input_resolution=(64, 64), num_heads=6, window_size=[3, 8, 8], shift_size=(0, 0, 0), mlp_ratio=2.0
                (norm1): LayerNorm((120,), eps=1e-05, elementwise_affine=True)
                (attn): WindowAttention(
                  dim=120, window_size=[3, 8, 8], num_heads=6
                  (qkv): Linear(in_features=120, out_features=360, bias=True)
                  (attn_drop): Dropout(p=0.0, inplace=False)
                  (proj): Linear(in_features=120, out_features=120, bias=True)
                  (proj_drop): Dropout(p=0.0, inplace=False)
                  (softmax): Softmax(dim=-1)
                )
                (drop_path): DropPath()
                (norm2): LayerNorm((120,), eps=1e-05, elementwise_affine=True)
                (mlp): Mlp(
                  (fc1): Linear(in_features=120, out_features=240, bias=True)
                  (act): GELU(approximate='none')
                  (fc2): Linear(in_features=240, out_features=120, bias=True)
                  (drop): Dropout(p=0.0, inplace=False)
                )
              )
              (3): SwinTransformerBlock(
                dim=120, input_resolution=(64, 64), num_heads=6, window_size=[3, 8, 8], shift_size=(3, 4, 4), mlp_ratio=2.0
                (norm1): LayerNorm((120,), eps=1e-05, elementwise_affine=True)
                (attn): WindowAttention(
                  dim=120, window_size=[3, 8, 8], num_heads=6
                  (qkv): Linear(in_features=120, out_features=360, bias=True)
                  (attn_drop): Dropout(p=0.0, inplace=False)
                  (proj): Linear(in_features=120, out_features=120, bias=True)
                  (proj_drop): Dropout(p=0.0, inplace=False)
                  (softmax): Softmax(dim=-1)
                )
                (drop_path): DropPath()
                (norm2): LayerNorm((120,), eps=1e-05, elementwise_affine=True)
                (mlp): Mlp(
                  (fc1): Linear(in_features=120, out_features=240, bias=True)
                  (act): GELU(approximate='none')
                  (fc2): Linear(in_features=240, out_features=120, bias=True)
                  (drop): Dropout(p=0.0, inplace=False)
                )
              )
              (4): SwinTransformerBlock(
                dim=120, input_resolution=(64, 64), num_heads=6, window_size=[3, 8, 8], shift_size=(0, 0, 0), mlp_ratio=2.0
                (norm1): LayerNorm((120,), eps=1e-05, elementwise_affine=True)
                (attn): WindowAttention(
                  dim=120, window_size=[3, 8, 8], num_heads=6
                  (qkv): Linear(in_features=120, out_features=360, bias=True)
                  (attn_drop): Dropout(p=0.0, inplace=False)
                  (proj): Linear(in_features=120, out_features=120, bias=True)
                  (proj_drop): Dropout(p=0.0, inplace=False)
                  (softmax): Softmax(dim=-1)
                )
                (drop_path): DropPath()
                (norm2): LayerNorm((120,), eps=1e-05, elementwise_affine=True)
                (mlp): Mlp(
                  (fc1): Linear(in_features=120, out_features=240, bias=True)
                  (act): GELU(approximate='none')
                  (fc2): Linear(in_features=240, out_features=120, bias=True)
                  (drop): Dropout(p=0.0, inplace=False)
                )
              )
              (5): SwinTransformerBlock(
                dim=120, input_resolution=(64, 64), num_heads=6, window_size=[3, 8, 8], shift_size=(3, 4, 4), mlp_ratio=2.0
                (norm1): LayerNorm((120,), eps=1e-05, elementwise_affine=True)
                (attn): WindowAttention(
                  dim=120, window_size=[3, 8, 8], num_heads=6
                  (qkv): Linear(in_features=120, out_features=360, bias=True)
                  (attn_drop): Dropout(p=0.0, inplace=False)
                  (proj): Linear(in_features=120, out_features=120, bias=True)
                  (proj_drop): Dropout(p=0.0, inplace=False)
                  (softmax): Softmax(dim=-1)
                )
                (drop_path): DropPath()
                (norm2): LayerNorm((120,), eps=1e-05, elementwise_affine=True)
                (mlp): Mlp(
                  (fc1): Linear(in_features=120, out_features=240, bias=True)
                  (act): GELU(approximate='none')
                  (fc2): Linear(in_features=240, out_features=120, bias=True)
                  (drop): Dropout(p=0.0, inplace=False)
                )
              )
            )
          )
          (conv): Conv2d(120, 120, kernel_size=(3, 3), stride=(1, 1), padding=(1, 1))
          (patch_embed): PatchEmbed()
          (patch_unembed): PatchUnEmbed()
        )
        (1-2): 2 x RSTB(
          (residual_group): BasicLayer(
            dim=120, input_resolution=(64, 64), depth=6
            (blocks): ModuleList(
              (0): SwinTransformerBlock(
                dim=120, input_resolution=(64, 64), num_heads=6, window_size=[3, 8, 8], shift_size=(0, 0, 0), mlp_ratio=2.0
                (norm1): LayerNorm((120,), eps=1e-05, elementwise_affine=True)
                (attn): WindowAttention(
                  dim=120, window_size=[3, 8, 8], num_heads=6
                  (qkv): Linear(in_features=120, out_features=360, bias=True)
                  (attn_drop): Dropout(p=0.0, inplace=False)
                  (proj): Linear(in_features=120, out_features=120, bias=True)
                  (proj_drop): Dropout(p=0.0, inplace=False)
                  (softmax): Softmax(dim=-1)
                )
                (drop_path): DropPath()
                (norm2): LayerNorm((120,), eps=1e-05, elementwise_affine=True)
                (mlp): Mlp(
                  (fc1): Linear(in_features=120, out_features=240, bias=True)
                  (act): GELU(approximate='none')
                  (fc2): Linear(in_features=240, out_features=120, bias=True)
                  (drop): Dropout(p=0.0, inplace=False)
                )
              )
              (1): SwinTransformerBlock(
                dim=120, input_resolution=(64, 64), num_heads=6, window_size=[3, 8, 8], shift_size=(3, 4, 4), mlp_ratio=2.0
                (norm1): LayerNorm((120,), eps=1e-05, elementwise_affine=True)
                (attn): WindowAttention(
                  dim=120, window_size=[3, 8, 8], num_heads=6
                  (qkv): Linear(in_features=120, out_features=360, bias=True)
                  (attn_drop): Dropout(p=0.0, inplace=False)
                  (proj): Linear(in_features=120, out_features=120, bias=True)
                  (proj_drop): Dropout(p=0.0, inplace=False)
                  (softmax): Softmax(dim=-1)
                )
                (drop_path): DropPath()
                (norm2): LayerNorm((120,), eps=1e-05, elementwise_affine=True)
                (mlp): Mlp(
                  (fc1): Linear(in_features=120, out_features=240, bias=True)
                  (act): GELU(approximate='none')
                  (fc2): Linear(in_features=240, out_features=120, bias=True)
                  (drop): Dropout(p=0.0, inplace=False)
                )
              )
              (2): SwinTransformerBlock(
                dim=120, input_resolution=(64, 64), num_heads=6, window_size=[3, 8, 8], shift_size=(0, 0, 0), mlp_ratio=2.0
                (norm1): LayerNorm((120,), eps=1e-05, elementwise_affine=True)
                (attn): WindowAttention(
                  dim=120, window_size=[3, 8, 8], num_heads=6
                  (qkv): Linear(in_features=120, out_features=360, bias=True)
                  (attn_drop): Dropout(p=0.0, inplace=False)
                  (proj): Linear(in_features=120, out_features=120, bias=True)
                  (proj_drop): Dropout(p=0.0, inplace=False)
                  (softmax): Softmax(dim=-1)
                )
                (drop_path): DropPath()
                (norm2): LayerNorm((120,), eps=1e-05, elementwise_affine=True)
                (mlp): Mlp(
                  (fc1): Linear(in_features=120, out_features=240, bias=True)
                  (act): GELU(approximate='none')
                  (fc2): Linear(in_features=240, out_features=120, bias=True)
                  (drop): Dropout(p=0.0, inplace=False)
                )
              )
              (3): SwinTransformerBlock(
                dim=120, input_resolution=(64, 64), num_heads=6, window_size=[3, 8, 8], shift_size=(3, 4, 4), mlp_ratio=2.0
                (norm1): LayerNorm((120,), eps=1e-05, elementwise_affine=True)
                (attn): WindowAttention(
                  dim=120, window_size=[3, 8, 8], num_heads=6
                  (qkv): Linear(in_features=120, out_features=360, bias=True)
                  (attn_drop): Dropout(p=0.0, inplace=False)
                  (proj): Linear(in_features=120, out_features=120, bias=True)
                  (proj_drop): Dropout(p=0.0, inplace=False)
                  (softmax): Softmax(dim=-1)
                )
                (drop_path): DropPath()
                (norm2): LayerNorm((120,), eps=1e-05, elementwise_affine=True)
                (mlp): Mlp(
                  (fc1): Linear(in_features=120, out_features=240, bias=True)
                  (act): GELU(approximate='none')
                  (fc2): Linear(in_features=240, out_features=120, bias=True)
                  (drop): Dropout(p=0.0, inplace=False)
                )
              )
              (4): SwinTransformerBlock(
                dim=120, input_resolution=(64, 64), num_heads=6, window_size=[3, 8, 8], shift_size=(0, 0, 0), mlp_ratio=2.0
                (norm1): LayerNorm((120,), eps=1e-05, elementwise_affine=True)
                (attn): WindowAttention(
                  dim=120, window_size=[3, 8, 8], num_heads=6
                  (qkv): Linear(in_features=120, out_features=360, bias=True)
                  (attn_drop): Dropout(p=0.0, inplace=False)
                  (proj): Linear(in_features=120, out_features=120, bias=True)
                  (proj_drop): Dropout(p=0.0, inplace=False)
                  (softmax): Softmax(dim=-1)
                )
                (drop_path): DropPath()
                (norm2): LayerNorm((120,), eps=1e-05, elementwise_affine=True)
                (mlp): Mlp(
                  (fc1): Linear(in_features=120, out_features=240, bias=True)
                  (act): GELU(approximate='none')
                  (fc2): Linear(in_features=240, out_features=120, bias=True)
                  (drop): Dropout(p=0.0, inplace=False)
                )
              )
              (5): SwinTransformerBlock(
                dim=120, input_resolution=(64, 64), num_heads=6, window_size=[3, 8, 8], shift_size=(3, 4, 4), mlp_ratio=2.0
                (norm1): LayerNorm((120,), eps=1e-05, elementwise_affine=True)
                (attn): WindowAttention(
                  dim=120, window_size=[3, 8, 8], num_heads=6
                  (qkv): Linear(in_features=120, out_features=360, bias=True)
                  (attn_drop): Dropout(p=0.0, inplace=False)
                  (proj): Linear(in_features=120, out_features=120, bias=True)
                  (proj_drop): Dropout(p=0.0, inplace=False)
                  (softmax): Softmax(dim=-1)
                )
                (drop_path): DropPath()
                (norm2): LayerNorm((120,), eps=1e-05, elementwise_affine=True)
                (mlp): Mlp(
                  (fc1): Linear(in_features=120, out_features=240, bias=True)
                  (act): GELU(approximate='none')
                  (fc2): Linear(in_features=240, out_features=120, bias=True)
                  (drop): Dropout(p=0.0, inplace=False)
                )
              )
            )
          )
          (conv): Conv2d(120, 120, kernel_size=(3, 3), stride=(1, 1), padding=(1, 1))
          (patch_embed): PatchEmbed()
          (patch_unembed): PatchUnEmbed()
        )
      )
      (norm): LayerNorm((120,), eps=1e-05, elementwise_affine=True)
      (conv_after_body): Conv2d(120, 120, kernel_size=(3, 3), stride=(1, 1), padding=(1, 1))
      (lrelu): LeakyReLU(negative_slope=0.1, inplace=True)
      (conv_before_upsample): Conv2d(120, 64, kernel_size=(3, 3), stride=(1, 1), padding=(1, 1))
    )
  )
  (upconv1): Conv2d(64, 256, kernel_size=(3, 3), stride=(1, 1), padding=(1, 1))
  (upconv2): Conv2d(64, 256, kernel_size=(3, 3), stride=(1, 1), padding=(1, 1))
  (pixel_shuffle): PixelShuffle(upscale_factor=2)
  (conv_hr): Conv2d(64, 64, kernel_size=(3, 3), stride=(1, 1), padding=(1, 1))
  (conv_last): Conv2d(64, 3, kernel_size=(3, 3), stride=(1, 1), padding=(1, 1))
  (img_upsample): Upsample(scale_factor=4.0, mode='bilinear')
  (lrelu): LeakyReLU(negative_slope=0.1, inplace=True)
  (implicit_warp): ImplicitWarpModule(
    (q): Linear(in_features=120, out_features=120, bias=True)
    (k): Linear(in_features=120, out_features=120, bias=True)
    (v): Linear(in_features=120, out_features=120, bias=True)
    (softmax): Softmax(dim=-1)
  )
)
2025-11-21 17:07:30,778 INFO: Use Exponential Moving Average with decay: 0.999
2025-11-21 17:07:30,980 INFO: Network [IART] is created.
2025-11-21 17:07:31,128 INFO: Loss [CharbonnierLoss] is created.
2025-11-21 17:07:31,129 INFO: Multiple the learning rate for flow network with 0.125.
2025-11-21 17:07:31,140 INFO: Model [RecurrentMixPrecisionRTModel] is created.
2025-11-21 17:07:44,480 INFO: Sanity checking for validation.
2025-11-21 17:07:44,480 INFO: Start training from epoch: 0, iter: 0
2025-11-21 17:07:58,462 INFO: Fix flow network and feature extractor for 5000 iters.
2025-11-21 17:08:04,705 INFO: [IART_..][epoch:  0, iter:       1, lr:(2.000e-04,2.500e-05,)] [eta: 0:00:00, time (data): 20.224 (13.978)] l_pix: 4.6863e-02 
2025-11-21 17:08:07,219 INFO: [IART_..][epoch:  0, iter:       2, lr:(2.000e-04,2.500e-05,)] [eta: 3:29:30, time (data): 11.369 (6.989)] l_pix: 5.5324e-02 
2025-11-21 17:08:09,700 INFO: [IART_..][epoch:  0, iter:       3, lr:(2.000e-04,2.500e-05,)] [eta: 5:12:09, time (data): 8.406 (4.660)] l_pix: 3.6563e-02 
2025-11-21 17:08:12,205 INFO: [IART_..][epoch:  0, iter:       4, lr:(2.000e-04,2.500e-05,)] [eta: 6:14:53, time (data): 6.931 (3.496)] l_pix: 5.0726e-02 
2025-11-21 17:08:14,789 INFO: [IART_..][epoch:  0, iter:       5, lr:(2.000e-04,2.500e-05,)] [eta: 7:00:01, time (data): 6.061 (2.797)] l_pix: 5.8627e-02 
2025-11-21 17:08:17,371 INFO: [IART_..][epoch:  0, iter:       6, lr:(2.000e-04,2.500e-05,)] [eta: 7:32:08, time (data): 5.481 (2.331)] l_pix: 3.8311e-02 
2025-11-21 17:08:19,891 INFO: [IART_..][epoch:  0, iter:       7, lr:(2.000e-04,2.500e-05,)] [eta: 7:54:19, time (data): 5.058 (1.998)] l_pix: 3.1734e-02 
2025-11-21 17:08:22,530 INFO: [IART_..][epoch:  0, iter:       8, lr:(2.000e-04,2.500e-05,)] [eta: 8:14:51, time (data): 4.756 (1.749)] l_pix: 2.2802e-02 
2025-11-21 17:08:25,035 INFO: [IART_..][epoch:  0, iter:       9, lr:(2.000e-04,2.500e-05,)] [eta: 8:27:54, time (data): 4.506 (1.555)] l_pix: 2.5856e-02 
2025-11-21 17:08:27,573 INFO: [IART_..][epoch:  0, iter:      10, lr:(2.000e-04,2.500e-05,)] [eta: 8:39:21, time (data): 4.309 (1.399)] l_pix: 3.2344e-02 
2025-11-21 17:08:30,132 INFO: [IART_..][epoch:  0, iter:      11, lr:(2.000e-04,2.500e-05,)] [eta: 8:49:18, time (data): 4.150 (1.272)] l_pix: 3.7506e-02 
2025-11-21 17:08:32,633 INFO: [IART_..][epoch:  0, iter:      12, lr:(2.000e-04,2.500e-05,)] [eta: 8:56:36, time (data): 4.012 (1.166)] l_pix: 4.8346e-02 
2025-11-21 17:08:35,147 INFO: [IART_..][epoch:  0, iter:      13, lr:(2.000e-04,2.500e-05,)] [eta: 9:03:05, time (data): 3.897 (1.077)] l_pix: 2.0012e-02 
2025-11-21 17:08:37,713 INFO: [IART_..][epoch:  0, iter:      14, lr:(2.000e-04,2.500e-05,)] [eta: 9:09:35, time (data): 3.802 (1.000)] l_pix: 3.3070e-02 
2025-11-21 17:08:40,183 INFO: [IART_..][epoch:  0, iter:      15, lr:(2.000e-04,2.500e-05,)] [eta: 9:13:45, time (data): 3.713 (0.933)] l_pix: 3.1421e-02 
2025-11-21 17:08:42,673 INFO: [IART_..][epoch:  0, iter:      16, lr:(2.000e-04,2.500e-05,)] [eta: 9:17:43, time (data): 3.636 (0.875)] l_pix: 3.3780e-02 
2025-11-21 17:08:45,184 INFO: [IART_..][epoch:  0, iter:      17, lr:(2.000e-04,2.500e-05,)] [eta: 9:21:32, time (data): 3.570 (0.824)] l_pix: 4.4862e-02 
2025-11-21 17:08:47,702 INFO: [IART_..][epoch:  0, iter:      18, lr:(2.000e-04,2.500e-05,)] [eta: 9:25:02, time (data): 3.512 (0.778)] l_pix: 4.8048e-02 
2025-11-21 17:08:50,141 INFO: [IART_..][epoch:  0, iter:      19, lr:(2.000e-04,2.500e-05,)] [eta: 9:27:11, time (data): 3.455 (0.737)] l_pix: 1.9308e-02 
2025-11-21 17:08:52,605 INFO: [IART_..][epoch:  0, iter:      20, lr:(2.000e-04,2.500e-05,)] [eta: 9:29:26, time (data): 3.406 (0.700)] l_pix: 3.0944e-02 
2025-11-21 17:08:55,099 INFO: [IART_..][epoch:  0, iter:      21, lr:(2.000e-04,2.500e-05,)] [eta: 9:31:49, time (data): 3.362 (0.667)] l_pix: 4.8097e-02 
2025-11-21 17:08:57,555 INFO: [IART_..][epoch:  0, iter:      22, lr:(2.000e-04,2.500e-05,)] [eta: 9:33:34, time (data): 3.321 (0.637)] l_pix: 4.0882e-02 
2025-11-21 17:09:00,038 INFO: [IART_..][epoch:  0, iter:      23, lr:(2.000e-04,2.500e-05,)] [eta: 9:35:28, time (data): 3.285 (0.609)] l_pix: 3.9697e-02 
2025-11-21 17:09:02,527 INFO: [IART_..][epoch:  0, iter:      24, lr:(2.000e-04,2.500e-05,)] [eta: 9:37:15, time (data): 3.251 (0.584)] l_pix: 3.1946e-02 
2025-11-21 17:09:05,034 INFO: [IART_..][epoch:  0, iter:      25, lr:(2.000e-04,2.500e-05,)] [eta: 9:39:04, time (data): 3.222 (0.561)] l_pix: 4.9059e-02 
2025-11-21 17:09:07,596 INFO: [IART_..][epoch:  0, iter:      26, lr:(2.000e-04,2.500e-05,)] [eta: 9:41:16, time (data): 3.196 (0.539)] l_pix: 2.8477e-02 
2025-11-21 17:09:10,132 INFO: [IART_..][epoch:  0, iter:      27, lr:(2.000e-04,2.500e-05,)] [eta: 9:43:04, time (data): 3.172 (0.519)] l_pix: 2.3736e-02 
2025-11-21 17:09:12,674 INFO: [IART_..][epoch:  0, iter:      28, lr:(2.000e-04,2.500e-05,)] [eta: 9:44:48, time (data): 3.149 (0.501)] l_pix: 4.9594e-02 
2025-11-21 17:09:15,143 INFO: [IART_..][epoch:  0, iter:      29, lr:(2.000e-04,2.500e-05,)] [eta: 9:45:48, time (data): 3.126 (0.484)] l_pix: 2.8247e-02 
2025-11-21 17:09:17,583 INFO: [IART_..][epoch:  0, iter:      30, lr:(2.000e-04,2.500e-05,)] [eta: 9:46:30, time (data): 3.103 (0.467)] l_pix: 3.8256e-02 
2025-11-21 17:09:20,141 INFO: [IART_..][epoch:  0, iter:      31, lr:(2.000e-04,2.500e-05,)] [eta: 9:48:05, time (data): 3.085 (0.452)] l_pix: 3.1107e-02 
2025-11-21 17:09:22,683 INFO: [IART_..][epoch:  0, iter:      32, lr:(2.000e-04,2.500e-05,)] [eta: 9:49:26, time (data): 3.068 (0.438)] l_pix: 2.1771e-02 
2025-11-21 17:09:25,213 INFO: [IART_..][epoch:  0, iter:      33, lr:(2.000e-04,2.500e-05,)] [eta: 9:50:37, time (data): 3.052 (0.425)] l_pix: 4.7983e-02 
2025-11-21 17:09:27,759 INFO: [IART_..][epoch:  0, iter:      34, lr:(2.000e-04,2.500e-05,)] [eta: 9:51:51, time (data): 3.037 (0.413)] l_pix: 3.3296e-02 
2025-11-21 17:09:30,289 INFO: [IART_..][epoch:  0, iter:      35, lr:(2.000e-04,2.500e-05,)] [eta: 9:52:54, time (data): 3.023 (0.401)] l_pix: 4.2114e-02 
2025-11-21 17:09:32,835 INFO: [IART_..][epoch:  0, iter:      36, lr:(2.000e-04,2.500e-05,)] [eta: 9:54:00, time (data): 3.009 (0.390)] l_pix: 2.2522e-02 
2025-11-21 17:09:35,458 INFO: [IART_..][epoch:  0, iter:      37, lr:(2.000e-04,2.500e-05,)] [eta: 9:55:32, time (data): 2.999 (0.379)] l_pix: 3.5670e-02 
2025-11-21 17:09:38,010 INFO: [IART_..][epoch:  0, iter:      38, lr:(2.000e-04,2.500e-05,)] [eta: 9:56:33, time (data): 2.987 (0.369)] l_pix: 3.3658e-02 
2025-11-21 17:09:40,533 INFO: [IART_..][epoch:  0, iter:      39, lr:(2.000e-04,2.500e-05,)] [eta: 9:57:19, time (data): 2.975 (0.360)] l_pix: 6.4112e-02 
2025-11-21 17:09:43,083 INFO: [IART_..][epoch:  0, iter:      40, lr:(2.000e-04,2.500e-05,)] [eta: 9:58:13, time (data): 2.965 (0.351)] l_pix: 3.7145e-02 
2025-11-21 17:09:45,556 INFO: [IART_..][epoch:  0, iter:      41, lr:(2.000e-04,2.500e-05,)] [eta: 9:58:37, time (data): 2.953 (0.343)] l_pix: 3.9811e-02 
2025-11-21 17:09:48,027 INFO: [IART_..][epoch:  0, iter:      42, lr:(2.000e-04,2.500e-05,)] [eta: 9:58:59, time (data): 2.941 (0.334)] l_pix: 4.2854e-02 
2025-11-21 17:09:50,585 INFO: [IART_..][epoch:  0, iter:      43, lr:(2.000e-04,2.500e-05,)] [eta: 9:59:49, time (data): 2.932 (0.327)] l_pix: 3.5663e-02 
2025-11-21 17:09:53,198 INFO: [IART_..][epoch:  0, iter:      44, lr:(2.000e-04,2.500e-05,)] [eta: 10:00:55, time (data): 2.925 (0.319)] l_pix: 1.8982e-02 
2025-11-21 17:09:55,704 INFO: [IART_..][epoch:  0, iter:      45, lr:(2.000e-04,2.500e-05,)] [eta: 10:01:23, time (data): 2.916 (0.312)] l_pix: 2.4228e-02 
2025-11-21 17:09:58,282 INFO: [IART_..][epoch:  0, iter:      46, lr:(2.000e-04,2.500e-05,)] [eta: 10:02:14, time (data): 2.908 (0.305)] l_pix: 3.9809e-02 
2025-11-21 17:10:00,894 INFO: [IART_..][epoch:  0, iter:      47, lr:(2.000e-04,2.500e-05,)] [eta: 10:03:12, time (data): 2.902 (0.299)] l_pix: 2.5939e-02 
2025-11-21 17:10:03,468 INFO: [IART_..][epoch:  0, iter:      48, lr:(2.000e-04,2.500e-05,)] [eta: 10:03:57, time (data): 2.895 (0.293)] l_pix: 5.0619e-02 
2025-11-21 17:10:05,971 INFO: [IART_..][epoch:  0, iter:      49, lr:(2.000e-04,2.500e-05,)] [eta: 10:04:18, time (data): 2.887 (0.287)] l_pix: 4.2612e-02 
2025-11-21 17:10:08,492 INFO: [IART_..][epoch:  0, iter:      50, lr:(2.000e-04,2.500e-05,)] [eta: 10:04:44, time (data): 2.880 (0.281)] l_pix: 3.9253e-02 
2025-11-21 17:10:11,131 INFO: [IART_..][epoch:  0, iter:      51, lr:(2.000e-04,2.500e-05,)] [eta: 10:05:42, time (data): 2.875 (0.276)] l_pix: 4.7227e-02 
2025-11-21 17:10:13,652 INFO: [IART_..][epoch:  0, iter:      52, lr:(2.000e-04,2.500e-05,)] [eta: 10:06:05, time (data): 2.868 (0.270)] l_pix: 3.4060e-02 
2025-11-21 17:10:16,165 INFO: [IART_..][epoch:  0, iter:      53, lr:(2.000e-04,2.500e-05,)] [eta: 10:06:25, time (data): 2.862 (0.265)] l_pix: 3.0120e-02 
2025-11-21 17:10:18,573 INFO: [IART_..][epoch:  0, iter:      54, lr:(2.000e-04,2.500e-05,)] [eta: 10:06:15, time (data): 2.853 (0.260)] l_pix: 3.0327e-02 
2025-11-21 17:10:21,022 INFO: [IART_..][epoch:  0, iter:      55, lr:(2.000e-04,2.500e-05,)] [eta: 10:06:17, time (data): 2.846 (0.256)] l_pix: 5.6421e-02 
2025-11-21 17:10:23,539 INFO: [IART_..][epoch:  0, iter:      56, lr:(2.000e-04,2.500e-05,)] [eta: 10:06:36, time (data): 2.840 (0.251)] l_pix: 1.1783e-02 
2025-11-21 17:10:26,136 INFO: [IART_..][epoch:  0, iter:      57, lr:(2.000e-04,2.500e-05,)] [eta: 10:07:15, time (data): 2.836 (0.247)] l_pix: 3.5382e-02 
2025-11-21 17:10:28,652 INFO: [IART_..][epoch:  0, iter:      58, lr:(2.000e-04,2.500e-05,)] [eta: 10:07:32, time (data): 2.830 (0.243)] l_pix: 1.9253e-02 
2025-11-21 17:10:31,173 INFO: [IART_..][epoch:  0, iter:      59, lr:(2.000e-04,2.500e-05,)] [eta: 10:07:50, time (data): 2.825 (0.239)] l_pix: 4.8855e-02 
2025-11-21 17:10:33,715 INFO: [IART_..][epoch:  0, iter:      60, lr:(2.000e-04,2.500e-05,)] [eta: 10:08:12, time (data): 2.820 (0.235)] l_pix: 3.3254e-02 
2025-11-21 17:10:36,258 INFO: [IART_..][epoch:  0, iter:      61, lr:(2.000e-04,2.500e-05,)] [eta: 10:08:34, time (data): 2.816 (0.231)] l_pix: 3.9918e-02 
2025-11-21 17:10:38,718 INFO: [IART_..][epoch:  0, iter:      62, lr:(2.000e-04,2.500e-05,)] [eta: 10:08:35, time (data): 2.810 (0.227)] l_pix: 8.4222e-03 
2025-11-21 17:10:41,246 INFO: [IART_..][epoch:  0, iter:      63, lr:(2.000e-04,2.500e-05,)] [eta: 10:08:52, time (data): 2.805 (0.223)] l_pix: 4.9533e-02 
2025-11-21 17:10:43,704 INFO: [IART_..][epoch:  0, iter:      64, lr:(2.000e-04,2.500e-05,)] [eta: 10:08:53, time (data): 2.800 (0.220)] l_pix: 3.3610e-02 
2025-11-21 17:10:46,193 INFO: [IART_..][epoch:  0, iter:      65, lr:(2.000e-04,2.500e-05,)] [eta: 10:09:00, time (data): 2.795 (0.217)] l_pix: 4.6598e-02 
2025-11-21 17:10:48,671 INFO: [IART_..][epoch:  0, iter:      66, lr:(2.000e-04,2.500e-05,)] [eta: 10:09:04, time (data): 2.790 (0.213)] l_pix: 2.4080e-02 
2025-11-21 17:10:51,226 INFO: [IART_..][epoch:  0, iter:      67, lr:(2.000e-04,2.500e-05,)] [eta: 10:09:26, time (data): 2.787 (0.210)] l_pix: 3.2430e-02 
2025-11-21 17:10:53,663 INFO: [IART_..][epoch:  0, iter:      68, lr:(2.000e-04,2.500e-05,)] [eta: 10:09:21, time (data): 2.782 (0.207)] l_pix: 2.6212e-02 
2025-11-21 17:10:56,127 INFO: [IART_..][epoch:  0, iter:      69, lr:(2.000e-04,2.500e-05,)] [eta: 10:09:21, time (data): 2.777 (0.204)] l_pix: 4.2645e-02 
2025-11-21 17:10:58,657 INFO: [IART_..][epoch:  0, iter:      70, lr:(2.000e-04,2.500e-05,)] [eta: 10:09:36, time (data): 2.774 (0.201)] l_pix: 2.4610e-02 
2025-11-21 17:11:01,172 INFO: [IART_..][epoch:  0, iter:      71, lr:(2.000e-04,2.500e-05,)] [eta: 10:09:47, time (data): 2.770 (0.198)] l_pix: 5.0368e-02 
2025-11-21 17:11:03,641 INFO: [IART_..][epoch:  0, iter:      72, lr:(2.000e-04,2.500e-05,)] [eta: 10:09:48, time (data): 2.766 (0.196)] l_pix: 3.8486e-02 
2025-11-21 17:11:06,127 INFO: [IART_..][epoch:  0, iter:      73, lr:(2.000e-04,2.500e-05,)] [eta: 10:09:53, time (data): 2.762 (0.193)] l_pix: 4.7827e-02 
2025-11-21 17:11:08,604 INFO: [IART_..][epoch:  0, iter:      74, lr:(2.000e-04,2.500e-05,)] [eta: 10:09:55, time (data): 2.758 (0.191)] l_pix: 4.7919e-02 
2025-11-21 17:11:11,072 INFO: [IART_..][epoch:  0, iter:      75, lr:(2.000e-04,2.500e-05,)] [eta: 10:09:56, time (data): 2.754 (0.188)] l_pix: 1.5627e-02 
2025-11-21 17:11:13,575 INFO: [IART_..][epoch:  0, iter:      76, lr:(2.000e-04,2.500e-05,)] [eta: 10:10:04, time (data): 2.751 (0.186)] l_pix: 3.9823e-02 
2025-11-21 17:11:16,005 INFO: [IART_..][epoch:  0, iter:      77, lr:(2.000e-04,2.500e-05,)] [eta: 10:09:57, time (data): 2.747 (0.183)] l_pix: 3.9772e-02 
2025-11-21 17:11:18,477 INFO: [IART_..][epoch:  0, iter:      78, lr:(2.000e-04,2.500e-05,)] [eta: 10:09:58, time (data): 2.743 (0.181)] l_pix: 5.2232e-02 
2025-11-21 17:11:20,999 INFO: [IART_..][epoch:  0, iter:      79, lr:(2.000e-04,2.500e-05,)] [eta: 10:10:08, time (data): 2.740 (0.179)] l_pix: 2.0558e-02 
2025-11-21 17:11:23,480 INFO: [IART_..][epoch:  0, iter:      80, lr:(2.000e-04,2.500e-05,)] [eta: 10:10:11, time (data): 2.737 (0.176)] l_pix: 2.3108e-02 
2025-11-21 17:11:25,979 INFO: [IART_..][epoch:  0, iter:      81, lr:(2.000e-04,2.500e-05,)] [eta: 10:10:17, time (data): 2.734 (0.174)] l_pix: 3.7569e-02 
2025-11-21 17:11:28,537 INFO: [IART_..][epoch:  0, iter:      82, lr:(2.000e-04,2.500e-05,)] [eta: 10:10:33, time (data): 2.732 (0.172)] l_pix: 2.5640e-02 
2025-11-21 17:11:31,113 INFO: [IART_..][epoch:  0, iter:      83, lr:(2.000e-04,2.500e-05,)] [eta: 10:10:52, time (data): 2.730 (0.170)] l_pix: 4.8262e-02 
2025-11-21 17:11:33,661 INFO: [IART_..][epoch:  0, iter:      84, lr:(2.000e-04,2.500e-05,)] [eta: 10:11:05, time (data): 2.728 (0.168)] l_pix: 3.4499e-02 
2025-11-21 17:11:36,176 INFO: [IART_..][epoch:  0, iter:      85, lr:(2.000e-04,2.500e-05,)] [eta: 10:11:13, time (data): 2.725 (0.166)] l_pix: 2.6164e-02 
2025-11-21 17:11:38,683 INFO: [IART_..][epoch:  0, iter:      86, lr:(2.000e-04,2.500e-05,)] [eta: 10:11:18, time (data): 2.723 (0.164)] l_pix: 3.5270e-02 
2025-11-21 17:11:41,159 INFO: [IART_..][epoch:  0, iter:      87, lr:(2.000e-04,2.500e-05,)] [eta: 10:11:19, time (data): 2.720 (0.162)] l_pix: 4.6683e-02 
2025-11-21 17:11:43,659 INFO: [IART_..][epoch:  0, iter:      88, lr:(2.000e-04,2.500e-05,)] [eta: 10:11:23, time (data): 2.718 (0.160)] l_pix: 5.4207e-02 
2025-11-21 17:11:46,146 INFO: [IART_..][epoch:  0, iter:      89, lr:(2.000e-04,2.500e-05,)] [eta: 10:11:25, time (data): 2.715 (0.159)] l_pix: 4.2774e-02 
2025-11-21 17:11:48,656 INFO: [IART_..][epoch:  0, iter:      90, lr:(2.000e-04,2.500e-05,)] [eta: 10:11:31, time (data): 2.713 (0.157)] l_pix: 1.1550e-02 
2025-11-21 17:11:51,260 INFO: [IART_..][epoch:  0, iter:      91, lr:(2.000e-04,2.500e-05,)] [eta: 10:11:51, time (data): 2.712 (0.155)] l_pix: 4.4674e-02 
2025-11-21 17:11:53,833 INFO: [IART_..][epoch:  0, iter:      92, lr:(2.000e-04,2.500e-05,)] [eta: 10:12:07, time (data): 2.710 (0.154)] l_pix: 2.2730e-02 
2025-11-21 17:11:56,397 INFO: [IART_..][epoch:  0, iter:      93, lr:(2.000e-04,2.500e-05,)] [eta: 10:12:20, time (data): 2.708 (0.152)] l_pix: 3.1374e-02 
2025-11-21 17:11:58,911 INFO: [IART_..][epoch:  0, iter:      94, lr:(2.000e-04,2.500e-05,)] [eta: 10:12:25, time (data): 2.706 (0.150)] l_pix: 5.4923e-02 
2025-11-21 17:12:01,403 INFO: [IART_..][epoch:  0, iter:      95, lr:(2.000e-04,2.500e-05,)] [eta: 10:12:27, time (data): 2.704 (0.149)] l_pix: 4.9842e-02 
2025-11-21 17:12:03,878 INFO: [IART_..][epoch:  0, iter:      96, lr:(2.000e-04,2.500e-05,)] [eta: 10:12:26, time (data): 2.702 (0.147)] l_pix: 2.1196e-02 
2025-11-21 17:12:06,398 INFO: [IART_..][epoch:  0, iter:      97, lr:(2.000e-04,2.500e-05,)] [eta: 10:12:32, time (data): 2.700 (0.146)] l_pix: 2.4878e-02 
2025-11-21 17:12:08,987 INFO: [IART_..][epoch:  0, iter:      98, lr:(2.000e-04,2.500e-05,)] [eta: 10:12:48, time (data): 2.699 (0.144)] l_pix: 4.5314e-02 
2025-11-21 17:12:12,537 INFO: [IART_..][epoch:  0, iter:      99, lr:(2.000e-04,2.500e-05,)] [eta: 10:15:26, time (data): 2.707 (0.143)] l_pix: 2.3743e-02 
2025-11-21 17:12:15,205 INFO: [IART_..][epoch:  0, iter:     100, lr:(2.000e-04,2.500e-05,)] [eta: 10:15:52, time (data): 2.707 (0.141)] l_pix: 3.5116e-02 
2025-11-21 17:12:17,874 INFO: [IART_..][epoch:  0, iter:     101, lr:(2.000e-04,2.500e-05,)] [eta: 10:16:17, time (data): 2.707 (0.140)] l_pix: 5.0562e-02 
2025-11-21 17:12:20,543 INFO: [IART_..][epoch:  0, iter:     102, lr:(2.000e-04,2.500e-05,)] [eta: 10:16:42, time (data): 2.706 (0.139)] l_pix: 2.7045e-02 
2025-11-21 17:12:23,165 INFO: [IART_..][epoch:  0, iter:     103, lr:(2.000e-04,2.500e-05,)] [eta: 10:16:59, time (data): 2.705 (0.137)] l_pix: 4.0312e-02 
2025-11-21 17:12:25,816 INFO: [IART_..][epoch:  0, iter:     104, lr:(2.000e-04,2.500e-05,)] [eta: 10:17:20, time (data): 2.705 (0.136)] l_pix: 2.3407e-02 
2025-11-21 17:12:28,436 INFO: [IART_..][epoch:  0, iter:     105, lr:(2.000e-04,2.500e-05,)] [eta: 10:17:36, time (data): 2.704 (0.135)] l_pix: 2.0874e-02 
2025-11-21 17:12:31,071 INFO: [IART_..][epoch:  0, iter:     106, lr:(2.000e-04,2.500e-05,)] [eta: 10:17:54, time (data): 2.703 (0.134)] l_pix: 1.9700e-02 
2025-11-21 17:12:33,767 INFO: [IART_..][epoch:  0, iter:     107, lr:(2.000e-04,2.500e-05,)] [eta: 10:18:20, time (data): 2.703 (0.132)] l_pix: 3.8892e-02 
2025-11-21 17:12:36,456 INFO: [IART_..][epoch:  0, iter:     108, lr:(2.000e-04,2.500e-05,)] [eta: 10:18:45, time (data): 2.703 (0.131)] l_pix: 2.9698e-02 
2025-11-21 17:12:39,081 INFO: [IART_..][epoch:  0, iter:     109, lr:(2.000e-04,2.500e-05,)] [eta: 10:19:00, time (data): 2.702 (0.130)] l_pix: 3.7317e-02 
2025-11-21 17:12:41,720 INFO: [IART_..][epoch:  0, iter:     110, lr:(2.000e-04,2.500e-05,)] [eta: 10:19:17, time (data): 2.702 (0.129)] l_pix: 3.7874e-02 
2025-11-21 17:12:44,317 INFO: [IART_..][epoch:  0, iter:     111, lr:(2.000e-04,2.500e-05,)] [eta: 10:19:28, time (data): 2.701 (0.128)] l_pix: 3.7961e-02 
2025-11-21 17:12:46,898 INFO: [IART_..][epoch:  0, iter:     112, lr:(2.000e-04,2.500e-05,)] [eta: 10:19:37, time (data): 2.700 (0.126)] l_pix: 3.8422e-02 
2025-11-21 17:12:49,601 INFO: [IART_..][epoch:  0, iter:     113, lr:(2.000e-04,2.500e-05,)] [eta: 10:20:01, time (data): 2.700 (0.125)] l_pix: 5.1609e-02 
2025-11-21 17:12:52,233 INFO: [IART_..][epoch:  0, iter:     114, lr:(2.000e-04,2.500e-05,)] [eta: 10:20:16, time (data): 2.699 (0.124)] l_pix: 5.7983e-02 
2025-11-21 17:12:55,407 INFO: [IART_..][epoch:  0, iter:     115, lr:(2.000e-04,2.500e-05,)] [eta: 10:21:40, time (data): 2.703 (0.123)] l_pix: 3.7705e-02 
2025-11-21 17:12:58,074 INFO: [IART_..][epoch:  0, iter:     116, lr:(2.000e-04,2.500e-05,)] [eta: 10:21:58, time (data): 2.703 (0.122)] l_pix: 4.3800e-02 
2025-11-21 17:13:00,767 INFO: [IART_..][epoch:  0, iter:     117, lr:(2.000e-04,2.500e-05,)] [eta: 10:22:18, time (data): 2.703 (0.121)] l_pix: 4.6720e-02 
2025-11-21 17:13:03,373 INFO: [IART_..][epoch:  0, iter:     118, lr:(2.000e-04,2.500e-05,)] [eta: 10:22:28, time (data): 2.702 (0.120)] l_pix: 4.8283e-02 
2025-11-21 17:13:05,962 INFO: [IART_..][epoch:  0, iter:     119, lr:(2.000e-04,2.500e-05,)] [eta: 10:22:35, time (data): 2.701 (0.119)] l_pix: 4.4528e-02 
2025-11-21 17:13:08,527 INFO: [IART_..][epoch:  0, iter:     120, lr:(2.000e-04,2.500e-05,)] [eta: 10:22:40, time (data): 2.700 (0.118)] l_pix: 5.9878e-02 
2025-11-21 17:13:11,098 INFO: [IART_..][epoch:  0, iter:     121, lr:(2.000e-04,2.500e-05,)] [eta: 10:22:44, time (data): 2.699 (0.117)] l_pix: 4.3136e-02 
2025-11-21 17:13:13,660 INFO: [IART_..][epoch:  0, iter:     122, lr:(2.000e-04,2.500e-05,)] [eta: 10:22:48, time (data): 2.698 (0.116)] l_pix: 2.5980e-02 
2025-11-21 17:13:16,175 INFO: [IART_..][epoch:  0, iter:     123, lr:(2.000e-04,2.500e-05,)] [eta: 10:22:46, time (data): 2.696 (0.115)] l_pix: 3.6937e-02 
2025-11-21 17:13:18,887 INFO: [IART_..][epoch:  0, iter:     124, lr:(2.000e-04,2.500e-05,)] [eta: 10:23:07, time (data): 2.696 (0.114)] l_pix: 3.1790e-02 
2025-11-21 17:13:21,431 INFO: [IART_..][epoch:  0, iter:     125, lr:(2.000e-04,2.500e-05,)] [eta: 10:23:08, time (data): 2.695 (0.114)] l_pix: 3.6489e-02 
2025-11-21 17:13:24,058 INFO: [IART_..][epoch:  0, iter:     126, lr:(2.000e-04,2.500e-05,)] [eta: 10:23:19, time (data): 2.695 (0.113)] l_pix: 1.6313e-02 
2025-11-21 17:13:26,718 INFO: [IART_..][epoch:  0, iter:     127, lr:(2.000e-04,2.500e-05,)] [eta: 10:23:33, time (data): 2.694 (0.112)] l_pix: 2.6086e-02 
2025-11-21 17:13:29,333 INFO: [IART_..][epoch:  0, iter:     128, lr:(2.000e-04,2.500e-05,)] [eta: 10:23:42, time (data): 2.694 (0.111)] l_pix: 2.8278e-02 
2025-11-21 17:13:31,914 INFO: [IART_..][epoch:  0, iter:     129, lr:(2.000e-04,2.500e-05,)] [eta: 10:23:47, time (data): 2.693 (0.110)] l_pix: 3.5339e-02 
2025-11-21 17:13:35,199 INFO: [IART_..][epoch:  0, iter:     130, lr:(2.000e-04,2.500e-05,)] [eta: 10:25:12, time (data): 2.697 (0.109)] l_pix: 3.3327e-02 
2025-11-21 17:13:37,826 INFO: [IART_..][epoch:  0, iter:     131, lr:(2.000e-04,2.500e-05,)] [eta: 10:25:21, time (data): 2.697 (0.108)] l_pix: 4.2447e-02 
2025-11-21 17:13:40,350 INFO: [IART_..][epoch:  0, iter:     132, lr:(2.000e-04,2.500e-05,)] [eta: 10:25:19, time (data): 2.696 (0.108)] l_pix: 2.1062e-02 
2025-11-21 17:13:43,020 INFO: [IART_..][epoch:  0, iter:     133, lr:(2.000e-04,2.500e-05,)] [eta: 10:25:32, time (data): 2.695 (0.107)] l_pix: 3.3688e-02 
2025-11-21 17:13:45,662 INFO: [IART_..][epoch:  0, iter:     134, lr:(2.000e-04,2.500e-05,)] [eta: 10:25:43, time (data): 2.695 (0.106)] l_pix: 4.4097e-02 
2025-11-21 17:13:48,181 INFO: [IART_..][epoch:  0, iter:     135, lr:(2.000e-04,2.500e-05,)] [eta: 10:25:39, time (data): 2.694 (0.105)] l_pix: 4.0194e-02 
2025-11-21 17:13:50,832 INFO: [IART_..][epoch:  0, iter:     136, lr:(2.000e-04,2.500e-05,)] [eta: 10:25:51, time (data): 2.693 (0.104)] l_pix: 2.9750e-02 
2025-11-21 17:13:53,397 INFO: [IART_..][epoch:  0, iter:     137, lr:(2.000e-04,2.499e-05,)] [eta: 10:25:52, time (data): 2.692 (0.104)] l_pix: 2.1603e-02 
2025-11-21 17:13:55,960 INFO: [IART_..][epoch:  0, iter:     138, lr:(2.000e-04,2.499e-05,)] [eta: 10:25:53, time (data): 2.692 (0.103)] l_pix: 4.0039e-02 
2025-11-21 17:13:58,559 INFO: [IART_..][epoch:  0, iter:     139, lr:(2.000e-04,2.499e-05,)] [eta: 10:25:59, time (data): 2.691 (0.102)] l_pix: 2.3979e-02 
2025-11-21 17:14:01,246 INFO: [IART_..][epoch:  0, iter:     140, lr:(2.000e-04,2.499e-05,)] [eta: 10:26:13, time (data): 2.691 (0.102)] l_pix: 2.9388e-02 
2025-11-21 17:14:03,804 INFO: [IART_..][epoch:  0, iter:     141, lr:(2.000e-04,2.499e-05,)] [eta: 10:26:13, time (data): 2.690 (0.101)] l_pix: 2.7771e-02 
2025-11-21 17:14:06,340 INFO: [IART_..][epoch:  0, iter:     142, lr:(2.000e-04,2.499e-05,)] [eta: 10:26:12, time (data): 2.689 (0.100)] l_pix: 3.2281e-02 
2025-11-21 17:14:08,998 INFO: [IART_..][epoch:  0, iter:     143, lr:(2.000e-04,2.499e-05,)] [eta: 10:26:22, time (data): 2.689 (0.099)] l_pix: 3.4844e-02 
2025-11-21 17:14:11,681 INFO: [IART_..][epoch:  0, iter:     144, lr:(2.000e-04,2.499e-05,)] [eta: 10:26:36, time (data): 2.689 (0.099)] l_pix: 2.7625e-02 
2025-11-21 17:14:14,237 INFO: [IART_..][epoch:  0, iter:     145, lr:(2.000e-04,2.499e-05,)] [eta: 10:26:36, time (data): 2.688 (0.098)] l_pix: 1.7249e-02 
2025-11-21 17:14:16,798 INFO: [IART_..][epoch:  0, iter:     146, lr:(2.000e-04,2.499e-05,)] [eta: 10:26:36, time (data): 2.687 (0.097)] l_pix: 3.9589e-02 
2025-11-21 17:14:19,384 INFO: [IART_..][epoch:  0, iter:     147, lr:(2.000e-04,2.499e-05,)] [eta: 10:26:39, time (data): 2.686 (0.097)] l_pix: 4.1373e-02 
2025-11-21 17:14:21,887 INFO: [IART_..][epoch:  0, iter:     148, lr:(2.000e-04,2.499e-05,)] [eta: 10:26:34, time (data): 2.685 (0.096)] l_pix: 3.4857e-02 
2025-11-21 17:14:24,460 INFO: [IART_..][epoch:  0, iter:     149, lr:(2.000e-04,2.499e-05,)] [eta: 10:26:35, time (data): 2.684 (0.096)] l_pix: 2.7419e-02 
2025-11-21 17:14:27,005 INFO: [IART_..][epoch:  0, iter:     150, lr:(2.000e-04,2.499e-05,)] [eta: 10:26:34, time (data): 2.683 (0.095)] l_pix: 3.8752e-02 
2025-11-21 17:14:29,613 INFO: [IART_..][epoch:  0, iter:     151, lr:(2.000e-04,2.499e-05,)] [eta: 10:26:39, time (data): 2.683 (0.094)] l_pix: 4.2879e-02 
2025-11-21 17:14:32,338 INFO: [IART_..][epoch:  0, iter:     152, lr:(2.000e-04,2.499e-05,)] [eta: 10:26:55, time (data): 2.683 (0.094)] l_pix: 3.2451e-02 
2025-11-21 17:14:34,941 INFO: [IART_..][epoch:  0, iter:     153, lr:(1.999e-04,2.499e-05,)] [eta: 10:26:59, time (data): 2.682 (0.093)] l_pix: 5.5255e-02 
2025-11-21 17:14:37,569 INFO: [IART_..][epoch:  0, iter:     154, lr:(1.999e-04,2.499e-05,)] [eta: 10:27:06, time (data): 2.682 (0.092)] l_pix: 2.5735e-02 
2025-11-21 17:14:40,205 INFO: [IART_..][epoch:  0, iter:     155, lr:(1.999e-04,2.499e-05,)] [eta: 10:27:13, time (data): 2.682 (0.092)] l_pix: 1.9374e-02 
2025-11-21 17:14:42,906 INFO: [IART_..][epoch:  0, iter:     156, lr:(1.999e-04,2.499e-05,)] [eta: 10:27:26, time (data): 2.682 (0.091)] l_pix: 3.0209e-02 
2025-11-21 17:14:45,516 INFO: [IART_..][epoch:  0, iter:     157, lr:(1.999e-04,2.499e-05,)] [eta: 10:27:30, time (data): 2.681 (0.091)] l_pix: 1.1211e-02 
2025-11-21 17:14:48,185 INFO: [IART_..][epoch:  0, iter:     158, lr:(1.999e-04,2.499e-05,)] [eta: 10:27:40, time (data): 2.681 (0.090)] l_pix: 3.9740e-02 
2025-11-21 17:14:50,941 INFO: [IART_..][epoch:  0, iter:     159, lr:(1.999e-04,2.499e-05,)] [eta: 10:27:58, time (data): 2.682 (0.090)] l_pix: 3.6911e-02 
2025-11-21 17:14:53,492 INFO: [IART_..][epoch:  0, iter:     160, lr:(1.999e-04,2.499e-05,)] [eta: 10:27:56, time (data): 2.681 (0.089)] l_pix: 4.5574e-02 
2025-11-21 17:14:56,114 INFO: [IART_..][epoch:  0, iter:     161, lr:(1.999e-04,2.499e-05,)] [eta: 10:28:01, time (data): 2.681 (0.089)] l_pix: 3.8992e-02 
2025-11-21 17:14:58,718 INFO: [IART_..][epoch:  0, iter:     162, lr:(1.999e-04,2.499e-05,)] [eta: 10:28:05, time (data): 2.680 (0.088)] l_pix: 3.7821e-02 
2025-11-21 17:15:01,228 INFO: [IART_..][epoch:  0, iter:     163, lr:(1.999e-04,2.499e-05,)] [eta: 10:28:00, time (data): 2.679 (0.087)] l_pix: 5.0439e-02 
2025-11-21 17:15:03,761 INFO: [IART_..][epoch:  0, iter:     164, lr:(1.999e-04,2.499e-05,)] [eta: 10:27:56, time (data): 2.678 (0.087)] l_pix: 2.4746e-02 
2025-11-21 17:15:06,237 INFO: [IART_..][epoch:  0, iter:     165, lr:(1.999e-04,2.499e-05,)] [eta: 10:27:48, time (data): 2.677 (0.086)] l_pix: 3.3959e-02 
2025-11-21 17:15:08,978 INFO: [IART_..][epoch:  0, iter:     166, lr:(1.999e-04,2.499e-05,)] [eta: 10:28:04, time (data): 2.677 (0.086)] l_pix: 1.9390e-02 
2025-11-21 17:15:11,516 INFO: [IART_..][epoch:  0, iter:     167, lr:(1.999e-04,2.499e-05,)] [eta: 10:28:01, time (data): 2.676 (0.085)] l_pix: 3.7009e-02 
2025-11-21 17:15:14,054 INFO: [IART_..][epoch:  0, iter:     168, lr:(1.999e-04,2.499e-05,)] [eta: 10:27:58, time (data): 2.676 (0.085)] l_pix: 4.7195e-02 
2025-11-21 17:15:16,551 INFO: [IART_..][epoch:  0, iter:     169, lr:(1.999e-04,2.499e-05,)] [eta: 10:27:52, time (data): 2.675 (0.084)] l_pix: 2.6453e-02 
2025-11-21 17:15:19,125 INFO: [IART_..][epoch:  0, iter:     170, lr:(1.999e-04,2.499e-05,)] [eta: 10:27:52, time (data): 2.674 (0.084)] l_pix: 3.4949e-02 
2025-11-21 17:15:21,725 INFO: [IART_..][epoch:  0, iter:     171, lr:(1.999e-04,2.499e-05,)] [eta: 10:27:55, time (data): 2.674 (0.083)] l_pix: 3.5268e-02 
2025-11-21 17:15:24,328 INFO: [IART_..][epoch:  0, iter:     172, lr:(1.999e-04,2.499e-05,)] [eta: 10:27:58, time (data): 2.673 (0.083)] l_pix: 5.4410e-02 
2025-11-21 17:15:26,845 INFO: [IART_..][epoch:  0, iter:     173, lr:(1.999e-04,2.499e-05,)] [eta: 10:27:53, time (data): 2.672 (0.082)] l_pix: 3.2615e-02 
2025-11-21 17:15:29,333 INFO: [IART_..][epoch:  0, iter:     174, lr:(1.999e-04,2.499e-05,)] [eta: 10:27:46, time (data): 2.671 (0.082)] l_pix: 2.6934e-02 
2025-11-21 17:15:31,826 INFO: [IART_..][epoch:  0, iter:     175, lr:(1.999e-04,2.499e-05,)] [eta: 10:27:39, time (data): 2.670 (0.082)] l_pix: 3.8586e-02 
2025-11-21 17:15:34,372 INFO: [IART_..][epoch:  0, iter:     176, lr:(1.999e-04,2.499e-05,)] [eta: 10:27:37, time (data): 2.669 (0.081)] l_pix: 5.9061e-02 
2025-11-21 17:15:36,874 INFO: [IART_..][epoch:  0, iter:     177, lr:(1.999e-04,2.499e-05,)] [eta: 10:27:31, time (data): 2.669 (0.081)] l_pix: 2.4578e-02 
2025-11-21 17:15:39,417 INFO: [IART_..][epoch:  0, iter:     178, lr:(1.999e-04,2.499e-05,)] [eta: 10:27:29, time (data): 2.668 (0.080)] l_pix: 3.3850e-02 
2025-11-21 17:15:41,871 INFO: [IART_..][epoch:  0, iter:     179, lr:(1.999e-04,2.499e-05,)] [eta: 10:27:19, time (data): 2.667 (0.080)] l_pix: 5.2680e-02 
2025-11-21 17:15:44,405 INFO: [IART_..][epoch:  0, iter:     180, lr:(1.999e-04,2.499e-05,)] [eta: 10:27:16, time (data): 2.666 (0.079)] l_pix: 4.7468e-02 
2025-11-21 17:15:46,925 INFO: [IART_..][epoch:  0, iter:     181, lr:(1.999e-04,2.499e-05,)] [eta: 10:27:12, time (data): 2.665 (0.079)] l_pix: 4.1152e-02 
2025-11-21 17:15:49,475 INFO: [IART_..][epoch:  0, iter:     182, lr:(1.999e-04,2.499e-05,)] [eta: 10:27:11, time (data): 2.664 (0.078)] l_pix: 3.2502e-02 
2025-11-21 17:15:51,971 INFO: [IART_..][epoch:  0, iter:     183, lr:(1.999e-04,2.499e-05,)] [eta: 10:27:05, time (data): 2.664 (0.078)] l_pix: 2.5812e-02 
2025-11-21 17:15:54,489 INFO: [IART_..][epoch:  0, iter:     184, lr:(1.999e-04,2.499e-05,)] [eta: 10:27:00, time (data): 2.663 (0.078)] l_pix: 4.1071e-02 
2025-11-21 17:15:57,064 INFO: [IART_..][epoch:  0, iter:     185, lr:(1.999e-04,2.499e-05,)] [eta: 10:27:01, time (data): 2.662 (0.077)] l_pix: 2.7424e-02 
2025-11-21 17:15:59,694 INFO: [IART_..][epoch:  0, iter:     186, lr:(1.999e-04,2.499e-05,)] [eta: 10:27:05, time (data): 2.662 (0.077)] l_pix: 1.9356e-02 
2025-11-21 17:16:02,270 INFO: [IART_..][epoch:  0, iter:     187, lr:(1.999e-04,2.499e-05,)] [eta: 10:27:06, time (data): 2.662 (0.076)] l_pix: 3.4708e-02 
2025-11-21 17:16:04,811 INFO: [IART_..][epoch:  0, iter:     188, lr:(1.999e-04,2.499e-05,)] [eta: 10:27:03, time (data): 2.661 (0.076)] l_pix: 1.9029e-02 
2025-11-21 17:16:07,520 INFO: [IART_..][epoch:  0, iter:     189, lr:(1.999e-04,2.499e-05,)] [eta: 10:27:14, time (data): 2.661 (0.076)] l_pix: 4.6355e-02 
2025-11-21 17:16:10,288 INFO: [IART_..][epoch:  0, iter:     190, lr:(1.999e-04,2.499e-05,)] [eta: 10:27:29, time (data): 2.662 (0.075)] l_pix: 2.9420e-02 
2025-11-21 17:16:12,906 INFO: [IART_..][epoch:  0, iter:     191, lr:(1.999e-04,2.499e-05,)] [eta: 10:27:32, time (data): 2.662 (0.075)] l_pix: 4.3160e-02 
2025-11-21 17:16:15,522 INFO: [IART_..][epoch:  0, iter:     192, lr:(1.999e-04,2.499e-05,)] [eta: 10:27:35, time (data): 2.661 (0.074)] l_pix: 3.0365e-02 
2025-11-21 17:16:18,103 INFO: [IART_..][epoch:  0, iter:     193, lr:(1.999e-04,2.499e-05,)] [eta: 10:27:35, time (data): 2.661 (0.074)] l_pix: 3.8756e-02 
2025-11-21 17:16:20,581 INFO: [IART_..][epoch:  0, iter:     194, lr:(1.999e-04,2.499e-05,)] [eta: 10:27:28, time (data): 2.660 (0.074)] l_pix: 4.2043e-02 
2025-11-21 17:16:23,088 INFO: [IART_..][epoch:  0, iter:     195, lr:(1.999e-04,2.499e-05,)] [eta: 10:27:23, time (data): 2.659 (0.073)] l_pix: 3.7253e-02 
2025-11-21 17:16:25,661 INFO: [IART_..][epoch:  0, iter:     196, lr:(1.999e-04,2.499e-05,)] [eta: 10:27:22, time (data): 2.659 (0.073)] l_pix: 2.1627e-02 
2025-11-21 17:16:28,250 INFO: [IART_..][epoch:  0, iter:     197, lr:(1.999e-04,2.499e-05,)] [eta: 10:27:23, time (data): 2.658 (0.073)] l_pix: 2.9941e-02 
2025-11-21 17:16:30,853 INFO: [IART_..][epoch:  0, iter:     198, lr:(1.999e-04,2.499e-05,)] [eta: 10:27:25, time (data): 2.658 (0.072)] l_pix: 5.2836e-02 
2025-11-21 17:16:33,287 INFO: [IART_..][epoch:  0, iter:     199, lr:(1.999e-04,2.499e-05,)] [eta: 10:27:15, time (data): 2.657 (0.072)] l_pix: 2.7072e-02 
2025-11-21 17:16:35,810 INFO: [IART_..][epoch:  0, iter:     200, lr:(1.999e-04,2.499e-05,)] [eta: 10:27:11, time (data): 2.656 (0.072)] l_pix: 2.0632e-02 
2025-11-21 17:16:38,321 INFO: [IART_..][epoch:  0, iter:     201, lr:(1.999e-04,2.499e-05,)] [eta: 10:27:06, time (data): 2.656 (0.071)] l_pix: 5.2089e-02 
2025-11-21 17:16:40,922 INFO: [IART_..][epoch:  0, iter:     202, lr:(1.999e-04,2.499e-05,)] [eta: 10:27:07, time (data): 2.600 (0.001)] l_pix: 2.3227e-02 
2025-11-21 17:16:43,409 INFO: [IART_..][epoch:  0, iter:     203, lr:(1.999e-04,2.499e-05,)] [eta: 10:27:01, time (data): 2.543 (0.001)] l_pix: 4.0790e-02 
2025-11-21 17:16:45,932 INFO: [IART_..][epoch:  0, iter:     204, lr:(1.999e-04,2.499e-05,)] [eta: 10:26:57, time (data): 2.536 (0.002)] l_pix: 4.5198e-02 
2025-11-21 17:16:48,536 INFO: [IART_..][epoch:  0, iter:     205, lr:(1.999e-04,2.499e-05,)] [eta: 10:26:59, time (data): 2.553 (0.002)] l_pix: 4.7622e-02 
2025-11-21 17:16:51,192 INFO: [IART_..][epoch:  0, iter:     206, lr:(1.999e-04,2.499e-05,)] [eta: 10:27:04, time (data): 2.574 (0.002)] l_pix: 2.6267e-02 
2025-11-21 17:16:53,911 INFO: [IART_..][epoch:  0, iter:     207, lr:(1.999e-04,2.499e-05,)] [eta: 10:27:14, time (data): 2.598 (0.002)] l_pix: 2.8391e-02 
2025-11-21 17:16:56,536 INFO: [IART_..][epoch:  0, iter:     208, lr:(1.999e-04,2.499e-05,)] [eta: 10:27:17, time (data): 2.602 (0.002)] l_pix: 3.3723e-02 
2025-11-21 17:16:59,126 INFO: [IART_..][epoch:  0, iter:     209, lr:(1.999e-04,2.499e-05,)] [eta: 10:27:18, time (data): 2.600 (0.002)] l_pix: 3.2308e-02 
2025-11-21 17:17:01,666 INFO: [IART_..][epoch:  0, iter:     210, lr:(1.999e-04,2.499e-05,)] [eta: 10:27:15, time (data): 2.593 (0.002)] l_pix: 3.3119e-02 
2025-11-21 17:17:04,212 INFO: [IART_..][epoch:  0, iter:     211, lr:(1.999e-04,2.499e-05,)] [eta: 10:27:13, time (data): 2.589 (0.002)] l_pix: 2.9604e-02 
2025-11-21 17:17:06,676 INFO: [IART_..][epoch:  0, iter:     212, lr:(1.999e-04,2.499e-05,)] [eta: 10:27:04, time (data): 2.577 (0.002)] l_pix: 3.1423e-02 
2025-11-21 17:17:09,348 INFO: [IART_..][epoch:  0, iter:     213, lr:(1.999e-04,2.499e-05,)] [eta: 10:27:11, time (data): 2.585 (0.002)] l_pix: 2.7146e-02 
2025-11-21 17:17:11,970 INFO: [IART_..][epoch:  0, iter:     214, lr:(1.999e-04,2.499e-05,)] [eta: 10:27:14, time (data): 2.588 (0.002)] l_pix: 4.0748e-02 
2025-11-21 17:17:14,552 INFO: [IART_..][epoch:  0, iter:     215, lr:(1.999e-04,2.499e-05,)] [eta: 10:27:13, time (data): 2.587 (0.002)] l_pix: 3.0645e-02 
2025-11-21 17:17:17,111 INFO: [IART_..][epoch:  0, iter:     216, lr:(1.999e-04,2.499e-05,)] [eta: 10:27:12, time (data): 2.586 (0.002)] l_pix: 3.5832e-02 
2025-11-21 17:17:19,558 INFO: [IART_..][epoch:  0, iter:     217, lr:(1.999e-04,2.499e-05,)] [eta: 10:27:03, time (data): 2.577 (0.002)] l_pix: 2.7157e-02 
2025-11-21 17:17:22,123 INFO: [IART_..][epoch:  0, iter:     218, lr:(1.999e-04,2.499e-05,)] [eta: 10:27:01, time (data): 2.576 (0.002)] l_pix: 4.8906e-02 
2025-11-21 17:17:24,579 INFO: [IART_..][epoch:  0, iter:     219, lr:(1.999e-04,2.499e-05,)] [eta: 10:26:53, time (data): 2.570 (0.002)] l_pix: 2.5334e-02 
2025-11-21 17:17:27,027 INFO: [IART_..][epoch:  0, iter:     220, lr:(1.999e-04,2.499e-05,)] [eta: 10:26:44, time (data): 2.563 (0.002)] l_pix: 4.3776e-02 
2025-11-21 17:17:29,723 INFO: [IART_..][epoch:  0, iter:     221, lr:(1.999e-04,2.499e-05,)] [eta: 10:26:51, time (data): 2.570 (0.002)] l_pix: 4.9808e-02 
2025-11-21 17:17:32,262 INFO: [IART_..][epoch:  0, iter:     222, lr:(1.999e-04,2.499e-05,)] [eta: 10:26:48, time (data): 2.568 (0.002)] l_pix: 3.8007e-02 
2025-11-21 17:17:34,824 INFO: [IART_..][epoch:  0, iter:     223, lr:(1.999e-04,2.499e-05,)] [eta: 10:26:47, time (data): 2.568 (0.002)] l_pix: 3.4366e-02 
2025-11-21 17:17:37,412 INFO: [IART_..][epoch:  0, iter:     224, lr:(1.999e-04,2.499e-05,)] [eta: 10:26:47, time (data): 2.569 (0.002)] l_pix: 4.8454e-02 
2025-11-21 17:17:40,051 INFO: [IART_..][epoch:  0, iter:     225, lr:(1.999e-04,2.499e-05,)] [eta: 10:26:51, time (data): 2.572 (0.002)] l_pix: 5.3328e-02 
2025-11-21 17:17:42,603 INFO: [IART_..][epoch:  0, iter:     226, lr:(1.999e-04,2.499e-05,)] [eta: 10:26:49, time (data): 2.571 (0.002)] l_pix: 3.9771e-02 
2025-11-21 17:17:45,170 INFO: [IART_..][epoch:  0, iter:     227, lr:(1.999e-04,2.499e-05,)] [eta: 10:26:47, time (data): 2.571 (0.002)] l_pix: 1.3404e-02 
2025-11-21 17:17:47,735 INFO: [IART_..][epoch:  0, iter:     228, lr:(1.999e-04,2.499e-05,)] [eta: 10:26:46, time (data): 2.571 (0.002)] l_pix: 2.7267e-02 
2025-11-21 17:17:50,350 INFO: [IART_..][epoch:  0, iter:     229, lr:(1.999e-04,2.499e-05,)] [eta: 10:26:48, time (data): 2.572 (0.002)] l_pix: 3.5562e-02 
2025-11-21 17:17:53,204 INFO: [IART_..][epoch:  0, iter:     230, lr:(1.999e-04,2.499e-05,)] [eta: 10:27:05, time (data): 2.582 (0.002)] l_pix: 2.7243e-02 
2025-11-21 17:17:55,770 INFO: [IART_..][epoch:  0, iter:     231, lr:(1.999e-04,2.499e-05,)] [eta: 10:27:04, time (data): 2.581 (0.002)] l_pix: 3.7141e-02 
2025-11-21 17:17:58,366 INFO: [IART_..][epoch:  0, iter:     232, lr:(1.999e-04,2.499e-05,)] [eta: 10:27:04, time (data): 2.582 (0.002)] l_pix: 7.7700e-02 
2025-11-21 17:18:00,975 INFO: [IART_..][epoch:  0, iter:     233, lr:(1.999e-04,2.499e-05,)] [eta: 10:27:06, time (data): 2.583 (0.002)] l_pix: 1.2770e-02 
2025-11-21 17:18:03,555 INFO: [IART_..][epoch:  0, iter:     234, lr:(1.999e-04,2.499e-05,)] [eta: 10:27:05, time (data): 2.583 (0.002)] l_pix: 2.7601e-02 
2025-11-21 17:18:06,113 INFO: [IART_..][epoch:  0, iter:     235, lr:(1.999e-04,2.499e-05,)] [eta: 10:27:03, time (data): 2.582 (0.002)] l_pix: 5.1491e-02 
2025-11-21 17:18:08,668 INFO: [IART_..][epoch:  0, iter:     236, lr:(1.999e-04,2.498e-05,)] [eta: 10:27:01, time (data): 2.581 (0.002)] l_pix: 3.7335e-02 
2025-11-21 17:18:11,264 INFO: [IART_..][epoch:  0, iter:     237, lr:(1.999e-04,2.498e-05,)] [eta: 10:27:01, time (data): 2.581 (0.002)] l_pix: 5.8450e-02 
2025-11-21 17:18:13,805 INFO: [IART_..][epoch:  0, iter:     238, lr:(1.999e-04,2.498e-05,)] [eta: 10:26:58, time (data): 2.580 (0.002)] l_pix: 3.6764e-02 
2025-11-21 17:18:16,319 INFO: [IART_..][epoch:  0, iter:     239, lr:(1.999e-04,2.498e-05,)] [eta: 10:26:54, time (data): 2.579 (0.002)] l_pix: 4.1391e-02 
2025-11-21 17:18:18,879 INFO: [IART_..][epoch:  0, iter:     240, lr:(1.999e-04,2.498e-05,)] [eta: 10:26:52, time (data): 2.578 (0.002)] l_pix: 3.3480e-02 
2025-11-21 17:18:21,447 INFO: [IART_..][epoch:  0, iter:     241, lr:(1.999e-04,2.498e-05,)] [eta: 10:26:51, time (data): 2.578 (0.002)] l_pix: 3.2157e-02 
2025-11-21 17:18:24,120 INFO: [IART_..][epoch:  0, iter:     242, lr:(1.999e-04,2.498e-05,)] [eta: 10:26:56, time (data): 2.580 (0.002)] l_pix: 8.5255e-03 
2025-11-21 17:18:26,719 INFO: [IART_..][epoch:  0, iter:     243, lr:(1.999e-04,2.498e-05,)] [eta: 10:26:56, time (data): 2.581 (0.002)] l_pix: 4.2018e-02 
2025-11-21 17:18:29,264 INFO: [IART_..][epoch:  0, iter:     244, lr:(1.999e-04,2.498e-05,)] [eta: 10:26:53, time (data): 2.580 (0.002)] l_pix: 2.3757e-02 
2025-11-21 17:18:31,924 INFO: [IART_..][epoch:  0, iter:     245, lr:(1.999e-04,2.498e-05,)] [eta: 10:26:57, time (data): 2.582 (0.002)] l_pix: 2.7616e-02 
2025-11-21 17:18:34,503 INFO: [IART_..][epoch:  0, iter:     246, lr:(1.999e-04,2.498e-05,)] [eta: 10:26:57, time (data): 2.582 (0.002)] l_pix: 1.3616e-02 
2025-11-21 17:18:37,103 INFO: [IART_..][epoch:  0, iter:     247, lr:(1.999e-04,2.498e-05,)] [eta: 10:26:57, time (data): 2.582 (0.002)] l_pix: 3.7491e-02 
2025-11-21 17:18:39,680 INFO: [IART_..][epoch:  0, iter:     248, lr:(1.999e-04,2.498e-05,)] [eta: 10:26:56, time (data): 2.582 (0.002)] l_pix: 3.5085e-02 
2025-11-21 17:18:42,216 INFO: [IART_..][epoch:  0, iter:     249, lr:(1.999e-04,2.498e-05,)] [eta: 10:26:53, time (data): 2.581 (0.002)] l_pix: 2.8478e-02 
2025-11-21 17:18:44,779 INFO: [IART_..][epoch:  0, iter:     250, lr:(1.999e-04,2.498e-05,)] [eta: 10:26:51, time (data): 2.580 (0.002)] l_pix: 3.0111e-02 
2025-11-21 17:18:47,342 INFO: [IART_..][epoch:  0, iter:     251, lr:(1.999e-04,2.498e-05,)] [eta: 10:26:49, time (data): 2.580 (0.002)] l_pix: 2.2685e-02 
2025-11-21 17:18:49,890 INFO: [IART_..][epoch:  0, iter:     252, lr:(1.999e-04,2.498e-05,)] [eta: 10:26:46, time (data): 2.579 (0.002)] l_pix: 1.8363e-02 
2025-11-21 17:18:52,364 INFO: [IART_..][epoch:  0, iter:     253, lr:(1.999e-04,2.498e-05,)] [eta: 10:26:39, time (data): 2.577 (0.002)] l_pix: 3.7851e-02 
2025-11-21 17:18:54,965 INFO: [IART_..][epoch:  0, iter:     254, lr:(1.999e-04,2.498e-05,)] [eta: 10:26:40, time (data): 2.578 (0.002)] l_pix: 2.8180e-02 
2025-11-21 17:18:57,489 INFO: [IART_..][epoch:  0, iter:     255, lr:(1.999e-04,2.498e-05,)] [eta: 10:26:36, time (data): 2.577 (0.002)] l_pix: 4.3340e-02 
2025-11-21 17:19:00,153 INFO: [IART_..][epoch:  0, iter:     256, lr:(1.999e-04,2.498e-05,)] [eta: 10:26:40, time (data): 2.578 (0.002)] l_pix: 3.6459e-02 
2025-11-21 17:19:02,771 INFO: [IART_..][epoch:  0, iter:     257, lr:(1.999e-04,2.498e-05,)] [eta: 10:26:41, time (data): 2.579 (0.002)] l_pix: 3.6105e-02 
2025-11-21 17:19:05,344 INFO: [IART_..][epoch:  0, iter:     258, lr:(1.999e-04,2.498e-05,)] [eta: 10:26:40, time (data): 2.579 (0.002)] l_pix: 2.4706e-02 
2025-11-21 17:19:07,923 INFO: [IART_..][epoch:  0, iter:     259, lr:(1.999e-04,2.498e-05,)] [eta: 10:26:39, time (data): 2.579 (0.002)] l_pix: 2.5358e-02 
2025-11-21 17:19:10,523 INFO: [IART_..][epoch:  0, iter:     260, lr:(1.999e-04,2.498e-05,)] [eta: 10:26:39, time (data): 2.579 (0.002)] l_pix: 1.5684e-02 
2025-11-21 17:19:13,052 INFO: [IART_..][epoch:  0, iter:     261, lr:(1.999e-04,2.498e-05,)] [eta: 10:26:35, time (data): 2.579 (0.002)] l_pix: 4.4337e-02 
2025-11-21 17:19:15,513 INFO: [IART_..][epoch:  0, iter:     262, lr:(1.999e-04,2.498e-05,)] [eta: 10:26:28, time (data): 2.577 (0.002)] l_pix: 4.7260e-02 
2025-11-21 17:19:18,083 INFO: [IART_..][epoch:  0, iter:     263, lr:(1.998e-04,2.498e-05,)] [eta: 10:26:26, time (data): 2.576 (0.002)] l_pix: 2.7285e-02 
2025-11-21 17:19:20,684 INFO: [IART_..][epoch:  0, iter:     264, lr:(1.998e-04,2.498e-05,)] [eta: 10:26:26, time (data): 2.577 (0.002)] l_pix: 5.3861e-02 
2025-11-21 17:19:23,324 INFO: [IART_..][epoch:  0, iter:     265, lr:(1.998e-04,2.498e-05,)] [eta: 10:26:29, time (data): 2.578 (0.002)] l_pix: 4.1132e-02 
2025-11-21 17:19:25,870 INFO: [IART_..][epoch:  0, iter:     266, lr:(1.998e-04,2.498e-05,)] [eta: 10:26:26, time (data): 2.577 (0.002)] l_pix: 2.2624e-02 
2025-11-21 17:19:28,385 INFO: [IART_..][epoch:  0, iter:     267, lr:(1.998e-04,2.498e-05,)] [eta: 10:26:22, time (data): 2.576 (0.002)] l_pix: 1.7544e-02 
2025-11-21 17:19:30,893 INFO: [IART_..][epoch:  0, iter:     268, lr:(1.998e-04,2.498e-05,)] [eta: 10:26:17, time (data): 2.575 (0.002)] l_pix: 2.5685e-02 
2025-11-21 17:19:33,452 INFO: [IART_..][epoch:  0, iter:     269, lr:(1.998e-04,2.498e-05,)] [eta: 10:26:14, time (data): 2.575 (0.002)] l_pix: 2.7728e-02 
2025-11-21 17:19:35,891 INFO: [IART_..][epoch:  0, iter:     270, lr:(1.998e-04,2.498e-05,)] [eta: 10:26:06, time (data): 2.573 (0.002)] l_pix: 2.1233e-02 
2025-11-21 17:19:38,386 INFO: [IART_..][epoch:  0, iter:     271, lr:(1.998e-04,2.498e-05,)] [eta: 10:26:00, time (data): 2.572 (0.002)] l_pix: 3.2358e-02 
2025-11-21 17:19:40,900 INFO: [IART_..][epoch:  0, iter:     272, lr:(1.998e-04,2.498e-05,)] [eta: 10:25:56, time (data): 2.571 (0.002)] l_pix: 5.2131e-02 
2025-11-21 17:19:43,446 INFO: [IART_..][epoch:  0, iter:     273, lr:(1.998e-04,2.498e-05,)] [eta: 10:25:53, time (data): 2.571 (0.002)] l_pix: 2.6048e-02 
2025-11-21 17:19:45,929 INFO: [IART_..][epoch:  0, iter:     274, lr:(1.998e-04,2.498e-05,)] [eta: 10:25:47, time (data): 2.570 (0.002)] l_pix: 2.7384e-02 
2025-11-21 17:19:48,431 INFO: [IART_..][epoch:  0, iter:     275, lr:(1.998e-04,2.498e-05,)] [eta: 10:25:42, time (data): 2.569 (0.002)] l_pix: 4.3704e-02 
2025-11-21 17:19:50,999 INFO: [IART_..][epoch:  0, iter:     276, lr:(1.998e-04,2.498e-05,)] [eta: 10:25:40, time (data): 2.569 (0.002)] l_pix: 3.3853e-02 
2025-11-21 17:19:53,544 INFO: [IART_..][epoch:  0, iter:     277, lr:(1.998e-04,2.498e-05,)] [eta: 10:25:37, time (data): 2.568 (0.002)] l_pix: 4.3765e-02 
2025-11-21 17:19:56,001 INFO: [IART_..][epoch:  0, iter:     278, lr:(1.998e-04,2.498e-05,)] [eta: 10:25:30, time (data): 2.567 (0.002)] l_pix: 3.3292e-02 
2025-11-21 17:19:58,487 INFO: [IART_..][epoch:  0, iter:     279, lr:(1.998e-04,2.498e-05,)] [eta: 10:25:24, time (data): 2.566 (0.002)] l_pix: 3.4958e-02 
2025-11-21 17:20:00,971 INFO: [IART_..][epoch:  0, iter:     280, lr:(1.998e-04,2.498e-05,)] [eta: 10:25:18, time (data): 2.565 (0.002)] l_pix: 2.0993e-02 
2025-11-21 17:20:03,563 INFO: [IART_..][epoch:  0, iter:     281, lr:(1.998e-04,2.498e-05,)] [eta: 10:25:18, time (data): 2.565 (0.002)] l_pix: 4.8332e-02 
2025-11-21 17:20:06,159 INFO: [IART_..][epoch:  0, iter:     282, lr:(1.998e-04,2.498e-05,)] [eta: 10:25:18, time (data): 2.566 (0.002)] l_pix: 3.2349e-02 
2025-11-21 17:20:08,701 INFO: [IART_..][epoch:  0, iter:     283, lr:(1.998e-04,2.498e-05,)] [eta: 10:25:15, time (data): 2.565 (0.002)] l_pix: 1.9241e-02 
2025-11-21 17:20:11,213 INFO: [IART_..][epoch:  0, iter:     284, lr:(1.998e-04,2.498e-05,)] [eta: 10:25:10, time (data): 2.565 (0.002)] l_pix: 2.5232e-02 
2025-11-21 17:20:13,786 INFO: [IART_..][epoch:  0, iter:     285, lr:(1.998e-04,2.498e-05,)] [eta: 10:25:09, time (data): 2.565 (0.002)] l_pix: 3.0366e-02 
2025-11-21 17:20:16,315 INFO: [IART_..][epoch:  0, iter:     286, lr:(1.998e-04,2.498e-05,)] [eta: 10:25:05, time (data): 2.564 (0.002)] l_pix: 1.7839e-02 
2025-11-21 17:20:18,826 INFO: [IART_..][epoch:  0, iter:     287, lr:(1.998e-04,2.498e-05,)] [eta: 10:25:01, time (data): 2.564 (0.002)] l_pix: 4.8502e-02 
2025-11-21 17:20:21,346 INFO: [IART_..][epoch:  0, iter:     288, lr:(1.998e-04,2.498e-05,)] [eta: 10:24:57, time (data): 2.563 (0.002)] l_pix: 1.4105e-02 
2025-11-21 17:20:23,963 INFO: [IART_..][epoch:  0, iter:     289, lr:(1.998e-04,2.498e-05,)] [eta: 10:24:58, time (data): 2.564 (0.002)] l_pix: 4.1947e-02 
2025-11-21 17:20:26,474 INFO: [IART_..][epoch:  0, iter:     290, lr:(1.998e-04,2.498e-05,)] [eta: 10:24:53, time (data): 2.563 (0.002)] l_pix: 3.8576e-02 
2025-11-21 17:20:29,012 INFO: [IART_..][epoch:  0, iter:     291, lr:(1.998e-04,2.498e-05,)] [eta: 10:24:50, time (data): 2.563 (0.002)] l_pix: 2.9745e-02 
2025-11-21 17:20:31,536 INFO: [IART_..][epoch:  0, iter:     292, lr:(1.998e-04,2.498e-05,)] [eta: 10:24:46, time (data): 2.562 (0.002)] l_pix: 2.3308e-02 
2025-11-21 17:20:33,988 INFO: [IART_..][epoch:  0, iter:     293, lr:(1.998e-04,2.498e-05,)] [eta: 10:24:39, time (data): 2.561 (0.002)] l_pix: 2.0563e-02 
2025-11-21 17:20:36,526 INFO: [IART_..][epoch:  0, iter:     294, lr:(1.998e-04,2.498e-05,)] [eta: 10:24:36, time (data): 2.561 (0.002)] l_pix: 4.0031e-02 
2025-11-21 17:20:39,067 INFO: [IART_..][epoch:  0, iter:     295, lr:(1.998e-04,2.498e-05,)] [eta: 10:24:33, time (data): 2.561 (0.002)] l_pix: 3.9203e-02 
2025-11-21 17:20:41,604 INFO: [IART_..][epoch:  0, iter:     296, lr:(1.998e-04,2.498e-05,)] [eta: 10:24:30, time (data): 2.561 (0.002)] l_pix: 3.7635e-02 
2025-11-21 17:20:44,155 INFO: [IART_..][epoch:  0, iter:     297, lr:(1.998e-04,2.498e-05,)] [eta: 10:24:27, time (data): 2.560 (0.002)] l_pix: 2.8961e-02 
2025-11-21 17:20:46,598 INFO: [IART_..][epoch:  0, iter:     298, lr:(1.998e-04,2.498e-05,)] [eta: 10:24:20, time (data): 2.559 (0.002)] l_pix: 3.4209e-02 
2025-11-21 17:20:49,085 INFO: [IART_..][epoch:  0, iter:     299, lr:(1.998e-04,2.498e-05,)] [eta: 10:24:14, time (data): 2.558 (0.002)] l_pix: 1.6545e-02 
2025-11-21 17:20:51,605 INFO: [IART_..][epoch:  0, iter:     300, lr:(1.998e-04,2.498e-05,)] [eta: 10:24:10, time (data): 2.558 (0.002)] l_pix: 5.2234e-02 
2025-11-21 17:20:54,197 INFO: [IART_..][epoch:  0, iter:     301, lr:(1.998e-04,2.498e-05,)] [eta: 10:24:10, time (data): 2.558 (0.002)] l_pix: 1.9683e-02 
2025-11-21 17:20:56,804 INFO: [IART_..][epoch:  0, iter:     302, lr:(1.998e-04,2.498e-05,)] [eta: 10:24:10, time (data): 2.559 (0.002)] l_pix: 2.2426e-02 
2025-11-21 17:20:59,403 INFO: [IART_..][epoch:  0, iter:     303, lr:(1.998e-04,2.498e-05,)] [eta: 10:24:10, time (data): 2.559 (0.002)] l_pix: 2.6918e-02 
2025-11-21 17:21:01,961 INFO: [IART_..][epoch:  0, iter:     304, lr:(1.998e-04,2.497e-05,)] [eta: 10:24:08, time (data): 2.559 (0.002)] l_pix: 4.0666e-02 
2025-11-21 17:21:04,492 INFO: [IART_..][epoch:  0, iter:     305, lr:(1.998e-04,2.497e-05,)] [eta: 10:24:05, time (data): 2.559 (0.002)] l_pix: 3.5651e-02 
2025-11-21 17:21:07,024 INFO: [IART_..][epoch:  0, iter:     306, lr:(1.998e-04,2.497e-05,)] [eta: 10:24:01, time (data): 2.559 (0.002)] l_pix: 2.5825e-02 
2025-11-21 17:21:09,644 INFO: [IART_..][epoch:  0, iter:     307, lr:(1.998e-04,2.497e-05,)] [eta: 10:24:02, time (data): 2.559 (0.002)] l_pix: 3.3917e-02 
2025-11-21 17:21:12,210 INFO: [IART_..][epoch:  0, iter:     308, lr:(1.998e-04,2.497e-05,)] [eta: 10:24:00, time (data): 2.559 (0.002)] l_pix: 1.6005e-02 
2025-11-21 17:21:14,799 INFO: [IART_..][epoch:  0, iter:     309, lr:(1.998e-04,2.497e-05,)] [eta: 10:24:00, time (data): 2.560 (0.002)] l_pix: 4.2903e-02 
2025-11-21 17:21:17,363 INFO: [IART_..][epoch:  0, iter:     310, lr:(1.998e-04,2.497e-05,)] [eta: 10:23:58, time (data): 2.560 (0.002)] l_pix: 1.8181e-02 
2025-11-21 17:21:19,950 INFO: [IART_..][epoch:  0, iter:     311, lr:(1.998e-04,2.497e-05,)] [eta: 10:23:57, time (data): 2.560 (0.002)] l_pix: 2.7234e-02 
2025-11-21 17:21:22,474 INFO: [IART_..][epoch:  0, iter:     312, lr:(1.998e-04,2.497e-05,)] [eta: 10:23:53, time (data): 2.560 (0.002)] l_pix: 1.7374e-02 
2025-11-21 17:21:24,986 INFO: [IART_..][epoch:  0, iter:     313, lr:(1.998e-04,2.497e-05,)] [eta: 10:23:49, time (data): 2.559 (0.002)] l_pix: 2.8796e-02 
2025-11-21 17:21:27,562 INFO: [IART_..][epoch:  0, iter:     314, lr:(1.998e-04,2.497e-05,)] [eta: 10:23:48, time (data): 2.559 (0.002)] l_pix: 3.3757e-02 
2025-11-21 17:21:30,261 INFO: [IART_..][epoch:  0, iter:     315, lr:(1.998e-04,2.497e-05,)] [eta: 10:23:52, time (data): 2.561 (0.002)] l_pix: 3.1970e-02 
2025-11-21 17:21:32,811 INFO: [IART_..][epoch:  0, iter:     316, lr:(1.998e-04,2.497e-05,)] [eta: 10:23:50, time (data): 2.560 (0.002)] l_pix: 3.5316e-02 
2025-11-21 17:21:35,297 INFO: [IART_..][epoch:  0, iter:     317, lr:(1.998e-04,2.497e-05,)] [eta: 10:23:44, time (data): 2.560 (0.002)] l_pix: 2.6528e-02 
2025-11-21 17:21:37,794 INFO: [IART_..][epoch:  0, iter:     318, lr:(1.998e-04,2.497e-05,)] [eta: 10:23:39, time (data): 2.559 (0.002)] l_pix: 3.7370e-02 
2025-11-21 17:21:40,292 INFO: [IART_..][epoch:  0, iter:     319, lr:(1.998e-04,2.497e-05,)] [eta: 10:23:35, time (data): 2.559 (0.002)] l_pix: 3.2079e-02 
2025-11-21 17:21:42,746 INFO: [IART_..][epoch:  0, iter:     320, lr:(1.998e-04,2.497e-05,)] [eta: 10:23:28, time (data): 2.558 (0.002)] l_pix: 2.6469e-02 
2025-11-21 17:21:45,304 INFO: [IART_..][epoch:  0, iter:     321, lr:(1.998e-04,2.497e-05,)] [eta: 10:23:26, time (data): 2.558 (0.002)] l_pix: 2.6939e-02 
2025-11-21 17:21:47,837 INFO: [IART_..][epoch:  0, iter:     322, lr:(1.998e-04,2.497e-05,)] [eta: 10:23:22, time (data): 2.558 (0.002)] l_pix: 1.7472e-02 
2025-11-21 17:21:50,356 INFO: [IART_..][epoch:  0, iter:     323, lr:(1.998e-04,2.497e-05,)] [eta: 10:23:18, time (data): 2.557 (0.002)] l_pix: 2.7942e-02 
2025-11-21 17:21:52,911 INFO: [IART_..][epoch:  0, iter:     324, lr:(1.998e-04,2.497e-05,)] [eta: 10:23:16, time (data): 2.557 (0.002)] l_pix: 2.1419e-02 
2025-11-21 17:21:55,438 INFO: [IART_..][epoch:  0, iter:     325, lr:(1.998e-04,2.497e-05,)] [eta: 10:23:13, time (data): 2.557 (0.002)] l_pix: 2.6425e-02 
2025-11-21 17:21:57,941 INFO: [IART_..][epoch:  0, iter:     326, lr:(1.998e-04,2.497e-05,)] [eta: 10:23:08, time (data): 2.557 (0.002)] l_pix: 2.2281e-02 
2025-11-21 17:22:00,472 INFO: [IART_..][epoch:  0, iter:     327, lr:(1.998e-04,2.497e-05,)] [eta: 10:23:05, time (data): 2.556 (0.002)] l_pix: 4.4449e-02 
2025-11-21 17:22:02,985 INFO: [IART_..][epoch:  0, iter:     328, lr:(1.998e-04,2.497e-05,)] [eta: 10:23:01, time (data): 2.556 (0.002)] l_pix: 5.1353e-02 
2025-11-21 17:22:05,482 INFO: [IART_..][epoch:  0, iter:     329, lr:(1.998e-04,2.497e-05,)] [eta: 10:22:56, time (data): 2.556 (0.002)] l_pix: 1.5655e-02 
2025-11-21 17:22:08,092 INFO: [IART_..][epoch:  0, iter:     330, lr:(1.998e-04,2.497e-05,)] [eta: 10:22:56, time (data): 2.556 (0.002)] l_pix: 3.4104e-02 
2025-11-21 17:22:10,540 INFO: [IART_..][epoch:  0, iter:     331, lr:(1.998e-04,2.497e-05,)] [eta: 10:22:49, time (data): 2.555 (0.002)] l_pix: 3.0465e-02 
2025-11-21 17:22:13,144 INFO: [IART_..][epoch:  0, iter:     332, lr:(1.998e-04,2.497e-05,)] [eta: 10:22:49, time (data): 2.556 (0.002)] l_pix: 3.7489e-02 
2025-11-21 17:22:15,713 INFO: [IART_..][epoch:  0, iter:     333, lr:(1.998e-04,2.497e-05,)] [eta: 10:22:47, time (data): 2.556 (0.002)] l_pix: 3.5950e-02 
2025-11-21 17:22:18,178 INFO: [IART_..][epoch:  0, iter:     334, lr:(1.998e-04,2.497e-05,)] [eta: 10:22:41, time (data): 2.555 (0.002)] l_pix: 3.7293e-02 
2025-11-21 17:22:20,739 INFO: [IART_..][epoch:  0, iter:     335, lr:(1.998e-04,2.497e-05,)] [eta: 10:22:39, time (data): 2.555 (0.002)] l_pix: 5.2372e-02 
2025-11-21 17:22:23,237 INFO: [IART_..][epoch:  0, iter:     336, lr:(1.998e-04,2.497e-05,)] [eta: 10:22:35, time (data): 2.555 (0.002)] l_pix: 2.0333e-02 
2025-11-21 17:22:25,766 INFO: [IART_..][epoch:  0, iter:     337, lr:(1.998e-04,2.497e-05,)] [eta: 10:22:31, time (data): 2.554 (0.002)] l_pix: 2.3096e-02 
2025-11-21 17:22:28,288 INFO: [IART_..][epoch:  0, iter:     338, lr:(1.998e-04,2.497e-05,)] [eta: 10:22:28, time (data): 2.554 (0.002)] l_pix: 3.1681e-02 
2025-11-21 17:22:30,934 INFO: [IART_..][epoch:  0, iter:     339, lr:(1.997e-04,2.497e-05,)] [eta: 10:22:29, time (data): 2.555 (0.002)] l_pix: 2.8943e-02 
2025-11-21 17:22:33,495 INFO: [IART_..][epoch:  0, iter:     340, lr:(1.997e-04,2.497e-05,)] [eta: 10:22:27, time (data): 2.555 (0.002)] l_pix: 2.1881e-02 
2025-11-21 17:22:36,113 INFO: [IART_..][epoch:  0, iter:     341, lr:(1.997e-04,2.497e-05,)] [eta: 10:22:28, time (data): 2.555 (0.002)] l_pix: 3.8513e-02 
2025-11-21 17:22:38,657 INFO: [IART_..][epoch:  0, iter:     342, lr:(1.997e-04,2.497e-05,)] [eta: 10:22:25, time (data): 2.555 (0.002)] l_pix: 3.5494e-02 
2025-11-21 17:22:41,346 INFO: [IART_..][epoch:  0, iter:     343, lr:(1.997e-04,2.497e-05,)] [eta: 10:22:29, time (data): 2.556 (0.002)] l_pix: 3.5529e-02 
2025-11-21 17:22:43,904 INFO: [IART_..][epoch:  0, iter:     344, lr:(1.997e-04,2.497e-05,)] [eta: 10:22:26, time (data): 2.556 (0.002)] l_pix: 2.9227e-02 
2025-11-21 17:22:46,402 INFO: [IART_..][epoch:  0, iter:     345, lr:(1.997e-04,2.497e-05,)] [eta: 10:22:22, time (data): 2.556 (0.002)] l_pix: 3.5450e-02 
2025-11-21 17:22:48,922 INFO: [IART_..][epoch:  0, iter:     346, lr:(1.997e-04,2.497e-05,)] [eta: 10:22:18, time (data): 2.556 (0.002)] l_pix: 2.7037e-02 
2025-11-21 17:22:51,380 INFO: [IART_..][epoch:  0, iter:     347, lr:(1.997e-04,2.497e-05,)] [eta: 10:22:12, time (data): 2.555 (0.002)] l_pix: 2.9218e-02 
2025-11-21 17:22:53,928 INFO: [IART_..][epoch:  0, iter:     348, lr:(1.997e-04,2.497e-05,)] [eta: 10:22:09, time (data): 2.555 (0.002)] l_pix: 3.7301e-02 
2025-11-21 17:22:56,334 INFO: [IART_..][epoch:  0, iter:     349, lr:(1.997e-04,2.497e-05,)] [eta: 10:22:01, time (data): 2.554 (0.002)] l_pix: 3.3000e-02 
2025-11-21 17:22:58,801 INFO: [IART_..][epoch:  0, iter:     350, lr:(1.997e-04,2.497e-05,)] [eta: 10:21:55, time (data): 2.553 (0.002)] l_pix: 3.0182e-02 
2025-11-21 17:23:01,278 INFO: [IART_..][epoch:  0, iter:     351, lr:(1.997e-04,2.497e-05,)] [eta: 10:21:49, time (data): 2.553 (0.002)] l_pix: 2.7735e-02 
2025-11-21 17:23:03,747 INFO: [IART_..][epoch:  0, iter:     352, lr:(1.997e-04,2.497e-05,)] [eta: 10:21:43, time (data): 2.552 (0.002)] l_pix: 3.5408e-02 
2025-11-21 17:23:06,261 INFO: [IART_..][epoch:  0, iter:     353, lr:(1.997e-04,2.497e-05,)] [eta: 10:21:39, time (data): 2.552 (0.002)] l_pix: 2.2018e-02 
2025-11-21 17:23:08,760 INFO: [IART_..][epoch:  0, iter:     354, lr:(1.997e-04,2.497e-05,)] [eta: 10:21:35, time (data): 2.552 (0.002)] l_pix: 3.8463e-02 
2025-11-21 17:23:11,294 INFO: [IART_..][epoch:  0, iter:     355, lr:(1.997e-04,2.497e-05,)] [eta: 10:21:32, time (data): 2.551 (0.002)] l_pix: 3.8165e-02 
2025-11-21 17:23:13,868 INFO: [IART_..][epoch:  0, iter:     356, lr:(1.997e-04,2.497e-05,)] [eta: 10:21:30, time (data): 2.552 (0.002)] l_pix: 3.7557e-02 
2025-11-21 17:23:16,334 INFO: [IART_..][epoch:  0, iter:     357, lr:(1.997e-04,2.497e-05,)] [eta: 10:21:25, time (data): 2.551 (0.002)] l_pix: 2.6087e-02 
2025-11-21 17:23:18,852 INFO: [IART_..][epoch:  0, iter:     358, lr:(1.997e-04,2.497e-05,)] [eta: 10:21:21, time (data): 2.551 (0.002)] l_pix: 3.6012e-02 
2025-11-21 17:23:21,298 INFO: [IART_..][epoch:  0, iter:     359, lr:(1.997e-04,2.497e-05,)] [eta: 10:21:14, time (data): 2.550 (0.002)] l_pix: 3.0152e-02 
2025-11-21 17:23:23,806 INFO: [IART_..][epoch:  0, iter:     360, lr:(1.997e-04,2.496e-05,)] [eta: 10:21:10, time (data): 2.550 (0.002)] l_pix: 4.0216e-02 
2025-11-21 17:23:26,323 INFO: [IART_..][epoch:  0, iter:     361, lr:(1.997e-04,2.496e-05,)] [eta: 10:21:06, time (data): 2.550 (0.002)] l_pix: 3.1055e-02 
2025-11-21 17:23:28,792 INFO: [IART_..][epoch:  0, iter:     362, lr:(1.997e-04,2.496e-05,)] [eta: 10:21:01, time (data): 2.549 (0.002)] l_pix: 3.3110e-02 
2025-11-21 17:23:31,313 INFO: [IART_..][epoch:  0, iter:     363, lr:(1.997e-04,2.496e-05,)] [eta: 10:20:57, time (data): 2.549 (0.002)] l_pix: 3.7657e-02 
2025-11-21 17:23:33,797 INFO: [IART_..][epoch:  0, iter:     364, lr:(1.997e-04,2.496e-05,)] [eta: 10:20:52, time (data): 2.549 (0.002)] l_pix: 3.1394e-02 
2025-11-21 17:23:36,381 INFO: [IART_..][epoch:  0, iter:     365, lr:(1.997e-04,2.496e-05,)] [eta: 10:20:51, time (data): 2.549 (0.002)] l_pix: 3.0937e-02 
2025-11-21 17:23:38,855 INFO: [IART_..][epoch:  0, iter:     366, lr:(1.997e-04,2.496e-05,)] [eta: 10:20:46, time (data): 2.548 (0.002)] l_pix: 2.7659e-02 
2025-11-21 17:23:41,371 INFO: [IART_..][epoch:  0, iter:     367, lr:(1.997e-04,2.496e-05,)] [eta: 10:20:42, time (data): 2.548 (0.002)] l_pix: 3.5284e-02 
2025-11-21 17:23:43,928 INFO: [IART_..][epoch:  0, iter:     368, lr:(1.997e-04,2.496e-05,)] [eta: 10:20:40, time (data): 2.548 (0.002)] l_pix: 4.5637e-02 
2025-11-21 17:23:46,468 INFO: [IART_..][epoch:  0, iter:     369, lr:(1.997e-04,2.496e-05,)] [eta: 10:20:37, time (data): 2.548 (0.002)] l_pix: 2.6978e-02 
2025-11-21 17:23:48,937 INFO: [IART_..][epoch:  0, iter:     370, lr:(1.997e-04,2.496e-05,)] [eta: 10:20:32, time (data): 2.548 (0.002)] l_pix: 3.3600e-02 
2025-11-21 17:23:51,464 INFO: [IART_..][epoch:  0, iter:     371, lr:(1.997e-04,2.496e-05,)] [eta: 10:20:28, time (data): 2.548 (0.002)] l_pix: 3.5043e-02 
2025-11-21 17:23:54,028 INFO: [IART_..][epoch:  0, iter:     372, lr:(1.997e-04,2.496e-05,)] [eta: 10:20:27, time (data): 2.548 (0.002)] l_pix: 3.5433e-02 
2025-11-21 17:23:56,544 INFO: [IART_..][epoch:  0, iter:     373, lr:(1.997e-04,2.496e-05,)] [eta: 10:20:23, time (data): 2.548 (0.002)] l_pix: 3.1381e-02 
2025-11-21 17:23:59,127 INFO: [IART_..][epoch:  0, iter:     374, lr:(1.997e-04,2.496e-05,)] [eta: 10:20:22, time (data): 2.548 (0.002)] l_pix: 3.4614e-02 
2025-11-21 17:24:01,611 INFO: [IART_..][epoch:  0, iter:     375, lr:(1.997e-04,2.496e-05,)] [eta: 10:20:17, time (data): 2.547 (0.002)] l_pix: 3.8322e-02 
2025-11-21 17:24:04,071 INFO: [IART_..][epoch:  0, iter:     376, lr:(1.997e-04,2.496e-05,)] [eta: 10:20:11, time (data): 2.547 (0.002)] l_pix: 1.9796e-02 
2025-11-21 17:24:06,625 INFO: [IART_..][epoch:  0, iter:     377, lr:(1.997e-04,2.496e-05,)] [eta: 10:20:09, time (data): 2.547 (0.002)] l_pix: 2.7865e-02 
2025-11-21 17:24:09,041 INFO: [IART_..][epoch:  0, iter:     378, lr:(1.997e-04,2.496e-05,)] [eta: 10:20:02, time (data): 2.546 (0.002)] l_pix: 3.4373e-02 
2025-11-21 17:24:11,547 INFO: [IART_..][epoch:  0, iter:     379, lr:(1.997e-04,2.496e-05,)] [eta: 10:19:57, time (data): 2.546 (0.002)] l_pix: 3.4515e-02 
2025-11-21 17:24:13,971 INFO: [IART_..][epoch:  0, iter:     380, lr:(1.997e-04,2.496e-05,)] [eta: 10:19:50, time (data): 2.545 (0.002)] l_pix: 3.1238e-02 
2025-11-21 17:24:16,463 INFO: [IART_..][epoch:  0, iter:     381, lr:(1.997e-04,2.496e-05,)] [eta: 10:19:46, time (data): 2.545 (0.002)] l_pix: 1.9588e-02 
2025-11-21 17:24:18,950 INFO: [IART_..][epoch:  0, iter:     382, lr:(1.997e-04,2.496e-05,)] [eta: 10:19:41, time (data): 2.545 (0.002)] l_pix: 1.9685e-02 
2025-11-21 17:24:21,441 INFO: [IART_..][epoch:  0, iter:     383, lr:(1.997e-04,2.496e-05,)] [eta: 10:19:37, time (data): 2.544 (0.002)] l_pix: 3.6406e-02 
2025-11-21 17:24:23,908 INFO: [IART_..][epoch:  0, iter:     384, lr:(1.997e-04,2.496e-05,)] [eta: 10:19:31, time (data): 2.544 (0.002)] l_pix: 4.0641e-02 
2025-11-21 17:24:26,366 INFO: [IART_..][epoch:  0, iter:     385, lr:(1.997e-04,2.496e-05,)] [eta: 10:19:25, time (data): 2.543 (0.002)] l_pix: 3.5180e-02 
2025-11-21 17:24:28,793 INFO: [IART_..][epoch:  0, iter:     386, lr:(1.997e-04,2.496e-05,)] [eta: 10:19:18, time (data): 2.543 (0.002)] l_pix: 3.2741e-02 
2025-11-21 17:24:31,306 INFO: [IART_..][epoch:  0, iter:     387, lr:(1.997e-04,2.496e-05,)] [eta: 10:19:15, time (data): 2.543 (0.002)] l_pix: 3.9694e-02 
2025-11-21 17:24:33,775 INFO: [IART_..][epoch:  0, iter:     388, lr:(1.997e-04,2.496e-05,)] [eta: 10:19:09, time (data): 2.542 (0.002)] l_pix: 2.1639e-02 
2025-11-21 17:24:36,308 INFO: [IART_..][epoch:  0, iter:     389, lr:(1.997e-04,2.496e-05,)] [eta: 10:19:06, time (data): 2.542 (0.002)] l_pix: 2.1980e-02 
2025-11-21 17:24:38,826 INFO: [IART_..][epoch:  0, iter:     390, lr:(1.997e-04,2.496e-05,)] [eta: 10:19:03, time (data): 2.542 (0.002)] l_pix: 2.8864e-02 
2025-11-21 17:24:41,406 INFO: [IART_..][epoch:  0, iter:     391, lr:(1.997e-04,2.496e-05,)] [eta: 10:19:02, time (data): 2.542 (0.002)] l_pix: 3.2030e-02 
2025-11-21 17:24:43,912 INFO: [IART_..][epoch:  0, iter:     392, lr:(1.997e-04,2.496e-05,)] [eta: 10:18:58, time (data): 2.542 (0.002)] l_pix: 3.1502e-02 
2025-11-21 17:24:46,421 INFO: [IART_..][epoch:  0, iter:     393, lr:(1.997e-04,2.496e-05,)] [eta: 10:18:54, time (data): 2.542 (0.002)] l_pix: 1.5859e-02 
2025-11-21 17:24:48,995 INFO: [IART_..][epoch:  0, iter:     394, lr:(1.997e-04,2.496e-05,)] [eta: 10:18:53, time (data): 2.542 (0.002)] l_pix: 3.9942e-02 
2025-11-21 17:24:51,620 INFO: [IART_..][epoch:  0, iter:     395, lr:(1.997e-04,2.496e-05,)] [eta: 10:18:53, time (data): 2.542 (0.002)] l_pix: 2.7648e-02 
2025-11-21 17:24:54,200 INFO: [IART_..][epoch:  0, iter:     396, lr:(1.997e-04,2.496e-05,)] [eta: 10:18:52, time (data): 2.543 (0.002)] l_pix: 1.9460e-02 
2025-11-21 17:24:56,764 INFO: [IART_..][epoch:  0, iter:     397, lr:(1.997e-04,2.496e-05,)] [eta: 10:18:50, time (data): 2.543 (0.002)] l_pix: 4.3638e-02 
2025-11-21 17:24:59,498 INFO: [IART_..][epoch:  0, iter:     398, lr:(1.997e-04,2.496e-05,)] [eta: 10:18:55, time (data): 2.544 (0.002)] l_pix: 2.8124e-02 
2025-11-21 17:25:02,316 INFO: [IART_..][epoch:  0, iter:     399, lr:(1.997e-04,2.496e-05,)] [eta: 10:19:02, time (data): 2.545 (0.002)] l_pix: 3.1202e-02 
2025-11-21 17:25:04,894 INFO: [IART_..][epoch:  0, iter:     400, lr:(1.997e-04,2.496e-05,)] [eta: 10:19:01, time (data): 2.545 (0.002)] l_pix: 3.2392e-02 
2025-11-21 17:25:07,482 INFO: [IART_..][epoch:  0, iter:     401, lr:(1.996e-04,2.496e-05,)] [eta: 10:19:00, time (data): 2.546 (0.002)] l_pix: 3.7087e-02 
2025-11-21 17:25:10,154 INFO: [IART_..][epoch:  0, iter:     402, lr:(1.996e-04,2.496e-05,)] [eta: 10:19:02, time (data): 2.546 (0.002)] l_pix: 2.8719e-02 
2025-11-21 17:25:12,710 INFO: [IART_..][epoch:  0, iter:     403, lr:(1.996e-04,2.496e-05,)] [eta: 10:19:00, time (data): 2.556 (0.000)] l_pix: 4.7901e-02 
2025-11-21 17:25:15,216 INFO: [IART_..][epoch:  0, iter:     404, lr:(1.996e-04,2.496e-05,)] [eta: 10:18:56, time (data): 2.531 (0.000)] l_pix: 3.9739e-02 
2025-11-21 17:25:17,765 INFO: [IART_..][epoch:  0, iter:     405, lr:(1.996e-04,2.496e-05,)] [eta: 10:18:54, time (data): 2.537 (0.000)] l_pix: 2.5080e-02 
2025-11-21 17:25:20,371 INFO: [IART_..][epoch:  0, iter:     406, lr:(1.996e-04,2.496e-05,)] [eta: 10:18:53, time (data): 2.554 (0.001)] l_pix: 3.2226e-02 
2025-11-21 17:25:23,050 INFO: [IART_..][epoch:  0, iter:     407, lr:(1.996e-04,2.496e-05,)] [eta: 10:18:56, time (data): 2.579 (0.001)] l_pix: 3.0314e-02 
2025-11-21 17:25:25,559 INFO: [IART_..][epoch:  0, iter:     408, lr:(1.996e-04,2.495e-05,)] [eta: 10:18:52, time (data): 2.568 (0.001)] l_pix: 2.8426e-02 
2025-11-21 17:25:28,114 INFO: [IART_..][epoch:  0, iter:     409, lr:(1.996e-04,2.495e-05,)] [eta: 10:18:50, time (data): 2.566 (0.001)] l_pix: 4.0447e-02 
2025-11-21 17:25:30,773 INFO: [IART_..][epoch:  0, iter:     410, lr:(1.996e-04,2.495e-05,)] [eta: 10:18:51, time (data): 2.577 (0.001)] l_pix: 4.2396e-02 
2025-11-21 17:25:33,339 INFO: [IART_..][epoch:  0, iter:     411, lr:(1.996e-04,2.495e-05,)] [eta: 10:18:49, time (data): 2.576 (0.001)] l_pix: 2.6787e-02 
2025-11-21 17:25:35,983 INFO: [IART_..][epoch:  0, iter:     412, lr:(1.996e-04,2.495e-05,)] [eta: 10:18:50, time (data): 2.583 (0.001)] l_pix: 4.4244e-02 
2025-11-21 17:25:38,648 INFO: [IART_..][epoch:  0, iter:     413, lr:(1.996e-04,2.495e-05,)] [eta: 10:18:52, time (data): 2.590 (0.001)] l_pix: 2.2266e-02 
2025-11-21 17:25:41,149 INFO: [IART_..][epoch:  0, iter:     414, lr:(1.996e-04,2.495e-05,)] [eta: 10:18:48, time (data): 2.583 (0.001)] l_pix: 2.0202e-02 
2025-11-21 17:25:43,780 INFO: [IART_..][epoch:  0, iter:     415, lr:(1.996e-04,2.495e-05,)] [eta: 10:18:48, time (data): 2.586 (0.001)] l_pix: 2.8628e-02 
2025-11-21 17:25:46,320 INFO: [IART_..][epoch:  0, iter:     416, lr:(1.996e-04,2.495e-05,)] [eta: 10:18:45, time (data): 2.583 (0.001)] l_pix: 1.8660e-02 
2025-11-21 17:25:48,965 INFO: [IART_..][epoch:  0, iter:     417, lr:(1.996e-04,2.495e-05,)] [eta: 10:18:46, time (data): 2.587 (0.001)] l_pix: 1.6533e-02 
2025-11-21 17:25:51,718 INFO: [IART_..][epoch:  0, iter:     418, lr:(1.996e-04,2.495e-05,)] [eta: 10:18:51, time (data): 2.598 (0.002)] l_pix: 4.2202e-02 
2025-11-21 17:25:54,828 INFO: [IART_..][epoch:  0, iter:     419, lr:(1.996e-04,2.495e-05,)] [eta: 10:19:08, time (data): 2.628 (0.002)] l_pix: 5.5611e-02 
2025-11-21 17:25:57,429 INFO: [IART_..][epoch:  0, iter:     420, lr:(1.996e-04,2.495e-05,)] [eta: 10:19:07, time (data): 2.626 (0.002)] l_pix: 3.3467e-02 
2025-11-21 17:26:00,116 INFO: [IART_..][epoch:  0, iter:     421, lr:(1.996e-04,2.495e-05,)] [eta: 10:19:10, time (data): 2.629 (0.002)] l_pix: 2.8793e-02 
2025-11-21 17:26:03,015 INFO: [IART_..][epoch:  0, iter:     422, lr:(1.996e-04,2.495e-05,)] [eta: 10:19:19, time (data): 2.643 (0.002)] l_pix: 5.0720e-02 
2025-11-21 17:26:05,721 INFO: [IART_..][epoch:  0, iter:     423, lr:(1.996e-04,2.495e-05,)] [eta: 10:19:22, time (data): 2.646 (0.002)] l_pix: 3.4431e-02 
2025-11-21 17:26:08,412 INFO: [IART_..][epoch:  0, iter:     424, lr:(1.996e-04,2.495e-05,)] [eta: 10:19:24, time (data): 2.648 (0.002)] l_pix: 2.0059e-02 
2025-11-21 17:26:11,006 INFO: [IART_..][epoch:  0, iter:     425, lr:(1.996e-04,2.495e-05,)] [eta: 10:19:23, time (data): 2.645 (0.002)] l_pix: 3.3234e-02 
2025-11-21 17:26:13,800 INFO: [IART_..][epoch:  0, iter:     426, lr:(1.996e-04,2.495e-05,)] [eta: 10:19:29, time (data): 2.652 (0.002)] l_pix: 3.1086e-02 
2025-11-21 17:26:16,574 INFO: [IART_..][epoch:  0, iter:     427, lr:(1.996e-04,2.495e-05,)] [eta: 10:19:34, time (data): 2.657 (0.002)] l_pix: 1.8214e-02 
2025-11-21 17:26:19,218 INFO: [IART_..][epoch:  0, iter:     428, lr:(1.996e-04,2.495e-05,)] [eta: 10:19:35, time (data): 2.656 (0.002)] l_pix: 3.8502e-02 
2025-11-21 17:26:21,787 INFO: [IART_..][epoch:  0, iter:     429, lr:(1.996e-04,2.495e-05,)] [eta: 10:19:33, time (data): 2.653 (0.002)] l_pix: 3.6850e-02 
2025-11-21 17:26:24,422 INFO: [IART_..][epoch:  0, iter:     430, lr:(1.996e-04,2.495e-05,)] [eta: 10:19:33, time (data): 2.652 (0.002)] l_pix: 1.0787e-02 
2025-11-21 17:26:27,036 INFO: [IART_..][epoch:  0, iter:     431, lr:(1.996e-04,2.495e-05,)] [eta: 10:19:33, time (data): 2.651 (0.002)] l_pix: 4.4372e-02 
2025-11-21 17:26:29,608 INFO: [IART_..][epoch:  0, iter:     432, lr:(1.996e-04,2.495e-05,)] [eta: 10:19:31, time (data): 2.648 (0.002)] l_pix: 1.6264e-02 
2025-11-21 17:26:32,261 INFO: [IART_..][epoch:  0, iter:     433, lr:(1.996e-04,2.495e-05,)] [eta: 10:19:32, time (data): 2.648 (0.002)] l_pix: 3.2189e-02 
2025-11-21 17:26:34,767 INFO: [IART_..][epoch:  0, iter:     434, lr:(1.996e-04,2.495e-05,)] [eta: 10:19:27, time (data): 2.644 (0.002)] l_pix: 2.5283e-02 
2025-11-21 17:26:37,282 INFO: [IART_..][epoch:  0, iter:     435, lr:(1.996e-04,2.495e-05,)] [eta: 10:19:24, time (data): 2.640 (0.002)] l_pix: 3.3581e-02 
2025-11-21 17:26:39,816 INFO: [IART_..][epoch:  0, iter:     436, lr:(1.996e-04,2.495e-05,)] [eta: 10:19:21, time (data): 2.637 (0.002)] l_pix: 2.6083e-02 
2025-11-21 17:26:42,294 INFO: [IART_..][epoch:  0, iter:     437, lr:(1.996e-04,2.495e-05,)] [eta: 10:19:16, time (data): 2.632 (0.002)] l_pix: 2.5143e-02 
2025-11-21 17:26:44,849 INFO: [IART_..][epoch:  0, iter:     438, lr:(1.996e-04,2.495e-05,)] [eta: 10:19:13, time (data): 2.630 (0.002)] l_pix: 3.3319e-02 
2025-11-21 17:26:47,411 INFO: [IART_..][epoch:  0, iter:     439, lr:(1.996e-04,2.495e-05,)] [eta: 10:19:11, time (data): 2.628 (0.002)] l_pix: 3.1250e-02 
2025-11-21 17:26:50,030 INFO: [IART_..][epoch:  0, iter:     440, lr:(1.996e-04,2.495e-05,)] [eta: 10:19:11, time (data): 2.628 (0.002)] l_pix: 3.2587e-02 
2025-11-21 17:26:53,062 INFO: [IART_..][epoch:  0, iter:     441, lr:(1.996e-04,2.495e-05,)] [eta: 10:19:24, time (data): 2.638 (0.002)] l_pix: 4.5204e-02 
2025-11-21 17:26:55,626 INFO: [IART_..][epoch:  0, iter:     442, lr:(1.996e-04,2.495e-05,)] [eta: 10:19:22, time (data): 2.637 (0.002)] l_pix: 4.0443e-02 
2025-11-21 17:26:58,252 INFO: [IART_..][epoch:  0, iter:     443, lr:(1.996e-04,2.495e-05,)] [eta: 10:19:21, time (data): 2.636 (0.002)] l_pix: 2.6232e-02 
2025-11-21 17:27:00,836 INFO: [IART_..][epoch:  0, iter:     444, lr:(1.996e-04,2.495e-05,)] [eta: 10:19:20, time (data): 2.635 (0.002)] l_pix: 3.5113e-02 
2025-11-21 17:27:03,282 INFO: [IART_..][epoch:  0, iter:     445, lr:(1.996e-04,2.495e-05,)] [eta: 10:19:14, time (data): 2.631 (0.002)] l_pix: 1.5046e-02 
2025-11-21 17:27:05,748 INFO: [IART_..][epoch:  0, iter:     446, lr:(1.996e-04,2.495e-05,)] [eta: 10:19:09, time (data): 2.627 (0.002)] l_pix: 3.4554e-02 
2025-11-21 17:27:08,258 INFO: [IART_..][epoch:  0, iter:     447, lr:(1.996e-04,2.495e-05,)] [eta: 10:19:05, time (data): 2.624 (0.002)] l_pix: 1.1279e-02 
2025-11-21 17:27:10,831 INFO: [IART_..][epoch:  0, iter:     448, lr:(1.996e-04,2.495e-05,)] [eta: 10:19:03, time (data): 2.623 (0.002)] l_pix: 2.7087e-02 
2025-11-21 17:27:13,437 INFO: [IART_..][epoch:  0, iter:     449, lr:(1.996e-04,2.495e-05,)] [eta: 10:19:02, time (data): 2.623 (0.002)] l_pix: 3.4899e-02 
2025-11-21 17:27:16,021 INFO: [IART_..][epoch:  0, iter:     450, lr:(1.996e-04,2.494e-05,)] [eta: 10:19:00, time (data): 2.622 (0.002)] l_pix: 3.1230e-02 
2025-11-21 17:27:18,575 INFO: [IART_..][epoch:  0, iter:     451, lr:(1.996e-04,2.494e-05,)] [eta: 10:18:58, time (data): 2.621 (0.002)] l_pix: 2.8681e-02 
2025-11-21 17:27:21,105 INFO: [IART_..][epoch:  0, iter:     452, lr:(1.996e-04,2.494e-05,)] [eta: 10:18:54, time (data): 2.619 (0.002)] l_pix: 4.8669e-02 
2025-11-21 17:27:23,679 INFO: [IART_..][epoch:  0, iter:     453, lr:(1.996e-04,2.494e-05,)] [eta: 10:18:53, time (data): 2.618 (0.002)] l_pix: 3.2531e-02 
2025-11-21 17:27:26,196 INFO: [IART_..][epoch:  0, iter:     454, lr:(1.996e-04,2.494e-05,)] [eta: 10:18:49, time (data): 2.616 (0.002)] l_pix: 4.6401e-02 
2025-11-21 17:27:28,676 INFO: [IART_..][epoch:  0, iter:     455, lr:(1.995e-04,2.494e-05,)] [eta: 10:18:44, time (data): 2.613 (0.002)] l_pix: 3.7706e-02 
2025-11-21 17:27:31,326 INFO: [IART_..][epoch:  0, iter:     456, lr:(1.995e-04,2.494e-05,)] [eta: 10:18:45, time (data): 2.614 (0.002)] l_pix: 4.0430e-02 
2025-11-21 17:27:33,903 INFO: [IART_..][epoch:  0, iter:     457, lr:(1.995e-04,2.494e-05,)] [eta: 10:18:43, time (data): 2.613 (0.002)] l_pix: 2.9475e-02 
2025-11-21 17:27:36,551 INFO: [IART_..][epoch:  0, iter:     458, lr:(1.995e-04,2.494e-05,)] [eta: 10:18:43, time (data): 2.614 (0.002)] l_pix: 2.1215e-02 
2025-11-21 17:27:39,057 INFO: [IART_..][epoch:  0, iter:     459, lr:(1.995e-04,2.494e-05,)] [eta: 10:18:39, time (data): 2.612 (0.002)] l_pix: 3.0935e-02 
2025-11-21 17:27:41,627 INFO: [IART_..][epoch:  0, iter:     460, lr:(1.995e-04,2.494e-05,)] [eta: 10:18:37, time (data): 2.611 (0.002)] l_pix: 1.7454e-02 
2025-11-21 17:27:44,337 INFO: [IART_..][epoch:  0, iter:     461, lr:(1.995e-04,2.494e-05,)] [eta: 10:18:40, time (data): 2.613 (0.002)] l_pix: 4.0687e-02 
2025-11-21 17:27:46,904 INFO: [IART_..][epoch:  0, iter:     462, lr:(1.995e-04,2.494e-05,)] [eta: 10:18:37, time (data): 2.612 (0.002)] l_pix: 3.2980e-02 
2025-11-21 17:27:49,501 INFO: [IART_..][epoch:  0, iter:     463, lr:(1.995e-04,2.494e-05,)] [eta: 10:18:36, time (data): 2.612 (0.002)] l_pix: 3.7715e-02 
2025-11-21 17:27:51,949 INFO: [IART_..][epoch:  0, iter:     464, lr:(1.995e-04,2.494e-05,)] [eta: 10:18:30, time (data): 2.609 (0.002)] l_pix: 2.8075e-02 
2025-11-21 17:27:54,372 INFO: [IART_..][epoch:  0, iter:     465, lr:(1.995e-04,2.494e-05,)] [eta: 10:18:24, time (data): 2.606 (0.002)] l_pix: 3.6881e-02 
2025-11-21 17:27:56,863 INFO: [IART_..][epoch:  0, iter:     466, lr:(1.995e-04,2.494e-05,)] [eta: 10:18:19, time (data): 2.605 (0.002)] l_pix: 2.3861e-02 
2025-11-21 17:27:59,356 INFO: [IART_..][epoch:  0, iter:     467, lr:(1.995e-04,2.494e-05,)] [eta: 10:18:15, time (data): 2.603 (0.002)] l_pix: 3.6375e-02 
2025-11-21 17:28:01,864 INFO: [IART_..][epoch:  0, iter:     468, lr:(1.995e-04,2.494e-05,)] [eta: 10:18:11, time (data): 2.601 (0.002)] l_pix: 4.8707e-02 
2025-11-21 17:28:04,381 INFO: [IART_..][epoch:  0, iter:     469, lr:(1.995e-04,2.494e-05,)] [eta: 10:18:07, time (data): 2.600 (0.002)] l_pix: 2.6887e-02 
2025-11-21 17:28:06,868 INFO: [IART_..][epoch:  0, iter:     470, lr:(1.995e-04,2.494e-05,)] [eta: 10:18:03, time (data): 2.598 (0.002)] l_pix: 2.3405e-02 
2025-11-21 17:28:09,464 INFO: [IART_..][epoch:  0, iter:     471, lr:(1.995e-04,2.494e-05,)] [eta: 10:18:02, time (data): 2.598 (0.002)] l_pix: 2.3332e-02 
2025-11-21 17:28:11,980 INFO: [IART_..][epoch:  0, iter:     472, lr:(1.995e-04,2.494e-05,)] [eta: 10:17:58, time (data): 2.597 (0.002)] l_pix: 2.4317e-02 
2025-11-21 17:28:14,498 INFO: [IART_..][epoch:  0, iter:     473, lr:(1.995e-04,2.494e-05,)] [eta: 10:17:54, time (data): 2.596 (0.002)] l_pix: 3.2903e-02 
2025-11-21 17:28:17,073 INFO: [IART_..][epoch:  0, iter:     474, lr:(1.995e-04,2.494e-05,)] [eta: 10:17:52, time (data): 2.596 (0.002)] l_pix: 2.2768e-02 
2025-11-21 17:28:19,634 INFO: [IART_..][epoch:  0, iter:     475, lr:(1.995e-04,2.494e-05,)] [eta: 10:17:50, time (data): 2.595 (0.002)] l_pix: 2.2875e-02 
2025-11-21 17:28:22,318 INFO: [IART_..][epoch:  0, iter:     476, lr:(1.995e-04,2.494e-05,)] [eta: 10:17:52, time (data): 2.597 (0.002)] l_pix: 3.1170e-02 
2025-11-21 17:28:24,891 INFO: [IART_..][epoch:  0, iter:     477, lr:(1.995e-04,2.494e-05,)] [eta: 10:17:50, time (data): 2.596 (0.002)] l_pix: 2.6786e-02 
2025-11-21 17:28:27,503 INFO: [IART_..][epoch:  0, iter:     478, lr:(1.995e-04,2.494e-05,)] [eta: 10:17:49, time (data): 2.596 (0.002)] l_pix: 2.5751e-02 
2025-11-21 17:28:29,986 INFO: [IART_..][epoch:  0, iter:     479, lr:(1.995e-04,2.494e-05,)] [eta: 10:17:44, time (data): 2.595 (0.002)] l_pix: 2.1784e-02 
2025-11-21 17:28:32,492 INFO: [IART_..][epoch:  0, iter:     480, lr:(1.995e-04,2.494e-05,)] [eta: 10:17:40, time (data): 2.594 (0.002)] l_pix: 2.2244e-02 
2025-11-21 17:28:35,106 INFO: [IART_..][epoch:  0, iter:     481, lr:(1.995e-04,2.494e-05,)] [eta: 10:17:40, time (data): 2.594 (0.002)] l_pix: 3.2913e-02 
2025-11-21 17:28:37,779 INFO: [IART_..][epoch:  0, iter:     482, lr:(1.995e-04,2.494e-05,)] [eta: 10:17:41, time (data): 2.595 (0.002)] l_pix: 2.9642e-02 
2025-11-21 17:28:40,242 INFO: [IART_..][epoch:  0, iter:     483, lr:(1.995e-04,2.494e-05,)] [eta: 10:17:35, time (data): 2.593 (0.002)] l_pix: 2.6992e-02 
2025-11-21 17:28:42,834 INFO: [IART_..][epoch:  0, iter:     484, lr:(1.995e-04,2.494e-05,)] [eta: 10:17:34, time (data): 2.593 (0.002)] l_pix: 2.6930e-02 
2025-11-21 17:28:45,258 INFO: [IART_..][epoch:  0, iter:     485, lr:(1.995e-04,2.494e-05,)] [eta: 10:17:28, time (data): 2.591 (0.002)] l_pix: 2.5428e-02 
2025-11-21 17:28:47,789 INFO: [IART_..][epoch:  0, iter:     486, lr:(1.995e-04,2.494e-05,)] [eta: 10:17:24, time (data): 2.591 (0.002)] l_pix: 2.5851e-02 
2025-11-21 17:28:50,350 INFO: [IART_..][epoch:  0, iter:     487, lr:(1.995e-04,2.494e-05,)] [eta: 10:17:22, time (data): 2.590 (0.002)] l_pix: 1.8432e-02 
2025-11-21 17:28:52,898 INFO: [IART_..][epoch:  0, iter:     488, lr:(1.995e-04,2.494e-05,)] [eta: 10:17:19, time (data): 2.590 (0.002)] l_pix: 3.7495e-02 
2025-11-21 17:28:55,378 INFO: [IART_..][epoch:  0, iter:     489, lr:(1.995e-04,2.494e-05,)] [eta: 10:17:15, time (data): 2.589 (0.002)] l_pix: 2.2752e-02 
2025-11-21 17:28:57,886 INFO: [IART_..][epoch:  0, iter:     490, lr:(1.995e-04,2.493e-05,)] [eta: 10:17:11, time (data): 2.588 (0.002)] l_pix: 3.4730e-02 
2025-11-21 17:29:00,316 INFO: [IART_..][epoch:  0, iter:     491, lr:(1.995e-04,2.493e-05,)] [eta: 10:17:05, time (data): 2.586 (0.002)] l_pix: 2.2543e-02 
2025-11-21 17:29:02,770 INFO: [IART_..][epoch:  0, iter:     492, lr:(1.995e-04,2.493e-05,)] [eta: 10:16:59, time (data): 2.584 (0.002)] l_pix: 2.9718e-02 
2025-11-21 17:29:05,238 INFO: [IART_..][epoch:  0, iter:     493, lr:(1.995e-04,2.493e-05,)] [eta: 10:16:54, time (data): 2.583 (0.002)] l_pix: 2.0448e-02 
2025-11-21 17:29:07,782 INFO: [IART_..][epoch:  0, iter:     494, lr:(1.995e-04,2.493e-05,)] [eta: 10:16:51, time (data): 2.583 (0.002)] l_pix: 2.9139e-02 
2025-11-21 17:29:10,216 INFO: [IART_..][epoch:  0, iter:     495, lr:(1.995e-04,2.493e-05,)] [eta: 10:16:45, time (data): 2.581 (0.002)] l_pix: 2.4182e-02 
2025-11-21 17:29:12,691 INFO: [IART_..][epoch:  0, iter:     496, lr:(1.995e-04,2.493e-05,)] [eta: 10:16:41, time (data): 2.580 (0.002)] l_pix: 3.9253e-02 
2025-11-21 17:29:15,310 INFO: [IART_..][epoch:  0, iter:     497, lr:(1.995e-04,2.493e-05,)] [eta: 10:16:40, time (data): 2.580 (0.002)] l_pix: 2.4230e-02 
2025-11-21 17:29:17,992 INFO: [IART_..][epoch:  0, iter:     498, lr:(1.995e-04,2.493e-05,)] [eta: 10:16:41, time (data): 2.581 (0.002)] l_pix: 2.3428e-02 
2025-11-21 17:29:20,559 INFO: [IART_..][epoch:  0, iter:     499, lr:(1.995e-04,2.493e-05,)] [eta: 10:16:39, time (data): 2.581 (0.002)] l_pix: 3.5369e-02 
2025-11-21 17:29:23,116 INFO: [IART_..][epoch:  0, iter:     500, lr:(1.995e-04,2.493e-05,)] [eta: 10:16:37, time (data): 2.581 (0.002)] l_pix: 4.0852e-02 
2025-11-21 17:29:25,649 INFO: [IART_..][epoch:  0, iter:     501, lr:(1.995e-04,2.493e-05,)] [eta: 10:16:34, time (data): 2.580 (0.002)] l_pix: 2.2180e-02 
2025-11-21 17:29:28,183 INFO: [IART_..][epoch:  0, iter:     502, lr:(1.995e-04,2.493e-05,)] [eta: 10:16:31, time (data): 2.580 (0.002)] l_pix: 2.6159e-02 
2025-11-21 17:29:30,699 INFO: [IART_..][epoch:  0, iter:     503, lr:(1.994e-04,2.493e-05,)] [eta: 10:16:27, time (data): 2.579 (0.002)] l_pix: 3.0181e-02 
2025-11-21 17:29:33,249 INFO: [IART_..][epoch:  0, iter:     504, lr:(1.994e-04,2.493e-05,)] [eta: 10:16:25, time (data): 2.579 (0.002)] l_pix: 2.8915e-02 
2025-11-21 17:29:35,850 INFO: [IART_..][epoch:  0, iter:     505, lr:(1.994e-04,2.493e-05,)] [eta: 10:16:23, time (data): 2.579 (0.002)] l_pix: 2.0770e-02 
2025-11-21 17:29:38,342 INFO: [IART_..][epoch:  0, iter:     506, lr:(1.994e-04,2.493e-05,)] [eta: 10:16:19, time (data): 2.578 (0.002)] l_pix: 1.8841e-02 
2025-11-21 17:29:40,941 INFO: [IART_..][epoch:  0, iter:     507, lr:(1.994e-04,2.493e-05,)] [eta: 10:16:18, time (data): 2.579 (0.002)] l_pix: 2.2213e-02 
2025-11-21 17:29:43,648 INFO: [IART_..][epoch:  0, iter:     508, lr:(1.994e-04,2.493e-05,)] [eta: 10:16:20, time (data): 2.580 (0.002)] l_pix: 2.5172e-02 
2025-11-21 17:29:46,132 INFO: [IART_..][epoch:  0, iter:     509, lr:(1.994e-04,2.493e-05,)] [eta: 10:16:15, time (data): 2.579 (0.002)] l_pix: 2.5595e-02 
2025-11-21 17:29:48,772 INFO: [IART_..][epoch:  0, iter:     510, lr:(1.994e-04,2.493e-05,)] [eta: 10:16:15, time (data): 2.580 (0.002)] l_pix: 2.4470e-02 
2025-11-21 17:29:51,297 INFO: [IART_..][epoch:  0, iter:     511, lr:(1.994e-04,2.493e-05,)] [eta: 10:16:12, time (data): 2.579 (0.002)] l_pix: 4.6652e-02 
2025-11-21 17:29:53,783 INFO: [IART_..][epoch:  0, iter:     512, lr:(1.994e-04,2.493e-05,)] [eta: 10:16:08, time (data): 2.578 (0.002)] l_pix: 2.7815e-02 
2025-11-21 17:29:56,402 INFO: [IART_..][epoch:  0, iter:     513, lr:(1.994e-04,2.493e-05,)] [eta: 10:16:07, time (data): 2.579 (0.002)] l_pix: 1.1811e-02 
2025-11-21 17:29:58,966 INFO: [IART_..][epoch:  0, iter:     514, lr:(1.994e-04,2.493e-05,)] [eta: 10:16:05, time (data): 2.578 (0.002)] l_pix: 4.9174e-02 
2025-11-21 17:30:01,509 INFO: [IART_..][epoch:  0, iter:     515, lr:(1.994e-04,2.493e-05,)] [eta: 10:16:02, time (data): 2.578 (0.002)] l_pix: 3.2229e-02 
2025-11-21 17:30:03,980 INFO: [IART_..][epoch:  0, iter:     516, lr:(1.994e-04,2.493e-05,)] [eta: 10:15:57, time (data): 2.577 (0.002)] l_pix: 3.1342e-02 
2025-11-21 17:30:06,583 INFO: [IART_..][epoch:  0, iter:     517, lr:(1.994e-04,2.493e-05,)] [eta: 10:15:56, time (data): 2.577 (0.002)] l_pix: 2.0973e-02 
2025-11-21 17:30:09,069 INFO: [IART_..][epoch:  0, iter:     518, lr:(1.994e-04,2.493e-05,)] [eta: 10:15:52, time (data): 2.577 (0.002)] l_pix: 2.7077e-02 
2025-11-21 17:30:11,541 INFO: [IART_..][epoch:  0, iter:     519, lr:(1.994e-04,2.493e-05,)] [eta: 10:15:47, time (data): 2.576 (0.002)] l_pix: 2.4475e-02 
2025-11-21 17:30:14,126 INFO: [IART_..][epoch:  0, iter:     520, lr:(1.994e-04,2.493e-05,)] [eta: 10:15:45, time (data): 2.576 (0.002)] l_pix: 2.7293e-02 
2025-11-21 17:30:16,629 INFO: [IART_..][epoch:  0, iter:     521, lr:(1.994e-04,2.493e-05,)] [eta: 10:15:41, time (data): 2.575 (0.002)] l_pix: 2.0520e-02 
2025-11-21 17:30:19,150 INFO: [IART_..][epoch:  0, iter:     522, lr:(1.994e-04,2.493e-05,)] [eta: 10:15:38, time (data): 2.575 (0.002)] l_pix: 2.0220e-02 
2025-11-21 17:30:21,626 INFO: [IART_..][epoch:  0, iter:     523, lr:(1.994e-04,2.493e-05,)] [eta: 10:15:33, time (data): 2.574 (0.002)] l_pix: 2.5673e-02 
2025-11-21 17:30:24,215 INFO: [IART_..][epoch:  0, iter:     524, lr:(1.994e-04,2.493e-05,)] [eta: 10:15:32, time (data): 2.574 (0.002)] l_pix: 3.8513e-02 
2025-11-21 17:30:26,666 INFO: [IART_..][epoch:  0, iter:     525, lr:(1.994e-04,2.493e-05,)] [eta: 10:15:26, time (data): 2.573 (0.002)] l_pix: 4.6575e-02 
2025-11-21 17:30:29,199 INFO: [IART_..][epoch:  0, iter:     526, lr:(1.994e-04,2.492e-05,)] [eta: 10:15:23, time (data): 2.573 (0.002)] l_pix: 3.9167e-02 
2025-11-21 17:30:31,781 INFO: [IART_..][epoch:  0, iter:     527, lr:(1.994e-04,2.492e-05,)] [eta: 10:15:22, time (data): 2.573 (0.002)] l_pix: 2.5025e-02 
2025-11-21 17:30:34,293 INFO: [IART_..][epoch:  0, iter:     528, lr:(1.994e-04,2.492e-05,)] [eta: 10:15:18, time (data): 2.572 (0.002)] l_pix: 3.5357e-02 
2025-11-21 17:30:36,820 INFO: [IART_..][epoch:  0, iter:     529, lr:(1.994e-04,2.492e-05,)] [eta: 10:15:15, time (data): 2.572 (0.002)] l_pix: 2.3455e-02 
2025-11-21 17:30:39,352 INFO: [IART_..][epoch:  0, iter:     530, lr:(1.994e-04,2.492e-05,)] [eta: 10:15:12, time (data): 2.572 (0.002)] l_pix: 2.9752e-02 
2025-11-21 17:30:41,926 INFO: [IART_..][epoch:  0, iter:     531, lr:(1.994e-04,2.492e-05,)] [eta: 10:15:10, time (data): 2.572 (0.002)] l_pix: 3.3030e-02 
2025-11-21 17:30:44,384 INFO: [IART_..][epoch:  0, iter:     532, lr:(1.994e-04,2.492e-05,)] [eta: 10:15:05, time (data): 2.571 (0.002)] l_pix: 3.4227e-02 
2025-11-21 17:30:46,899 INFO: [IART_..][epoch:  0, iter:     533, lr:(1.994e-04,2.492e-05,)] [eta: 10:15:01, time (data): 2.570 (0.002)] l_pix: 4.9888e-02 
2025-11-21 17:30:49,409 INFO: [IART_..][epoch:  0, iter:     534, lr:(1.994e-04,2.492e-05,)] [eta: 10:14:58, time (data): 2.570 (0.002)] l_pix: 1.1911e-02 
2025-11-21 17:30:52,048 INFO: [IART_..][epoch:  0, iter:     535, lr:(1.994e-04,2.492e-05,)] [eta: 10:14:57, time (data): 2.570 (0.002)] l_pix: 1.2669e-02 
2025-11-21 17:30:54,533 INFO: [IART_..][epoch:  0, iter:     536, lr:(1.994e-04,2.492e-05,)] [eta: 10:14:53, time (data): 2.570 (0.002)] l_pix: 2.9102e-02 
2025-11-21 17:30:57,136 INFO: [IART_..][epoch:  0, iter:     537, lr:(1.994e-04,2.492e-05,)] [eta: 10:14:52, time (data): 2.570 (0.002)] l_pix: 3.0263e-02 
2025-11-21 17:30:59,633 INFO: [IART_..][epoch:  0, iter:     538, lr:(1.994e-04,2.492e-05,)] [eta: 10:14:48, time (data): 2.569 (0.002)] l_pix: 3.6979e-02 
2025-11-21 17:31:02,059 INFO: [IART_..][epoch:  0, iter:     539, lr:(1.994e-04,2.492e-05,)] [eta: 10:14:42, time (data): 2.568 (0.002)] l_pix: 3.8370e-02 
2025-11-21 17:31:04,541 INFO: [IART_..][epoch:  0, iter:     540, lr:(1.994e-04,2.492e-05,)] [eta: 10:14:38, time (data): 2.568 (0.002)] l_pix: 1.4614e-02 
2025-11-21 17:31:07,033 INFO: [IART_..][epoch:  0, iter:     541, lr:(1.994e-04,2.492e-05,)] [eta: 10:14:33, time (data): 2.567 (0.002)] l_pix: 3.8543e-02 
2025-11-21 17:31:09,509 INFO: [IART_..][epoch:  0, iter:     542, lr:(1.994e-04,2.492e-05,)] [eta: 10:14:29, time (data): 2.567 (0.002)] l_pix: 2.8344e-02 
2025-11-21 17:31:12,060 INFO: [IART_..][epoch:  0, iter:     543, lr:(1.994e-04,2.492e-05,)] [eta: 10:14:26, time (data): 2.566 (0.002)] l_pix: 5.0149e-02 
2025-11-21 17:31:14,533 INFO: [IART_..][epoch:  0, iter:     544, lr:(1.994e-04,2.492e-05,)] [eta: 10:14:22, time (data): 2.566 (0.002)] l_pix: 2.8515e-02 
2025-11-21 17:31:16,970 INFO: [IART_..][epoch:  0, iter:     545, lr:(1.994e-04,2.492e-05,)] [eta: 10:14:16, time (data): 2.565 (0.002)] l_pix: 2.6087e-02 
2025-11-21 17:31:19,527 INFO: [IART_..][epoch:  0, iter:     546, lr:(1.993e-04,2.492e-05,)] [eta: 10:14:14, time (data): 2.565 (0.002)] l_pix: 2.1115e-02 
2025-11-21 17:31:22,059 INFO: [IART_..][epoch:  0, iter:     547, lr:(1.993e-04,2.492e-05,)] [eta: 10:14:11, time (data): 2.565 (0.002)] l_pix: 3.1807e-02 
2025-11-21 17:31:24,522 INFO: [IART_..][epoch:  0, iter:     548, lr:(1.993e-04,2.492e-05,)] [eta: 10:14:06, time (data): 2.564 (0.002)] l_pix: 1.6258e-02 
2025-11-21 17:31:27,059 INFO: [IART_..][epoch:  0, iter:     549, lr:(1.993e-04,2.492e-05,)] [eta: 10:14:03, time (data): 2.564 (0.002)] l_pix: 4.3642e-02 
2025-11-21 17:31:29,566 INFO: [IART_..][epoch:  0, iter:     550, lr:(1.993e-04,2.492e-05,)] [eta: 10:14:00, time (data): 2.563 (0.002)] l_pix: 3.4669e-02 
2025-11-21 17:31:32,082 INFO: [IART_..][epoch:  0, iter:     551, lr:(1.993e-04,2.492e-05,)] [eta: 10:13:56, time (data): 2.563 (0.002)] l_pix: 2.0511e-02 
2025-11-21 17:31:34,759 INFO: [IART_..][epoch:  0, iter:     552, lr:(1.993e-04,2.492e-05,)] [eta: 10:13:57, time (data): 2.564 (0.002)] l_pix: 2.4723e-02 
2025-11-21 17:31:37,343 INFO: [IART_..][epoch:  0, iter:     553, lr:(1.993e-04,2.492e-05,)] [eta: 10:13:55, time (data): 2.564 (0.002)] l_pix: 4.5700e-02 
2025-11-21 17:31:39,928 INFO: [IART_..][epoch:  0, iter:     554, lr:(1.993e-04,2.492e-05,)] [eta: 10:13:54, time (data): 2.564 (0.002)] l_pix: 3.2981e-02 
2025-11-21 17:31:42,466 INFO: [IART_..][epoch:  0, iter:     555, lr:(1.993e-04,2.492e-05,)] [eta: 10:13:51, time (data): 2.564 (0.002)] l_pix: 1.7852e-02 
2025-11-21 17:31:45,090 INFO: [IART_..][epoch:  0, iter:     556, lr:(1.993e-04,2.492e-05,)] [eta: 10:13:50, time (data): 2.564 (0.002)] l_pix: 2.6876e-02 
2025-11-21 17:31:47,566 INFO: [IART_..][epoch:  0, iter:     557, lr:(1.993e-04,2.492e-05,)] [eta: 10:13:46, time (data): 2.564 (0.002)] l_pix: 4.0126e-02 
2025-11-21 17:31:50,108 INFO: [IART_..][epoch:  0, iter:     558, lr:(1.993e-04,2.492e-05,)] [eta: 10:13:43, time (data): 2.564 (0.002)] l_pix: 3.6181e-02 
2025-11-21 17:31:52,669 INFO: [IART_..][epoch:  0, iter:     559, lr:(1.993e-04,2.492e-05,)] [eta: 10:13:41, time (data): 2.564 (0.002)] l_pix: 3.2465e-02 
2025-11-21 17:31:55,150 INFO: [IART_..][epoch:  0, iter:     560, lr:(1.993e-04,2.491e-05,)] [eta: 10:13:36, time (data): 2.563 (0.002)] l_pix: 3.7019e-02 
2025-11-21 17:31:57,733 INFO: [IART_..][epoch:  0, iter:     561, lr:(1.993e-04,2.491e-05,)] [eta: 10:13:35, time (data): 2.563 (0.002)] l_pix: 1.4367e-02 
2025-11-21 17:32:00,177 INFO: [IART_..][epoch:  0, iter:     562, lr:(1.993e-04,2.491e-05,)] [eta: 10:13:29, time (data): 2.562 (0.002)] l_pix: 2.7637e-02 
2025-11-21 17:32:02,680 INFO: [IART_..][epoch:  0, iter:     563, lr:(1.993e-04,2.491e-05,)] [eta: 10:13:26, time (data): 2.562 (0.002)] l_pix: 4.3520e-02 
2025-11-21 17:32:05,233 INFO: [IART_..][epoch:  0, iter:     564, lr:(1.993e-04,2.491e-05,)] [eta: 10:13:23, time (data): 2.562 (0.002)] l_pix: 4.9810e-02 
2025-11-21 17:32:07,866 INFO: [IART_..][epoch:  0, iter:     565, lr:(1.993e-04,2.491e-05,)] [eta: 10:13:23, time (data): 2.562 (0.002)] l_pix: 2.2902e-02 
2025-11-21 17:32:10,376 INFO: [IART_..][epoch:  0, iter:     566, lr:(1.993e-04,2.491e-05,)] [eta: 10:13:19, time (data): 2.562 (0.002)] l_pix: 3.4354e-02 
2025-11-21 17:32:12,917 INFO: [IART_..][epoch:  0, iter:     567, lr:(1.993e-04,2.491e-05,)] [eta: 10:13:16, time (data): 2.562 (0.002)] l_pix: 1.0845e-02 
2025-11-21 17:32:15,440 INFO: [IART_..][epoch:  0, iter:     568, lr:(1.993e-04,2.491e-05,)] [eta: 10:13:13, time (data): 2.562 (0.002)] l_pix: 4.5868e-02 
2025-11-21 17:32:17,916 INFO: [IART_..][epoch:  0, iter:     569, lr:(1.993e-04,2.491e-05,)] [eta: 10:13:09, time (data): 2.561 (0.002)] l_pix: 2.9565e-02 
2025-11-21 17:32:20,501 INFO: [IART_..][epoch:  0, iter:     570, lr:(1.993e-04,2.491e-05,)] [eta: 10:13:07, time (data): 2.561 (0.002)] l_pix: 2.9184e-02 
2025-11-21 17:32:22,983 INFO: [IART_..][epoch:  0, iter:     571, lr:(1.993e-04,2.491e-05,)] [eta: 10:13:03, time (data): 2.561 (0.002)] l_pix: 2.8049e-02 
2025-11-21 17:32:25,550 INFO: [IART_..][epoch:  0, iter:     572, lr:(1.993e-04,2.491e-05,)] [eta: 10:13:01, time (data): 2.561 (0.002)] l_pix: 4.7624e-02 
2025-11-21 17:32:28,111 INFO: [IART_..][epoch:  0, iter:     573, lr:(1.993e-04,2.491e-05,)] [eta: 10:12:58, time (data): 2.561 (0.002)] l_pix: 2.0044e-02 
2025-11-21 17:32:30,710 INFO: [IART_..][epoch:  0, iter:     574, lr:(1.993e-04,2.491e-05,)] [eta: 10:12:57, time (data): 2.561 (0.002)] l_pix: 2.3972e-02 
2025-11-21 17:32:33,276 INFO: [IART_..][epoch:  0, iter:     575, lr:(1.993e-04,2.491e-05,)] [eta: 10:12:55, time (data): 2.561 (0.002)] l_pix: 2.6336e-02 
2025-11-21 17:32:35,713 INFO: [IART_..][epoch:  0, iter:     576, lr:(1.993e-04,2.491e-05,)] [eta: 10:12:50, time (data): 2.560 (0.002)] l_pix: 2.5592e-02 
2025-11-21 17:32:38,243 INFO: [IART_..][epoch:  0, iter:     577, lr:(1.993e-04,2.491e-05,)] [eta: 10:12:47, time (data): 2.560 (0.002)] l_pix: 1.9078e-02 
2025-11-21 17:32:40,743 INFO: [IART_..][epoch:  0, iter:     578, lr:(1.993e-04,2.491e-05,)] [eta: 10:12:43, time (data): 2.560 (0.002)] l_pix: 3.2744e-02 
2025-11-21 17:32:43,205 INFO: [IART_..][epoch:  0, iter:     579, lr:(1.993e-04,2.491e-05,)] [eta: 10:12:38, time (data): 2.559 (0.002)] l_pix: 1.9174e-02 
2025-11-21 17:32:45,709 INFO: [IART_..][epoch:  0, iter:     580, lr:(1.993e-04,2.491e-05,)] [eta: 10:12:34, time (data): 2.559 (0.002)] l_pix: 4.2331e-02 
2025-11-21 17:32:48,235 INFO: [IART_..][epoch:  0, iter:     581, lr:(1.993e-04,2.491e-05,)] [eta: 10:12:31, time (data): 2.559 (0.002)] l_pix: 2.4774e-02 
2025-11-21 17:32:50,784 INFO: [IART_..][epoch:  0, iter:     582, lr:(1.993e-04,2.491e-05,)] [eta: 10:12:29, time (data): 2.559 (0.002)] l_pix: 1.7037e-02 
2025-11-21 17:32:53,309 INFO: [IART_..][epoch:  0, iter:     583, lr:(1.993e-04,2.491e-05,)] [eta: 10:12:26, time (data): 2.559 (0.002)] l_pix: 2.4096e-02 
2025-11-21 17:32:55,975 INFO: [IART_..][epoch:  0, iter:     584, lr:(1.993e-04,2.491e-05,)] [eta: 10:12:26, time (data): 2.559 (0.002)] l_pix: 3.4569e-02 
2025-11-21 17:32:58,433 INFO: [IART_..][epoch:  0, iter:     585, lr:(1.993e-04,2.491e-05,)] [eta: 10:12:21, time (data): 2.559 (0.002)] l_pix: 3.2572e-02 
2025-11-21 17:33:01,018 INFO: [IART_..][epoch:  0, iter:     586, lr:(1.993e-04,2.491e-05,)] [eta: 10:12:19, time (data): 2.559 (0.002)] l_pix: 2.3161e-02 
2025-11-21 17:33:03,666 INFO: [IART_..][epoch:  0, iter:     587, lr:(1.992e-04,2.491e-05,)] [eta: 10:12:19, time (data): 2.559 (0.002)] l_pix: 2.6144e-02 
2025-11-21 17:33:06,243 INFO: [IART_..][epoch:  0, iter:     588, lr:(1.992e-04,2.491e-05,)] [eta: 10:12:17, time (data): 2.559 (0.002)] l_pix: 4.1067e-02 
2025-11-21 17:33:08,703 INFO: [IART_..][epoch:  0, iter:     589, lr:(1.992e-04,2.491e-05,)] [eta: 10:12:13, time (data): 2.559 (0.002)] l_pix: 4.0992e-02 
2025-11-21 17:33:11,183 INFO: [IART_..][epoch:  0, iter:     590, lr:(1.992e-04,2.491e-05,)] [eta: 10:12:09, time (data): 2.558 (0.002)] l_pix: 3.6176e-02 
2025-11-21 17:33:13,750 INFO: [IART_..][epoch:  0, iter:     591, lr:(1.992e-04,2.491e-05,)] [eta: 10:12:06, time (data): 2.558 (0.002)] l_pix: 4.0538e-02 
2025-11-21 17:33:16,214 INFO: [IART_..][epoch:  0, iter:     592, lr:(1.992e-04,2.490e-05,)] [eta: 10:12:02, time (data): 2.558 (0.002)] l_pix: 2.9723e-02 
2025-11-21 17:33:18,726 INFO: [IART_..][epoch:  0, iter:     593, lr:(1.992e-04,2.490e-05,)] [eta: 10:11:58, time (data): 2.558 (0.002)] l_pix: 2.7351e-02 
2025-11-21 17:33:21,267 INFO: [IART_..][epoch:  0, iter:     594, lr:(1.992e-04,2.490e-05,)] [eta: 10:11:56, time (data): 2.558 (0.002)] l_pix: 2.0749e-02 
2025-11-21 17:33:23,851 INFO: [IART_..][epoch:  0, iter:     595, lr:(1.992e-04,2.490e-05,)] [eta: 10:11:54, time (data): 2.558 (0.002)] l_pix: 4.6299e-02 
2025-11-21 17:33:26,366 INFO: [IART_..][epoch:  0, iter:     596, lr:(1.992e-04,2.490e-05,)] [eta: 10:11:51, time (data): 2.557 (0.002)] l_pix: 2.5354e-02 
2025-11-21 17:33:29,060 INFO: [IART_..][epoch:  0, iter:     597, lr:(1.992e-04,2.490e-05,)] [eta: 10:11:51, time (data): 2.558 (0.002)] l_pix: 1.4441e-02 
2025-11-21 17:33:31,659 INFO: [IART_..][epoch:  0, iter:     598, lr:(1.992e-04,2.490e-05,)] [eta: 10:11:50, time (data): 2.558 (0.002)] l_pix: 2.7730e-02 
2025-11-21 17:33:34,213 INFO: [IART_..][epoch:  0, iter:     599, lr:(1.992e-04,2.490e-05,)] [eta: 10:11:48, time (data): 2.558 (0.002)] l_pix: 2.6176e-02 
2025-11-21 17:33:36,790 INFO: [IART_..][epoch:  0, iter:     600, lr:(1.992e-04,2.490e-05,)] [eta: 10:11:46, time (data): 2.558 (0.002)] l_pix: 3.3208e-02 
2025-11-21 17:33:39,427 INFO: [IART_..][epoch:  0, iter:     601, lr:(1.992e-04,2.490e-05,)] [eta: 10:11:45, time (data): 2.559 (0.002)] l_pix: 2.8546e-02 
2025-11-21 17:33:42,241 INFO: [IART_..][epoch:  0, iter:     602, lr:(1.992e-04,2.490e-05,)] [eta: 10:11:49, time (data): 2.560 (0.002)] l_pix: 3.0830e-02 
2025-11-21 17:33:44,828 INFO: [IART_..][epoch:  0, iter:     603, lr:(1.992e-04,2.490e-05,)] [eta: 10:11:47, time (data): 2.560 (0.002)] l_pix: 3.9040e-02 
2025-11-21 17:33:47,477 INFO: [IART_..][epoch:  0, iter:     604, lr:(1.992e-04,2.490e-05,)] [eta: 10:11:47, time (data): 2.648 (0.001)] l_pix: 3.7700e-02 
2025-11-21 17:33:50,242 INFO: [IART_..][epoch:  0, iter:     605, lr:(1.992e-04,2.490e-05,)] [eta: 10:11:50, time (data): 2.706 (0.001)] l_pix: 2.4881e-02 
2025-11-21 17:33:52,961 INFO: [IART_..][epoch:  0, iter:     606, lr:(1.992e-04,2.490e-05,)] [eta: 10:11:51, time (data): 2.711 (0.002)] l_pix: 3.6599e-02 
2025-11-21 17:33:55,776 INFO: [IART_..][epoch:  0, iter:     607, lr:(1.992e-04,2.490e-05,)] [eta: 10:11:55, time (data): 2.737 (0.002)] l_pix: 3.0074e-02 
2025-11-21 17:33:58,372 INFO: [IART_..][epoch:  0, iter:     608, lr:(1.992e-04,2.490e-05,)] [eta: 10:11:53, time (data): 2.708 (0.002)] l_pix: 1.4414e-02 
2025-11-21 17:34:01,136 INFO: [IART_..][epoch:  0, iter:     609, lr:(1.992e-04,2.490e-05,)] [eta: 10:11:56, time (data): 2.718 (0.002)] l_pix: 3.1714e-02 
2025-11-21 17:34:03,844 INFO: [IART_..][epoch:  0, iter:     610, lr:(1.992e-04,2.490e-05,)] [eta: 10:11:57, time (data): 2.716 (0.002)] l_pix: 4.4279e-02 
2025-11-21 17:34:06,430 INFO: [IART_..][epoch:  0, iter:     611, lr:(1.992e-04,2.490e-05,)] [eta: 10:11:55, time (data): 2.700 (0.002)] l_pix: 2.0253e-02 
2025-11-21 17:34:09,203 INFO: [IART_..][epoch:  0, iter:     612, lr:(1.992e-04,2.490e-05,)] [eta: 10:11:58, time (data): 2.708 (0.002)] l_pix: 2.8030e-02 
2025-11-21 17:34:11,858 INFO: [IART_..][epoch:  0, iter:     613, lr:(1.992e-04,2.490e-05,)] [eta: 10:11:58, time (data): 2.703 (0.002)] l_pix: 1.7624e-02 
2025-11-21 17:34:14,466 INFO: [IART_..][epoch:  0, iter:     614, lr:(1.992e-04,2.490e-05,)] [eta: 10:11:57, time (data): 2.694 (0.002)] l_pix: 2.4618e-02 
2025-11-21 17:34:17,060 INFO: [IART_..][epoch:  0, iter:     615, lr:(1.992e-04,2.490e-05,)] [eta: 10:11:55, time (data): 2.686 (0.002)] l_pix: 3.2442e-02 
2025-11-21 17:34:19,631 INFO: [IART_..][epoch:  0, iter:     616, lr:(1.992e-04,2.490e-05,)] [eta: 10:11:53, time (data): 2.677 (0.002)] l_pix: 1.4164e-02 
2025-11-21 17:34:22,240 INFO: [IART_..][epoch:  0, iter:     617, lr:(1.992e-04,2.490e-05,)] [eta: 10:11:52, time (data): 2.672 (0.002)] l_pix: 2.1152e-02 
2025-11-21 17:34:24,849 INFO: [IART_..][epoch:  0, iter:     618, lr:(1.992e-04,2.490e-05,)] [eta: 10:11:50, time (data): 2.668 (0.002)] l_pix: 2.3520e-02 
2025-11-21 17:34:27,442 INFO: [IART_..][epoch:  0, iter:     619, lr:(1.992e-04,2.490e-05,)] [eta: 10:11:49, time (data): 2.663 (0.002)] l_pix: 1.5967e-02 
2025-11-21 17:34:30,024 INFO: [IART_..][epoch:  0, iter:     620, lr:(1.992e-04,2.490e-05,)] [eta: 10:11:47, time (data): 2.658 (0.002)] l_pix: 2.5762e-02 
2025-11-21 17:34:32,589 INFO: [IART_..][epoch:  0, iter:     621, lr:(1.992e-04,2.490e-05,)] [eta: 10:11:45, time (data): 2.653 (0.002)] l_pix: 3.4112e-02 
2025-11-21 17:34:35,238 INFO: [IART_..][epoch:  0, iter:     622, lr:(1.992e-04,2.489e-05,)] [eta: 10:11:44, time (data): 2.653 (0.002)] l_pix: 4.3172e-02 
2025-11-21 17:34:37,783 INFO: [IART_..][epoch:  0, iter:     623, lr:(1.992e-04,2.489e-05,)] [eta: 10:11:42, time (data): 2.648 (0.002)] l_pix: 2.5885e-02 
2025-11-21 17:34:40,334 INFO: [IART_..][epoch:  0, iter:     624, lr:(1.992e-04,2.489e-05,)] [eta: 10:11:39, time (data): 2.643 (0.002)] l_pix: 1.6692e-02 
2025-11-21 17:34:42,884 INFO: [IART_..][epoch:  0, iter:     625, lr:(1.991e-04,2.489e-05,)] [eta: 10:11:36, time (data): 2.639 (0.002)] l_pix: 2.3533e-02 
2025-11-21 17:34:45,400 INFO: [IART_..][epoch:  0, iter:     626, lr:(1.991e-04,2.489e-05,)] [eta: 10:11:33, time (data): 2.633 (0.002)] l_pix: 4.2900e-02 
2025-11-21 17:34:48,101 INFO: [IART_..][epoch:  0, iter:     627, lr:(1.991e-04,2.489e-05,)] [eta: 10:11:34, time (data): 2.636 (0.002)] l_pix: 2.9190e-02 
2025-11-21 17:34:50,650 INFO: [IART_..][epoch:  0, iter:     628, lr:(1.991e-04,2.489e-05,)] [eta: 10:11:31, time (data): 2.633 (0.002)] l_pix: 4.7282e-02 
2025-11-21 17:34:53,152 INFO: [IART_..][epoch:  0, iter:     629, lr:(1.991e-04,2.489e-05,)] [eta: 10:11:27, time (data): 2.628 (0.002)] l_pix: 3.6041e-02 
2025-11-21 17:34:55,917 INFO: [IART_..][epoch:  0, iter:     630, lr:(1.991e-04,2.489e-05,)] [eta: 10:11:30, time (data): 2.633 (0.002)] l_pix: 1.0304e-02 
2025-11-21 17:34:58,650 INFO: [IART_..][epoch:  0, iter:     631, lr:(1.991e-04,2.489e-05,)] [eta: 10:11:31, time (data): 2.636 (0.002)] l_pix: 4.7093e-02 
2025-11-21 17:35:01,350 INFO: [IART_..][epoch:  0, iter:     632, lr:(1.991e-04,2.489e-05,)] [eta: 10:11:32, time (data): 2.639 (0.002)] l_pix: 2.7573e-02 
2025-11-21 17:35:03,999 INFO: [IART_..][epoch:  0, iter:     633, lr:(1.991e-04,2.489e-05,)] [eta: 10:11:32, time (data): 2.639 (0.002)] l_pix: 4.9340e-02 
2025-11-21 17:35:06,542 INFO: [IART_..][epoch:  0, iter:     634, lr:(1.991e-04,2.489e-05,)] [eta: 10:11:29, time (data): 2.635 (0.002)] l_pix: 3.6097e-02 
2025-11-21 17:35:09,010 INFO: [IART_..][epoch:  0, iter:     635, lr:(1.991e-04,2.489e-05,)] [eta: 10:11:24, time (data): 2.630 (0.002)] l_pix: 5.0271e-02 
2025-11-21 17:35:11,517 INFO: [IART_..][epoch:  0, iter:     636, lr:(1.991e-04,2.489e-05,)] [eta: 10:11:21, time (data): 2.627 (0.002)] l_pix: 1.3467e-02 
2025-11-21 17:35:13,956 INFO: [IART_..][epoch:  0, iter:     637, lr:(1.991e-04,2.489e-05,)] [eta: 10:11:16, time (data): 2.621 (0.002)] l_pix: 3.1720e-02 
2025-11-21 17:35:16,455 INFO: [IART_..][epoch:  0, iter:     638, lr:(1.991e-04,2.489e-05,)] [eta: 10:11:12, time (data): 2.618 (0.002)] l_pix: 3.0613e-02 
2025-11-21 17:35:19,016 INFO: [IART_..][epoch:  0, iter:     639, lr:(1.991e-04,2.489e-05,)] [eta: 10:11:09, time (data): 2.616 (0.002)] l_pix: 4.0548e-02 
2025-11-21 17:35:21,524 INFO: [IART_..][epoch:  0, iter:     640, lr:(1.991e-04,2.489e-05,)] [eta: 10:11:06, time (data): 2.613 (0.002)] l_pix: 3.2017e-02 
2025-11-21 17:35:24,047 INFO: [IART_..][epoch:  0, iter:     641, lr:(1.991e-04,2.489e-05,)] [eta: 10:11:03, time (data): 2.611 (0.002)] l_pix: 3.0735e-02 
2025-11-21 17:35:26,571 INFO: [IART_..][epoch:  0, iter:     642, lr:(1.991e-04,2.489e-05,)] [eta: 10:10:59, time (data): 2.608 (0.002)] l_pix: 1.3514e-02 
2025-11-21 17:35:29,110 INFO: [IART_..][epoch:  0, iter:     643, lr:(1.991e-04,2.489e-05,)] [eta: 10:10:56, time (data): 2.606 (0.002)] l_pix: 2.6629e-02 
2025-11-21 17:35:31,565 INFO: [IART_..][epoch:  0, iter:     644, lr:(1.991e-04,2.489e-05,)] [eta: 10:10:52, time (data): 2.603 (0.002)] l_pix: 2.9562e-02 
2025-11-21 17:35:33,999 INFO: [IART_..][epoch:  0, iter:     645, lr:(1.991e-04,2.489e-05,)] [eta: 10:10:47, time (data): 2.599 (0.002)] l_pix: 3.1897e-02 
2025-11-21 17:35:36,412 INFO: [IART_..][epoch:  0, iter:     646, lr:(1.991e-04,2.489e-05,)] [eta: 10:10:41, time (data): 2.594 (0.002)] l_pix: 2.3056e-02 
2025-11-21 17:35:38,933 INFO: [IART_..][epoch:  0, iter:     647, lr:(1.991e-04,2.489e-05,)] [eta: 10:10:38, time (data): 2.593 (0.002)] l_pix: 4.4551e-02 
2025-11-21 17:35:41,430 INFO: [IART_..][epoch:  0, iter:     648, lr:(1.991e-04,2.489e-05,)] [eta: 10:10:34, time (data): 2.591 (0.002)] l_pix: 3.1807e-02 
2025-11-21 17:35:44,047 INFO: [IART_..][epoch:  0, iter:     649, lr:(1.991e-04,2.489e-05,)] [eta: 10:10:33, time (data): 2.591 (0.002)] l_pix: 3.8119e-02 
2025-11-21 17:35:46,586 INFO: [IART_..][epoch:  0, iter:     650, lr:(1.991e-04,2.489e-05,)] [eta: 10:10:30, time (data): 2.590 (0.002)] l_pix: 6.3500e-02 
2025-11-21 17:35:49,034 INFO: [IART_..][epoch:  0, iter:     651, lr:(1.991e-04,2.488e-05,)] [eta: 10:10:25, time (data): 2.587 (0.002)] l_pix: 2.1979e-02 
2025-11-21 17:35:51,665 INFO: [IART_..][epoch:  0, iter:     652, lr:(1.991e-04,2.488e-05,)] [eta: 10:10:24, time (data): 2.588 (0.002)] l_pix: 3.4398e-02 
2025-11-21 17:35:54,098 INFO: [IART_..][epoch:  0, iter:     653, lr:(1.991e-04,2.488e-05,)] [eta: 10:10:19, time (data): 2.585 (0.002)] l_pix: 2.1131e-02 
2025-11-21 17:35:56,547 INFO: [IART_..][epoch:  0, iter:     654, lr:(1.991e-04,2.488e-05,)] [eta: 10:10:14, time (data): 2.582 (0.001)] l_pix: 2.8447e-02 
2025-11-21 17:35:59,175 INFO: [IART_..][epoch:  0, iter:     655, lr:(1.991e-04,2.488e-05,)] [eta: 10:10:13, time (data): 2.583 (0.001)] l_pix: 3.2676e-02 
2025-11-21 17:36:01,733 INFO: [IART_..][epoch:  0, iter:     656, lr:(1.991e-04,2.488e-05,)] [eta: 10:10:11, time (data): 2.583 (0.001)] l_pix: 2.9821e-02 
2025-11-21 17:36:04,305 INFO: [IART_..][epoch:  0, iter:     657, lr:(1.991e-04,2.488e-05,)] [eta: 10:10:09, time (data): 2.582 (0.001)] l_pix: 1.7655e-02 
2025-11-21 17:36:06,790 INFO: [IART_..][epoch:  0, iter:     658, lr:(1.991e-04,2.488e-05,)] [eta: 10:10:05, time (data): 2.581 (0.001)] l_pix: 2.3793e-02 
2025-11-21 17:36:09,333 INFO: [IART_..][epoch:  0, iter:     659, lr:(1.991e-04,2.488e-05,)] [eta: 10:10:02, time (data): 2.580 (0.001)] l_pix: 3.5596e-02 
2025-11-21 17:36:11,796 INFO: [IART_..][epoch:  0, iter:     660, lr:(1.990e-04,2.488e-05,)] [eta: 10:09:57, time (data): 2.578 (0.001)] l_pix: 2.1657e-02 
2025-11-21 17:36:14,221 INFO: [IART_..][epoch:  0, iter:     661, lr:(1.990e-04,2.488e-05,)] [eta: 10:09:52, time (data): 2.575 (0.001)] l_pix: 3.9234e-02 
2025-11-21 17:36:16,743 INFO: [IART_..][epoch:  0, iter:     662, lr:(1.990e-04,2.488e-05,)] [eta: 10:09:49, time (data): 2.574 (0.001)] l_pix: 1.9319e-02 
2025-11-21 17:36:19,348 INFO: [IART_..][epoch:  0, iter:     663, lr:(1.990e-04,2.488e-05,)] [eta: 10:09:47, time (data): 2.575 (0.001)] l_pix: 2.5404e-02 
2025-11-21 17:36:21,911 INFO: [IART_..][epoch:  0, iter:     664, lr:(1.990e-04,2.488e-05,)] [eta: 10:09:45, time (data): 2.575 (0.001)] l_pix: 1.3862e-02 
2025-11-21 17:36:24,455 INFO: [IART_..][epoch:  0, iter:     665, lr:(1.990e-04,2.488e-05,)] [eta: 10:09:42, time (data): 2.574 (0.001)] l_pix: 3.3758e-02 
2025-11-21 17:36:26,939 INFO: [IART_..][epoch:  0, iter:     666, lr:(1.990e-04,2.488e-05,)] [eta: 10:09:38, time (data): 2.573 (0.002)] l_pix: 3.4760e-02 
2025-11-21 17:36:29,401 INFO: [IART_..][epoch:  0, iter:     667, lr:(1.990e-04,2.488e-05,)] [eta: 10:09:34, time (data): 2.571 (0.002)] l_pix: 2.6429e-02 
2025-11-21 17:36:31,837 INFO: [IART_..][epoch:  0, iter:     668, lr:(1.990e-04,2.488e-05,)] [eta: 10:09:29, time (data): 2.569 (0.002)] l_pix: 2.7692e-02 
2025-11-21 17:36:34,316 INFO: [IART_..][epoch:  0, iter:     669, lr:(1.990e-04,2.488e-05,)] [eta: 10:09:25, time (data): 2.568 (0.002)] l_pix: 4.3330e-02 
2025-11-21 17:36:36,793 INFO: [IART_..][epoch:  0, iter:     670, lr:(1.990e-04,2.488e-05,)] [eta: 10:09:21, time (data): 2.566 (0.002)] l_pix: 2.3840e-02 
2025-11-21 17:36:39,345 INFO: [IART_..][epoch:  0, iter:     671, lr:(1.990e-04,2.488e-05,)] [eta: 10:09:18, time (data): 2.566 (0.002)] l_pix: 2.1854e-02 
2025-11-21 17:36:42,005 INFO: [IART_..][epoch:  0, iter:     672, lr:(1.990e-04,2.488e-05,)] [eta: 10:09:18, time (data): 2.567 (0.002)] l_pix: 3.3639e-02 
2025-11-21 17:36:44,431 INFO: [IART_..][epoch:  0, iter:     673, lr:(1.990e-04,2.488e-05,)] [eta: 10:09:13, time (data): 2.565 (0.002)] l_pix: 2.4077e-02 
2025-11-21 17:36:46,979 INFO: [IART_..][epoch:  0, iter:     674, lr:(1.990e-04,2.488e-05,)] [eta: 10:09:10, time (data): 2.565 (0.002)] l_pix: 2.7804e-02 
2025-11-21 17:36:49,524 INFO: [IART_..][epoch:  0, iter:     675, lr:(1.990e-04,2.488e-05,)] [eta: 10:09:07, time (data): 2.565 (0.002)] l_pix: 4.1797e-02 
2025-11-21 17:36:52,122 INFO: [IART_..][epoch:  0, iter:     676, lr:(1.990e-04,2.488e-05,)] [eta: 10:09:06, time (data): 2.565 (0.002)] l_pix: 3.4058e-02 
2025-11-21 17:36:54,666 INFO: [IART_..][epoch:  0, iter:     677, lr:(1.990e-04,2.488e-05,)] [eta: 10:09:03, time (data): 2.565 (0.002)] l_pix: 1.9601e-02 
2025-11-21 17:36:57,190 INFO: [IART_..][epoch:  0, iter:     678, lr:(1.990e-04,2.488e-05,)] [eta: 10:09:00, time (data): 2.564 (0.002)] l_pix: 2.3627e-02 
2025-11-21 17:36:59,773 INFO: [IART_..][epoch:  0, iter:     679, lr:(1.990e-04,2.487e-05,)] [eta: 10:08:58, time (data): 2.565 (0.002)] l_pix: 2.7155e-02 
2025-11-21 17:37:02,225 INFO: [IART_..][epoch:  0, iter:     680, lr:(1.990e-04,2.487e-05,)] [eta: 10:08:53, time (data): 2.563 (0.002)] l_pix: 3.8973e-02 
2025-11-21 17:37:04,793 INFO: [IART_..][epoch:  0, iter:     681, lr:(1.990e-04,2.487e-05,)] [eta: 10:08:51, time (data): 2.563 (0.002)] l_pix: 2.6173e-02 
2025-11-21 17:37:07,350 INFO: [IART_..][epoch:  0, iter:     682, lr:(1.990e-04,2.487e-05,)] [eta: 10:08:49, time (data): 2.563 (0.002)] l_pix: 4.4896e-02 
2025-11-21 17:37:09,810 INFO: [IART_..][epoch:  0, iter:     683, lr:(1.990e-04,2.487e-05,)] [eta: 10:08:44, time (data): 2.562 (0.002)] l_pix: 2.1631e-02 
2025-11-21 17:37:12,254 INFO: [IART_..][epoch:  0, iter:     684, lr:(1.990e-04,2.487e-05,)] [eta: 10:08:39, time (data): 2.560 (0.002)] l_pix: 3.4536e-02 
2025-11-21 17:37:14,734 INFO: [IART_..][epoch:  0, iter:     685, lr:(1.990e-04,2.487e-05,)] [eta: 10:08:35, time (data): 2.559 (0.002)] l_pix: 3.2653e-02 
2025-11-21 17:37:17,261 INFO: [IART_..][epoch:  0, iter:     686, lr:(1.990e-04,2.487e-05,)] [eta: 10:08:32, time (data): 2.559 (0.002)] l_pix: 2.4029e-02 
2025-11-21 17:37:19,746 INFO: [IART_..][epoch:  0, iter:     687, lr:(1.990e-04,2.487e-05,)] [eta: 10:08:28, time (data): 2.558 (0.002)] l_pix: 2.4655e-02 
2025-11-21 17:37:22,140 INFO: [IART_..][epoch:  0, iter:     688, lr:(1.990e-04,2.487e-05,)] [eta: 10:08:23, time (data): 2.556 (0.002)] l_pix: 3.2532e-02 
2025-11-21 17:37:24,626 INFO: [IART_..][epoch:  0, iter:     689, lr:(1.990e-04,2.487e-05,)] [eta: 10:08:19, time (data): 2.555 (0.002)] l_pix: 2.9537e-02 
2025-11-21 17:37:27,111 INFO: [IART_..][epoch:  0, iter:     690, lr:(1.990e-04,2.487e-05,)] [eta: 10:08:15, time (data): 2.555 (0.002)] l_pix: 1.5778e-02 
2025-11-21 17:37:29,490 INFO: [IART_..][epoch:  0, iter:     691, lr:(1.990e-04,2.487e-05,)] [eta: 10:08:09, time (data): 2.553 (0.002)] l_pix: 1.9459e-02 
2025-11-21 17:37:31,965 INFO: [IART_..][epoch:  0, iter:     692, lr:(1.990e-04,2.487e-05,)] [eta: 10:08:05, time (data): 2.552 (0.002)] l_pix: 3.4306e-02 
2025-11-21 17:37:34,571 INFO: [IART_..][epoch:  0, iter:     693, lr:(1.990e-04,2.487e-05,)] [eta: 10:08:03, time (data): 2.552 (0.002)] l_pix: 2.1787e-02 
2025-11-21 17:37:36,980 INFO: [IART_..][epoch:  0, iter:     694, lr:(1.989e-04,2.487e-05,)] [eta: 10:07:58, time (data): 2.551 (0.002)] l_pix: 3.7635e-02 
2025-11-21 17:37:39,433 INFO: [IART_..][epoch:  0, iter:     695, lr:(1.989e-04,2.487e-05,)] [eta: 10:07:53, time (data): 2.550 (0.002)] l_pix: 2.0513e-02 
2025-11-21 17:37:41,992 INFO: [IART_..][epoch:  0, iter:     696, lr:(1.989e-04,2.487e-05,)] [eta: 10:07:51, time (data): 2.550 (0.002)] l_pix: 2.6786e-02 
2025-11-21 17:37:44,605 INFO: [IART_..][epoch:  0, iter:     697, lr:(1.989e-04,2.487e-05,)] [eta: 10:07:50, time (data): 2.550 (0.002)] l_pix: 2.8691e-02 
2025-11-21 17:37:47,224 INFO: [IART_..][epoch:  0, iter:     698, lr:(1.989e-04,2.487e-05,)] [eta: 10:07:48, time (data): 2.551 (0.002)] l_pix: 3.9293e-02 
2025-11-21 17:37:49,742 INFO: [IART_..][epoch:  0, iter:     699, lr:(1.989e-04,2.487e-05,)] [eta: 10:07:45, time (data): 2.551 (0.002)] l_pix: 2.5338e-02 
2025-11-21 17:37:52,275 INFO: [IART_..][epoch:  0, iter:     700, lr:(1.989e-04,2.487e-05,)] [eta: 10:07:42, time (data): 2.551 (0.002)] l_pix: 3.1572e-02 
2025-11-21 17:37:54,800 INFO: [IART_..][epoch:  0, iter:     701, lr:(1.989e-04,2.487e-05,)] [eta: 10:07:39, time (data): 2.550 (0.002)] l_pix: 2.8314e-02 
2025-11-21 17:37:57,419 INFO: [IART_..][epoch:  0, iter:     702, lr:(1.989e-04,2.487e-05,)] [eta: 10:07:38, time (data): 2.551 (0.002)] l_pix: 2.6526e-02 
2025-11-21 17:38:00,008 INFO: [IART_..][epoch:  0, iter:     703, lr:(1.989e-04,2.487e-05,)] [eta: 10:07:36, time (data): 2.552 (0.002)] l_pix: 2.8982e-02 
2025-11-21 17:38:02,536 INFO: [IART_..][epoch:  0, iter:     704, lr:(1.989e-04,2.487e-05,)] [eta: 10:07:33, time (data): 2.551 (0.002)] l_pix: 1.9824e-02 
2025-11-21 17:38:05,058 INFO: [IART_..][epoch:  0, iter:     705, lr:(1.989e-04,2.486e-05,)] [eta: 10:07:30, time (data): 2.551 (0.002)] l_pix: 4.1502e-02 
2025-11-21 17:38:07,531 INFO: [IART_..][epoch:  0, iter:     706, lr:(1.989e-04,2.486e-05,)] [eta: 10:07:26, time (data): 2.550 (0.002)] l_pix: 2.4160e-02 
2025-11-21 17:38:10,079 INFO: [IART_..][epoch:  0, iter:     707, lr:(1.989e-04,2.486e-05,)] [eta: 10:07:24, time (data): 2.550 (0.002)] l_pix: 4.1322e-02 
2025-11-21 17:38:12,508 INFO: [IART_..][epoch:  0, iter:     708, lr:(1.989e-04,2.486e-05,)] [eta: 10:07:19, time (data): 2.549 (0.002)] l_pix: 2.1761e-02 
2025-11-21 17:38:15,059 INFO: [IART_..][epoch:  0, iter:     709, lr:(1.989e-04,2.486e-05,)] [eta: 10:07:16, time (data): 2.549 (0.002)] l_pix: 3.3868e-02 
2025-11-21 17:38:17,523 INFO: [IART_..][epoch:  0, iter:     710, lr:(1.989e-04,2.486e-05,)] [eta: 10:07:12, time (data): 2.548 (0.002)] l_pix: 2.3879e-02 
2025-11-21 17:38:19,988 INFO: [IART_..][epoch:  0, iter:     711, lr:(1.989e-04,2.486e-05,)] [eta: 10:07:08, time (data): 2.547 (0.002)] l_pix: 5.5383e-02 
2025-11-21 17:38:22,463 INFO: [IART_..][epoch:  0, iter:     712, lr:(1.989e-04,2.486e-05,)] [eta: 10:07:03, time (data): 2.547 (0.001)] l_pix: 2.4401e-02 
2025-11-21 17:38:24,987 INFO: [IART_..][epoch:  0, iter:     713, lr:(1.989e-04,2.486e-05,)] [eta: 10:07:00, time (data): 2.547 (0.001)] l_pix: 2.9019e-02 
2025-11-21 17:38:27,505 INFO: [IART_..][epoch:  0, iter:     714, lr:(1.989e-04,2.486e-05,)] [eta: 10:06:57, time (data): 2.546 (0.001)] l_pix: 5.1809e-02 
2025-11-21 17:38:30,113 INFO: [IART_..][epoch:  0, iter:     715, lr:(1.989e-04,2.486e-05,)] [eta: 10:06:56, time (data): 2.547 (0.001)] l_pix: 1.9280e-02 
2025-11-21 17:38:32,578 INFO: [IART_..][epoch:  0, iter:     716, lr:(1.989e-04,2.486e-05,)] [eta: 10:06:52, time (data): 2.546 (0.001)] l_pix: 2.1850e-02 
2025-11-21 17:38:35,056 INFO: [IART_..][epoch:  0, iter:     717, lr:(1.989e-04,2.486e-05,)] [eta: 10:06:48, time (data): 2.545 (0.001)] l_pix: 1.9917e-02 
2025-11-21 17:38:37,586 INFO: [IART_..][epoch:  0, iter:     718, lr:(1.989e-04,2.486e-05,)] [eta: 10:06:45, time (data): 2.545 (0.001)] l_pix: 1.6735e-02 
2025-11-21 17:38:40,088 INFO: [IART_..][epoch:  0, iter:     719, lr:(1.989e-04,2.486e-05,)] [eta: 10:06:41, time (data): 2.545 (0.001)] l_pix: 2.9880e-02 
2025-11-21 17:38:42,561 INFO: [IART_..][epoch:  0, iter:     720, lr:(1.989e-04,2.486e-05,)] [eta: 10:06:37, time (data): 2.544 (0.001)] l_pix: 3.2930e-02 
2025-11-21 17:38:45,056 INFO: [IART_..][epoch:  0, iter:     721, lr:(1.989e-04,2.486e-05,)] [eta: 10:06:34, time (data): 2.544 (0.001)] l_pix: 1.8892e-02 
2025-11-21 17:38:47,516 INFO: [IART_..][epoch:  0, iter:     722, lr:(1.989e-04,2.486e-05,)] [eta: 10:06:29, time (data): 2.543 (0.001)] l_pix: 2.7412e-02 
2025-11-21 17:38:50,095 INFO: [IART_..][epoch:  0, iter:     723, lr:(1.989e-04,2.486e-05,)] [eta: 10:06:27, time (data): 2.544 (0.001)] l_pix: 3.9734e-02 
2025-11-21 17:38:52,676 INFO: [IART_..][epoch:  0, iter:     724, lr:(1.989e-04,2.486e-05,)] [eta: 10:06:25, time (data): 2.544 (0.001)] l_pix: 3.8471e-02 
2025-11-21 17:38:55,181 INFO: [IART_..][epoch:  0, iter:     725, lr:(1.989e-04,2.486e-05,)] [eta: 10:06:22, time (data): 2.544 (0.001)] l_pix: 3.0426e-02 
2025-11-21 17:38:57,662 INFO: [IART_..][epoch:  0, iter:     726, lr:(1.988e-04,2.486e-05,)] [eta: 10:06:18, time (data): 2.543 (0.001)] l_pix: 4.2825e-02 
2025-11-21 17:39:00,077 INFO: [IART_..][epoch:  0, iter:     727, lr:(1.988e-04,2.486e-05,)] [eta: 10:06:13, time (data): 2.542 (0.001)] l_pix: 4.4486e-02 
2025-11-21 17:39:02,726 INFO: [IART_..][epoch:  0, iter:     728, lr:(1.988e-04,2.486e-05,)] [eta: 10:06:12, time (data): 2.543 (0.001)] l_pix: 3.6738e-02 
2025-11-21 17:39:05,256 INFO: [IART_..][epoch:  0, iter:     729, lr:(1.988e-04,2.486e-05,)] [eta: 10:06:09, time (data): 2.543 (0.001)] l_pix: 2.2000e-02 
2025-11-21 17:39:07,840 INFO: [IART_..][epoch:  0, iter:     730, lr:(1.988e-04,2.486e-05,)] [eta: 10:06:08, time (data): 2.543 (0.001)] l_pix: 3.7313e-02 
2025-11-21 17:39:10,249 INFO: [IART_..][epoch:  0, iter:     731, lr:(1.988e-04,2.485e-05,)] [eta: 10:06:02, time (data): 2.542 (0.001)] l_pix: 3.2775e-02 
2025-11-21 17:39:12,707 INFO: [IART_..][epoch:  0, iter:     732, lr:(1.988e-04,2.485e-05,)] [eta: 10:05:58, time (data): 2.541 (0.001)] l_pix: 3.5076e-02 
2025-11-21 17:39:15,886 INFO: [IART_..][epoch:  0, iter:     733, lr:(1.988e-04,2.485e-05,)] [eta: 10:06:08, time (data): 2.546 (0.001)] l_pix: 4.3515e-02 
2025-11-21 17:39:18,484 INFO: [IART_..][epoch:  0, iter:     734, lr:(1.988e-04,2.485e-05,)] [eta: 10:06:06, time (data): 2.547 (0.001)] l_pix: 3.0558e-02 
2025-11-21 17:39:20,905 INFO: [IART_..][epoch:  0, iter:     735, lr:(1.988e-04,2.485e-05,)] [eta: 10:06:01, time (data): 2.546 (0.001)] l_pix: 1.7400e-02 
2025-11-21 17:39:23,376 INFO: [IART_..][epoch:  0, iter:     736, lr:(1.988e-04,2.485e-05,)] [eta: 10:05:57, time (data): 2.545 (0.001)] l_pix: 2.5645e-02 
2025-11-21 17:39:26,042 INFO: [IART_..][epoch:  0, iter:     737, lr:(1.988e-04,2.485e-05,)] [eta: 10:05:57, time (data): 2.546 (0.001)] l_pix: 2.2711e-02 
2025-11-21 17:39:28,625 INFO: [IART_..][epoch:  0, iter:     738, lr:(1.988e-04,2.485e-05,)] [eta: 10:05:55, time (data): 2.546 (0.001)] l_pix: 1.8550e-02 
2025-11-21 17:39:31,168 INFO: [IART_..][epoch:  0, iter:     739, lr:(1.988e-04,2.485e-05,)] [eta: 10:05:52, time (data): 2.546 (0.001)] l_pix: 2.7601e-02 
2025-11-21 17:39:33,698 INFO: [IART_..][epoch:  0, iter:     740, lr:(1.988e-04,2.485e-05,)] [eta: 10:05:49, time (data): 2.546 (0.001)] l_pix: 2.6511e-02 
2025-11-21 17:39:36,181 INFO: [IART_..][epoch:  0, iter:     741, lr:(1.988e-04,2.485e-05,)] [eta: 10:05:45, time (data): 2.546 (0.001)] l_pix: 1.5751e-02 
2025-11-21 17:39:38,663 INFO: [IART_..][epoch:  0, iter:     742, lr:(1.988e-04,2.485e-05,)] [eta: 10:05:42, time (data): 2.545 (0.001)] l_pix: 2.6637e-02 
2025-11-21 17:39:41,161 INFO: [IART_..][epoch:  0, iter:     743, lr:(1.988e-04,2.485e-05,)] [eta: 10:05:38, time (data): 2.545 (0.001)] l_pix: 2.7180e-02 
2025-11-21 17:39:43,658 INFO: [IART_..][epoch:  0, iter:     744, lr:(1.988e-04,2.485e-05,)] [eta: 10:05:35, time (data): 2.545 (0.001)] l_pix: 2.5449e-02 
2025-11-21 17:39:46,285 INFO: [IART_..][epoch:  0, iter:     745, lr:(1.988e-04,2.485e-05,)] [eta: 10:05:33, time (data): 2.545 (0.001)] l_pix: 1.9909e-02 
2025-11-21 17:39:48,710 INFO: [IART_..][epoch:  0, iter:     746, lr:(1.988e-04,2.485e-05,)] [eta: 10:05:29, time (data): 2.544 (0.001)] l_pix: 4.8967e-02 
2025-11-21 17:39:51,135 INFO: [IART_..][epoch:  0, iter:     747, lr:(1.988e-04,2.485e-05,)] [eta: 10:05:24, time (data): 2.543 (0.001)] l_pix: 4.5329e-02 
2025-11-21 17:39:53,797 INFO: [IART_..][epoch:  0, iter:     748, lr:(1.988e-04,2.485e-05,)] [eta: 10:05:23, time (data): 2.544 (0.001)] l_pix: 1.5807e-02 
2025-11-21 17:39:56,294 INFO: [IART_..][epoch:  0, iter:     749, lr:(1.988e-04,2.485e-05,)] [eta: 10:05:20, time (data): 2.544 (0.001)] l_pix: 3.3670e-02 
2025-11-21 17:39:58,723 INFO: [IART_..][epoch:  0, iter:     750, lr:(1.988e-04,2.485e-05,)] [eta: 10:05:15, time (data): 2.543 (0.001)] l_pix: 3.8025e-02 
2025-11-21 17:40:01,214 INFO: [IART_..][epoch:  0, iter:     751, lr:(1.988e-04,2.485e-05,)] [eta: 10:05:11, time (data): 2.543 (0.001)] l_pix: 3.9501e-02 
2025-11-21 17:40:03,710 INFO: [IART_..][epoch:  0, iter:     752, lr:(1.988e-04,2.485e-05,)] [eta: 10:05:08, time (data): 2.542 (0.001)] l_pix: 1.6991e-02 
2025-11-21 17:40:06,090 INFO: [IART_..][epoch:  0, iter:     753, lr:(1.988e-04,2.485e-05,)] [eta: 10:05:02, time (data): 2.541 (0.001)] l_pix: 2.1565e-02 
2025-11-21 17:40:08,572 INFO: [IART_..][epoch:  0, iter:     754, lr:(1.988e-04,2.485e-05,)] [eta: 10:04:58, time (data): 2.541 (0.001)] l_pix: 2.8621e-02 
2025-11-21 17:40:11,009 INFO: [IART_..][epoch:  0, iter:     755, lr:(1.988e-04,2.485e-05,)] [eta: 10:04:54, time (data): 2.540 (0.001)] l_pix: 1.8600e-02 
2025-11-21 17:40:13,592 INFO: [IART_..][epoch:  0, iter:     756, lr:(1.988e-04,2.484e-05,)] [eta: 10:04:52, time (data): 2.541 (0.001)] l_pix: 2.1522e-02 
2025-11-21 17:40:16,095 INFO: [IART_..][epoch:  0, iter:     757, lr:(1.987e-04,2.484e-05,)] [eta: 10:04:48, time (data): 2.540 (0.001)] l_pix: 2.0825e-02 
2025-11-21 17:40:18,566 INFO: [IART_..][epoch:  0, iter:     758, lr:(1.987e-04,2.484e-05,)] [eta: 10:04:44, time (data): 2.540 (0.001)] l_pix: 1.3758e-02 
2025-11-21 17:40:21,037 INFO: [IART_..][epoch:  0, iter:     759, lr:(1.987e-04,2.484e-05,)] [eta: 10:04:40, time (data): 2.539 (0.001)] l_pix: 1.5582e-02 
2025-11-21 17:40:23,492 INFO: [IART_..][epoch:  0, iter:     760, lr:(1.987e-04,2.484e-05,)] [eta: 10:04:36, time (data): 2.539 (0.001)] l_pix: 3.2109e-02 
2025-11-21 17:40:26,005 INFO: [IART_..][epoch:  0, iter:     761, lr:(1.987e-04,2.484e-05,)] [eta: 10:04:33, time (data): 2.539 (0.001)] l_pix: 3.5517e-02 
2025-11-21 17:40:28,555 INFO: [IART_..][epoch:  0, iter:     762, lr:(1.987e-04,2.484e-05,)] [eta: 10:04:30, time (data): 2.539 (0.001)] l_pix: 2.7635e-02 
2025-11-21 17:40:30,977 INFO: [IART_..][epoch:  0, iter:     763, lr:(1.987e-04,2.484e-05,)] [eta: 10:04:25, time (data): 2.538 (0.001)] l_pix: 4.4756e-02 
2025-11-21 17:40:33,537 INFO: [IART_..][epoch:  0, iter:     764, lr:(1.987e-04,2.484e-05,)] [eta: 10:04:23, time (data): 2.538 (0.001)] l_pix: 4.0627e-02 
2025-11-21 17:40:35,974 INFO: [IART_..][epoch:  0, iter:     765, lr:(1.987e-04,2.484e-05,)] [eta: 10:04:18, time (data): 2.538 (0.001)] l_pix: 2.7485e-02 
2025-11-21 17:40:38,575 INFO: [IART_..][epoch:  0, iter:     766, lr:(1.987e-04,2.484e-05,)] [eta: 10:04:17, time (data): 2.538 (0.001)] l_pix: 2.0081e-02 
2025-11-21 17:40:41,040 INFO: [IART_..][epoch:  0, iter:     767, lr:(1.987e-04,2.484e-05,)] [eta: 10:04:13, time (data): 2.537 (0.001)] l_pix: 4.3380e-02 
2025-11-21 17:40:43,473 INFO: [IART_..][epoch:  0, iter:     768, lr:(1.987e-04,2.484e-05,)] [eta: 10:04:08, time (data): 2.537 (0.001)] l_pix: 2.6568e-02 
2025-11-21 17:40:45,940 INFO: [IART_..][epoch:  0, iter:     769, lr:(1.987e-04,2.484e-05,)] [eta: 10:04:04, time (data): 2.536 (0.001)] l_pix: 3.7604e-02 
2025-11-21 17:40:48,385 INFO: [IART_..][epoch:  0, iter:     770, lr:(1.987e-04,2.484e-05,)] [eta: 10:04:00, time (data): 2.536 (0.001)] l_pix: 1.4421e-02 
2025-11-21 17:40:50,840 INFO: [IART_..][epoch:  0, iter:     771, lr:(1.987e-04,2.484e-05,)] [eta: 10:03:55, time (data): 2.535 (0.001)] l_pix: 3.9625e-02 
2025-11-21 17:40:53,283 INFO: [IART_..][epoch:  0, iter:     772, lr:(1.987e-04,2.484e-05,)] [eta: 10:03:51, time (data): 2.535 (0.001)] l_pix: 1.4157e-02 
2025-11-21 17:40:55,850 INFO: [IART_..][epoch:  0, iter:     773, lr:(1.987e-04,2.484e-05,)] [eta: 10:03:49, time (data): 2.535 (0.001)] l_pix: 1.2837e-02 
2025-11-21 17:40:58,312 INFO: [IART_..][epoch:  0, iter:     774, lr:(1.987e-04,2.484e-05,)] [eta: 10:03:45, time (data): 2.535 (0.001)] l_pix: 1.4056e-02 
2025-11-21 17:41:00,765 INFO: [IART_..][epoch:  0, iter:     775, lr:(1.987e-04,2.484e-05,)] [eta: 10:03:40, time (data): 2.534 (0.001)] l_pix: 2.2406e-02 
2025-11-21 17:41:03,239 INFO: [IART_..][epoch:  0, iter:     776, lr:(1.987e-04,2.484e-05,)] [eta: 10:03:37, time (data): 2.534 (0.001)] l_pix: 4.0993e-02 
2025-11-21 17:41:05,733 INFO: [IART_..][epoch:  0, iter:     777, lr:(1.987e-04,2.484e-05,)] [eta: 10:03:33, time (data): 2.534 (0.001)] l_pix: 2.3532e-02 
2025-11-21 17:41:08,190 INFO: [IART_..][epoch:  0, iter:     778, lr:(1.987e-04,2.484e-05,)] [eta: 10:03:29, time (data): 2.533 (0.001)] l_pix: 2.0830e-02 
2025-11-21 17:41:10,730 INFO: [IART_..][epoch:  0, iter:     779, lr:(1.987e-04,2.484e-05,)] [eta: 10:03:26, time (data): 2.533 (0.001)] l_pix: 2.7284e-02 
2025-11-21 17:41:13,198 INFO: [IART_..][epoch:  0, iter:     780, lr:(1.987e-04,2.483e-05,)] [eta: 10:03:22, time (data): 2.533 (0.001)] l_pix: 3.0543e-02 
2025-11-21 17:41:15,632 INFO: [IART_..][epoch:  0, iter:     781, lr:(1.987e-04,2.483e-05,)] [eta: 10:03:18, time (data): 2.532 (0.001)] l_pix: 2.9253e-02 
2025-11-21 17:41:18,108 INFO: [IART_..][epoch:  0, iter:     782, lr:(1.987e-04,2.483e-05,)] [eta: 10:03:14, time (data): 2.532 (0.001)] l_pix: 2.1574e-02 
2025-11-21 17:41:20,673 INFO: [IART_..][epoch:  0, iter:     783, lr:(1.987e-04,2.483e-05,)] [eta: 10:03:12, time (data): 2.532 (0.001)] l_pix: 4.1390e-02 
2025-11-21 17:41:23,162 INFO: [IART_..][epoch:  0, iter:     784, lr:(1.987e-04,2.483e-05,)] [eta: 10:03:08, time (data): 2.532 (0.001)] l_pix: 4.7800e-02 
2025-11-21 17:41:25,657 INFO: [IART_..][epoch:  0, iter:     785, lr:(1.987e-04,2.483e-05,)] [eta: 10:03:05, time (data): 2.532 (0.001)] l_pix: 7.4687e-03 
2025-11-21 17:41:28,277 INFO: [IART_..][epoch:  0, iter:     786, lr:(1.987e-04,2.483e-05,)] [eta: 10:03:03, time (data): 2.532 (0.001)] l_pix: 1.8189e-02 
2025-11-21 17:41:30,730 INFO: [IART_..][epoch:  0, iter:     787, lr:(1.986e-04,2.483e-05,)] [eta: 10:02:59, time (data): 2.532 (0.001)] l_pix: 1.9491e-02 
2025-11-21 17:41:33,284 INFO: [IART_..][epoch:  0, iter:     788, lr:(1.986e-04,2.483e-05,)] [eta: 10:02:57, time (data): 2.532 (0.001)] l_pix: 3.2646e-02 
2025-11-21 17:41:35,737 INFO: [IART_..][epoch:  0, iter:     789, lr:(1.986e-04,2.483e-05,)] [eta: 10:02:53, time (data): 2.531 (0.001)] l_pix: 2.6299e-02 
2025-11-21 17:41:38,166 INFO: [IART_..][epoch:  0, iter:     790, lr:(1.986e-04,2.483e-05,)] [eta: 10:02:48, time (data): 2.531 (0.001)] l_pix: 2.8036e-02 
2025-11-21 17:41:40,628 INFO: [IART_..][epoch:  0, iter:     791, lr:(1.986e-04,2.483e-05,)] [eta: 10:02:44, time (data): 2.530 (0.001)] l_pix: 1.8646e-02 
2025-11-21 17:41:43,104 INFO: [IART_..][epoch:  0, iter:     792, lr:(1.986e-04,2.483e-05,)] [eta: 10:02:40, time (data): 2.530 (0.001)] l_pix: 4.8798e-02 
2025-11-21 17:41:45,667 INFO: [IART_..][epoch:  0, iter:     793, lr:(1.986e-04,2.483e-05,)] [eta: 10:02:38, time (data): 2.530 (0.001)] l_pix: 2.9526e-02 
2025-11-21 17:41:48,162 INFO: [IART_..][epoch:  0, iter:     794, lr:(1.986e-04,2.483e-05,)] [eta: 10:02:34, time (data): 2.530 (0.001)] l_pix: 1.8281e-02 
2025-11-21 17:41:50,570 INFO: [IART_..][epoch:  0, iter:     795, lr:(1.986e-04,2.483e-05,)] [eta: 10:02:29, time (data): 2.530 (0.001)] l_pix: 3.9791e-02 
2025-11-21 17:41:53,020 INFO: [IART_..][epoch:  0, iter:     796, lr:(1.986e-04,2.483e-05,)] [eta: 10:02:25, time (data): 2.529 (0.001)] l_pix: 2.9169e-02 
2025-11-21 17:41:55,548 INFO: [IART_..][epoch:  0, iter:     797, lr:(1.986e-04,2.483e-05,)] [eta: 10:02:22, time (data): 2.529 (0.001)] l_pix: 1.5014e-02 
2025-11-21 17:41:58,012 INFO: [IART_..][epoch:  0, iter:     798, lr:(1.986e-04,2.483e-05,)] [eta: 10:02:18, time (data): 2.529 (0.001)] l_pix: 1.5732e-02 
2025-11-21 17:42:00,530 INFO: [IART_..][epoch:  0, iter:     799, lr:(1.986e-04,2.483e-05,)] [eta: 10:02:15, time (data): 2.529 (0.001)] l_pix: 3.2521e-02 
2025-11-21 17:42:03,167 INFO: [IART_..][epoch:  0, iter:     800, lr:(1.986e-04,2.483e-05,)] [eta: 10:02:14, time (data): 2.529 (0.001)] l_pix: 1.7344e-02 
2025-11-21 17:42:05,610 INFO: [IART_..][epoch:  0, iter:     801, lr:(1.986e-04,2.483e-05,)] [eta: 10:02:10, time (data): 2.529 (0.001)] l_pix: 5.2730e-02 
2025-11-21 17:42:08,087 INFO: [IART_..][epoch:  0, iter:     802, lr:(1.986e-04,2.483e-05,)] [eta: 10:02:06, time (data): 2.529 (0.001)] l_pix: 1.5321e-02 
2025-11-21 17:42:10,675 INFO: [IART_..][epoch:  0, iter:     803, lr:(1.986e-04,2.482e-05,)] [eta: 10:02:05, time (data): 2.529 (0.001)] l_pix: 4.7655e-02 
2025-11-21 17:42:13,120 INFO: [IART_..][epoch:  0, iter:     804, lr:(1.986e-04,2.482e-05,)] [eta: 10:02:00, time (data): 2.528 (0.001)] l_pix: 2.7889e-02 
2025-11-21 17:42:15,658 INFO: [IART_..][epoch:  0, iter:     805, lr:(1.986e-04,2.482e-05,)] [eta: 10:01:58, time (data): 2.538 (0.000)] l_pix: 2.2027e-02 
2025-11-21 17:42:18,110 INFO: [IART_..][epoch:  0, iter:     806, lr:(1.986e-04,2.482e-05,)] [eta: 10:01:53, time (data): 2.495 (0.000)] l_pix: 1.9551e-02 
2025-11-21 17:42:20,567 INFO: [IART_..][epoch:  0, iter:     807, lr:(1.986e-04,2.482e-05,)] [eta: 10:01:49, time (data): 2.482 (0.000)] l_pix: 2.7493e-02 
2025-11-21 17:42:23,076 INFO: [IART_..][epoch:  0, iter:     808, lr:(1.986e-04,2.482e-05,)] [eta: 10:01:46, time (data): 2.489 (0.000)] l_pix: 1.8509e-02 
2025-11-21 17:42:25,592 INFO: [IART_..][epoch:  0, iter:     809, lr:(1.986e-04,2.482e-05,)] [eta: 10:01:43, time (data): 2.494 (0.000)] l_pix: 1.9894e-02 
2025-11-21 17:42:28,109 INFO: [IART_..][epoch:  0, iter:     810, lr:(1.986e-04,2.482e-05,)] [eta: 10:01:40, time (data): 2.498 (0.000)] l_pix: 2.5079e-02 
2025-11-21 17:42:30,586 INFO: [IART_..][epoch:  0, iter:     811, lr:(1.986e-04,2.482e-05,)] [eta: 10:01:36, time (data): 2.495 (0.000)] l_pix: 1.9516e-02 
2025-11-21 17:42:33,015 INFO: [IART_..][epoch:  0, iter:     812, lr:(1.986e-04,2.482e-05,)] [eta: 10:01:32, time (data): 2.487 (0.001)] l_pix: 2.7673e-02 
2025-11-21 17:42:35,520 INFO: [IART_..][epoch:  0, iter:     813, lr:(1.986e-04,2.482e-05,)] [eta: 10:01:29, time (data): 2.489 (0.001)] l_pix: 1.7449e-02 
2025-11-21 17:42:38,078 INFO: [IART_..][epoch:  0, iter:     814, lr:(1.986e-04,2.482e-05,)] [eta: 10:01:26, time (data): 2.496 (0.001)] l_pix: 2.5542e-02 
2025-11-21 17:42:40,643 INFO: [IART_..][epoch:  0, iter:     815, lr:(1.986e-04,2.482e-05,)] [eta: 10:01:24, time (data): 2.502 (0.001)] l_pix: 1.8404e-02 
2025-11-21 17:42:43,166 INFO: [IART_..][epoch:  0, iter:     816, lr:(1.985e-04,2.482e-05,)] [eta: 10:01:21, time (data): 2.504 (0.001)] l_pix: 1.7939e-02 
2025-11-21 17:42:45,682 INFO: [IART_..][epoch:  0, iter:     817, lr:(1.985e-04,2.482e-05,)] [eta: 10:01:18, time (data): 2.505 (0.001)] l_pix: 3.0860e-02 
2025-11-21 17:42:48,096 INFO: [IART_..][epoch:  0, iter:     818, lr:(1.985e-04,2.482e-05,)] [eta: 10:01:13, time (data): 2.498 (0.001)] l_pix: 2.3150e-02 
2025-11-21 17:42:50,582 INFO: [IART_..][epoch:  0, iter:     819, lr:(1.985e-04,2.482e-05,)] [eta: 10:01:10, time (data): 2.497 (0.001)] l_pix: 3.5172e-02 
2025-11-21 17:42:53,049 INFO: [IART_..][epoch:  0, iter:     820, lr:(1.985e-04,2.482e-05,)] [eta: 10:01:06, time (data): 2.495 (0.001)] l_pix: 4.8267e-02 
2025-11-21 17:42:55,426 INFO: [IART_..][epoch:  0, iter:     821, lr:(1.985e-04,2.482e-05,)] [eta: 10:01:01, time (data): 2.488 (0.001)] l_pix: 2.7945e-02 
2025-11-21 17:42:57,956 INFO: [IART_..][epoch:  0, iter:     822, lr:(1.985e-04,2.482e-05,)] [eta: 10:00:58, time (data): 2.491 (0.001)] l_pix: 3.3862e-02 
2025-11-21 17:43:00,511 INFO: [IART_..][epoch:  0, iter:     823, lr:(1.985e-04,2.482e-05,)] [eta: 10:00:56, time (data): 2.494 (0.002)] l_pix: 1.4044e-02 
2025-11-21 17:43:02,967 INFO: [IART_..][epoch:  0, iter:     824, lr:(1.985e-04,2.482e-05,)] [eta: 10:00:51, time (data): 2.492 (0.002)] l_pix: 1.9948e-02 
2025-11-21 17:43:05,450 INFO: [IART_..][epoch:  0, iter:     825, lr:(1.985e-04,2.482e-05,)] [eta: 10:00:48, time (data): 2.492 (0.002)] l_pix: 3.3419e-02 
2025-11-21 17:43:08,124 INFO: [IART_..][epoch:  0, iter:     826, lr:(1.985e-04,2.481e-05,)] [eta: 10:00:48, time (data): 2.500 (0.001)] l_pix: 2.4884e-02 
2025-11-21 17:43:10,565 INFO: [IART_..][epoch:  0, iter:     827, lr:(1.985e-04,2.481e-05,)] [eta: 10:00:43, time (data): 2.498 (0.001)] l_pix: 1.5599e-02 
2025-11-21 17:43:12,992 INFO: [IART_..][epoch:  0, iter:     828, lr:(1.985e-04,2.481e-05,)] [eta: 10:00:39, time (data): 2.495 (0.001)] l_pix: 1.8877e-02 
2025-11-21 17:43:15,492 INFO: [IART_..][epoch:  0, iter:     829, lr:(1.985e-04,2.481e-05,)] [eta: 10:00:35, time (data): 2.495 (0.002)] l_pix: 3.0484e-02 
2025-11-21 17:43:18,176 INFO: [IART_..][epoch:  0, iter:     830, lr:(1.985e-04,2.481e-05,)] [eta: 10:00:35, time (data): 2.502 (0.002)] l_pix: 2.3585e-02 
2025-11-21 17:43:20,597 INFO: [IART_..][epoch:  0, iter:     831, lr:(1.985e-04,2.481e-05,)] [eta: 10:00:31, time (data): 2.499 (0.002)] l_pix: 1.7485e-02 
2025-11-21 17:43:23,252 INFO: [IART_..][epoch:  0, iter:     832, lr:(1.985e-04,2.481e-05,)] [eta: 10:00:30, time (data): 2.505 (0.002)] l_pix: 2.4674e-02 
2025-11-21 17:43:25,789 INFO: [IART_..][epoch:  0, iter:     833, lr:(1.985e-04,2.481e-05,)] [eta: 10:00:27, time (data): 2.506 (0.002)] l_pix: 1.1534e-02 
2025-11-21 17:43:28,291 INFO: [IART_..][epoch:  0, iter:     834, lr:(1.985e-04,2.481e-05,)] [eta: 10:00:24, time (data): 2.506 (0.002)] l_pix: 2.4967e-02 
2025-11-21 17:43:30,692 INFO: [IART_..][epoch:  0, iter:     835, lr:(1.985e-04,2.481e-05,)] [eta: 10:00:19, time (data): 2.502 (0.002)] l_pix: 3.3083e-02 
2025-11-21 17:43:33,212 INFO: [IART_..][epoch:  0, iter:     836, lr:(1.985e-04,2.481e-05,)] [eta: 10:00:16, time (data): 2.503 (0.002)] l_pix: 4.3808e-02 
2025-11-21 17:43:35,675 INFO: [IART_..][epoch:  0, iter:     837, lr:(1.985e-04,2.481e-05,)] [eta: 10:00:12, time (data): 2.501 (0.002)] l_pix: 1.2691e-02 
2025-11-21 17:43:38,251 INFO: [IART_..][epoch:  0, iter:     838, lr:(1.985e-04,2.481e-05,)] [eta: 10:00:10, time (data): 2.504 (0.002)] l_pix: 4.3768e-02 
2025-11-21 17:43:40,749 INFO: [IART_..][epoch:  0, iter:     839, lr:(1.985e-04,2.481e-05,)] [eta: 10:00:07, time (data): 2.504 (0.002)] l_pix: 3.0623e-02 
2025-11-21 17:43:43,241 INFO: [IART_..][epoch:  0, iter:     840, lr:(1.985e-04,2.481e-05,)] [eta: 10:00:04, time (data): 2.503 (0.002)] l_pix: 3.0240e-02 
2025-11-21 17:43:45,843 INFO: [IART_..][epoch:  0, iter:     841, lr:(1.985e-04,2.481e-05,)] [eta: 10:00:02, time (data): 2.506 (0.002)] l_pix: 4.2408e-02 
2025-11-21 17:43:48,311 INFO: [IART_..][epoch:  0, iter:     842, lr:(1.985e-04,2.481e-05,)] [eta: 9:59:58, time (data): 2.505 (0.002)] l_pix: 3.5206e-02 
2025-11-21 17:43:50,723 INFO: [IART_..][epoch:  0, iter:     843, lr:(1.984e-04,2.481e-05,)] [eta: 9:59:54, time (data): 2.502 (0.001)] l_pix: 3.8069e-02 
2025-11-21 17:43:53,237 INFO: [IART_..][epoch:  0, iter:     844, lr:(1.984e-04,2.481e-05,)] [eta: 9:59:51, time (data): 2.503 (0.001)] l_pix: 3.7351e-02 
2025-11-21 17:43:55,677 INFO: [IART_..][epoch:  0, iter:     845, lr:(1.984e-04,2.481e-05,)] [eta: 9:59:46, time (data): 2.501 (0.002)] l_pix: 3.7384e-02 
2025-11-21 17:43:58,218 INFO: [IART_..][epoch:  0, iter:     846, lr:(1.984e-04,2.481e-05,)] [eta: 9:59:44, time (data): 2.502 (0.002)] l_pix: 2.2455e-02 
2025-11-21 17:44:00,887 INFO: [IART_..][epoch:  0, iter:     847, lr:(1.984e-04,2.481e-05,)] [eta: 9:59:43, time (data): 2.506 (0.002)] l_pix: 1.2645e-02 
2025-11-21 17:44:03,346 INFO: [IART_..][epoch:  0, iter:     848, lr:(1.984e-04,2.480e-05,)] [eta: 9:59:39, time (data): 2.505 (0.001)] l_pix: 4.0371e-02 
2025-11-21 17:44:05,739 INFO: [IART_..][epoch:  0, iter:     849, lr:(1.984e-04,2.480e-05,)] [eta: 9:59:34, time (data): 2.502 (0.001)] l_pix: 3.4071e-02 
2025-11-21 17:44:08,274 INFO: [IART_..][epoch:  0, iter:     850, lr:(1.984e-04,2.480e-05,)] [eta: 9:59:32, time (data): 2.503 (0.002)] l_pix: 2.2327e-02 
2025-11-21 17:44:10,763 INFO: [IART_..][epoch:  0, iter:     851, lr:(1.984e-04,2.480e-05,)] [eta: 9:59:28, time (data): 2.503 (0.002)] l_pix: 4.7745e-02 
2025-11-21 17:44:13,253 INFO: [IART_..][epoch:  0, iter:     852, lr:(1.984e-04,2.480e-05,)] [eta: 9:59:25, time (data): 2.503 (0.002)] l_pix: 3.8291e-02 
2025-11-21 17:44:15,865 INFO: [IART_..][epoch:  0, iter:     853, lr:(1.984e-04,2.480e-05,)] [eta: 9:59:23, time (data): 2.505 (0.002)] l_pix: 2.7959e-02 
2025-11-21 17:44:18,460 INFO: [IART_..][epoch:  0, iter:     854, lr:(1.984e-04,2.480e-05,)] [eta: 9:59:22, time (data): 2.507 (0.002)] l_pix: 3.0604e-02 
2025-11-21 17:44:20,901 INFO: [IART_..][epoch:  0, iter:     855, lr:(1.984e-04,2.480e-05,)] [eta: 9:59:18, time (data): 2.505 (0.002)] l_pix: 2.5272e-02 
2025-11-21 17:44:23,408 INFO: [IART_..][epoch:  0, iter:     856, lr:(1.984e-04,2.480e-05,)] [eta: 9:59:14, time (data): 2.505 (0.002)] l_pix: 1.9886e-02 
2025-11-21 17:44:25,838 INFO: [IART_..][epoch:  0, iter:     857, lr:(1.984e-04,2.480e-05,)] [eta: 9:59:10, time (data): 2.504 (0.002)] l_pix: 2.3997e-02 
2025-11-21 17:44:28,309 INFO: [IART_..][epoch:  0, iter:     858, lr:(1.984e-04,2.480e-05,)] [eta: 9:59:06, time (data): 2.503 (0.002)] l_pix: 3.1862e-02 
2025-11-21 17:44:30,853 INFO: [IART_..][epoch:  0, iter:     859, lr:(1.984e-04,2.480e-05,)] [eta: 9:59:04, time (data): 2.504 (0.002)] l_pix: 2.3201e-02 
2025-11-21 17:44:33,390 INFO: [IART_..][epoch:  0, iter:     860, lr:(1.984e-04,2.480e-05,)] [eta: 9:59:01, time (data): 2.505 (0.002)] l_pix: 1.3546e-02 
2025-11-21 17:44:35,883 INFO: [IART_..][epoch:  0, iter:     861, lr:(1.984e-04,2.480e-05,)] [eta: 9:58:58, time (data): 2.504 (0.002)] l_pix: 3.2464e-02 
2025-11-21 17:44:38,476 INFO: [IART_..][epoch:  0, iter:     862, lr:(1.984e-04,2.480e-05,)] [eta: 9:58:56, time (data): 2.506 (0.002)] l_pix: 4.4646e-02 
2025-11-21 17:44:41,001 INFO: [IART_..][epoch:  0, iter:     863, lr:(1.984e-04,2.480e-05,)] [eta: 9:58:53, time (data): 2.506 (0.002)] l_pix: 2.3415e-02 
2025-11-21 17:44:43,461 INFO: [IART_..][epoch:  0, iter:     864, lr:(1.984e-04,2.480e-05,)] [eta: 9:58:49, time (data): 2.505 (0.002)] l_pix: 3.1242e-02 
2025-11-21 17:44:46,045 INFO: [IART_..][epoch:  0, iter:     865, lr:(1.984e-04,2.480e-05,)] [eta: 9:58:48, time (data): 2.507 (0.002)] l_pix: 3.5235e-02 
2025-11-21 17:44:48,615 INFO: [IART_..][epoch:  0, iter:     866, lr:(1.984e-04,2.480e-05,)] [eta: 9:58:46, time (data): 2.508 (0.002)] l_pix: 4.5404e-02 
2025-11-21 17:44:51,117 INFO: [IART_..][epoch:  0, iter:     867, lr:(1.984e-04,2.480e-05,)] [eta: 9:58:42, time (data): 2.508 (0.002)] l_pix: 2.1163e-02 
2025-11-21 17:44:53,707 INFO: [IART_..][epoch:  0, iter:     868, lr:(1.984e-04,2.480e-05,)] [eta: 9:58:41, time (data): 2.509 (0.002)] l_pix: 2.2209e-02 
2025-11-21 17:44:56,819 INFO: [IART_..][epoch:  0, iter:     869, lr:(1.984e-04,2.479e-05,)] [eta: 9:58:47, time (data): 2.518 (0.002)] l_pix: 2.7375e-02 
2025-11-21 17:44:59,385 INFO: [IART_..][epoch:  0, iter:     870, lr:(1.983e-04,2.479e-05,)] [eta: 9:58:45, time (data): 2.519 (0.002)] l_pix: 2.6969e-02 
2025-11-21 17:45:01,909 INFO: [IART_..][epoch:  0, iter:     871, lr:(1.983e-04,2.479e-05,)] [eta: 9:58:42, time (data): 2.519 (0.002)] l_pix: 1.4899e-02 
2025-11-21 17:45:04,384 INFO: [IART_..][epoch:  0, iter:     872, lr:(1.983e-04,2.479e-05,)] [eta: 9:58:39, time (data): 2.518 (0.002)] l_pix: 1.4658e-02 
2025-11-21 17:45:06,807 INFO: [IART_..][epoch:  0, iter:     873, lr:(1.983e-04,2.479e-05,)] [eta: 9:58:34, time (data): 2.517 (0.002)] l_pix: 2.6507e-02 
2025-11-21 17:45:09,209 INFO: [IART_..][epoch:  0, iter:     874, lr:(1.983e-04,2.479e-05,)] [eta: 9:58:29, time (data): 2.515 (0.002)] l_pix: 3.2496e-02 
2025-11-21 17:45:11,772 INFO: [IART_..][epoch:  0, iter:     875, lr:(1.983e-04,2.479e-05,)] [eta: 9:58:27, time (data): 2.516 (0.002)] l_pix: 2.9484e-02 
2025-11-21 17:45:14,259 INFO: [IART_..][epoch:  0, iter:     876, lr:(1.983e-04,2.479e-05,)] [eta: 9:58:24, time (data): 2.516 (0.002)] l_pix: 3.2286e-02 
2025-11-21 17:45:16,777 INFO: [IART_..][epoch:  0, iter:     877, lr:(1.983e-04,2.479e-05,)] [eta: 9:58:21, time (data): 2.516 (0.002)] l_pix: 2.9062e-02 
2025-11-21 17:45:19,317 INFO: [IART_..][epoch:  0, iter:     878, lr:(1.983e-04,2.479e-05,)] [eta: 9:58:18, time (data): 2.516 (0.002)] l_pix: 2.4028e-02 
2025-11-21 17:45:21,800 INFO: [IART_..][epoch:  0, iter:     879, lr:(1.983e-04,2.479e-05,)] [eta: 9:58:15, time (data): 2.515 (0.002)] l_pix: 2.8159e-02 
2025-11-21 17:45:24,251 INFO: [IART_..][epoch:  0, iter:     880, lr:(1.983e-04,2.479e-05,)] [eta: 9:58:11, time (data): 2.515 (0.002)] l_pix: 2.2850e-02 
2025-11-21 17:45:26,708 INFO: [IART_..][epoch:  0, iter:     881, lr:(1.983e-04,2.479e-05,)] [eta: 9:58:07, time (data): 2.514 (0.002)] l_pix: 1.6280e-02 
2025-11-21 17:45:29,192 INFO: [IART_..][epoch:  0, iter:     882, lr:(1.983e-04,2.479e-05,)] [eta: 9:58:03, time (data): 2.513 (0.002)] l_pix: 4.5993e-02 
2025-11-21 17:45:31,707 INFO: [IART_..][epoch:  0, iter:     883, lr:(1.983e-04,2.479e-05,)] [eta: 9:58:00, time (data): 2.513 (0.002)] l_pix: 4.5124e-02 
2025-11-21 17:45:34,377 INFO: [IART_..][epoch:  0, iter:     884, lr:(1.983e-04,2.479e-05,)] [eta: 9:58:00, time (data): 2.515 (0.002)] l_pix: 2.7327e-02 
2025-11-21 17:45:36,837 INFO: [IART_..][epoch:  0, iter:     885, lr:(1.983e-04,2.479e-05,)] [eta: 9:57:56, time (data): 2.515 (0.002)] l_pix: 5.7095e-02 
2025-11-21 17:45:39,316 INFO: [IART_..][epoch:  0, iter:     886, lr:(1.983e-04,2.479e-05,)] [eta: 9:57:52, time (data): 2.514 (0.002)] l_pix: 2.2511e-02 
2025-11-21 17:45:41,885 INFO: [IART_..][epoch:  0, iter:     887, lr:(1.983e-04,2.479e-05,)] [eta: 9:57:50, time (data): 2.515 (0.002)] l_pix: 3.8524e-02 
2025-11-21 17:45:44,583 INFO: [IART_..][epoch:  0, iter:     888, lr:(1.983e-04,2.479e-05,)] [eta: 9:57:50, time (data): 2.517 (0.002)] l_pix: 3.9064e-02 
2025-11-21 17:45:47,013 INFO: [IART_..][epoch:  0, iter:     889, lr:(1.983e-04,2.479e-05,)] [eta: 9:57:46, time (data): 2.516 (0.002)] l_pix: 2.9085e-02 
2025-11-21 17:45:49,568 INFO: [IART_..][epoch:  0, iter:     890, lr:(1.983e-04,2.478e-05,)] [eta: 9:57:44, time (data): 2.517 (0.002)] l_pix: 3.6483e-02 
2025-11-21 17:45:52,071 INFO: [IART_..][epoch:  0, iter:     891, lr:(1.983e-04,2.478e-05,)] [eta: 9:57:40, time (data): 2.516 (0.002)] l_pix: 2.2428e-02 
2025-11-21 17:45:54,575 INFO: [IART_..][epoch:  0, iter:     892, lr:(1.983e-04,2.478e-05,)] [eta: 9:57:37, time (data): 2.516 (0.002)] l_pix: 2.8484e-02 
2025-11-21 17:45:57,054 INFO: [IART_..][epoch:  0, iter:     893, lr:(1.983e-04,2.478e-05,)] [eta: 9:57:34, time (data): 2.516 (0.002)] l_pix: 4.1217e-02 
2025-11-21 17:45:59,438 INFO: [IART_..][epoch:  0, iter:     894, lr:(1.983e-04,2.478e-05,)] [eta: 9:57:29, time (data): 2.514 (0.002)] l_pix: 3.0746e-02 
2025-11-21 17:46:02,074 INFO: [IART_..][epoch:  0, iter:     895, lr:(1.983e-04,2.478e-05,)] [eta: 9:57:28, time (data): 2.516 (0.002)] l_pix: 3.1472e-02 
2025-11-21 17:46:04,803 INFO: [IART_..][epoch:  0, iter:     896, lr:(1.982e-04,2.478e-05,)] [eta: 9:57:28, time (data): 2.518 (0.002)] l_pix: 3.2698e-02 
2025-11-21 17:46:07,170 INFO: [IART_..][epoch:  0, iter:     897, lr:(1.982e-04,2.478e-05,)] [eta: 9:57:23, time (data): 2.516 (0.002)] l_pix: 3.5637e-02 
2025-11-21 17:46:09,669 INFO: [IART_..][epoch:  0, iter:     898, lr:(1.982e-04,2.478e-05,)] [eta: 9:57:20, time (data): 2.516 (0.002)] l_pix: 2.9508e-02 
2025-11-21 17:46:12,129 INFO: [IART_..][epoch:  0, iter:     899, lr:(1.982e-04,2.478e-05,)] [eta: 9:57:16, time (data): 2.516 (0.002)] l_pix: 1.6708e-02 
2025-11-21 17:46:14,773 INFO: [IART_..][epoch:  0, iter:     900, lr:(1.982e-04,2.478e-05,)] [eta: 9:57:15, time (data): 2.517 (0.002)] l_pix: 2.7049e-02 
2025-11-21 17:46:17,284 INFO: [IART_..][epoch:  0, iter:     901, lr:(1.982e-04,2.478e-05,)] [eta: 9:57:12, time (data): 2.517 (0.002)] l_pix: 2.6300e-02 
2025-11-21 17:46:19,879 INFO: [IART_..][epoch:  0, iter:     902, lr:(1.982e-04,2.478e-05,)] [eta: 9:57:10, time (data): 2.518 (0.002)] l_pix: 3.2655e-02 
2025-11-21 17:46:22,434 INFO: [IART_..][epoch:  0, iter:     903, lr:(1.982e-04,2.478e-05,)] [eta: 9:57:08, time (data): 2.518 (0.002)] l_pix: 3.3129e-02 
2025-11-21 17:46:24,914 INFO: [IART_..][epoch:  0, iter:     904, lr:(1.982e-04,2.478e-05,)] [eta: 9:57:04, time (data): 2.518 (0.002)] l_pix: 2.1875e-02 
2025-11-21 17:46:27,322 INFO: [IART_..][epoch:  0, iter:     905, lr:(1.982e-04,2.478e-05,)] [eta: 9:57:00, time (data): 2.517 (0.002)] l_pix: 2.7707e-02 
2025-11-21 17:46:29,780 INFO: [IART_..][epoch:  0, iter:     906, lr:(1.982e-04,2.478e-05,)] [eta: 9:56:56, time (data): 2.516 (0.002)] l_pix: 1.3818e-02 
2025-11-21 17:46:32,513 INFO: [IART_..][epoch:  0, iter:     907, lr:(1.982e-04,2.478e-05,)] [eta: 9:56:56, time (data): 2.518 (0.002)] l_pix: 2.9594e-02 
2025-11-21 17:46:34,960 INFO: [IART_..][epoch:  0, iter:     908, lr:(1.982e-04,2.478e-05,)] [eta: 9:56:52, time (data): 2.517 (0.002)] l_pix: 9.8372e-03 
2025-11-21 17:46:37,351 INFO: [IART_..][epoch:  0, iter:     909, lr:(1.982e-04,2.478e-05,)] [eta: 9:56:47, time (data): 2.516 (0.002)] l_pix: 2.4868e-02 
2025-11-21 17:46:39,908 INFO: [IART_..][epoch:  0, iter:     910, lr:(1.982e-04,2.478e-05,)] [eta: 9:56:45, time (data): 2.517 (0.002)] l_pix: 2.4446e-02 
2025-11-21 17:46:42,404 INFO: [IART_..][epoch:  0, iter:     911, lr:(1.982e-04,2.477e-05,)] [eta: 9:56:42, time (data): 2.516 (0.002)] l_pix: 2.7531e-02 
2025-11-21 17:46:44,763 INFO: [IART_..][epoch:  0, iter:     912, lr:(1.982e-04,2.477e-05,)] [eta: 9:56:37, time (data): 2.515 (0.002)] l_pix: 3.6937e-02 
2025-11-21 17:46:47,293 INFO: [IART_..][epoch:  0, iter:     913, lr:(1.982e-04,2.477e-05,)] [eta: 9:56:34, time (data): 2.515 (0.002)] l_pix: 3.2088e-02 
2025-11-21 17:46:49,788 INFO: [IART_..][epoch:  0, iter:     914, lr:(1.982e-04,2.477e-05,)] [eta: 9:56:31, time (data): 2.515 (0.002)] l_pix: 1.5003e-02 
2025-11-21 17:46:52,221 INFO: [IART_..][epoch:  0, iter:     915, lr:(1.982e-04,2.477e-05,)] [eta: 9:56:26, time (data): 2.514 (0.002)] l_pix: 1.8752e-02 
2025-11-21 17:46:54,764 INFO: [IART_..][epoch:  0, iter:     916, lr:(1.982e-04,2.477e-05,)] [eta: 9:56:24, time (data): 2.514 (0.002)] l_pix: 2.5641e-02 
2025-11-21 17:46:57,246 INFO: [IART_..][epoch:  0, iter:     917, lr:(1.982e-04,2.477e-05,)] [eta: 9:56:20, time (data): 2.514 (0.002)] l_pix: 4.7004e-02 
2025-11-21 17:46:59,802 INFO: [IART_..][epoch:  0, iter:     918, lr:(1.982e-04,2.477e-05,)] [eta: 9:56:18, time (data): 2.514 (0.002)] l_pix: 1.1184e-02 
2025-11-21 17:47:02,319 INFO: [IART_..][epoch:  0, iter:     919, lr:(1.982e-04,2.477e-05,)] [eta: 9:56:15, time (data): 2.514 (0.002)] l_pix: 2.9833e-02 
2025-11-21 17:47:04,764 INFO: [IART_..][epoch:  0, iter:     920, lr:(1.982e-04,2.477e-05,)] [eta: 9:56:11, time (data): 2.514 (0.002)] l_pix: 1.6433e-02 
2025-11-21 17:47:07,222 INFO: [IART_..][epoch:  0, iter:     921, lr:(1.982e-04,2.477e-05,)] [eta: 9:56:07, time (data): 2.513 (0.002)] l_pix: 3.8281e-02 
2025-11-21 17:47:09,670 INFO: [IART_..][epoch:  0, iter:     922, lr:(1.981e-04,2.477e-05,)] [eta: 9:56:03, time (data): 2.513 (0.002)] l_pix: 2.4085e-02 
2025-11-21 17:47:12,080 INFO: [IART_..][epoch:  0, iter:     923, lr:(1.981e-04,2.477e-05,)] [eta: 9:55:59, time (data): 2.512 (0.002)] l_pix: 4.5035e-02 
2025-11-21 17:47:14,699 INFO: [IART_..][epoch:  0, iter:     924, lr:(1.981e-04,2.477e-05,)] [eta: 9:55:58, time (data): 2.513 (0.002)] l_pix: 2.5806e-02 
2025-11-21 17:47:17,204 INFO: [IART_..][epoch:  0, iter:     925, lr:(1.981e-04,2.477e-05,)] [eta: 9:55:54, time (data): 2.513 (0.002)] l_pix: 2.8619e-02 
2025-11-21 17:47:19,647 INFO: [IART_..][epoch:  0, iter:     926, lr:(1.981e-04,2.477e-05,)] [eta: 9:55:50, time (data): 2.512 (0.002)] l_pix: 4.4902e-02 
2025-11-21 17:47:22,174 INFO: [IART_..][epoch:  0, iter:     927, lr:(1.981e-04,2.477e-05,)] [eta: 9:55:48, time (data): 2.512 (0.002)] l_pix: 1.6464e-02 
2025-11-21 17:47:24,683 INFO: [IART_..][epoch:  0, iter:     928, lr:(1.981e-04,2.477e-05,)] [eta: 9:55:45, time (data): 2.512 (0.002)] l_pix: 4.7301e-02 
2025-11-21 17:47:27,166 INFO: [IART_..][epoch:  0, iter:     929, lr:(1.981e-04,2.477e-05,)] [eta: 9:55:41, time (data): 2.512 (0.002)] l_pix: 3.3066e-02 
2025-11-21 17:47:29,721 INFO: [IART_..][epoch:  0, iter:     930, lr:(1.981e-04,2.477e-05,)] [eta: 9:55:39, time (data): 2.512 (0.002)] l_pix: 3.4554e-02 
2025-11-21 17:47:32,196 INFO: [IART_..][epoch:  0, iter:     931, lr:(1.981e-04,2.476e-05,)] [eta: 9:55:35, time (data): 2.512 (0.002)] l_pix: 2.1669e-02 
2025-11-21 17:47:34,671 INFO: [IART_..][epoch:  0, iter:     932, lr:(1.981e-04,2.476e-05,)] [eta: 9:55:32, time (data): 2.512 (0.002)] l_pix: 2.6268e-02 
2025-11-21 17:47:37,132 INFO: [IART_..][epoch:  0, iter:     933, lr:(1.981e-04,2.476e-05,)] [eta: 9:55:28, time (data): 2.511 (0.002)] l_pix: 2.8460e-02 
2025-11-21 17:47:39,577 INFO: [IART_..][epoch:  0, iter:     934, lr:(1.981e-04,2.476e-05,)] [eta: 9:55:24, time (data): 2.511 (0.002)] l_pix: 1.3304e-02 
2025-11-21 17:47:42,063 INFO: [IART_..][epoch:  0, iter:     935, lr:(1.981e-04,2.476e-05,)] [eta: 9:55:21, time (data): 2.511 (0.002)] l_pix: 2.2102e-02 
2025-11-21 17:47:44,573 INFO: [IART_..][epoch:  0, iter:     936, lr:(1.981e-04,2.476e-05,)] [eta: 9:55:18, time (data): 2.511 (0.002)] l_pix: 2.9301e-02 
2025-11-21 17:47:47,008 INFO: [IART_..][epoch:  0, iter:     937, lr:(1.981e-04,2.476e-05,)] [eta: 9:55:14, time (data): 2.510 (0.002)] l_pix: 1.9821e-02 
2025-11-21 17:47:49,498 INFO: [IART_..][epoch:  0, iter:     938, lr:(1.981e-04,2.476e-05,)] [eta: 9:55:10, time (data): 2.510 (0.002)] l_pix: 2.8750e-02 
2025-11-21 17:47:52,062 INFO: [IART_..][epoch:  0, iter:     939, lr:(1.981e-04,2.476e-05,)] [eta: 9:55:08, time (data): 2.510 (0.002)] l_pix: 2.7382e-02 
2025-11-21 17:47:54,559 INFO: [IART_..][epoch:  0, iter:     940, lr:(1.981e-04,2.476e-05,)] [eta: 9:55:05, time (data): 2.510 (0.002)] l_pix: 2.5119e-02 
2025-11-21 17:47:57,043 INFO: [IART_..][epoch:  0, iter:     941, lr:(1.981e-04,2.476e-05,)] [eta: 9:55:02, time (data): 2.510 (0.002)] l_pix: 3.0472e-02 
2025-11-21 17:47:59,494 INFO: [IART_..][epoch:  0, iter:     942, lr:(1.981e-04,2.476e-05,)] [eta: 9:54:58, time (data): 2.510 (0.002)] l_pix: 3.0055e-02 
2025-11-21 17:48:01,978 INFO: [IART_..][epoch:  0, iter:     943, lr:(1.981e-04,2.476e-05,)] [eta: 9:54:54, time (data): 2.509 (0.002)] l_pix: 5.5809e-02 
2025-11-21 17:48:04,453 INFO: [IART_..][epoch:  0, iter:     944, lr:(1.981e-04,2.476e-05,)] [eta: 9:54:51, time (data): 2.509 (0.002)] l_pix: 2.2690e-02 
2025-11-21 17:48:06,898 INFO: [IART_..][epoch:  0, iter:     945, lr:(1.981e-04,2.476e-05,)] [eta: 9:54:47, time (data): 2.509 (0.002)] l_pix: 3.7625e-02 
2025-11-21 17:48:09,523 INFO: [IART_..][epoch:  0, iter:     946, lr:(1.980e-04,2.476e-05,)] [eta: 9:54:46, time (data): 2.510 (0.002)] l_pix: 2.5811e-02 
2025-11-21 17:48:11,970 INFO: [IART_..][epoch:  0, iter:     947, lr:(1.980e-04,2.476e-05,)] [eta: 9:54:42, time (data): 2.509 (0.002)] l_pix: 4.4460e-02 
2025-11-21 17:48:14,483 INFO: [IART_..][epoch:  0, iter:     948, lr:(1.980e-04,2.476e-05,)] [eta: 9:54:39, time (data): 2.509 (0.002)] l_pix: 2.4661e-02 
2025-11-21 17:48:17,074 INFO: [IART_..][epoch:  0, iter:     949, lr:(1.980e-04,2.476e-05,)] [eta: 9:54:37, time (data): 2.510 (0.002)] l_pix: 1.3905e-02 
2025-11-21 17:48:19,558 INFO: [IART_..][epoch:  0, iter:     950, lr:(1.980e-04,2.475e-05,)] [eta: 9:54:34, time (data): 2.510 (0.002)] l_pix: 1.8282e-02 
2025-11-21 17:48:22,205 INFO: [IART_..][epoch:  0, iter:     951, lr:(1.980e-04,2.475e-05,)] [eta: 9:54:33, time (data): 2.511 (0.002)] l_pix: 1.7865e-02 
2025-11-21 17:48:24,805 INFO: [IART_..][epoch:  0, iter:     952, lr:(1.980e-04,2.475e-05,)] [eta: 9:54:31, time (data): 2.511 (0.002)] l_pix: 2.1041e-02 
2025-11-21 17:48:27,433 INFO: [IART_..][epoch:  0, iter:     953, lr:(1.980e-04,2.475e-05,)] [eta: 9:54:30, time (data): 2.512 (0.002)] l_pix: 3.3484e-02 
2025-11-21 17:48:29,852 INFO: [IART_..][epoch:  0, iter:     954, lr:(1.980e-04,2.475e-05,)] [eta: 9:54:26, time (data): 2.511 (0.002)] l_pix: 2.6224e-02 
2025-11-21 17:48:32,486 INFO: [IART_..][epoch:  0, iter:     955, lr:(1.980e-04,2.475e-05,)] [eta: 9:54:25, time (data): 2.512 (0.002)] l_pix: 3.2818e-02 
2025-11-21 17:48:34,948 INFO: [IART_..][epoch:  0, iter:     956, lr:(1.980e-04,2.475e-05,)] [eta: 9:54:21, time (data): 2.512 (0.002)] l_pix: 2.8866e-02 
2025-11-21 17:48:37,338 INFO: [IART_..][epoch:  0, iter:     957, lr:(1.980e-04,2.475e-05,)] [eta: 9:54:16, time (data): 2.511 (0.002)] l_pix: 3.1041e-02 
2025-11-21 17:48:39,809 INFO: [IART_..][epoch:  0, iter:     958, lr:(1.980e-04,2.475e-05,)] [eta: 9:54:13, time (data): 2.511 (0.002)] l_pix: 3.3047e-02 
2025-11-21 17:48:42,382 INFO: [IART_..][epoch:  0, iter:     959, lr:(1.980e-04,2.475e-05,)] [eta: 9:54:11, time (data): 2.511 (0.002)] l_pix: 2.2034e-02 
2025-11-21 17:48:44,858 INFO: [IART_..][epoch:  0, iter:     960, lr:(1.980e-04,2.475e-05,)] [eta: 9:54:07, time (data): 2.511 (0.002)] l_pix: 3.1989e-02 
2025-11-21 17:48:47,325 INFO: [IART_..][epoch:  0, iter:     961, lr:(1.980e-04,2.475e-05,)] [eta: 9:54:03, time (data): 2.511 (0.002)] l_pix: 9.4811e-03 
2025-11-21 17:48:49,937 INFO: [IART_..][epoch:  0, iter:     962, lr:(1.980e-04,2.475e-05,)] [eta: 9:54:02, time (data): 2.511 (0.002)] l_pix: 3.4841e-02 
2025-11-21 17:48:52,407 INFO: [IART_..][epoch:  0, iter:     963, lr:(1.980e-04,2.475e-05,)] [eta: 9:53:58, time (data): 2.511 (0.002)] l_pix: 3.2895e-02 
2025-11-21 17:48:55,094 INFO: [IART_..][epoch:  0, iter:     964, lr:(1.980e-04,2.475e-05,)] [eta: 9:53:58, time (data): 2.512 (0.002)] l_pix: 3.2629e-02 
2025-11-21 17:48:57,624 INFO: [IART_..][epoch:  0, iter:     965, lr:(1.980e-04,2.475e-05,)] [eta: 9:53:55, time (data): 2.512 (0.002)] l_pix: 2.8194e-02 
2025-11-21 17:49:00,275 INFO: [IART_..][epoch:  0, iter:     966, lr:(1.980e-04,2.475e-05,)] [eta: 9:53:54, time (data): 2.513 (0.002)] l_pix: 2.7030e-02 
2025-11-21 17:49:02,791 INFO: [IART_..][epoch:  0, iter:     967, lr:(1.980e-04,2.475e-05,)] [eta: 9:53:52, time (data): 2.513 (0.002)] l_pix: 2.4297e-02 
2025-11-21 17:49:05,262 INFO: [IART_..][epoch:  0, iter:     968, lr:(1.980e-04,2.475e-05,)] [eta: 9:53:48, time (data): 2.513 (0.002)] l_pix: 2.7991e-02 
2025-11-21 17:49:07,739 INFO: [IART_..][epoch:  0, iter:     969, lr:(1.980e-04,2.475e-05,)] [eta: 9:53:45, time (data): 2.513 (0.002)] l_pix: 2.2251e-02 
2025-11-21 17:49:10,202 INFO: [IART_..][epoch:  0, iter:     970, lr:(1.979e-04,2.474e-05,)] [eta: 9:53:41, time (data): 2.512 (0.002)] l_pix: 2.9576e-02 
2025-11-21 17:49:12,720 INFO: [IART_..][epoch:  0, iter:     971, lr:(1.979e-04,2.474e-05,)] [eta: 9:53:38, time (data): 2.512 (0.002)] l_pix: 4.5417e-02 
2025-11-21 17:49:15,182 INFO: [IART_..][epoch:  0, iter:     972, lr:(1.979e-04,2.474e-05,)] [eta: 9:53:34, time (data): 2.512 (0.002)] l_pix: 3.3912e-02 
2025-11-21 17:49:17,681 INFO: [IART_..][epoch:  0, iter:     973, lr:(1.979e-04,2.474e-05,)] [eta: 9:53:31, time (data): 2.512 (0.002)] l_pix: 1.5592e-02 
2025-11-21 17:49:20,132 INFO: [IART_..][epoch:  0, iter:     974, lr:(1.979e-04,2.474e-05,)] [eta: 9:53:28, time (data): 2.512 (0.002)] l_pix: 2.5438e-02 
2025-11-21 17:49:22,647 INFO: [IART_..][epoch:  0, iter:     975, lr:(1.979e-04,2.474e-05,)] [eta: 9:53:25, time (data): 2.512 (0.002)] l_pix: 2.9541e-02 
2025-11-21 17:49:25,208 INFO: [IART_..][epoch:  0, iter:     976, lr:(1.979e-04,2.474e-05,)] [eta: 9:53:22, time (data): 2.512 (0.002)] l_pix: 2.7177e-02 
2025-11-21 17:49:27,640 INFO: [IART_..][epoch:  0, iter:     977, lr:(1.979e-04,2.474e-05,)] [eta: 9:53:18, time (data): 2.511 (0.002)] l_pix: 3.0425e-02 
2025-11-21 17:49:30,038 INFO: [IART_..][epoch:  0, iter:     978, lr:(1.979e-04,2.474e-05,)] [eta: 9:53:14, time (data): 2.511 (0.002)] l_pix: 3.2809e-02 
2025-11-21 17:49:32,479 INFO: [IART_..][epoch:  0, iter:     979, lr:(1.979e-04,2.474e-05,)] [eta: 9:53:10, time (data): 2.510 (0.002)] l_pix: 1.9071e-02 
2025-11-21 17:49:34,972 INFO: [IART_..][epoch:  0, iter:     980, lr:(1.979e-04,2.474e-05,)] [eta: 9:53:07, time (data): 2.510 (0.002)] l_pix: 3.3528e-02 
2025-11-21 17:49:37,458 INFO: [IART_..][epoch:  0, iter:     981, lr:(1.979e-04,2.474e-05,)] [eta: 9:53:03, time (data): 2.510 (0.002)] l_pix: 2.2710e-02 
2025-11-21 17:49:39,971 INFO: [IART_..][epoch:  0, iter:     982, lr:(1.979e-04,2.474e-05,)] [eta: 9:53:01, time (data): 2.510 (0.002)] l_pix: 2.6304e-02 
2025-11-21 17:49:42,448 INFO: [IART_..][epoch:  0, iter:     983, lr:(1.979e-04,2.474e-05,)] [eta: 9:52:57, time (data): 2.510 (0.002)] l_pix: 2.3278e-02 
2025-11-21 17:49:44,952 INFO: [IART_..][epoch:  0, iter:     984, lr:(1.979e-04,2.474e-05,)] [eta: 9:52:54, time (data): 2.510 (0.002)] l_pix: 4.7021e-02 
2025-11-21 17:49:47,374 INFO: [IART_..][epoch:  0, iter:     985, lr:(1.979e-04,2.474e-05,)] [eta: 9:52:50, time (data): 2.509 (0.002)] l_pix: 1.5714e-02 
2025-11-21 17:49:49,885 INFO: [IART_..][epoch:  0, iter:     986, lr:(1.979e-04,2.474e-05,)] [eta: 9:52:47, time (data): 2.509 (0.002)] l_pix: 3.8109e-02 
2025-11-21 17:49:52,319 INFO: [IART_..][epoch:  0, iter:     987, lr:(1.979e-04,2.474e-05,)] [eta: 9:52:43, time (data): 2.509 (0.002)] l_pix: 1.3444e-02 
2025-11-21 17:49:54,810 INFO: [IART_..][epoch:  0, iter:     988, lr:(1.979e-04,2.473e-05,)] [eta: 9:52:40, time (data): 2.509 (0.002)] l_pix: 1.9659e-02 
2025-11-21 17:49:57,343 INFO: [IART_..][epoch:  0, iter:     989, lr:(1.979e-04,2.473e-05,)] [eta: 9:52:37, time (data): 2.509 (0.002)] l_pix: 3.3879e-02 
2025-11-21 17:49:59,881 INFO: [IART_..][epoch:  0, iter:     990, lr:(1.979e-04,2.473e-05,)] [eta: 9:52:35, time (data): 2.509 (0.002)] l_pix: 3.8071e-02 
2025-11-21 17:50:02,598 INFO: [IART_..][epoch:  0, iter:     991, lr:(1.979e-04,2.473e-05,)] [eta: 9:52:35, time (data): 2.510 (0.002)] l_pix: 1.3106e-02 
2025-11-21 17:50:05,052 INFO: [IART_..][epoch:  0, iter:     992, lr:(1.979e-04,2.473e-05,)] [eta: 9:52:31, time (data): 2.510 (0.002)] l_pix: 3.0556e-02 
2025-11-21 17:50:07,509 INFO: [IART_..][epoch:  0, iter:     993, lr:(1.979e-04,2.473e-05,)] [eta: 9:52:27, time (data): 2.510 (0.002)] l_pix: 2.1245e-02 
2025-11-21 17:50:10,019 INFO: [IART_..][epoch:  0, iter:     994, lr:(1.978e-04,2.473e-05,)] [eta: 9:52:24, time (data): 2.510 (0.002)] l_pix: 2.6539e-02 
2025-11-21 17:50:12,570 INFO: [IART_..][epoch:  0, iter:     995, lr:(1.978e-04,2.473e-05,)] [eta: 9:52:22, time (data): 2.510 (0.002)] l_pix: 4.6088e-02 
2025-11-21 17:50:15,215 INFO: [IART_..][epoch:  0, iter:     996, lr:(1.978e-04,2.473e-05,)] [eta: 9:52:21, time (data): 2.511 (0.002)] l_pix: 3.0955e-02 
2025-11-21 17:50:17,793 INFO: [IART_..][epoch:  0, iter:     997, lr:(1.978e-04,2.473e-05,)] [eta: 9:52:19, time (data): 2.511 (0.002)] l_pix: 2.4703e-02 
2025-11-21 17:50:20,422 INFO: [IART_..][epoch:  0, iter:     998, lr:(1.978e-04,2.473e-05,)] [eta: 9:52:18, time (data): 2.512 (0.002)] l_pix: 4.3328e-02 
2025-11-21 17:50:22,823 INFO: [IART_..][epoch:  0, iter:     999, lr:(1.978e-04,2.473e-05,)] [eta: 9:52:13, time (data): 2.511 (0.002)] l_pix: 3.2915e-02 
2025-11-21 17:50:25,299 INFO: [IART_..][epoch:  0, iter:   1,000, lr:(1.978e-04,2.473e-05,)] [eta: 9:52:10, time (data): 2.511 (0.002)] l_pix: 4.0541e-02 
2025-11-21 17:50:27,769 INFO: [IART_..][epoch:  0, iter:   1,001, lr:(1.978e-04,2.473e-05,)] [eta: 9:52:06, time (data): 2.511 (0.002)] l_pix: 1.8320e-02 
2025-11-21 17:50:30,195 INFO: [IART_..][epoch:  0, iter:   1,002, lr:(1.978e-04,2.473e-05,)] [eta: 9:52:02, time (data): 2.510 (0.002)] l_pix: 3.2397e-02 
2025-11-21 17:50:32,707 INFO: [IART_..][epoch:  0, iter:   1,003, lr:(1.978e-04,2.473e-05,)] [eta: 9:51:59, time (data): 2.510 (0.002)] l_pix: 2.9950e-02 
2025-11-21 17:50:35,232 INFO: [IART_..][epoch:  0, iter:   1,004, lr:(1.978e-04,2.473e-05,)] [eta: 9:51:57, time (data): 2.510 (0.002)] l_pix: 3.6877e-02 
2025-11-21 17:50:37,668 INFO: [IART_..][epoch:  0, iter:   1,005, lr:(1.978e-04,2.473e-05,)] [eta: 9:51:53, time (data): 2.510 (0.002)] l_pix: 2.6317e-02 
2025-11-21 17:50:40,111 INFO: [IART_..][epoch:  0, iter:   1,006, lr:(1.978e-04,2.473e-05,)] [eta: 9:51:49, time (data): 2.443 (0.000)] l_pix: 2.0724e-02 
2025-11-21 17:50:42,808 INFO: [IART_..][epoch:  0, iter:   1,007, lr:(1.978e-04,2.472e-05,)] [eta: 9:51:48, time (data): 2.570 (0.000)] l_pix: 2.2669e-02 
2025-11-21 17:50:45,339 INFO: [IART_..][epoch:  0, iter:   1,008, lr:(1.978e-04,2.472e-05,)] [eta: 9:51:46, time (data): 2.557 (0.000)] l_pix: 2.4048e-02 
2025-11-21 17:50:47,788 INFO: [IART_..][epoch:  0, iter:   1,009, lr:(1.978e-04,2.472e-05,)] [eta: 9:51:42, time (data): 2.530 (0.000)] l_pix: 2.1126e-02 
2025-11-21 17:50:50,389 INFO: [IART_..][epoch:  0, iter:   1,010, lr:(1.978e-04,2.472e-05,)] [eta: 9:51:40, time (data): 2.544 (0.000)] l_pix: 1.8035e-02 
2025-11-21 17:50:53,052 INFO: [IART_..][epoch:  0, iter:   1,011, lr:(1.978e-04,2.472e-05,)] [eta: 9:51:40, time (data): 2.564 (0.000)] l_pix: 3.4649e-02 
2025-11-21 17:50:55,618 INFO: [IART_..][epoch:  0, iter:   1,012, lr:(1.978e-04,2.472e-05,)] [eta: 9:51:37, time (data): 2.564 (0.000)] l_pix: 3.8633e-02 
2025-11-21 17:50:58,243 INFO: [IART_..][epoch:  0, iter:   1,013, lr:(1.978e-04,2.472e-05,)] [eta: 9:51:36, time (data): 2.572 (0.000)] l_pix: 3.8427e-02 
2025-11-21 17:51:00,702 INFO: [IART_..][epoch:  0, iter:   1,014, lr:(1.978e-04,2.472e-05,)] [eta: 9:51:32, time (data): 2.559 (0.000)] l_pix: 2.8007e-02 
2025-11-21 17:51:03,139 INFO: [IART_..][epoch:  0, iter:   1,015, lr:(1.978e-04,2.472e-05,)] [eta: 9:51:29, time (data): 2.547 (0.001)] l_pix: 3.5698e-02 
2025-11-21 17:51:05,641 INFO: [IART_..][epoch:  0, iter:   1,016, lr:(1.978e-04,2.472e-05,)] [eta: 9:51:25, time (data): 2.543 (0.001)] l_pix: 3.1785e-02 
2025-11-21 17:51:08,250 INFO: [IART_..][epoch:  0, iter:   1,017, lr:(1.977e-04,2.472e-05,)] [eta: 9:51:24, time (data): 2.548 (0.001)] l_pix: 3.5520e-02 
2025-11-21 17:51:10,678 INFO: [IART_..][epoch:  0, iter:   1,018, lr:(1.977e-04,2.472e-05,)] [eta: 9:51:20, time (data): 2.539 (0.001)] l_pix: 2.8586e-02 
2025-11-21 17:51:13,143 INFO: [IART_..][epoch:  0, iter:   1,019, lr:(1.977e-04,2.472e-05,)] [eta: 9:51:16, time (data): 2.534 (0.001)] l_pix: 2.4082e-02 
2025-11-21 17:51:15,564 INFO: [IART_..][epoch:  0, iter:   1,020, lr:(1.977e-04,2.472e-05,)] [eta: 9:51:12, time (data): 2.526 (0.001)] l_pix: 1.1816e-02 
2025-11-21 17:51:18,102 INFO: [IART_..][epoch:  0, iter:   1,021, lr:(1.977e-04,2.472e-05,)] [eta: 9:51:10, time (data): 2.527 (0.001)] l_pix: 2.4952e-02 
2025-11-21 17:51:20,707 INFO: [IART_..][epoch:  0, iter:   1,022, lr:(1.977e-04,2.472e-05,)] [eta: 9:51:08, time (data): 2.532 (0.001)] l_pix: 3.7356e-02 
2025-11-21 17:51:23,286 INFO: [IART_..][epoch:  0, iter:   1,023, lr:(1.977e-04,2.472e-05,)] [eta: 9:51:06, time (data): 2.534 (0.001)] l_pix: 3.8396e-02 
2025-11-21 17:51:25,733 INFO: [IART_..][epoch:  0, iter:   1,024, lr:(1.977e-04,2.472e-05,)] [eta: 9:51:02, time (data): 2.530 (0.001)] l_pix: 3.6097e-02 
2025-11-21 17:51:28,347 INFO: [IART_..][epoch:  0, iter:   1,025, lr:(1.977e-04,2.471e-05,)] [eta: 9:51:01, time (data): 2.534 (0.001)] l_pix: 3.4639e-02 
2025-11-21 17:51:30,865 INFO: [IART_..][epoch:  0, iter:   1,026, lr:(1.977e-04,2.471e-05,)] [eta: 9:50:58, time (data): 2.533 (0.000)] l_pix: 3.8857e-02 
2025-11-21 17:51:33,332 INFO: [IART_..][epoch:  0, iter:   1,027, lr:(1.977e-04,2.471e-05,)] [eta: 9:50:55, time (data): 2.530 (0.000)] l_pix: 1.4917e-02 
2025-11-21 17:51:35,987 INFO: [IART_..][epoch:  0, iter:   1,028, lr:(1.977e-04,2.471e-05,)] [eta: 9:50:54, time (data): 2.536 (0.001)] l_pix: 3.3345e-02 
2025-11-21 17:51:38,597 INFO: [IART_..][epoch:  0, iter:   1,029, lr:(1.977e-04,2.471e-05,)] [eta: 9:50:52, time (data): 2.539 (0.001)] l_pix: 2.7362e-02 
2025-11-21 17:51:41,224 INFO: [IART_..][epoch:  0, iter:   1,030, lr:(1.977e-04,2.471e-05,)] [eta: 9:50:51, time (data): 2.542 (0.001)] l_pix: 2.3011e-02 
2025-11-21 17:51:43,674 INFO: [IART_..][epoch:  0, iter:   1,031, lr:(1.977e-04,2.471e-05,)] [eta: 9:50:47, time (data): 2.539 (0.001)] l_pix: 3.7550e-02 
2025-11-21 17:51:46,270 INFO: [IART_..][epoch:  0, iter:   1,032, lr:(1.977e-04,2.471e-05,)] [eta: 9:50:45, time (data): 2.541 (0.001)] l_pix: 3.7095e-02 
2025-11-21 17:51:48,734 INFO: [IART_..][epoch:  0, iter:   1,033, lr:(1.977e-04,2.471e-05,)] [eta: 9:50:42, time (data): 2.538 (0.001)] l_pix: 5.2552e-02 
2025-11-21 17:51:51,237 INFO: [IART_..][epoch:  0, iter:   1,034, lr:(1.977e-04,2.471e-05,)] [eta: 9:50:39, time (data): 2.537 (0.001)] l_pix: 3.0956e-02 
2025-11-21 17:51:53,724 INFO: [IART_..][epoch:  0, iter:   1,035, lr:(1.977e-04,2.471e-05,)] [eta: 9:50:35, time (data): 2.535 (0.001)] l_pix: 1.8724e-02 
2025-11-21 17:51:56,258 INFO: [IART_..][epoch:  0, iter:   1,036, lr:(1.977e-04,2.471e-05,)] [eta: 9:50:33, time (data): 2.535 (0.001)] l_pix: 3.4943e-02 
2025-11-21 17:51:58,731 INFO: [IART_..][epoch:  0, iter:   1,037, lr:(1.977e-04,2.471e-05,)] [eta: 9:50:29, time (data): 2.533 (0.001)] l_pix: 2.6735e-02 
2025-11-21 17:52:01,147 INFO: [IART_..][epoch:  0, iter:   1,038, lr:(1.977e-04,2.471e-05,)] [eta: 9:50:25, time (data): 2.530 (0.001)] l_pix: 2.7138e-02 
2025-11-21 17:52:03,589 INFO: [IART_..][epoch:  0, iter:   1,039, lr:(1.976e-04,2.471e-05,)] [eta: 9:50:21, time (data): 2.527 (0.001)] l_pix: 1.6652e-02 
2025-11-21 17:52:06,169 INFO: [IART_..][epoch:  0, iter:   1,040, lr:(1.976e-04,2.471e-05,)] [eta: 9:50:19, time (data): 2.529 (0.001)] l_pix: 4.1673e-02 
2025-11-21 17:52:08,687 INFO: [IART_..][epoch:  0, iter:   1,041, lr:(1.976e-04,2.471e-05,)] [eta: 9:50:17, time (data): 2.528 (0.001)] l_pix: 3.1047e-02 
2025-11-21 17:52:11,157 INFO: [IART_..][epoch:  0, iter:   1,042, lr:(1.976e-04,2.471e-05,)] [eta: 9:50:13, time (data): 2.527 (0.000)] l_pix: 3.0771e-02 
2025-11-21 17:52:13,670 INFO: [IART_..][epoch:  0, iter:   1,043, lr:(1.976e-04,2.470e-05,)] [eta: 9:50:10, time (data): 2.526 (0.000)] l_pix: 3.7200e-02 
2025-11-21 17:52:16,229 INFO: [IART_..][epoch:  0, iter:   1,044, lr:(1.976e-04,2.470e-05,)] [eta: 9:50:08, time (data): 2.527 (0.000)] l_pix: 2.6950e-02 
2025-11-21 17:52:18,677 INFO: [IART_..][epoch:  0, iter:   1,045, lr:(1.976e-04,2.470e-05,)] [eta: 9:50:04, time (data): 2.525 (0.000)] l_pix: 2.8716e-02 
2025-11-21 17:52:21,157 INFO: [IART_..][epoch:  0, iter:   1,046, lr:(1.976e-04,2.470e-05,)] [eta: 9:50:01, time (data): 2.524 (0.000)] l_pix: 2.9971e-02 
2025-11-21 17:52:23,580 INFO: [IART_..][epoch:  0, iter:   1,047, lr:(1.976e-04,2.470e-05,)] [eta: 9:49:57, time (data): 2.522 (0.000)] l_pix: 2.5677e-02 
2025-11-21 17:52:26,130 INFO: [IART_..][epoch:  0, iter:   1,048, lr:(1.976e-04,2.470e-05,)] [eta: 9:49:55, time (data): 2.522 (0.001)] l_pix: 1.9157e-02 
2025-11-21 17:52:28,899 INFO: [IART_..][epoch:  0, iter:   1,049, lr:(1.976e-04,2.470e-05,)] [eta: 9:49:55, time (data): 2.528 (0.001)] l_pix: 3.2547e-02 
2025-11-21 17:52:31,339 INFO: [IART_..][epoch:  0, iter:   1,050, lr:(1.976e-04,2.470e-05,)] [eta: 9:49:51, time (data): 2.526 (0.001)] l_pix: 2.6665e-02 
2025-11-21 17:52:33,922 INFO: [IART_..][epoch:  0, iter:   1,051, lr:(1.976e-04,2.470e-05,)] [eta: 9:49:49, time (data): 2.527 (0.001)] l_pix: 2.2350e-02 
2025-11-21 17:52:36,371 INFO: [IART_..][epoch:  0, iter:   1,052, lr:(1.976e-04,2.470e-05,)] [eta: 9:49:46, time (data): 2.525 (0.001)] l_pix: 2.1342e-02 
2025-11-21 17:52:38,852 INFO: [IART_..][epoch:  0, iter:   1,053, lr:(1.976e-04,2.470e-05,)] [eta: 9:49:42, time (data): 2.525 (0.001)] l_pix: 3.1394e-02 
2025-11-21 17:52:41,279 INFO: [IART_..][epoch:  0, iter:   1,054, lr:(1.976e-04,2.470e-05,)] [eta: 9:49:38, time (data): 2.522 (0.001)] l_pix: 1.7652e-02 
2025-11-21 17:52:43,727 INFO: [IART_..][epoch:  0, iter:   1,055, lr:(1.976e-04,2.470e-05,)] [eta: 9:49:35, time (data): 2.521 (0.001)] l_pix: 2.1041e-02 
2025-11-21 17:52:46,400 INFO: [IART_..][epoch:  0, iter:   1,056, lr:(1.976e-04,2.470e-05,)] [eta: 9:49:34, time (data): 2.524 (0.001)] l_pix: 2.8241e-02 
2025-11-21 17:52:48,969 INFO: [IART_..][epoch:  0, iter:   1,057, lr:(1.976e-04,2.470e-05,)] [eta: 9:49:32, time (data): 2.525 (0.001)] l_pix: 4.3137e-02 
2025-11-21 17:52:51,482 INFO: [IART_..][epoch:  0, iter:   1,058, lr:(1.976e-04,2.470e-05,)] [eta: 9:49:29, time (data): 2.525 (0.001)] l_pix: 9.1958e-03 
2025-11-21 17:52:53,883 INFO: [IART_..][epoch:  0, iter:   1,059, lr:(1.976e-04,2.470e-05,)] [eta: 9:49:25, time (data): 2.522 (0.001)] l_pix: 3.2304e-02 
2025-11-21 17:52:56,497 INFO: [IART_..][epoch:  0, iter:   1,060, lr:(1.976e-04,2.470e-05,)] [eta: 9:49:23, time (data): 2.524 (0.001)] l_pix: 2.1860e-02 
2025-11-21 17:52:59,051 INFO: [IART_..][epoch:  0, iter:   1,061, lr:(1.975e-04,2.469e-05,)] [eta: 9:49:21, time (data): 2.524 (0.001)] l_pix: 4.4229e-02 
2025-11-21 17:53:01,599 INFO: [IART_..][epoch:  0, iter:   1,062, lr:(1.975e-04,2.469e-05,)] [eta: 9:49:19, time (data): 2.525 (0.001)] l_pix: 2.7770e-02 
2025-11-21 17:53:04,097 INFO: [IART_..][epoch:  0, iter:   1,063, lr:(1.975e-04,2.469e-05,)] [eta: 9:49:15, time (data): 2.524 (0.001)] l_pix: 2.4842e-02 
2025-11-21 17:53:06,615 INFO: [IART_..][epoch:  0, iter:   1,064, lr:(1.975e-04,2.469e-05,)] [eta: 9:49:13, time (data): 2.524 (0.000)] l_pix: 2.4086e-02 
2025-11-21 17:53:09,035 INFO: [IART_..][epoch:  0, iter:   1,065, lr:(1.975e-04,2.469e-05,)] [eta: 9:49:09, time (data): 2.523 (0.001)] l_pix: 2.4440e-02 
2025-11-21 17:53:11,567 INFO: [IART_..][epoch:  0, iter:   1,066, lr:(1.975e-04,2.469e-05,)] [eta: 9:49:06, time (data): 2.523 (0.001)] l_pix: 2.1820e-02 
2025-11-21 17:53:14,160 INFO: [IART_..][epoch:  0, iter:   1,067, lr:(1.975e-04,2.469e-05,)] [eta: 9:49:04, time (data): 2.524 (0.001)] l_pix: 2.1696e-02 
2025-11-21 17:53:16,781 INFO: [IART_..][epoch:  0, iter:   1,068, lr:(1.975e-04,2.469e-05,)] [eta: 9:49:03, time (data): 2.525 (0.001)] l_pix: 1.6518e-02 
2025-11-21 17:53:19,219 INFO: [IART_..][epoch:  0, iter:   1,069, lr:(1.975e-04,2.469e-05,)] [eta: 9:48:59, time (data): 2.524 (0.001)] l_pix: 1.6628e-02 
2025-11-21 17:53:21,764 INFO: [IART_..][epoch:  0, iter:   1,070, lr:(1.975e-04,2.469e-05,)] [eta: 9:48:56, time (data): 2.524 (0.001)] l_pix: 3.1159e-02 
2025-11-21 17:53:24,217 INFO: [IART_..][epoch:  0, iter:   1,071, lr:(1.975e-04,2.469e-05,)] [eta: 9:48:53, time (data): 2.523 (0.001)] l_pix: 2.5982e-02 
2025-11-21 17:53:26,670 INFO: [IART_..][epoch:  0, iter:   1,072, lr:(1.975e-04,2.469e-05,)] [eta: 9:48:49, time (data): 2.522 (0.001)] l_pix: 3.7114e-02 
2025-11-21 17:53:29,233 INFO: [IART_..][epoch:  0, iter:   1,073, lr:(1.975e-04,2.469e-05,)] [eta: 9:48:47, time (data): 2.523 (0.001)] l_pix: 2.0305e-02 
2025-11-21 17:53:31,657 INFO: [IART_..][epoch:  0, iter:   1,074, lr:(1.975e-04,2.469e-05,)] [eta: 9:48:43, time (data): 2.521 (0.001)] l_pix: 3.9916e-02 
2025-11-21 17:53:34,083 INFO: [IART_..][epoch:  0, iter:   1,075, lr:(1.975e-04,2.469e-05,)] [eta: 9:48:39, time (data): 2.520 (0.001)] l_pix: 3.5243e-02 
2025-11-21 17:53:36,595 INFO: [IART_..][epoch:  0, iter:   1,076, lr:(1.975e-04,2.469e-05,)] [eta: 9:48:36, time (data): 2.520 (0.001)] l_pix: 8.8162e-03 
2025-11-21 17:53:39,103 INFO: [IART_..][epoch:  0, iter:   1,077, lr:(1.975e-04,2.469e-05,)] [eta: 9:48:33, time (data): 2.520 (0.001)] l_pix: 2.3708e-02 
2025-11-21 17:53:41,609 INFO: [IART_..][epoch:  0, iter:   1,078, lr:(1.975e-04,2.468e-05,)] [eta: 9:48:30, time (data): 2.519 (0.001)] l_pix: 3.5981e-02 
2025-11-21 17:53:44,138 INFO: [IART_..][epoch:  0, iter:   1,079, lr:(1.975e-04,2.468e-05,)] [eta: 9:48:28, time (data): 2.520 (0.001)] l_pix: 3.9118e-02 
2025-11-21 17:53:46,607 INFO: [IART_..][epoch:  0, iter:   1,080, lr:(1.975e-04,2.468e-05,)] [eta: 9:48:24, time (data): 2.519 (0.001)] l_pix: 3.4057e-02 
2025-11-21 17:53:49,103 INFO: [IART_..][epoch:  0, iter:   1,081, lr:(1.975e-04,2.468e-05,)] [eta: 9:48:21, time (data): 2.519 (0.001)] l_pix: 2.1203e-02 
2025-11-21 17:53:51,589 INFO: [IART_..][epoch:  0, iter:   1,082, lr:(1.974e-04,2.468e-05,)] [eta: 9:48:18, time (data): 2.518 (0.001)] l_pix: 3.6696e-02 
2025-11-21 17:53:54,068 INFO: [IART_..][epoch:  0, iter:   1,083, lr:(1.974e-04,2.468e-05,)] [eta: 9:48:15, time (data): 2.518 (0.001)] l_pix: 3.1174e-02 
2025-11-21 17:53:56,825 INFO: [IART_..][epoch:  0, iter:   1,084, lr:(1.974e-04,2.468e-05,)] [eta: 9:48:15, time (data): 2.521 (0.001)] l_pix: 2.2243e-02 
2025-11-21 17:53:59,266 INFO: [IART_..][epoch:  0, iter:   1,085, lr:(1.974e-04,2.468e-05,)] [eta: 9:48:11, time (data): 2.520 (0.001)] l_pix: 3.1181e-02 
2025-11-21 17:54:01,659 INFO: [IART_..][epoch:  0, iter:   1,086, lr:(1.974e-04,2.468e-05,)] [eta: 9:48:07, time (data): 2.518 (0.001)] l_pix: 3.0291e-02 
2025-11-21 17:54:04,049 INFO: [IART_..][epoch:  0, iter:   1,087, lr:(1.974e-04,2.468e-05,)] [eta: 9:48:03, time (data): 2.517 (0.001)] l_pix: 1.9768e-02 
2025-11-21 17:54:06,628 INFO: [IART_..][epoch:  0, iter:   1,088, lr:(1.974e-04,2.468e-05,)] [eta: 9:48:01, time (data): 2.517 (0.001)] l_pix: 3.3296e-02 
2025-11-21 17:54:09,270 INFO: [IART_..][epoch:  0, iter:   1,089, lr:(1.974e-04,2.468e-05,)] [eta: 9:47:59, time (data): 2.519 (0.001)] l_pix: 2.5068e-02 
2025-11-21 17:54:11,755 INFO: [IART_..][epoch:  0, iter:   1,090, lr:(1.974e-04,2.468e-05,)] [eta: 9:47:56, time (data): 2.518 (0.001)] l_pix: 6.1929e-03 
2025-11-21 17:54:14,377 INFO: [IART_..][epoch:  0, iter:   1,091, lr:(1.974e-04,2.468e-05,)] [eta: 9:47:55, time (data): 2.520 (0.001)] l_pix: 2.6293e-02 
2025-11-21 17:54:16,880 INFO: [IART_..][epoch:  0, iter:   1,092, lr:(1.974e-04,2.468e-05,)] [eta: 9:47:52, time (data): 2.519 (0.001)] l_pix: 2.0287e-02 
2025-11-21 17:54:19,467 INFO: [IART_..][epoch:  0, iter:   1,093, lr:(1.974e-04,2.468e-05,)] [eta: 9:47:50, time (data): 2.520 (0.001)] l_pix: 4.1420e-02 
2025-11-21 17:54:21,974 INFO: [IART_..][epoch:  0, iter:   1,094, lr:(1.974e-04,2.468e-05,)] [eta: 9:47:47, time (data): 2.520 (0.001)] l_pix: 2.8662e-02 
2025-11-21 17:54:24,487 INFO: [IART_..][epoch:  0, iter:   1,095, lr:(1.974e-04,2.467e-05,)] [eta: 9:47:44, time (data): 2.520 (0.001)] l_pix: 3.1472e-02 
2025-11-21 17:54:26,934 INFO: [IART_..][epoch:  0, iter:   1,096, lr:(1.974e-04,2.467e-05,)] [eta: 9:47:41, time (data): 2.519 (0.001)] l_pix: 2.0394e-02 
2025-11-21 17:54:29,388 INFO: [IART_..][epoch:  0, iter:   1,097, lr:(1.974e-04,2.467e-05,)] [eta: 9:47:37, time (data): 2.518 (0.001)] l_pix: 2.8313e-02 
2025-11-21 17:54:31,925 INFO: [IART_..][epoch:  0, iter:   1,098, lr:(1.974e-04,2.467e-05,)] [eta: 9:47:34, time (data): 2.519 (0.001)] l_pix: 2.7457e-02 
2025-11-21 17:54:34,371 INFO: [IART_..][epoch:  0, iter:   1,099, lr:(1.974e-04,2.467e-05,)] [eta: 9:47:31, time (data): 2.518 (0.001)] l_pix: 2.2351e-02 
2025-11-21 17:54:36,863 INFO: [IART_..][epoch:  0, iter:   1,100, lr:(1.974e-04,2.467e-05,)] [eta: 9:47:28, time (data): 2.518 (0.001)] l_pix: 3.9443e-02 
2025-11-21 17:54:39,394 INFO: [IART_..][epoch:  0, iter:   1,101, lr:(1.974e-04,2.467e-05,)] [eta: 9:47:25, time (data): 2.518 (0.001)] l_pix: 2.4660e-02 
2025-11-21 17:54:41,912 INFO: [IART_..][epoch:  0, iter:   1,102, lr:(1.974e-04,2.467e-05,)] [eta: 9:47:22, time (data): 2.518 (0.001)] l_pix: 2.0878e-02 
2025-11-21 17:54:44,448 INFO: [IART_..][epoch:  0, iter:   1,103, lr:(1.973e-04,2.467e-05,)] [eta: 9:47:20, time (data): 2.518 (0.001)] l_pix: 2.1706e-02 
2025-11-21 17:54:46,892 INFO: [IART_..][epoch:  0, iter:   1,104, lr:(1.973e-04,2.467e-05,)] [eta: 9:47:16, time (data): 2.517 (0.001)] l_pix: 3.4212e-02 
2025-11-21 17:54:49,457 INFO: [IART_..][epoch:  0, iter:   1,105, lr:(1.973e-04,2.467e-05,)] [eta: 9:47:14, time (data): 2.518 (0.001)] l_pix: 2.5784e-02 
2025-11-21 17:54:51,879 INFO: [IART_..][epoch:  0, iter:   1,106, lr:(1.973e-04,2.467e-05,)] [eta: 9:47:10, time (data): 2.517 (0.001)] l_pix: 2.3792e-02 
2025-11-21 17:54:54,356 INFO: [IART_..][epoch:  0, iter:   1,107, lr:(1.973e-04,2.467e-05,)] [eta: 9:47:07, time (data): 2.516 (0.001)] l_pix: 1.2211e-02 
2025-11-21 17:54:56,876 INFO: [IART_..][epoch:  0, iter:   1,108, lr:(1.973e-04,2.467e-05,)] [eta: 9:47:04, time (data): 2.516 (0.001)] l_pix: 1.7310e-02 
2025-11-21 17:54:59,359 INFO: [IART_..][epoch:  0, iter:   1,109, lr:(1.973e-04,2.467e-05,)] [eta: 9:47:01, time (data): 2.516 (0.001)] l_pix: 4.8548e-02 
2025-11-21 17:55:01,885 INFO: [IART_..][epoch:  0, iter:   1,110, lr:(1.973e-04,2.467e-05,)] [eta: 9:46:58, time (data): 2.516 (0.001)] l_pix: 1.8420e-02 
2025-11-21 17:55:04,444 INFO: [IART_..][epoch:  0, iter:   1,111, lr:(1.973e-04,2.467e-05,)] [eta: 9:46:56, time (data): 2.516 (0.001)] l_pix: 4.3012e-02 
2025-11-21 17:55:06,931 INFO: [IART_..][epoch:  0, iter:   1,112, lr:(1.973e-04,2.466e-05,)] [eta: 9:46:53, time (data): 2.516 (0.001)] l_pix: 3.0361e-02 
2025-11-21 17:55:09,504 INFO: [IART_..][epoch:  0, iter:   1,113, lr:(1.973e-04,2.466e-05,)] [eta: 9:46:51, time (data): 2.517 (0.001)] l_pix: 3.5198e-02 
2025-11-21 17:55:12,100 INFO: [IART_..][epoch:  0, iter:   1,114, lr:(1.973e-04,2.466e-05,)] [eta: 9:46:49, time (data): 2.517 (0.001)] l_pix: 4.9295e-02 
2025-11-21 17:55:14,581 INFO: [IART_..][epoch:  0, iter:   1,115, lr:(1.973e-04,2.466e-05,)] [eta: 9:46:46, time (data): 2.517 (0.001)] l_pix: 2.1515e-02 
2025-11-21 17:55:17,088 INFO: [IART_..][epoch:  0, iter:   1,116, lr:(1.973e-04,2.466e-05,)] [eta: 9:46:43, time (data): 2.517 (0.001)] l_pix: 1.8297e-02 
2025-11-21 17:55:19,563 INFO: [IART_..][epoch:  0, iter:   1,117, lr:(1.973e-04,2.466e-05,)] [eta: 9:46:39, time (data): 2.517 (0.001)] l_pix: 4.2062e-02 
2025-11-21 17:55:22,142 INFO: [IART_..][epoch:  0, iter:   1,118, lr:(1.973e-04,2.466e-05,)] [eta: 9:46:37, time (data): 2.517 (0.001)] l_pix: 2.7424e-02 
2025-11-21 17:55:24,685 INFO: [IART_..][epoch:  0, iter:   1,119, lr:(1.973e-04,2.466e-05,)] [eta: 9:46:35, time (data): 2.517 (0.001)] l_pix: 3.9970e-02 
2025-11-21 17:55:27,231 INFO: [IART_..][epoch:  0, iter:   1,120, lr:(1.973e-04,2.466e-05,)] [eta: 9:46:33, time (data): 2.518 (0.001)] l_pix: 3.2621e-02 
2025-11-21 17:55:29,742 INFO: [IART_..][epoch:  0, iter:   1,121, lr:(1.973e-04,2.466e-05,)] [eta: 9:46:30, time (data): 2.518 (0.001)] l_pix: 1.8440e-02 
2025-11-21 17:55:32,325 INFO: [IART_..][epoch:  0, iter:   1,122, lr:(1.973e-04,2.466e-05,)] [eta: 9:46:28, time (data): 2.518 (0.001)] l_pix: 1.6104e-02 
2025-11-21 17:55:34,759 INFO: [IART_..][epoch:  0, iter:   1,123, lr:(1.973e-04,2.466e-05,)] [eta: 9:46:24, time (data): 2.517 (0.001)] l_pix: 2.7983e-02 
2025-11-21 17:55:37,203 INFO: [IART_..][epoch:  0, iter:   1,124, lr:(1.972e-04,2.466e-05,)] [eta: 9:46:20, time (data): 2.517 (0.001)] l_pix: 2.1225e-02 
2025-11-21 17:55:39,707 INFO: [IART_..][epoch:  0, iter:   1,125, lr:(1.972e-04,2.466e-05,)] [eta: 9:46:17, time (data): 2.517 (0.001)] l_pix: 2.9225e-02 
2025-11-21 17:55:42,176 INFO: [IART_..][epoch:  0, iter:   1,126, lr:(1.972e-04,2.466e-05,)] [eta: 9:46:14, time (data): 2.516 (0.001)] l_pix: 3.7471e-02 
2025-11-21 17:55:44,663 INFO: [IART_..][epoch:  0, iter:   1,127, lr:(1.972e-04,2.466e-05,)] [eta: 9:46:11, time (data): 2.516 (0.001)] l_pix: 8.4610e-03 
2025-11-21 17:55:47,168 INFO: [IART_..][epoch:  0, iter:   1,128, lr:(1.972e-04,2.465e-05,)] [eta: 9:46:08, time (data): 2.516 (0.001)] l_pix: 1.9963e-02 
2025-11-21 17:55:49,715 INFO: [IART_..][epoch:  0, iter:   1,129, lr:(1.972e-04,2.465e-05,)] [eta: 9:46:06, time (data): 2.516 (0.001)] l_pix: 1.8837e-02 
2025-11-21 17:55:52,182 INFO: [IART_..][epoch:  0, iter:   1,130, lr:(1.972e-04,2.465e-05,)] [eta: 9:46:02, time (data): 2.516 (0.001)] l_pix: 3.7319e-02 
2025-11-21 17:55:54,733 INFO: [IART_..][epoch:  0, iter:   1,131, lr:(1.972e-04,2.465e-05,)] [eta: 9:46:00, time (data): 2.516 (0.001)] l_pix: 2.8460e-02 
2025-11-21 17:55:57,191 INFO: [IART_..][epoch:  0, iter:   1,132, lr:(1.972e-04,2.465e-05,)] [eta: 9:45:56, time (data): 2.516 (0.001)] l_pix: 2.4992e-02 
2025-11-21 17:55:59,708 INFO: [IART_..][epoch:  0, iter:   1,133, lr:(1.972e-04,2.465e-05,)] [eta: 9:45:54, time (data): 2.516 (0.001)] l_pix: 2.4562e-02 
2025-11-21 17:56:02,260 INFO: [IART_..][epoch:  0, iter:   1,134, lr:(1.972e-04,2.465e-05,)] [eta: 9:45:51, time (data): 2.516 (0.001)] l_pix: 2.5530e-02 
2025-11-21 17:56:04,761 INFO: [IART_..][epoch:  0, iter:   1,135, lr:(1.972e-04,2.465e-05,)] [eta: 9:45:48, time (data): 2.516 (0.001)] l_pix: 1.3262e-02 
2025-11-21 17:56:07,232 INFO: [IART_..][epoch:  0, iter:   1,136, lr:(1.972e-04,2.465e-05,)] [eta: 9:45:45, time (data): 2.516 (0.001)] l_pix: 2.4566e-02 
2025-11-21 17:56:09,729 INFO: [IART_..][epoch:  0, iter:   1,137, lr:(1.972e-04,2.465e-05,)] [eta: 9:45:42, time (data): 2.515 (0.001)] l_pix: 2.1333e-02 
2025-11-21 17:56:12,291 INFO: [IART_..][epoch:  0, iter:   1,138, lr:(1.972e-04,2.465e-05,)] [eta: 9:45:40, time (data): 2.516 (0.001)] l_pix: 2.4086e-02 
2025-11-21 17:56:14,763 INFO: [IART_..][epoch:  0, iter:   1,139, lr:(1.972e-04,2.465e-05,)] [eta: 9:45:37, time (data): 2.515 (0.001)] l_pix: 2.0463e-02 
2025-11-21 17:56:17,256 INFO: [IART_..][epoch:  0, iter:   1,140, lr:(1.972e-04,2.465e-05,)] [eta: 9:45:33, time (data): 2.515 (0.001)] l_pix: 3.6704e-02 
2025-11-21 17:56:19,836 INFO: [IART_..][epoch:  0, iter:   1,141, lr:(1.972e-04,2.465e-05,)] [eta: 9:45:31, time (data): 2.516 (0.001)] l_pix: 3.8450e-02 
2025-11-21 17:56:22,266 INFO: [IART_..][epoch:  0, iter:   1,142, lr:(1.972e-04,2.465e-05,)] [eta: 9:45:28, time (data): 2.515 (0.001)] l_pix: 3.1113e-02 
2025-11-21 17:56:24,779 INFO: [IART_..][epoch:  0, iter:   1,143, lr:(1.972e-04,2.465e-05,)] [eta: 9:45:25, time (data): 2.515 (0.001)] l_pix: 3.0442e-02 
2025-11-21 17:56:27,318 INFO: [IART_..][epoch:  0, iter:   1,144, lr:(1.971e-04,2.464e-05,)] [eta: 9:45:22, time (data): 2.515 (0.001)] l_pix: 2.4514e-02 
2025-11-21 17:56:29,761 INFO: [IART_..][epoch:  0, iter:   1,145, lr:(1.971e-04,2.464e-05,)] [eta: 9:45:19, time (data): 2.515 (0.001)] l_pix: 2.0514e-02 
2025-11-21 17:56:32,158 INFO: [IART_..][epoch:  0, iter:   1,146, lr:(1.971e-04,2.464e-05,)] [eta: 9:45:15, time (data): 2.514 (0.001)] l_pix: 3.8228e-02 
2025-11-21 17:56:34,642 INFO: [IART_..][epoch:  0, iter:   1,147, lr:(1.971e-04,2.464e-05,)] [eta: 9:45:11, time (data): 2.514 (0.001)] l_pix: 2.8690e-02 
2025-11-21 17:56:37,099 INFO: [IART_..][epoch:  0, iter:   1,148, lr:(1.971e-04,2.464e-05,)] [eta: 9:45:08, time (data): 2.513 (0.001)] l_pix: 3.0815e-02 
2025-11-21 17:56:39,542 INFO: [IART_..][epoch:  0, iter:   1,149, lr:(1.971e-04,2.464e-05,)] [eta: 9:45:04, time (data): 2.513 (0.001)] l_pix: 2.1701e-02 
2025-11-21 17:56:42,032 INFO: [IART_..][epoch:  0, iter:   1,150, lr:(1.971e-04,2.464e-05,)] [eta: 9:45:01, time (data): 2.513 (0.001)] l_pix: 3.7941e-02 
2025-11-21 17:56:44,542 INFO: [IART_..][epoch:  0, iter:   1,151, lr:(1.971e-04,2.464e-05,)] [eta: 9:44:58, time (data): 2.513 (0.001)] l_pix: 4.8764e-02 
2025-11-21 17:56:47,134 INFO: [IART_..][epoch:  0, iter:   1,152, lr:(1.971e-04,2.464e-05,)] [eta: 9:44:57, time (data): 2.513 (0.001)] l_pix: 4.2123e-02 
2025-11-21 17:56:49,620 INFO: [IART_..][epoch:  0, iter:   1,153, lr:(1.971e-04,2.464e-05,)] [eta: 9:44:53, time (data): 2.513 (0.001)] l_pix: 2.3061e-02 
2025-11-21 17:56:52,106 INFO: [IART_..][epoch:  0, iter:   1,154, lr:(1.971e-04,2.464e-05,)] [eta: 9:44:50, time (data): 2.513 (0.001)] l_pix: 3.5575e-02 
2025-11-21 17:56:54,593 INFO: [IART_..][epoch:  0, iter:   1,155, lr:(1.971e-04,2.464e-05,)] [eta: 9:44:47, time (data): 2.513 (0.001)] l_pix: 3.0774e-02 
2025-11-21 17:56:57,116 INFO: [IART_..][epoch:  0, iter:   1,156, lr:(1.971e-04,2.464e-05,)] [eta: 9:44:45, time (data): 2.513 (0.001)] l_pix: 3.3323e-02 
2025-11-21 17:56:59,677 INFO: [IART_..][epoch:  0, iter:   1,157, lr:(1.971e-04,2.464e-05,)] [eta: 9:44:42, time (data): 2.513 (0.001)] l_pix: 3.0418e-02 
2025-11-21 17:57:02,136 INFO: [IART_..][epoch:  0, iter:   1,158, lr:(1.971e-04,2.464e-05,)] [eta: 9:44:39, time (data): 2.513 (0.001)] l_pix: 4.0093e-02 
2025-11-21 17:57:04,724 INFO: [IART_..][epoch:  0, iter:   1,159, lr:(1.971e-04,2.464e-05,)] [eta: 9:44:37, time (data): 2.513 (0.001)] l_pix: 2.5381e-02 
2025-11-21 17:57:07,175 INFO: [IART_..][epoch:  0, iter:   1,160, lr:(1.971e-04,2.464e-05,)] [eta: 9:44:33, time (data): 2.513 (0.001)] l_pix: 2.5657e-02 
2025-11-21 17:57:09,727 INFO: [IART_..][epoch:  0, iter:   1,161, lr:(1.971e-04,2.463e-05,)] [eta: 9:44:31, time (data): 2.513 (0.001)] l_pix: 2.7682e-02 
2025-11-21 17:57:12,301 INFO: [IART_..][epoch:  0, iter:   1,162, lr:(1.971e-04,2.463e-05,)] [eta: 9:44:29, time (data): 2.513 (0.001)] l_pix: 2.7678e-02 
2025-11-21 17:57:14,865 INFO: [IART_..][epoch:  0, iter:   1,163, lr:(1.971e-04,2.463e-05,)] [eta: 9:44:27, time (data): 2.514 (0.001)] l_pix: 2.4783e-02 
2025-11-21 17:57:17,264 INFO: [IART_..][epoch:  0, iter:   1,164, lr:(1.970e-04,2.463e-05,)] [eta: 9:44:23, time (data): 2.513 (0.001)] l_pix: 2.1417e-02 
2025-11-21 17:57:19,899 INFO: [IART_..][epoch:  0, iter:   1,165, lr:(1.970e-04,2.463e-05,)] [eta: 9:44:21, time (data): 2.514 (0.001)] l_pix: 3.3645e-02 
2025-11-21 17:57:22,330 INFO: [IART_..][epoch:  0, iter:   1,166, lr:(1.970e-04,2.463e-05,)] [eta: 9:44:18, time (data): 2.513 (0.001)] l_pix: 2.4819e-02 
2025-11-21 17:57:24,871 INFO: [IART_..][epoch:  0, iter:   1,167, lr:(1.970e-04,2.463e-05,)] [eta: 9:44:15, time (data): 2.513 (0.001)] l_pix: 2.5638e-02 
2025-11-21 17:57:27,466 INFO: [IART_..][epoch:  0, iter:   1,168, lr:(1.970e-04,2.463e-05,)] [eta: 9:44:13, time (data): 2.514 (0.001)] l_pix: 9.7195e-03 
2025-11-21 17:57:29,973 INFO: [IART_..][epoch:  0, iter:   1,169, lr:(1.970e-04,2.463e-05,)] [eta: 9:44:10, time (data): 2.514 (0.001)] l_pix: 1.1976e-02 
2025-11-21 17:57:32,444 INFO: [IART_..][epoch:  0, iter:   1,170, lr:(1.970e-04,2.463e-05,)] [eta: 9:44:07, time (data): 2.514 (0.001)] l_pix: 1.6261e-02 
2025-11-21 17:57:34,947 INFO: [IART_..][epoch:  0, iter:   1,171, lr:(1.970e-04,2.463e-05,)] [eta: 9:44:04, time (data): 2.514 (0.001)] l_pix: 3.4591e-02 
2025-11-21 17:57:37,511 INFO: [IART_..][epoch:  0, iter:   1,172, lr:(1.970e-04,2.463e-05,)] [eta: 9:44:02, time (data): 2.514 (0.001)] l_pix: 2.3094e-02 
2025-11-21 17:57:40,004 INFO: [IART_..][epoch:  0, iter:   1,173, lr:(1.970e-04,2.463e-05,)] [eta: 9:43:59, time (data): 2.514 (0.001)] l_pix: 4.1496e-02 
2025-11-21 17:57:42,418 INFO: [IART_..][epoch:  0, iter:   1,174, lr:(1.970e-04,2.463e-05,)] [eta: 9:43:55, time (data): 2.513 (0.001)] l_pix: 1.3066e-02 
2025-11-21 17:57:45,063 INFO: [IART_..][epoch:  0, iter:   1,175, lr:(1.970e-04,2.463e-05,)] [eta: 9:43:54, time (data): 2.514 (0.001)] l_pix: 1.8888e-02 
2025-11-21 17:57:47,531 INFO: [IART_..][epoch:  0, iter:   1,176, lr:(1.970e-04,2.462e-05,)] [eta: 9:43:51, time (data): 2.514 (0.001)] l_pix: 3.5666e-02 
2025-11-21 17:57:50,117 INFO: [IART_..][epoch:  0, iter:   1,177, lr:(1.970e-04,2.462e-05,)] [eta: 9:43:49, time (data): 2.514 (0.001)] l_pix: 2.8597e-02 
2025-11-21 17:57:52,622 INFO: [IART_..][epoch:  0, iter:   1,178, lr:(1.970e-04,2.462e-05,)] [eta: 9:43:46, time (data): 2.514 (0.001)] l_pix: 3.5470e-02 
2025-11-21 17:57:55,214 INFO: [IART_..][epoch:  0, iter:   1,179, lr:(1.970e-04,2.462e-05,)] [eta: 9:43:44, time (data): 2.514 (0.001)] l_pix: 3.8957e-02 
2025-11-21 17:57:57,749 INFO: [IART_..][epoch:  0, iter:   1,180, lr:(1.970e-04,2.462e-05,)] [eta: 9:43:41, time (data): 2.515 (0.001)] l_pix: 1.4372e-02 
2025-11-21 17:58:00,191 INFO: [IART_..][epoch:  0, iter:   1,181, lr:(1.970e-04,2.462e-05,)] [eta: 9:43:38, time (data): 2.514 (0.001)] l_pix: 4.1847e-02 
2025-11-21 17:58:02,681 INFO: [IART_..][epoch:  0, iter:   1,182, lr:(1.970e-04,2.462e-05,)] [eta: 9:43:35, time (data): 2.514 (0.001)] l_pix: 4.1780e-02 
2025-11-21 17:58:05,131 INFO: [IART_..][epoch:  0, iter:   1,183, lr:(1.970e-04,2.462e-05,)] [eta: 9:43:31, time (data): 2.514 (0.001)] l_pix: 9.3647e-03 
2025-11-21 17:58:07,582 INFO: [IART_..][epoch:  0, iter:   1,184, lr:(1.969e-04,2.462e-05,)] [eta: 9:43:28, time (data): 2.513 (0.001)] l_pix: 2.4006e-02 
2025-11-21 17:58:10,014 INFO: [IART_..][epoch:  0, iter:   1,185, lr:(1.969e-04,2.462e-05,)] [eta: 9:43:24, time (data): 2.513 (0.001)] l_pix: 2.1505e-02 
2025-11-21 17:58:12,520 INFO: [IART_..][epoch:  0, iter:   1,186, lr:(1.969e-04,2.462e-05,)] [eta: 9:43:21, time (data): 2.513 (0.001)] l_pix: 3.6189e-02 
2025-11-21 17:58:15,050 INFO: [IART_..][epoch:  0, iter:   1,187, lr:(1.969e-04,2.462e-05,)] [eta: 9:43:19, time (data): 2.513 (0.001)] l_pix: 2.6468e-02 
2025-11-21 17:58:17,510 INFO: [IART_..][epoch:  0, iter:   1,188, lr:(1.969e-04,2.462e-05,)] [eta: 9:43:15, time (data): 2.513 (0.001)] l_pix: 2.1496e-02 
2025-11-21 17:58:19,953 INFO: [IART_..][epoch:  0, iter:   1,189, lr:(1.969e-04,2.462e-05,)] [eta: 9:43:12, time (data): 2.512 (0.001)] l_pix: 3.0793e-02 
2025-11-21 17:58:22,558 INFO: [IART_..][epoch:  0, iter:   1,190, lr:(1.969e-04,2.462e-05,)] [eta: 9:43:10, time (data): 2.513 (0.001)] l_pix: 1.6705e-02 
2025-11-21 17:58:25,028 INFO: [IART_..][epoch:  0, iter:   1,191, lr:(1.969e-04,2.462e-05,)] [eta: 9:43:07, time (data): 2.512 (0.001)] l_pix: 1.9205e-02 
2025-11-21 17:58:27,572 INFO: [IART_..][epoch:  0, iter:   1,192, lr:(1.969e-04,2.461e-05,)] [eta: 9:43:04, time (data): 2.513 (0.001)] l_pix: 1.8598e-02 
2025-11-21 17:58:30,091 INFO: [IART_..][epoch:  0, iter:   1,193, lr:(1.969e-04,2.461e-05,)] [eta: 9:43:01, time (data): 2.513 (0.001)] l_pix: 3.1185e-02 
2025-11-21 17:58:32,523 INFO: [IART_..][epoch:  0, iter:   1,194, lr:(1.969e-04,2.461e-05,)] [eta: 9:42:58, time (data): 2.512 (0.001)] l_pix: 2.3414e-02 
2025-11-21 17:58:35,027 INFO: [IART_..][epoch:  0, iter:   1,195, lr:(1.969e-04,2.461e-05,)] [eta: 9:42:55, time (data): 2.512 (0.001)] l_pix: 3.1764e-02 
2025-11-21 17:58:37,602 INFO: [IART_..][epoch:  0, iter:   1,196, lr:(1.969e-04,2.461e-05,)] [eta: 9:42:53, time (data): 2.513 (0.001)] l_pix: 3.9416e-02 
2025-11-21 17:58:40,177 INFO: [IART_..][epoch:  0, iter:   1,197, lr:(1.969e-04,2.461e-05,)] [eta: 9:42:51, time (data): 2.513 (0.001)] l_pix: 1.8755e-02 
2025-11-21 17:58:42,668 INFO: [IART_..][epoch:  0, iter:   1,198, lr:(1.969e-04,2.461e-05,)] [eta: 9:42:48, time (data): 2.513 (0.001)] l_pix: 2.4395e-02 
2025-11-21 17:58:45,171 INFO: [IART_..][epoch:  0, iter:   1,199, lr:(1.969e-04,2.461e-05,)] [eta: 9:42:45, time (data): 2.513 (0.001)] l_pix: 3.7825e-02 
2025-11-21 17:58:47,574 INFO: [IART_..][epoch:  0, iter:   1,200, lr:(1.969e-04,2.461e-05,)] [eta: 9:42:41, time (data): 2.512 (0.001)] l_pix: 1.4319e-02 
2025-11-21 17:58:49,985 INFO: [IART_..][epoch:  0, iter:   1,201, lr:(1.969e-04,2.461e-05,)] [eta: 9:42:37, time (data): 2.512 (0.001)] l_pix: 2.4154e-02 
2025-11-21 17:58:52,378 INFO: [IART_..][epoch:  0, iter:   1,202, lr:(1.969e-04,2.461e-05,)] [eta: 9:42:33, time (data): 2.511 (0.001)] l_pix: 1.7886e-02 
2025-11-21 17:58:54,952 INFO: [IART_..][epoch:  0, iter:   1,203, lr:(1.968e-04,2.461e-05,)] [eta: 9:42:31, time (data): 2.511 (0.001)] l_pix: 2.9795e-02 
2025-11-21 17:58:57,524 INFO: [IART_..][epoch:  0, iter:   1,204, lr:(1.968e-04,2.461e-05,)] [eta: 9:42:29, time (data): 2.512 (0.001)] l_pix: 4.8810e-02 
2025-11-21 17:59:00,071 INFO: [IART_..][epoch:  0, iter:   1,205, lr:(1.968e-04,2.461e-05,)] [eta: 9:42:26, time (data): 2.512 (0.001)] l_pix: 2.5037e-02 
2025-11-21 17:59:02,645 INFO: [IART_..][epoch:  0, iter:   1,206, lr:(1.968e-04,2.461e-05,)] [eta: 9:42:24, time (data): 2.512 (0.001)] l_pix: 3.5884e-02 
2025-11-21 17:59:05,150 INFO: [IART_..][epoch:  0, iter:   1,207, lr:(1.968e-04,2.460e-05,)] [eta: 9:42:21, time (data): 2.505 (0.000)] l_pix: 3.0431e-02 
2025-11-21 17:59:07,686 INFO: [IART_..][epoch:  0, iter:   1,208, lr:(1.968e-04,2.460e-05,)] [eta: 9:42:19, time (data): 2.520 (0.000)] l_pix: 2.9744e-02 
2025-11-21 17:59:10,213 INFO: [IART_..][epoch:  0, iter:   1,209, lr:(1.968e-04,2.460e-05,)] [eta: 9:42:16, time (data): 2.523 (0.000)] l_pix: 3.4761e-02 
2025-11-21 17:59:12,755 INFO: [IART_..][epoch:  0, iter:   1,210, lr:(1.968e-04,2.460e-05,)] [eta: 9:42:14, time (data): 2.528 (0.003)] l_pix: 7.8531e-03 
2025-11-21 17:59:15,363 INFO: [IART_..][epoch:  0, iter:   1,211, lr:(1.968e-04,2.460e-05,)] [eta: 9:42:12, time (data): 2.544 (0.004)] l_pix: 1.1978e-02 
2025-11-21 17:59:17,898 INFO: [IART_..][epoch:  0, iter:   1,212, lr:(1.968e-04,2.460e-05,)] [eta: 9:42:10, time (data): 2.542 (0.003)] l_pix: 3.6271e-02 
2025-11-21 17:59:20,416 INFO: [IART_..][epoch:  0, iter:   1,213, lr:(1.968e-04,2.460e-05,)] [eta: 9:42:07, time (data): 2.539 (0.003)] l_pix: 3.6674e-02 
2025-11-21 17:59:22,939 INFO: [IART_..][epoch:  0, iter:   1,214, lr:(1.968e-04,2.460e-05,)] [eta: 9:42:04, time (data): 2.537 (0.003)] l_pix: 3.7711e-02 
2025-11-21 17:59:25,366 INFO: [IART_..][epoch:  0, iter:   1,215, lr:(1.968e-04,2.460e-05,)] [eta: 9:42:00, time (data): 2.525 (0.002)] l_pix: 1.5955e-02 
2025-11-21 17:59:27,877 INFO: [IART_..][epoch:  0, iter:   1,216, lr:(1.968e-04,2.460e-05,)] [eta: 9:41:58, time (data): 2.523 (0.002)] l_pix: 2.7435e-02 
2025-11-21 17:59:30,279 INFO: [IART_..][epoch:  0, iter:   1,217, lr:(1.968e-04,2.460e-05,)] [eta: 9:41:54, time (data): 2.512 (0.002)] l_pix: 1.1844e-02 
2025-11-21 17:59:32,767 INFO: [IART_..][epoch:  0, iter:   1,218, lr:(1.968e-04,2.460e-05,)] [eta: 9:41:51, time (data): 2.510 (0.002)] l_pix: 2.4196e-02 
2025-11-21 17:59:35,263 INFO: [IART_..][epoch:  0, iter:   1,219, lr:(1.968e-04,2.460e-05,)] [eta: 9:41:48, time (data): 2.509 (0.002)] l_pix: 4.0485e-02 
2025-11-21 17:59:37,650 INFO: [IART_..][epoch:  0, iter:   1,220, lr:(1.968e-04,2.460e-05,)] [eta: 9:41:43, time (data): 2.500 (0.001)] l_pix: 1.7370e-02 
2025-11-21 17:59:40,177 INFO: [IART_..][epoch:  0, iter:   1,221, lr:(1.968e-04,2.460e-05,)] [eta: 9:41:41, time (data): 2.502 (0.001)] l_pix: 2.0842e-02 
2025-11-21 17:59:42,785 INFO: [IART_..][epoch:  0, iter:   1,222, lr:(1.967e-04,2.460e-05,)] [eta: 9:41:39, time (data): 2.509 (0.001)] l_pix: 3.0850e-02 
2025-11-21 17:59:45,341 INFO: [IART_..][epoch:  0, iter:   1,223, lr:(1.967e-04,2.459e-05,)] [eta: 9:41:37, time (data): 2.512 (0.001)] l_pix: 1.9185e-02 
2025-11-21 17:59:47,869 INFO: [IART_..][epoch:  0, iter:   1,224, lr:(1.967e-04,2.459e-05,)] [eta: 9:41:34, time (data): 2.512 (0.002)] l_pix: 3.7327e-02 
2025-11-21 17:59:50,335 INFO: [IART_..][epoch:  0, iter:   1,225, lr:(1.967e-04,2.459e-05,)] [eta: 9:41:31, time (data): 2.510 (0.002)] l_pix: 2.6594e-02 
2025-11-21 17:59:52,791 INFO: [IART_..][epoch:  0, iter:   1,226, lr:(1.967e-04,2.459e-05,)] [eta: 9:41:28, time (data): 2.507 (0.002)] l_pix: 3.4258e-02 
2025-11-21 17:59:55,283 INFO: [IART_..][epoch:  0, iter:   1,227, lr:(1.967e-04,2.459e-05,)] [eta: 9:41:25, time (data): 2.507 (0.002)] l_pix: 3.3964e-02 
2025-11-21 17:59:57,793 INFO: [IART_..][epoch:  0, iter:   1,228, lr:(1.967e-04,2.459e-05,)] [eta: 9:41:22, time (data): 2.507 (0.002)] l_pix: 3.9250e-02 
2025-11-21 18:00:00,371 INFO: [IART_..][epoch:  0, iter:   1,229, lr:(1.967e-04,2.459e-05,)] [eta: 9:41:20, time (data): 2.510 (0.002)] l_pix: 5.2737e-02 
2025-11-21 18:00:02,839 INFO: [IART_..][epoch:  0, iter:   1,230, lr:(1.967e-04,2.459e-05,)] [eta: 9:41:17, time (data): 2.508 (0.002)] l_pix: 2.3801e-02 
2025-11-21 18:00:05,388 INFO: [IART_..][epoch:  0, iter:   1,231, lr:(1.967e-04,2.459e-05,)] [eta: 9:41:14, time (data): 2.510 (0.002)] l_pix: 1.7711e-02 
2025-11-21 18:00:08,082 INFO: [IART_..][epoch:  0, iter:   1,232, lr:(1.967e-04,2.459e-05,)] [eta: 9:41:13, time (data): 2.517 (0.002)] l_pix: 2.8555e-02 
2025-11-21 18:00:10,593 INFO: [IART_..][epoch:  0, iter:   1,233, lr:(1.967e-04,2.459e-05,)] [eta: 9:41:11, time (data): 2.517 (0.002)] l_pix: 2.0411e-02 
2025-11-21 18:00:12,997 INFO: [IART_..][epoch:  0, iter:   1,234, lr:(1.967e-04,2.459e-05,)] [eta: 9:41:07, time (data): 2.513 (0.002)] l_pix: 3.0307e-02 
2025-11-21 18:00:15,483 INFO: [IART_..][epoch:  0, iter:   1,235, lr:(1.967e-04,2.459e-05,)] [eta: 9:41:04, time (data): 2.512 (0.002)] l_pix: 2.5069e-02 
2025-11-21 18:00:17,880 INFO: [IART_..][epoch:  0, iter:   1,236, lr:(1.967e-04,2.459e-05,)] [eta: 9:41:00, time (data): 2.508 (0.002)] l_pix: 3.1301e-02 
2025-11-21 18:00:20,525 INFO: [IART_..][epoch:  0, iter:   1,237, lr:(1.967e-04,2.459e-05,)] [eta: 9:40:58, time (data): 2.512 (0.002)] l_pix: 3.4140e-02 
2025-11-21 18:00:23,074 INFO: [IART_..][epoch:  0, iter:   1,238, lr:(1.967e-04,2.458e-05,)] [eta: 9:40:56, time (data): 2.513 (0.001)] l_pix: 1.8613e-02 
2025-11-21 18:00:25,636 INFO: [IART_..][epoch:  0, iter:   1,239, lr:(1.967e-04,2.458e-05,)] [eta: 9:40:54, time (data): 2.515 (0.002)] l_pix: 2.7695e-02 
2025-11-21 18:00:28,162 INFO: [IART_..][epoch:  0, iter:   1,240, lr:(1.967e-04,2.458e-05,)] [eta: 9:40:51, time (data): 2.515 (0.002)] l_pix: 9.6647e-03 
2025-11-21 18:00:30,606 INFO: [IART_..][epoch:  0, iter:   1,241, lr:(1.966e-04,2.458e-05,)] [eta: 9:40:48, time (data): 2.513 (0.002)] l_pix: 1.6213e-02 
2025-11-21 18:00:33,049 INFO: [IART_..][epoch:  0, iter:   1,242, lr:(1.966e-04,2.458e-05,)] [eta: 9:40:44, time (data): 2.511 (0.002)] l_pix: 3.7906e-02 
2025-11-21 18:00:35,584 INFO: [IART_..][epoch:  0, iter:   1,243, lr:(1.966e-04,2.458e-05,)] [eta: 9:40:42, time (data): 2.512 (0.002)] l_pix: 2.4141e-02 
2025-11-21 18:00:38,008 INFO: [IART_..][epoch:  0, iter:   1,244, lr:(1.966e-04,2.458e-05,)] [eta: 9:40:38, time (data): 2.509 (0.002)] l_pix: 3.3067e-02 
2025-11-21 18:00:40,556 INFO: [IART_..][epoch:  0, iter:   1,245, lr:(1.966e-04,2.458e-05,)] [eta: 9:40:35, time (data): 2.510 (0.001)] l_pix: 5.2139e-02 
2025-11-21 18:00:43,049 INFO: [IART_..][epoch:  0, iter:   1,246, lr:(1.966e-04,2.458e-05,)] [eta: 9:40:32, time (data): 2.510 (0.001)] l_pix: 2.4814e-02 
2025-11-21 18:00:45,501 INFO: [IART_..][epoch:  0, iter:   1,247, lr:(1.966e-04,2.458e-05,)] [eta: 9:40:29, time (data): 2.509 (0.001)] l_pix: 2.8609e-02 
2025-11-21 18:00:47,947 INFO: [IART_..][epoch:  0, iter:   1,248, lr:(1.966e-04,2.458e-05,)] [eta: 9:40:26, time (data): 2.507 (0.001)] l_pix: 1.7619e-02 
2025-11-21 18:00:50,382 INFO: [IART_..][epoch:  0, iter:   1,249, lr:(1.966e-04,2.458e-05,)] [eta: 9:40:22, time (data): 2.505 (0.001)] l_pix: 3.3636e-02 
2025-11-21 18:00:52,832 INFO: [IART_..][epoch:  0, iter:   1,250, lr:(1.966e-04,2.458e-05,)] [eta: 9:40:19, time (data): 2.504 (0.001)] l_pix: 2.5085e-02 
2025-11-21 18:00:55,297 INFO: [IART_..][epoch:  0, iter:   1,251, lr:(1.966e-04,2.458e-05,)] [eta: 9:40:15, time (data): 2.503 (0.001)] l_pix: 3.7241e-02 
2025-11-21 18:00:57,777 INFO: [IART_..][epoch:  0, iter:   1,252, lr:(1.966e-04,2.458e-05,)] [eta: 9:40:12, time (data): 2.503 (0.001)] l_pix: 2.8787e-02 
2025-11-21 18:01:00,194 INFO: [IART_..][epoch:  0, iter:   1,253, lr:(1.966e-04,2.457e-05,)] [eta: 9:40:08, time (data): 2.501 (0.001)] l_pix: 4.1756e-03 
2025-11-21 18:01:02,715 INFO: [IART_..][epoch:  0, iter:   1,254, lr:(1.966e-04,2.457e-05,)] [eta: 9:40:06, time (data): 2.501 (0.001)] l_pix: 2.4808e-02 
2025-11-21 18:01:05,168 INFO: [IART_..][epoch:  0, iter:   1,255, lr:(1.966e-04,2.457e-05,)] [eta: 9:40:02, time (data): 2.500 (0.001)] l_pix: 2.8291e-02 
2025-11-21 18:01:07,802 INFO: [IART_..][epoch:  0, iter:   1,256, lr:(1.966e-04,2.457e-05,)] [eta: 9:40:01, time (data): 2.503 (0.001)] l_pix: 3.6622e-02 
2025-11-21 18:01:10,276 INFO: [IART_..][epoch:  0, iter:   1,257, lr:(1.966e-04,2.457e-05,)] [eta: 9:39:58, time (data): 2.502 (0.001)] l_pix: 4.1467e-02 
2025-11-21 18:01:12,791 INFO: [IART_..][epoch:  0, iter:   1,258, lr:(1.966e-04,2.457e-05,)] [eta: 9:39:55, time (data): 2.503 (0.001)] l_pix: 5.5852e-02 
2025-11-21 18:01:15,429 INFO: [IART_..][epoch:  0, iter:   1,259, lr:(1.966e-04,2.457e-05,)] [eta: 9:39:54, time (data): 2.505 (0.001)] l_pix: 2.9664e-02 
2025-11-21 18:01:17,886 INFO: [IART_..][epoch:  0, iter:   1,260, lr:(1.965e-04,2.457e-05,)] [eta: 9:39:50, time (data): 2.504 (0.001)] l_pix: 3.9810e-02 
2025-11-21 18:01:20,346 INFO: [IART_..][epoch:  0, iter:   1,261, lr:(1.965e-04,2.457e-05,)] [eta: 9:39:47, time (data): 2.503 (0.001)] l_pix: 2.7809e-02 
2025-11-21 18:01:22,959 INFO: [IART_..][epoch:  0, iter:   1,262, lr:(1.965e-04,2.457e-05,)] [eta: 9:39:45, time (data): 2.505 (0.001)] l_pix: 2.5234e-02 
2025-11-21 18:01:25,381 INFO: [IART_..][epoch:  0, iter:   1,263, lr:(1.965e-04,2.457e-05,)] [eta: 9:39:42, time (data): 2.504 (0.001)] l_pix: 4.6175e-02 
2025-11-21 18:01:28,056 INFO: [IART_..][epoch:  0, iter:   1,264, lr:(1.965e-04,2.457e-05,)] [eta: 9:39:41, time (data): 2.507 (0.001)] l_pix: 3.7363e-02 
2025-11-21 18:01:30,565 INFO: [IART_..][epoch:  0, iter:   1,265, lr:(1.965e-04,2.457e-05,)] [eta: 9:39:38, time (data): 2.507 (0.001)] l_pix: 4.0158e-02 
2025-11-21 18:01:33,042 INFO: [IART_..][epoch:  0, iter:   1,266, lr:(1.965e-04,2.457e-05,)] [eta: 9:39:35, time (data): 2.506 (0.001)] l_pix: 3.6038e-02 
2025-11-21 18:01:35,558 INFO: [IART_..][epoch:  0, iter:   1,267, lr:(1.965e-04,2.456e-05,)] [eta: 9:39:32, time (data): 2.507 (0.001)] l_pix: 3.8521e-02 
2025-11-21 18:01:38,109 INFO: [IART_..][epoch:  0, iter:   1,268, lr:(1.965e-04,2.456e-05,)] [eta: 9:39:30, time (data): 2.507 (0.001)] l_pix: 3.4498e-02 
2025-11-21 18:01:40,689 INFO: [IART_..][epoch:  0, iter:   1,269, lr:(1.965e-04,2.456e-05,)] [eta: 9:39:28, time (data): 2.508 (0.001)] l_pix: 3.5019e-02 
2025-11-21 18:01:43,261 INFO: [IART_..][epoch:  0, iter:   1,270, lr:(1.965e-04,2.456e-05,)] [eta: 9:39:25, time (data): 2.509 (0.001)] l_pix: 2.6752e-02 
2025-11-21 18:01:45,728 INFO: [IART_..][epoch:  0, iter:   1,271, lr:(1.965e-04,2.456e-05,)] [eta: 9:39:22, time (data): 2.509 (0.001)] l_pix: 3.0442e-02 
2025-11-21 18:01:48,213 INFO: [IART_..][epoch:  0, iter:   1,272, lr:(1.965e-04,2.456e-05,)] [eta: 9:39:19, time (data): 2.508 (0.001)] l_pix: 2.3055e-02 
2025-11-21 18:01:50,770 INFO: [IART_..][epoch:  0, iter:   1,273, lr:(1.965e-04,2.456e-05,)] [eta: 9:39:17, time (data): 2.509 (0.001)] l_pix: 3.0118e-02 
2025-11-21 18:01:53,227 INFO: [IART_..][epoch:  0, iter:   1,274, lr:(1.965e-04,2.456e-05,)] [eta: 9:39:14, time (data): 2.508 (0.001)] l_pix: 3.3069e-02 
2025-11-21 18:01:55,676 INFO: [IART_..][epoch:  0, iter:   1,275, lr:(1.965e-04,2.456e-05,)] [eta: 9:39:10, time (data): 2.507 (0.001)] l_pix: 3.9352e-02 
2025-11-21 18:01:58,260 INFO: [IART_..][epoch:  0, iter:   1,276, lr:(1.965e-04,2.456e-05,)] [eta: 9:39:08, time (data): 2.509 (0.001)] l_pix: 4.6280e-02 
2025-11-21 18:02:00,703 INFO: [IART_..][epoch:  0, iter:   1,277, lr:(1.965e-04,2.456e-05,)] [eta: 9:39:05, time (data): 2.508 (0.001)] l_pix: 5.1773e-02 
2025-11-21 18:02:03,342 INFO: [IART_..][epoch:  0, iter:   1,278, lr:(1.964e-04,2.456e-05,)] [eta: 9:39:03, time (data): 2.509 (0.001)] l_pix: 4.8312e-02 
2025-11-21 18:02:05,797 INFO: [IART_..][epoch:  0, iter:   1,279, lr:(1.964e-04,2.456e-05,)] [eta: 9:39:00, time (data): 2.509 (0.001)] l_pix: 3.3053e-02 
2025-11-21 18:02:08,374 INFO: [IART_..][epoch:  0, iter:   1,280, lr:(1.964e-04,2.456e-05,)] [eta: 9:38:58, time (data): 2.510 (0.001)] l_pix: 2.7000e-02 
2025-11-21 18:02:10,941 INFO: [IART_..][epoch:  0, iter:   1,281, lr:(1.964e-04,2.456e-05,)] [eta: 9:38:56, time (data): 2.510 (0.001)] l_pix: 4.0676e-02 
2025-11-21 18:02:13,404 INFO: [IART_..][epoch:  0, iter:   1,282, lr:(1.964e-04,2.455e-05,)] [eta: 9:38:52, time (data): 2.510 (0.001)] l_pix: 2.8206e-02 
2025-11-21 18:02:15,963 INFO: [IART_..][epoch:  0, iter:   1,283, lr:(1.964e-04,2.455e-05,)] [eta: 9:38:50, time (data): 2.510 (0.001)] l_pix: 3.4692e-02 
2025-11-21 18:02:18,465 INFO: [IART_..][epoch:  0, iter:   1,284, lr:(1.964e-04,2.455e-05,)] [eta: 9:38:47, time (data): 2.510 (0.001)] l_pix: 2.9885e-02 
2025-11-21 18:02:21,056 INFO: [IART_..][epoch:  0, iter:   1,285, lr:(1.964e-04,2.455e-05,)] [eta: 9:38:45, time (data): 2.511 (0.001)] l_pix: 2.5418e-02 
2025-11-21 18:02:23,674 INFO: [IART_..][epoch:  0, iter:   1,286, lr:(1.964e-04,2.455e-05,)] [eta: 9:38:44, time (data): 2.513 (0.001)] l_pix: 4.2996e-02 
2025-11-21 18:02:26,122 INFO: [IART_..][epoch:  0, iter:   1,287, lr:(1.964e-04,2.455e-05,)] [eta: 9:38:40, time (data): 2.512 (0.001)] l_pix: 2.6091e-02 
2025-11-21 18:02:28,603 INFO: [IART_..][epoch:  0, iter:   1,288, lr:(1.964e-04,2.455e-05,)] [eta: 9:38:37, time (data): 2.511 (0.001)] l_pix: 2.0230e-02 
2025-11-21 18:02:31,123 INFO: [IART_..][epoch:  0, iter:   1,289, lr:(1.964e-04,2.455e-05,)] [eta: 9:38:35, time (data): 2.512 (0.001)] l_pix: 3.1730e-02 
2025-11-21 18:02:33,546 INFO: [IART_..][epoch:  0, iter:   1,290, lr:(1.964e-04,2.455e-05,)] [eta: 9:38:31, time (data): 2.511 (0.001)] l_pix: 4.3620e-02 
2025-11-21 18:02:36,113 INFO: [IART_..][epoch:  0, iter:   1,291, lr:(1.964e-04,2.455e-05,)] [eta: 9:38:29, time (data): 2.511 (0.001)] l_pix: 2.7953e-02 
2025-11-21 18:02:38,659 INFO: [IART_..][epoch:  0, iter:   1,292, lr:(1.964e-04,2.455e-05,)] [eta: 9:38:26, time (data): 2.512 (0.001)] l_pix: 1.6668e-02 
2025-11-21 18:02:41,100 INFO: [IART_..][epoch:  0, iter:   1,293, lr:(1.964e-04,2.455e-05,)] [eta: 9:38:23, time (data): 2.511 (0.001)] l_pix: 2.4819e-02 
2025-11-21 18:02:43,537 INFO: [IART_..][epoch:  0, iter:   1,294, lr:(1.964e-04,2.455e-05,)] [eta: 9:38:19, time (data): 2.510 (0.001)] l_pix: 3.3913e-02 
2025-11-21 18:02:46,062 INFO: [IART_..][epoch:  0, iter:   1,295, lr:(1.964e-04,2.455e-05,)] [eta: 9:38:17, time (data): 2.510 (0.001)] l_pix: 3.3288e-02 
2025-11-21 18:02:48,542 INFO: [IART_..][epoch:  0, iter:   1,296, lr:(1.963e-04,2.454e-05,)] [eta: 9:38:14, time (data): 2.510 (0.001)] l_pix: 2.3309e-02 
2025-11-21 18:02:51,004 INFO: [IART_..][epoch:  0, iter:   1,297, lr:(1.963e-04,2.454e-05,)] [eta: 9:38:10, time (data): 2.509 (0.001)] l_pix: 2.7278e-02 
2025-11-21 18:02:53,441 INFO: [IART_..][epoch:  0, iter:   1,298, lr:(1.963e-04,2.454e-05,)] [eta: 9:38:07, time (data): 2.508 (0.001)] l_pix: 2.2934e-02 
2025-11-21 18:02:56,063 INFO: [IART_..][epoch:  0, iter:   1,299, lr:(1.963e-04,2.454e-05,)] [eta: 9:38:05, time (data): 2.510 (0.001)] l_pix: 2.9077e-02 
2025-11-21 18:02:58,520 INFO: [IART_..][epoch:  0, iter:   1,300, lr:(1.963e-04,2.454e-05,)] [eta: 9:38:02, time (data): 2.509 (0.001)] l_pix: 3.3639e-02 
2025-11-21 18:03:01,005 INFO: [IART_..][epoch:  0, iter:   1,301, lr:(1.963e-04,2.454e-05,)] [eta: 9:37:59, time (data): 2.509 (0.001)] l_pix: 2.8720e-02 
2025-11-21 18:03:03,475 INFO: [IART_..][epoch:  0, iter:   1,302, lr:(1.963e-04,2.454e-05,)] [eta: 9:37:56, time (data): 2.508 (0.001)] l_pix: 3.6378e-02 
2025-11-21 18:03:06,033 INFO: [IART_..][epoch:  0, iter:   1,303, lr:(1.963e-04,2.454e-05,)] [eta: 9:37:54, time (data): 2.509 (0.001)] l_pix: 1.8550e-02 
2025-11-21 18:03:08,491 INFO: [IART_..][epoch:  0, iter:   1,304, lr:(1.963e-04,2.454e-05,)] [eta: 9:37:50, time (data): 2.508 (0.001)] l_pix: 3.6562e-02 
2025-11-21 18:03:11,080 INFO: [IART_..][epoch:  0, iter:   1,305, lr:(1.963e-04,2.454e-05,)] [eta: 9:37:48, time (data): 2.509 (0.001)] l_pix: 3.3131e-02 
2025-11-21 18:03:13,599 INFO: [IART_..][epoch:  0, iter:   1,306, lr:(1.963e-04,2.454e-05,)] [eta: 9:37:46, time (data): 2.509 (0.001)] l_pix: 3.1810e-02 
2025-11-21 18:03:16,296 INFO: [IART_..][epoch:  0, iter:   1,307, lr:(1.963e-04,2.454e-05,)] [eta: 9:37:45, time (data): 2.511 (0.001)] l_pix: 1.4119e-02 
2025-11-21 18:03:18,727 INFO: [IART_..][epoch:  0, iter:   1,308, lr:(1.963e-04,2.454e-05,)] [eta: 9:37:41, time (data): 2.510 (0.001)] l_pix: 5.0748e-02 
2025-11-21 18:03:21,153 INFO: [IART_..][epoch:  0, iter:   1,309, lr:(1.963e-04,2.454e-05,)] [eta: 9:37:38, time (data): 2.510 (0.001)] l_pix: 3.0336e-02 
2025-11-21 18:03:23,617 INFO: [IART_..][epoch:  0, iter:   1,310, lr:(1.963e-04,2.454e-05,)] [eta: 9:37:34, time (data): 2.509 (0.001)] l_pix: 3.5911e-02 
2025-11-21 18:03:26,211 INFO: [IART_..][epoch:  0, iter:   1,311, lr:(1.963e-04,2.453e-05,)] [eta: 9:37:33, time (data): 2.510 (0.001)] l_pix: 2.5877e-02 
2025-11-21 18:03:28,622 INFO: [IART_..][epoch:  0, iter:   1,312, lr:(1.963e-04,2.453e-05,)] [eta: 9:37:29, time (data): 2.509 (0.001)] l_pix: 2.5203e-02 
2025-11-21 18:03:31,098 INFO: [IART_..][epoch:  0, iter:   1,313, lr:(1.963e-04,2.453e-05,)] [eta: 9:37:26, time (data): 2.509 (0.001)] l_pix: 5.2113e-02 
2025-11-21 18:03:33,576 INFO: [IART_..][epoch:  0, iter:   1,314, lr:(1.962e-04,2.453e-05,)] [eta: 9:37:23, time (data): 2.508 (0.001)] l_pix: 2.7002e-02 
2025-11-21 18:03:36,005 INFO: [IART_..][epoch:  0, iter:   1,315, lr:(1.962e-04,2.453e-05,)] [eta: 9:37:19, time (data): 2.508 (0.001)] l_pix: 1.4341e-02 
2025-11-21 18:03:38,536 INFO: [IART_..][epoch:  0, iter:   1,316, lr:(1.962e-04,2.453e-05,)] [eta: 9:37:16, time (data): 2.508 (0.001)] l_pix: 1.9411e-02 
2025-11-21 18:03:41,066 INFO: [IART_..][epoch:  0, iter:   1,317, lr:(1.962e-04,2.453e-05,)] [eta: 9:37:14, time (data): 2.508 (0.001)] l_pix: 1.4800e-02 
2025-11-21 18:03:43,549 INFO: [IART_..][epoch:  0, iter:   1,318, lr:(1.962e-04,2.453e-05,)] [eta: 9:37:11, time (data): 2.508 (0.001)] l_pix: 1.5364e-02 
2025-11-21 18:03:45,979 INFO: [IART_..][epoch:  0, iter:   1,319, lr:(1.962e-04,2.453e-05,)] [eta: 9:37:07, time (data): 2.507 (0.001)] l_pix: 1.2980e-02 
2025-11-21 18:03:48,343 INFO: [IART_..][epoch:  0, iter:   1,320, lr:(1.962e-04,2.453e-05,)] [eta: 9:37:03, time (data): 2.506 (0.001)] l_pix: 2.8384e-02 
2025-11-21 18:03:50,888 INFO: [IART_..][epoch:  0, iter:   1,321, lr:(1.962e-04,2.453e-05,)] [eta: 9:37:01, time (data): 2.506 (0.001)] l_pix: 4.6109e-02 
2025-11-21 18:03:53,427 INFO: [IART_..][epoch:  0, iter:   1,322, lr:(1.962e-04,2.453e-05,)] [eta: 9:36:58, time (data): 2.507 (0.001)] l_pix: 2.0193e-02 
2025-11-21 18:03:55,993 INFO: [IART_..][epoch:  0, iter:   1,323, lr:(1.962e-04,2.453e-05,)] [eta: 9:36:56, time (data): 2.507 (0.001)] l_pix: 1.6692e-02 
2025-11-21 18:03:58,425 INFO: [IART_..][epoch:  0, iter:   1,324, lr:(1.962e-04,2.453e-05,)] [eta: 9:36:52, time (data): 2.506 (0.001)] l_pix: 1.8888e-02 
2025-11-21 18:04:00,936 INFO: [IART_..][epoch:  0, iter:   1,325, lr:(1.962e-04,2.452e-05,)] [eta: 9:36:50, time (data): 2.506 (0.001)] l_pix: 5.9105e-02 
2025-11-21 18:04:03,375 INFO: [IART_..][epoch:  0, iter:   1,326, lr:(1.962e-04,2.452e-05,)] [eta: 9:36:46, time (data): 2.506 (0.001)] l_pix: 2.0973e-02 
2025-11-21 18:04:05,818 INFO: [IART_..][epoch:  0, iter:   1,327, lr:(1.962e-04,2.452e-05,)] [eta: 9:36:43, time (data): 2.505 (0.001)] l_pix: 3.3314e-02 
2025-11-21 18:04:08,318 INFO: [IART_..][epoch:  0, iter:   1,328, lr:(1.962e-04,2.452e-05,)] [eta: 9:36:40, time (data): 2.505 (0.001)] l_pix: 4.0888e-02 
2025-11-21 18:04:10,842 INFO: [IART_..][epoch:  0, iter:   1,329, lr:(1.962e-04,2.452e-05,)] [eta: 9:36:37, time (data): 2.505 (0.001)] l_pix: 2.5687e-02 
2025-11-21 18:04:13,436 INFO: [IART_..][epoch:  0, iter:   1,330, lr:(1.962e-04,2.452e-05,)] [eta: 9:36:35, time (data): 2.506 (0.001)] l_pix: 2.4307e-02 
2025-11-21 18:04:15,909 INFO: [IART_..][epoch:  0, iter:   1,331, lr:(1.961e-04,2.452e-05,)] [eta: 9:36:32, time (data): 2.506 (0.001)] l_pix: 3.0707e-02 
2025-11-21 18:04:18,307 INFO: [IART_..][epoch:  0, iter:   1,332, lr:(1.961e-04,2.452e-05,)] [eta: 9:36:28, time (data): 2.505 (0.001)] l_pix: 3.2722e-02 
2025-11-21 18:04:20,797 INFO: [IART_..][epoch:  0, iter:   1,333, lr:(1.961e-04,2.452e-05,)] [eta: 9:36:25, time (data): 2.505 (0.001)] l_pix: 4.5552e-02 
2025-11-21 18:04:23,270 INFO: [IART_..][epoch:  0, iter:   1,334, lr:(1.961e-04,2.452e-05,)] [eta: 9:36:22, time (data): 2.504 (0.001)] l_pix: 4.3981e-02 
2025-11-21 18:04:25,734 INFO: [IART_..][epoch:  0, iter:   1,335, lr:(1.961e-04,2.452e-05,)] [eta: 9:36:19, time (data): 2.504 (0.001)] l_pix: 2.3323e-02 
2025-11-21 18:04:28,124 INFO: [IART_..][epoch:  0, iter:   1,336, lr:(1.961e-04,2.452e-05,)] [eta: 9:36:15, time (data): 2.503 (0.001)] l_pix: 2.1924e-02 
2025-11-21 18:04:30,643 INFO: [IART_..][epoch:  0, iter:   1,337, lr:(1.961e-04,2.452e-05,)] [eta: 9:36:13, time (data): 2.503 (0.001)] l_pix: 3.8455e-02 
2025-11-21 18:04:33,150 INFO: [IART_..][epoch:  0, iter:   1,338, lr:(1.961e-04,2.452e-05,)] [eta: 9:36:10, time (data): 2.503 (0.001)] l_pix: 2.9640e-02 
2025-11-21 18:04:35,641 INFO: [IART_..][epoch:  0, iter:   1,339, lr:(1.961e-04,2.451e-05,)] [eta: 9:36:07, time (data): 2.503 (0.001)] l_pix: 4.3556e-02 
2025-11-21 18:04:38,184 INFO: [IART_..][epoch:  0, iter:   1,340, lr:(1.961e-04,2.451e-05,)] [eta: 9:36:04, time (data): 2.504 (0.001)] l_pix: 3.2721e-02 
2025-11-21 18:04:40,740 INFO: [IART_..][epoch:  0, iter:   1,341, lr:(1.961e-04,2.451e-05,)] [eta: 9:36:02, time (data): 2.504 (0.001)] l_pix: 2.9697e-02 
2025-11-21 18:04:43,191 INFO: [IART_..][epoch:  0, iter:   1,342, lr:(1.961e-04,2.451e-05,)] [eta: 9:35:59, time (data): 2.504 (0.001)] l_pix: 3.2949e-02 
2025-11-21 18:04:45,628 INFO: [IART_..][epoch:  0, iter:   1,343, lr:(1.961e-04,2.451e-05,)] [eta: 9:35:55, time (data): 2.503 (0.001)] l_pix: 3.1840e-02 
2025-11-21 18:04:48,123 INFO: [IART_..][epoch:  0, iter:   1,344, lr:(1.961e-04,2.451e-05,)] [eta: 9:35:52, time (data): 2.503 (0.001)] l_pix: 1.9227e-02 
2025-11-21 18:04:50,709 INFO: [IART_..][epoch:  0, iter:   1,345, lr:(1.961e-04,2.451e-05,)] [eta: 9:35:50, time (data): 2.504 (0.001)] l_pix: 3.0735e-02 
2025-11-21 18:04:53,182 INFO: [IART_..][epoch:  0, iter:   1,346, lr:(1.961e-04,2.451e-05,)] [eta: 9:35:47, time (data): 2.503 (0.001)] l_pix: 3.0006e-02 
2025-11-21 18:04:55,692 INFO: [IART_..][epoch:  0, iter:   1,347, lr:(1.961e-04,2.451e-05,)] [eta: 9:35:45, time (data): 2.503 (0.001)] l_pix: 2.3508e-02 
2025-11-21 18:04:58,123 INFO: [IART_..][epoch:  0, iter:   1,348, lr:(1.960e-04,2.451e-05,)] [eta: 9:35:41, time (data): 2.503 (0.001)] l_pix: 2.0007e-02 
2025-11-21 18:05:00,614 INFO: [IART_..][epoch:  0, iter:   1,349, lr:(1.960e-04,2.451e-05,)] [eta: 9:35:38, time (data): 2.503 (0.001)] l_pix: 2.5423e-02 
2025-11-21 18:05:03,035 INFO: [IART_..][epoch:  0, iter:   1,350, lr:(1.960e-04,2.451e-05,)] [eta: 9:35:35, time (data): 2.502 (0.001)] l_pix: 2.8506e-02 
2025-11-21 18:05:05,563 INFO: [IART_..][epoch:  0, iter:   1,351, lr:(1.960e-04,2.451e-05,)] [eta: 9:35:32, time (data): 2.502 (0.001)] l_pix: 2.1527e-02 
2025-11-21 18:05:08,148 INFO: [IART_..][epoch:  0, iter:   1,352, lr:(1.960e-04,2.450e-05,)] [eta: 9:35:30, time (data): 2.503 (0.001)] l_pix: 2.3433e-02 
2025-11-21 18:05:10,633 INFO: [IART_..][epoch:  0, iter:   1,353, lr:(1.960e-04,2.450e-05,)] [eta: 9:35:27, time (data): 2.503 (0.001)] l_pix: 1.6703e-02 
2025-11-21 18:05:13,090 INFO: [IART_..][epoch:  0, iter:   1,354, lr:(1.960e-04,2.450e-05,)] [eta: 9:35:24, time (data): 2.503 (0.001)] l_pix: 4.7169e-02 
2025-11-21 18:05:15,515 INFO: [IART_..][epoch:  0, iter:   1,355, lr:(1.960e-04,2.450e-05,)] [eta: 9:35:20, time (data): 2.502 (0.001)] l_pix: 1.7775e-02 
2025-11-21 18:05:18,097 INFO: [IART_..][epoch:  0, iter:   1,356, lr:(1.960e-04,2.450e-05,)] [eta: 9:35:18, time (data): 2.503 (0.001)] l_pix: 3.1838e-02 
2025-11-21 18:05:20,564 INFO: [IART_..][epoch:  0, iter:   1,357, lr:(1.960e-04,2.450e-05,)] [eta: 9:35:15, time (data): 2.502 (0.001)] l_pix: 2.3272e-02 
2025-11-21 18:05:22,985 INFO: [IART_..][epoch:  0, iter:   1,358, lr:(1.960e-04,2.450e-05,)] [eta: 9:35:11, time (data): 2.502 (0.001)] l_pix: 3.3097e-02 
2025-11-21 18:05:25,454 INFO: [IART_..][epoch:  0, iter:   1,359, lr:(1.960e-04,2.450e-05,)] [eta: 9:35:08, time (data): 2.502 (0.001)] l_pix: 3.3567e-02 
2025-11-21 18:05:28,016 INFO: [IART_..][epoch:  0, iter:   1,360, lr:(1.960e-04,2.450e-05,)] [eta: 9:35:06, time (data): 2.502 (0.001)] l_pix: 1.4552e-02 
2025-11-21 18:05:30,474 INFO: [IART_..][epoch:  0, iter:   1,361, lr:(1.960e-04,2.450e-05,)] [eta: 9:35:03, time (data): 2.502 (0.001)] l_pix: 4.8360e-02 
2025-11-21 18:05:33,104 INFO: [IART_..][epoch:  0, iter:   1,362, lr:(1.960e-04,2.450e-05,)] [eta: 9:35:01, time (data): 2.503 (0.001)] l_pix: 3.7868e-02 
2025-11-21 18:05:35,616 INFO: [IART_..][epoch:  0, iter:   1,363, lr:(1.960e-04,2.450e-05,)] [eta: 9:34:58, time (data): 2.503 (0.001)] l_pix: 2.4730e-02 
2025-11-21 18:05:38,207 INFO: [IART_..][epoch:  0, iter:   1,364, lr:(1.960e-04,2.450e-05,)] [eta: 9:34:57, time (data): 2.503 (0.001)] l_pix: 2.7874e-02 
2025-11-21 18:05:40,636 INFO: [IART_..][epoch:  0, iter:   1,365, lr:(1.959e-04,2.450e-05,)] [eta: 9:34:53, time (data): 2.503 (0.001)] l_pix: 4.1578e-02 
2025-11-21 18:05:43,064 INFO: [IART_..][epoch:  0, iter:   1,366, lr:(1.959e-04,2.449e-05,)] [eta: 9:34:49, time (data): 2.502 (0.001)] l_pix: 3.2147e-02 
2025-11-21 18:05:45,644 INFO: [IART_..][epoch:  0, iter:   1,367, lr:(1.959e-04,2.449e-05,)] [eta: 9:34:47, time (data): 2.503 (0.001)] l_pix: 4.8332e-02 
2025-11-21 18:05:48,095 INFO: [IART_..][epoch:  0, iter:   1,368, lr:(1.959e-04,2.449e-05,)] [eta: 9:34:44, time (data): 2.502 (0.001)] l_pix: 2.9199e-02 
2025-11-21 18:05:50,517 INFO: [IART_..][epoch:  0, iter:   1,369, lr:(1.959e-04,2.449e-05,)] [eta: 9:34:41, time (data): 2.502 (0.001)] l_pix: 2.9370e-02 
2025-11-21 18:05:53,107 INFO: [IART_..][epoch:  0, iter:   1,370, lr:(1.959e-04,2.449e-05,)] [eta: 9:34:39, time (data): 2.502 (0.001)] l_pix: 3.9834e-02 
2025-11-21 18:05:55,773 INFO: [IART_..][epoch:  0, iter:   1,371, lr:(1.959e-04,2.449e-05,)] [eta: 9:34:37, time (data): 2.503 (0.001)] l_pix: 2.0836e-02 
2025-11-21 18:05:58,265 INFO: [IART_..][epoch:  0, iter:   1,372, lr:(1.959e-04,2.449e-05,)] [eta: 9:34:35, time (data): 2.503 (0.001)] l_pix: 2.7248e-02 
2025-11-21 18:06:00,733 INFO: [IART_..][epoch:  0, iter:   1,373, lr:(1.959e-04,2.449e-05,)] [eta: 9:34:31, time (data): 2.503 (0.001)] l_pix: 2.3013e-02 
2025-11-21 18:06:03,304 INFO: [IART_..][epoch:  0, iter:   1,374, lr:(1.959e-04,2.449e-05,)] [eta: 9:34:29, time (data): 2.504 (0.001)] l_pix: 5.2445e-02 
2025-11-21 18:06:05,720 INFO: [IART_..][epoch:  0, iter:   1,375, lr:(1.959e-04,2.449e-05,)] [eta: 9:34:26, time (data): 2.503 (0.001)] l_pix: 4.2363e-02 
2025-11-21 18:06:08,237 INFO: [IART_..][epoch:  0, iter:   1,376, lr:(1.959e-04,2.449e-05,)] [eta: 9:34:23, time (data): 2.503 (0.001)] l_pix: 4.0633e-02 
2025-11-21 18:06:10,768 INFO: [IART_..][epoch:  0, iter:   1,377, lr:(1.959e-04,2.449e-05,)] [eta: 9:34:20, time (data): 2.503 (0.001)] l_pix: 1.4649e-02 
2025-11-21 18:06:13,181 INFO: [IART_..][epoch:  0, iter:   1,378, lr:(1.959e-04,2.449e-05,)] [eta: 9:34:17, time (data): 2.503 (0.001)] l_pix: 2.0838e-02 
2025-11-21 18:06:15,722 INFO: [IART_..][epoch:  0, iter:   1,379, lr:(1.959e-04,2.449e-05,)] [eta: 9:34:14, time (data): 2.503 (0.001)] l_pix: 3.0393e-02 
2025-11-21 18:06:18,130 INFO: [IART_..][epoch:  0, iter:   1,380, lr:(1.959e-04,2.448e-05,)] [eta: 9:34:11, time (data): 2.502 (0.001)] l_pix: 1.5551e-02 
2025-11-21 18:06:20,722 INFO: [IART_..][epoch:  0, iter:   1,381, lr:(1.959e-04,2.448e-05,)] [eta: 9:34:09, time (data): 2.503 (0.001)] l_pix: 2.9992e-02 
2025-11-21 18:06:23,164 INFO: [IART_..][epoch:  0, iter:   1,382, lr:(1.958e-04,2.448e-05,)] [eta: 9:34:05, time (data): 2.503 (0.001)] l_pix: 3.5954e-02 
2025-11-21 18:06:25,729 INFO: [IART_..][epoch:  0, iter:   1,383, lr:(1.958e-04,2.448e-05,)] [eta: 9:34:03, time (data): 2.503 (0.001)] l_pix: 3.2570e-02 
2025-11-21 18:06:28,261 INFO: [IART_..][epoch:  0, iter:   1,384, lr:(1.958e-04,2.448e-05,)] [eta: 9:34:01, time (data): 2.503 (0.001)] l_pix: 2.5231e-02 
2025-11-21 18:06:30,774 INFO: [IART_..][epoch:  0, iter:   1,385, lr:(1.958e-04,2.448e-05,)] [eta: 9:33:58, time (data): 2.503 (0.001)] l_pix: 1.5915e-02 
2025-11-21 18:06:33,275 INFO: [IART_..][epoch:  0, iter:   1,386, lr:(1.958e-04,2.448e-05,)] [eta: 9:33:55, time (data): 2.503 (0.001)] l_pix: 2.2146e-02 
2025-11-21 18:06:35,833 INFO: [IART_..][epoch:  0, iter:   1,387, lr:(1.958e-04,2.448e-05,)] [eta: 9:33:53, time (data): 2.503 (0.001)] l_pix: 3.2943e-02 
2025-11-21 18:06:38,258 INFO: [IART_..][epoch:  0, iter:   1,388, lr:(1.958e-04,2.448e-05,)] [eta: 9:33:49, time (data): 2.503 (0.001)] l_pix: 3.2850e-02 
2025-11-21 18:06:40,729 INFO: [IART_..][epoch:  0, iter:   1,389, lr:(1.958e-04,2.448e-05,)] [eta: 9:33:46, time (data): 2.503 (0.001)] l_pix: 4.5820e-02 
2025-11-21 18:06:43,268 INFO: [IART_..][epoch:  0, iter:   1,390, lr:(1.958e-04,2.448e-05,)] [eta: 9:33:44, time (data): 2.503 (0.001)] l_pix: 1.8060e-02 
2025-11-21 18:06:45,757 INFO: [IART_..][epoch:  0, iter:   1,391, lr:(1.958e-04,2.448e-05,)] [eta: 9:33:41, time (data): 2.503 (0.001)] l_pix: 4.2680e-02 
2025-11-21 18:06:48,229 INFO: [IART_..][epoch:  0, iter:   1,392, lr:(1.958e-04,2.448e-05,)] [eta: 9:33:38, time (data): 2.503 (0.001)] l_pix: 1.1190e-02 
2025-11-21 18:06:50,773 INFO: [IART_..][epoch:  0, iter:   1,393, lr:(1.958e-04,2.447e-05,)] [eta: 9:33:35, time (data): 2.503 (0.001)] l_pix: 3.6296e-02 
2025-11-21 18:06:53,257 INFO: [IART_..][epoch:  0, iter:   1,394, lr:(1.958e-04,2.447e-05,)] [eta: 9:33:32, time (data): 2.503 (0.001)] l_pix: 4.0720e-02 
2025-11-21 18:06:55,750 INFO: [IART_..][epoch:  0, iter:   1,395, lr:(1.958e-04,2.447e-05,)] [eta: 9:33:29, time (data): 2.503 (0.001)] l_pix: 3.6025e-02 
2025-11-21 18:06:58,218 INFO: [IART_..][epoch:  0, iter:   1,396, lr:(1.958e-04,2.447e-05,)] [eta: 9:33:26, time (data): 2.503 (0.001)] l_pix: 2.3461e-02 
2025-11-21 18:07:00,705 INFO: [IART_..][epoch:  0, iter:   1,397, lr:(1.958e-04,2.447e-05,)] [eta: 9:33:23, time (data): 2.503 (0.001)] l_pix: 4.9073e-02 
2025-11-21 18:07:03,135 INFO: [IART_..][epoch:  0, iter:   1,398, lr:(1.958e-04,2.447e-05,)] [eta: 9:33:20, time (data): 2.502 (0.001)] l_pix: 2.1960e-02 
2025-11-21 18:07:05,755 INFO: [IART_..][epoch:  0, iter:   1,399, lr:(1.957e-04,2.447e-05,)] [eta: 9:33:18, time (data): 2.503 (0.001)] l_pix: 4.7879e-02 
2025-11-21 18:07:08,189 INFO: [IART_..][epoch:  0, iter:   1,400, lr:(1.957e-04,2.447e-05,)] [eta: 9:33:15, time (data): 2.502 (0.001)] l_pix: 2.1498e-02 
2025-11-21 18:07:10,608 INFO: [IART_..][epoch:  0, iter:   1,401, lr:(1.957e-04,2.447e-05,)] [eta: 9:33:11, time (data): 2.502 (0.001)] l_pix: 3.9682e-02 
2025-11-21 18:07:13,209 INFO: [IART_..][epoch:  0, iter:   1,402, lr:(1.957e-04,2.447e-05,)] [eta: 9:33:09, time (data): 2.502 (0.001)] l_pix: 2.5242e-02 
2025-11-21 18:07:15,616 INFO: [IART_..][epoch:  0, iter:   1,403, lr:(1.957e-04,2.447e-05,)] [eta: 9:33:06, time (data): 2.502 (0.001)] l_pix: 2.8168e-02 
2025-11-21 18:07:18,002 INFO: [IART_..][epoch:  0, iter:   1,404, lr:(1.957e-04,2.447e-05,)] [eta: 9:33:02, time (data): 2.501 (0.001)] l_pix: 2.7209e-02 
2025-11-21 18:07:20,440 INFO: [IART_..][epoch:  0, iter:   1,405, lr:(1.957e-04,2.447e-05,)] [eta: 9:32:58, time (data): 2.501 (0.001)] l_pix: 6.0012e-02 
2025-11-21 18:07:23,090 INFO: [IART_..][epoch:  0, iter:   1,406, lr:(1.957e-04,2.446e-05,)] [eta: 9:32:57, time (data): 2.502 (0.001)] l_pix: 4.1297e-02 
2025-11-21 18:07:25,669 INFO: [IART_..][epoch:  0, iter:   1,407, lr:(1.957e-04,2.446e-05,)] [eta: 9:32:55, time (data): 2.502 (0.001)] l_pix: 2.2138e-02 
2025-11-21 18:07:28,147 INFO: [IART_..][epoch:  0, iter:   1,408, lr:(1.957e-04,2.446e-05,)] [eta: 9:32:52, time (data): 2.478 (0.000)] l_pix: 1.9394e-02 
2025-11-21 18:07:30,615 INFO: [IART_..][epoch:  0, iter:   1,409, lr:(1.957e-04,2.446e-05,)] [eta: 9:32:49, time (data): 2.473 (0.000)] l_pix: 1.9132e-02 
2025-11-21 18:07:33,104 INFO: [IART_..][epoch:  0, iter:   1,410, lr:(1.957e-04,2.446e-05,)] [eta: 9:32:46, time (data): 2.478 (0.000)] l_pix: 1.7142e-02 
2025-11-21 18:07:35,574 INFO: [IART_..][epoch:  0, iter:   1,411, lr:(1.957e-04,2.446e-05,)] [eta: 9:32:43, time (data): 2.476 (0.000)] l_pix: 4.4836e-02 
2025-11-21 18:07:38,040 INFO: [IART_..][epoch:  0, iter:   1,412, lr:(1.957e-04,2.446e-05,)] [eta: 9:32:40, time (data): 2.474 (0.000)] l_pix: 2.5841e-02 
2025-11-21 18:07:40,512 INFO: [IART_..][epoch:  0, iter:   1,413, lr:(1.957e-04,2.446e-05,)] [eta: 9:32:37, time (data): 2.474 (0.000)] l_pix: 9.0972e-03 
2025-11-21 18:07:43,036 INFO: [IART_..][epoch:  0, iter:   1,414, lr:(1.957e-04,2.446e-05,)] [eta: 9:32:34, time (data): 2.481 (0.000)] l_pix: 3.3695e-02 
2025-11-21 18:07:45,611 INFO: [IART_..][epoch:  0, iter:   1,415, lr:(1.956e-04,2.446e-05,)] [eta: 9:32:32, time (data): 2.493 (0.000)] l_pix: 1.3645e-02 
2025-11-21 18:07:48,105 INFO: [IART_..][epoch:  0, iter:   1,416, lr:(1.956e-04,2.446e-05,)] [eta: 9:32:29, time (data): 2.493 (0.000)] l_pix: 3.1168e-02 
2025-11-21 18:07:50,661 INFO: [IART_..][epoch:  0, iter:   1,417, lr:(1.956e-04,2.446e-05,)] [eta: 9:32:27, time (data): 2.499 (0.000)] l_pix: 4.0823e-02 
2025-11-21 18:07:53,216 INFO: [IART_..][epoch:  0, iter:   1,418, lr:(1.956e-04,2.446e-05,)] [eta: 9:32:25, time (data): 2.504 (0.000)] l_pix: 4.3968e-02 
2025-11-21 18:07:55,767 INFO: [IART_..][epoch:  0, iter:   1,419, lr:(1.956e-04,2.445e-05,)] [eta: 9:32:22, time (data): 2.507 (0.000)] l_pix: 3.3843e-02 
2025-11-21 18:07:58,225 INFO: [IART_..][epoch:  0, iter:   1,420, lr:(1.956e-04,2.445e-05,)] [eta: 9:32:19, time (data): 2.504 (0.001)] l_pix: 3.2456e-02 
2025-11-21 18:08:00,697 INFO: [IART_..][epoch:  0, iter:   1,421, lr:(1.956e-04,2.445e-05,)] [eta: 9:32:16, time (data): 2.501 (0.001)] l_pix: 5.7515e-02 
2025-11-21 18:08:03,157 INFO: [IART_..][epoch:  0, iter:   1,422, lr:(1.956e-04,2.445e-05,)] [eta: 9:32:13, time (data): 2.498 (0.001)] l_pix: 2.1645e-02 
2025-11-21 18:08:05,721 INFO: [IART_..][epoch:  0, iter:   1,423, lr:(1.956e-04,2.445e-05,)] [eta: 9:32:11, time (data): 2.503 (0.000)] l_pix: 3.6500e-02 
2025-11-21 18:08:08,307 INFO: [IART_..][epoch:  0, iter:   1,424, lr:(1.956e-04,2.445e-05,)] [eta: 9:32:09, time (data): 2.507 (0.000)] l_pix: 1.2835e-02 
2025-11-21 18:08:10,784 INFO: [IART_..][epoch:  0, iter:   1,425, lr:(1.956e-04,2.445e-05,)] [eta: 9:32:06, time (data): 2.506 (0.000)] l_pix: 3.8385e-02 
2025-11-21 18:08:13,183 INFO: [IART_..][epoch:  0, iter:   1,426, lr:(1.956e-04,2.445e-05,)] [eta: 9:32:02, time (data): 2.500 (0.001)] l_pix: 2.4076e-02 
2025-11-21 18:08:15,753 INFO: [IART_..][epoch:  0, iter:   1,427, lr:(1.956e-04,2.445e-05,)] [eta: 9:32:00, time (data): 2.504 (0.000)] l_pix: 3.1415e-02 
2025-11-21 18:08:18,207 INFO: [IART_..][epoch:  0, iter:   1,428, lr:(1.956e-04,2.445e-05,)] [eta: 9:31:56, time (data): 2.501 (0.001)] l_pix: 4.0086e-02 
2025-11-21 18:08:20,725 INFO: [IART_..][epoch:  0, iter:   1,429, lr:(1.956e-04,2.445e-05,)] [eta: 9:31:54, time (data): 2.502 (0.001)] l_pix: 2.2778e-02 
2025-11-21 18:08:23,242 INFO: [IART_..][epoch:  0, iter:   1,430, lr:(1.956e-04,2.445e-05,)] [eta: 9:31:51, time (data): 2.503 (0.001)] l_pix: 2.9901e-02 
2025-11-21 18:08:25,732 INFO: [IART_..][epoch:  0, iter:   1,431, lr:(1.956e-04,2.445e-05,)] [eta: 9:31:48, time (data): 2.502 (0.001)] l_pix: 3.7188e-02 
2025-11-21 18:08:28,149 INFO: [IART_..][epoch:  0, iter:   1,432, lr:(1.955e-04,2.445e-05,)] [eta: 9:31:45, time (data): 2.499 (0.001)] l_pix: 2.4684e-02 
2025-11-21 18:08:30,573 INFO: [IART_..][epoch:  0, iter:   1,433, lr:(1.955e-04,2.444e-05,)] [eta: 9:31:41, time (data): 2.496 (0.001)] l_pix: 4.0828e-02 
2025-11-21 18:08:33,056 INFO: [IART_..][epoch:  0, iter:   1,434, lr:(1.955e-04,2.444e-05,)] [eta: 9:31:38, time (data): 2.495 (0.001)] l_pix: 1.9612e-02 
2025-11-21 18:08:35,573 INFO: [IART_..][epoch:  0, iter:   1,435, lr:(1.955e-04,2.444e-05,)] [eta: 9:31:36, time (data): 2.496 (0.001)] l_pix: 2.4835e-02 
2025-11-21 18:08:38,041 INFO: [IART_..][epoch:  0, iter:   1,436, lr:(1.955e-04,2.444e-05,)] [eta: 9:31:32, time (data): 2.495 (0.001)] l_pix: 9.9704e-03 
2025-11-21 18:08:40,561 INFO: [IART_..][epoch:  0, iter:   1,437, lr:(1.955e-04,2.444e-05,)] [eta: 9:31:30, time (data): 2.496 (0.001)] l_pix: 1.7777e-02 
2025-11-21 18:08:43,072 INFO: [IART_..][epoch:  0, iter:   1,438, lr:(1.955e-04,2.444e-05,)] [eta: 9:31:27, time (data): 2.496 (0.001)] l_pix: 2.3710e-02 
2025-11-21 18:08:45,523 INFO: [IART_..][epoch:  0, iter:   1,439, lr:(1.955e-04,2.444e-05,)] [eta: 9:31:24, time (data): 2.495 (0.001)] l_pix: 1.6034e-02 
2025-11-21 18:08:48,015 INFO: [IART_..][epoch:  0, iter:   1,440, lr:(1.955e-04,2.444e-05,)] [eta: 9:31:21, time (data): 2.495 (0.001)] l_pix: 1.8224e-02 
2025-11-21 18:08:50,535 INFO: [IART_..][epoch:  0, iter:   1,441, lr:(1.955e-04,2.444e-05,)] [eta: 9:31:18, time (data): 2.496 (0.001)] l_pix: 2.0187e-02 
2025-11-21 18:08:53,068 INFO: [IART_..][epoch:  0, iter:   1,442, lr:(1.955e-04,2.444e-05,)] [eta: 9:31:16, time (data): 2.497 (0.001)] l_pix: 4.4216e-02 
2025-11-21 18:08:55,515 INFO: [IART_..][epoch:  0, iter:   1,443, lr:(1.955e-04,2.444e-05,)] [eta: 9:31:13, time (data): 2.495 (0.001)] l_pix: 3.3141e-02 
2025-11-21 18:08:57,964 INFO: [IART_..][epoch:  0, iter:   1,444, lr:(1.955e-04,2.444e-05,)] [eta: 9:31:09, time (data): 2.494 (0.001)] l_pix: 1.0263e-02 
2025-11-21 18:09:00,488 INFO: [IART_..][epoch:  0, iter:   1,445, lr:(1.955e-04,2.443e-05,)] [eta: 9:31:07, time (data): 2.495 (0.001)] l_pix: 2.7432e-02 
2025-11-21 18:09:02,925 INFO: [IART_..][epoch:  0, iter:   1,446, lr:(1.955e-04,2.443e-05,)] [eta: 9:31:03, time (data): 2.493 (0.001)] l_pix: 3.5169e-02 
2025-11-21 18:09:05,485 INFO: [IART_..][epoch:  0, iter:   1,447, lr:(1.955e-04,2.443e-05,)] [eta: 9:31:01, time (data): 2.495 (0.001)] l_pix: 5.4679e-02 
2025-11-21 18:09:07,988 INFO: [IART_..][epoch:  0, iter:   1,448, lr:(1.954e-04,2.443e-05,)] [eta: 9:30:58, time (data): 2.495 (0.001)] l_pix: 1.6696e-02 
2025-11-21 18:09:10,422 INFO: [IART_..][epoch:  0, iter:   1,449, lr:(1.954e-04,2.443e-05,)] [eta: 9:30:55, time (data): 2.494 (0.001)] l_pix: 2.2443e-02 
2025-11-21 18:09:13,090 INFO: [IART_..][epoch:  0, iter:   1,450, lr:(1.954e-04,2.443e-05,)] [eta: 9:30:54, time (data): 2.498 (0.001)] l_pix: 3.0845e-02 
2025-11-21 18:09:15,527 INFO: [IART_..][epoch:  0, iter:   1,451, lr:(1.954e-04,2.443e-05,)] [eta: 9:30:50, time (data): 2.496 (0.001)] l_pix: 2.1213e-02 
2025-11-21 18:09:18,035 INFO: [IART_..][epoch:  0, iter:   1,452, lr:(1.954e-04,2.443e-05,)] [eta: 9:30:48, time (data): 2.497 (0.001)] l_pix: 3.3569e-02 
2025-11-21 18:09:20,479 INFO: [IART_..][epoch:  0, iter:   1,453, lr:(1.954e-04,2.443e-05,)] [eta: 9:30:44, time (data): 2.496 (0.001)] l_pix: 2.0314e-02 
2025-11-21 18:09:23,027 INFO: [IART_..][epoch:  0, iter:   1,454, lr:(1.954e-04,2.443e-05,)] [eta: 9:30:42, time (data): 2.497 (0.001)] l_pix: 1.8222e-02 
2025-11-21 18:09:25,443 INFO: [IART_..][epoch:  0, iter:   1,455, lr:(1.954e-04,2.443e-05,)] [eta: 9:30:38, time (data): 2.495 (0.001)] l_pix: 1.9340e-02 
2025-11-21 18:09:27,941 INFO: [IART_..][epoch:  0, iter:   1,456, lr:(1.954e-04,2.443e-05,)] [eta: 9:30:36, time (data): 2.495 (0.001)] l_pix: 1.6379e-02 
2025-11-21 18:09:30,373 INFO: [IART_..][epoch:  0, iter:   1,457, lr:(1.954e-04,2.443e-05,)] [eta: 9:30:32, time (data): 2.494 (0.001)] l_pix: 4.2132e-02 
2025-11-21 18:09:32,829 INFO: [IART_..][epoch:  0, iter:   1,458, lr:(1.954e-04,2.442e-05,)] [eta: 9:30:29, time (data): 2.493 (0.001)] l_pix: 3.1481e-02 
2025-11-21 18:09:35,272 INFO: [IART_..][epoch:  0, iter:   1,459, lr:(1.954e-04,2.442e-05,)] [eta: 9:30:26, time (data): 2.492 (0.001)] l_pix: 2.1768e-02 
2025-11-21 18:09:37,755 INFO: [IART_..][epoch:  0, iter:   1,460, lr:(1.954e-04,2.442e-05,)] [eta: 9:30:23, time (data): 2.492 (0.001)] l_pix: 2.7901e-02 
2025-11-21 18:09:40,189 INFO: [IART_..][epoch:  0, iter:   1,461, lr:(1.954e-04,2.442e-05,)] [eta: 9:30:19, time (data): 2.491 (0.001)] l_pix: 3.6535e-02 
2025-11-21 18:09:42,709 INFO: [IART_..][epoch:  0, iter:   1,462, lr:(1.954e-04,2.442e-05,)] [eta: 9:30:17, time (data): 2.491 (0.001)] l_pix: 2.6247e-02 
2025-11-21 18:09:45,296 INFO: [IART_..][epoch:  0, iter:   1,463, lr:(1.954e-04,2.442e-05,)] [eta: 9:30:15, time (data): 2.493 (0.001)] l_pix: 2.9989e-02 
2025-11-21 18:09:47,788 INFO: [IART_..][epoch:  0, iter:   1,464, lr:(1.953e-04,2.442e-05,)] [eta: 9:30:12, time (data): 2.493 (0.001)] l_pix: 3.4637e-02 
2025-11-21 18:09:50,250 INFO: [IART_..][epoch:  0, iter:   1,465, lr:(1.953e-04,2.442e-05,)] [eta: 9:30:09, time (data): 2.492 (0.001)] l_pix: 2.7373e-02 
2025-11-21 18:09:52,663 INFO: [IART_..][epoch:  0, iter:   1,466, lr:(1.953e-04,2.442e-05,)] [eta: 9:30:05, time (data): 2.491 (0.001)] l_pix: 4.4849e-02 
2025-11-21 18:09:55,078 INFO: [IART_..][epoch:  0, iter:   1,467, lr:(1.953e-04,2.442e-05,)] [eta: 9:30:02, time (data): 2.490 (0.001)] l_pix: 2.8139e-02 
2025-11-21 18:09:57,659 INFO: [IART_..][epoch:  0, iter:   1,468, lr:(1.953e-04,2.442e-05,)] [eta: 9:30:00, time (data): 2.491 (0.001)] l_pix: 3.7569e-02 
2025-11-21 18:10:00,181 INFO: [IART_..][epoch:  0, iter:   1,469, lr:(1.953e-04,2.442e-05,)] [eta: 9:29:57, time (data): 2.492 (0.001)] l_pix: 2.5399e-02 
2025-11-21 18:10:02,790 INFO: [IART_..][epoch:  0, iter:   1,470, lr:(1.953e-04,2.442e-05,)] [eta: 9:29:55, time (data): 2.494 (0.001)] l_pix: 1.6472e-02 
2025-11-21 18:10:05,278 INFO: [IART_..][epoch:  0, iter:   1,471, lr:(1.953e-04,2.441e-05,)] [eta: 9:29:52, time (data): 2.494 (0.001)] l_pix: 2.3072e-02 
2025-11-21 18:10:07,823 INFO: [IART_..][epoch:  0, iter:   1,472, lr:(1.953e-04,2.441e-05,)] [eta: 9:29:50, time (data): 2.494 (0.001)] l_pix: 2.3157e-02 
2025-11-21 18:10:10,285 INFO: [IART_..][epoch:  0, iter:   1,473, lr:(1.953e-04,2.441e-05,)] [eta: 9:29:47, time (data): 2.494 (0.001)] l_pix: 2.8092e-02 
2025-11-21 18:10:12,722 INFO: [IART_..][epoch:  0, iter:   1,474, lr:(1.953e-04,2.441e-05,)] [eta: 9:29:44, time (data): 2.493 (0.001)] l_pix: 3.8037e-02 
2025-11-21 18:10:15,199 INFO: [IART_..][epoch:  0, iter:   1,475, lr:(1.953e-04,2.441e-05,)] [eta: 9:29:41, time (data): 2.493 (0.001)] l_pix: 1.8719e-02 
2025-11-21 18:10:17,754 INFO: [IART_..][epoch:  0, iter:   1,476, lr:(1.953e-04,2.441e-05,)] [eta: 9:29:38, time (data): 2.494 (0.001)] l_pix: 2.0798e-02 
2025-11-21 18:10:20,246 INFO: [IART_..][epoch:  0, iter:   1,477, lr:(1.953e-04,2.441e-05,)] [eta: 9:29:35, time (data): 2.494 (0.001)] l_pix: 2.8532e-02 
2025-11-21 18:10:22,683 INFO: [IART_..][epoch:  0, iter:   1,478, lr:(1.953e-04,2.441e-05,)] [eta: 9:29:32, time (data): 2.493 (0.001)] l_pix: 2.1184e-02 
2025-11-21 18:10:25,108 INFO: [IART_..][epoch:  0, iter:   1,479, lr:(1.952e-04,2.441e-05,)] [eta: 9:29:29, time (data): 2.492 (0.001)] l_pix: 4.3313e-02 
2025-11-21 18:10:27,533 INFO: [IART_..][epoch:  0, iter:   1,480, lr:(1.952e-04,2.441e-05,)] [eta: 9:29:25, time (data): 2.491 (0.001)] l_pix: 3.5950e-02 
2025-11-21 18:10:30,054 INFO: [IART_..][epoch:  0, iter:   1,481, lr:(1.952e-04,2.441e-05,)] [eta: 9:29:23, time (data): 2.491 (0.001)] l_pix: 3.6983e-02 
2025-11-21 18:10:32,615 INFO: [IART_..][epoch:  0, iter:   1,482, lr:(1.952e-04,2.441e-05,)] [eta: 9:29:20, time (data): 2.492 (0.002)] l_pix: 2.7556e-02 
2025-11-21 18:10:35,209 INFO: [IART_..][epoch:  0, iter:   1,483, lr:(1.952e-04,2.441e-05,)] [eta: 9:29:18, time (data): 2.494 (0.002)] l_pix: 3.4057e-02 
2025-11-21 18:10:37,702 INFO: [IART_..][epoch:  0, iter:   1,484, lr:(1.952e-04,2.440e-05,)] [eta: 9:29:16, time (data): 2.494 (0.002)] l_pix: 2.1673e-02 
2025-11-21 18:10:40,231 INFO: [IART_..][epoch:  0, iter:   1,485, lr:(1.952e-04,2.440e-05,)] [eta: 9:29:13, time (data): 2.494 (0.001)] l_pix: 1.9645e-02 
2025-11-21 18:10:42,666 INFO: [IART_..][epoch:  0, iter:   1,486, lr:(1.952e-04,2.440e-05,)] [eta: 9:29:10, time (data): 2.493 (0.001)] l_pix: 1.7720e-02 
2025-11-21 18:10:45,135 INFO: [IART_..][epoch:  0, iter:   1,487, lr:(1.952e-04,2.440e-05,)] [eta: 9:29:07, time (data): 2.493 (0.001)] l_pix: 5.0802e-02 
2025-11-21 18:10:47,621 INFO: [IART_..][epoch:  0, iter:   1,488, lr:(1.952e-04,2.440e-05,)] [eta: 9:29:04, time (data): 2.493 (0.002)] l_pix: 2.1123e-02 
2025-11-21 18:10:50,134 INFO: [IART_..][epoch:  0, iter:   1,489, lr:(1.952e-04,2.440e-05,)] [eta: 9:29:01, time (data): 2.493 (0.002)] l_pix: 3.9899e-02 
2025-11-21 18:10:52,587 INFO: [IART_..][epoch:  0, iter:   1,490, lr:(1.952e-04,2.440e-05,)] [eta: 9:28:58, time (data): 2.493 (0.002)] l_pix: 2.2058e-02 
2025-11-21 18:10:55,217 INFO: [IART_..][epoch:  0, iter:   1,491, lr:(1.952e-04,2.440e-05,)] [eta: 9:28:56, time (data): 2.494 (0.002)] l_pix: 3.1567e-02 
2025-11-21 18:10:57,685 INFO: [IART_..][epoch:  0, iter:   1,492, lr:(1.952e-04,2.440e-05,)] [eta: 9:28:53, time (data): 2.494 (0.002)] l_pix: 2.9604e-02 
2025-11-21 18:11:00,118 INFO: [IART_..][epoch:  0, iter:   1,493, lr:(1.952e-04,2.440e-05,)] [eta: 9:28:50, time (data): 2.493 (0.002)] l_pix: 4.5374e-02 
2025-11-21 18:11:02,558 INFO: [IART_..][epoch:  0, iter:   1,494, lr:(1.952e-04,2.440e-05,)] [eta: 9:28:47, time (data): 2.493 (0.002)] l_pix: 2.7376e-02 
2025-11-21 18:11:05,075 INFO: [IART_..][epoch:  0, iter:   1,495, lr:(1.951e-04,2.440e-05,)] [eta: 9:28:44, time (data): 2.493 (0.002)] l_pix: 3.7784e-02 
2025-11-21 18:11:07,511 INFO: [IART_..][epoch:  0, iter:   1,496, lr:(1.951e-04,2.439e-05,)] [eta: 9:28:41, time (data): 2.492 (0.002)] l_pix: 2.2272e-02 
2025-11-21 18:11:10,062 INFO: [IART_..][epoch:  0, iter:   1,497, lr:(1.951e-04,2.439e-05,)] [eta: 9:28:38, time (data): 2.493 (0.002)] l_pix: 3.1148e-02 
2025-11-21 18:11:12,553 INFO: [IART_..][epoch:  0, iter:   1,498, lr:(1.951e-04,2.439e-05,)] [eta: 9:28:35, time (data): 2.493 (0.001)] l_pix: 1.7656e-02 
2025-11-21 18:11:15,065 INFO: [IART_..][epoch:  0, iter:   1,499, lr:(1.951e-04,2.439e-05,)] [eta: 9:28:33, time (data): 2.493 (0.001)] l_pix: 1.5395e-02 
2025-11-21 18:11:17,529 INFO: [IART_..][epoch:  0, iter:   1,500, lr:(1.951e-04,2.439e-05,)] [eta: 9:28:30, time (data): 2.493 (0.002)] l_pix: 1.4102e-02 
2025-11-21 18:11:20,148 INFO: [IART_..][epoch:  0, iter:   1,501, lr:(1.951e-04,2.439e-05,)] [eta: 9:28:28, time (data): 2.494 (0.002)] l_pix: 1.6817e-02 
2025-11-21 18:11:22,591 INFO: [IART_..][epoch:  0, iter:   1,502, lr:(1.951e-04,2.439e-05,)] [eta: 9:28:25, time (data): 2.494 (0.002)] l_pix: 2.1769e-02 
2025-11-21 18:11:24,999 INFO: [IART_..][epoch:  0, iter:   1,503, lr:(1.951e-04,2.439e-05,)] [eta: 9:28:21, time (data): 2.493 (0.002)] l_pix: 4.0802e-02 
2025-11-21 18:11:27,528 INFO: [IART_..][epoch:  0, iter:   1,504, lr:(1.951e-04,2.439e-05,)] [eta: 9:28:19, time (data): 2.493 (0.002)] l_pix: 3.6667e-02 
2025-11-21 18:11:30,164 INFO: [IART_..][epoch:  0, iter:   1,505, lr:(1.951e-04,2.439e-05,)] [eta: 9:28:17, time (data): 2.495 (0.002)] l_pix: 2.9985e-02 
2025-11-21 18:11:32,681 INFO: [IART_..][epoch:  0, iter:   1,506, lr:(1.951e-04,2.439e-05,)] [eta: 9:28:14, time (data): 2.495 (0.002)] l_pix: 3.5217e-02 
2025-11-21 18:11:35,185 INFO: [IART_..][epoch:  0, iter:   1,507, lr:(1.951e-04,2.439e-05,)] [eta: 9:28:12, time (data): 2.495 (0.002)] l_pix: 3.6340e-02 
2025-11-21 18:11:37,610 INFO: [IART_..][epoch:  0, iter:   1,508, lr:(1.951e-04,2.439e-05,)] [eta: 9:28:08, time (data): 2.494 (0.002)] l_pix: 3.3942e-02 
2025-11-21 18:11:40,078 INFO: [IART_..][epoch:  0, iter:   1,509, lr:(1.951e-04,2.438e-05,)] [eta: 9:28:05, time (data): 2.494 (0.002)] l_pix: 3.6718e-02 
2025-11-21 18:11:42,528 INFO: [IART_..][epoch:  0, iter:   1,510, lr:(1.950e-04,2.438e-05,)] [eta: 9:28:02, time (data): 2.494 (0.002)] l_pix: 4.2216e-02 
2025-11-21 18:11:44,972 INFO: [IART_..][epoch:  0, iter:   1,511, lr:(1.950e-04,2.438e-05,)] [eta: 9:27:59, time (data): 2.493 (0.002)] l_pix: 2.3764e-02 
2025-11-21 18:11:47,433 INFO: [IART_..][epoch:  0, iter:   1,512, lr:(1.950e-04,2.438e-05,)] [eta: 9:27:56, time (data): 2.493 (0.002)] l_pix: 3.0907e-02 
2025-11-21 18:11:49,912 INFO: [IART_..][epoch:  0, iter:   1,513, lr:(1.950e-04,2.438e-05,)] [eta: 9:27:53, time (data): 2.493 (0.002)] l_pix: 3.5686e-02 
2025-11-21 18:11:52,377 INFO: [IART_..][epoch:  0, iter:   1,514, lr:(1.950e-04,2.438e-05,)] [eta: 9:27:50, time (data): 2.492 (0.002)] l_pix: 2.1552e-02 
2025-11-21 18:11:54,833 INFO: [IART_..][epoch:  0, iter:   1,515, lr:(1.950e-04,2.438e-05,)] [eta: 9:27:46, time (data): 2.492 (0.002)] l_pix: 3.5736e-02 
2025-11-21 18:11:57,234 INFO: [IART_..][epoch:  0, iter:   1,516, lr:(1.950e-04,2.438e-05,)] [eta: 9:27:43, time (data): 2.491 (0.002)] l_pix: 3.2986e-02 
2025-11-21 18:11:59,721 INFO: [IART_..][epoch:  0, iter:   1,517, lr:(1.950e-04,2.438e-05,)] [eta: 9:27:40, time (data): 2.491 (0.002)] l_pix: 2.0355e-02 
2025-11-21 18:12:02,385 INFO: [IART_..][epoch:  0, iter:   1,518, lr:(1.950e-04,2.438e-05,)] [eta: 9:27:39, time (data): 2.493 (0.002)] l_pix: 1.6741e-02 
2025-11-21 18:12:05,056 INFO: [IART_..][epoch:  0, iter:   1,519, lr:(1.950e-04,2.438e-05,)] [eta: 9:27:37, time (data): 2.494 (0.002)] l_pix: 1.9959e-02 
2025-11-21 18:12:07,488 INFO: [IART_..][epoch:  0, iter:   1,520, lr:(1.950e-04,2.438e-05,)] [eta: 9:27:34, time (data): 2.494 (0.002)] l_pix: 2.9877e-02 
2025-11-21 18:12:10,105 INFO: [IART_..][epoch:  0, iter:   1,521, lr:(1.950e-04,2.437e-05,)] [eta: 9:27:32, time (data): 2.495 (0.002)] l_pix: 4.0477e-02 
2025-11-21 18:12:12,678 INFO: [IART_..][epoch:  0, iter:   1,522, lr:(1.950e-04,2.437e-05,)] [eta: 9:27:30, time (data): 2.496 (0.002)] l_pix: 6.2903e-02 
2025-11-21 18:12:15,207 INFO: [IART_..][epoch:  0, iter:   1,523, lr:(1.950e-04,2.437e-05,)] [eta: 9:27:28, time (data): 2.496 (0.002)] l_pix: 1.6163e-02 
2025-11-21 18:12:17,807 INFO: [IART_..][epoch:  0, iter:   1,524, lr:(1.950e-04,2.437e-05,)] [eta: 9:27:26, time (data): 2.497 (0.002)] l_pix: 4.0262e-02 
2025-11-21 18:12:20,306 INFO: [IART_..][epoch:  0, iter:   1,525, lr:(1.950e-04,2.437e-05,)] [eta: 9:27:23, time (data): 2.497 (0.002)] l_pix: 1.3603e-02 
2025-11-21 18:12:22,835 INFO: [IART_..][epoch:  0, iter:   1,526, lr:(1.949e-04,2.437e-05,)] [eta: 9:27:20, time (data): 2.497 (0.002)] l_pix: 1.9154e-02 
2025-11-21 18:12:25,403 INFO: [IART_..][epoch:  0, iter:   1,527, lr:(1.949e-04,2.437e-05,)] [eta: 9:27:18, time (data): 2.498 (0.002)] l_pix: 3.7483e-02 
2025-11-21 18:12:27,878 INFO: [IART_..][epoch:  0, iter:   1,528, lr:(1.949e-04,2.437e-05,)] [eta: 9:27:15, time (data): 2.497 (0.002)] l_pix: 4.0162e-02 
2025-11-21 18:12:30,369 INFO: [IART_..][epoch:  0, iter:   1,529, lr:(1.949e-04,2.437e-05,)] [eta: 9:27:13, time (data): 2.497 (0.002)] l_pix: 5.3951e-02 
2025-11-21 18:12:32,870 INFO: [IART_..][epoch:  0, iter:   1,530, lr:(1.949e-04,2.437e-05,)] [eta: 9:27:10, time (data): 2.497 (0.002)] l_pix: 4.0863e-02 
2025-11-21 18:12:35,289 INFO: [IART_..][epoch:  0, iter:   1,531, lr:(1.949e-04,2.437e-05,)] [eta: 9:27:06, time (data): 2.497 (0.002)] l_pix: 3.8186e-02 
2025-11-21 18:12:37,808 INFO: [IART_..][epoch:  0, iter:   1,532, lr:(1.949e-04,2.437e-05,)] [eta: 9:27:04, time (data): 2.497 (0.002)] l_pix: 1.1622e-02 
2025-11-21 18:12:40,290 INFO: [IART_..][epoch:  0, iter:   1,533, lr:(1.949e-04,2.436e-05,)] [eta: 9:27:01, time (data): 2.497 (0.002)] l_pix: 2.0720e-02 
2025-11-21 18:12:42,714 INFO: [IART_..][epoch:  0, iter:   1,534, lr:(1.949e-04,2.436e-05,)] [eta: 9:26:57, time (data): 2.496 (0.002)] l_pix: 1.8814e-02 
2025-11-21 18:12:45,197 INFO: [IART_..][epoch:  0, iter:   1,535, lr:(1.949e-04,2.436e-05,)] [eta: 9:26:54, time (data): 2.496 (0.002)] l_pix: 3.8972e-02 
2025-11-21 18:12:47,865 INFO: [IART_..][epoch:  0, iter:   1,536, lr:(1.949e-04,2.436e-05,)] [eta: 9:26:53, time (data): 2.497 (0.002)] l_pix: 4.6383e-02 
2025-11-21 18:12:50,330 INFO: [IART_..][epoch:  0, iter:   1,537, lr:(1.949e-04,2.436e-05,)] [eta: 9:26:50, time (data): 2.497 (0.002)] l_pix: 3.0924e-02 
2025-11-21 18:12:52,790 INFO: [IART_..][epoch:  0, iter:   1,538, lr:(1.949e-04,2.436e-05,)] [eta: 9:26:47, time (data): 2.497 (0.002)] l_pix: 2.0568e-02 
2025-11-21 18:12:55,307 INFO: [IART_..][epoch:  0, iter:   1,539, lr:(1.949e-04,2.436e-05,)] [eta: 9:26:44, time (data): 2.497 (0.002)] l_pix: 2.5357e-02 
2025-11-21 18:12:57,781 INFO: [IART_..][epoch:  0, iter:   1,540, lr:(1.949e-04,2.436e-05,)] [eta: 9:26:41, time (data): 2.497 (0.002)] l_pix: 2.4308e-02 
2025-11-21 18:13:00,238 INFO: [IART_..][epoch:  0, iter:   1,541, lr:(1.948e-04,2.436e-05,)] [eta: 9:26:38, time (data): 2.497 (0.002)] l_pix: 9.8870e-03 
2025-11-21 18:13:02,663 INFO: [IART_..][epoch:  0, iter:   1,542, lr:(1.948e-04,2.436e-05,)] [eta: 9:26:35, time (data): 2.496 (0.002)] l_pix: 2.6350e-02 
2025-11-21 18:13:05,088 INFO: [IART_..][epoch:  0, iter:   1,543, lr:(1.948e-04,2.436e-05,)] [eta: 9:26:31, time (data): 2.496 (0.002)] l_pix: 1.9440e-02 
2025-11-21 18:13:07,562 INFO: [IART_..][epoch:  0, iter:   1,544, lr:(1.948e-04,2.436e-05,)] [eta: 9:26:28, time (data): 2.495 (0.002)] l_pix: 3.9316e-02 
2025-11-21 18:13:10,032 INFO: [IART_..][epoch:  0, iter:   1,545, lr:(1.948e-04,2.435e-05,)] [eta: 9:26:25, time (data): 2.495 (0.002)] l_pix: 3.0836e-02 
2025-11-21 18:13:12,481 INFO: [IART_..][epoch:  0, iter:   1,546, lr:(1.948e-04,2.435e-05,)] [eta: 9:26:22, time (data): 2.495 (0.002)] l_pix: 3.4329e-02 
2025-11-21 18:13:14,944 INFO: [IART_..][epoch:  0, iter:   1,547, lr:(1.948e-04,2.435e-05,)] [eta: 9:26:19, time (data): 2.495 (0.002)] l_pix: 2.7350e-02 
2025-11-21 18:13:17,465 INFO: [IART_..][epoch:  0, iter:   1,548, lr:(1.948e-04,2.435e-05,)] [eta: 9:26:17, time (data): 2.495 (0.002)] l_pix: 1.7468e-02 
2025-11-21 18:13:19,980 INFO: [IART_..][epoch:  0, iter:   1,549, lr:(1.948e-04,2.435e-05,)] [eta: 9:26:14, time (data): 2.495 (0.002)] l_pix: 3.6280e-02 
2025-11-21 18:13:22,601 INFO: [IART_..][epoch:  0, iter:   1,550, lr:(1.948e-04,2.435e-05,)] [eta: 9:26:12, time (data): 2.496 (0.002)] l_pix: 3.3389e-02 
2025-11-21 18:13:25,145 INFO: [IART_..][epoch:  0, iter:   1,551, lr:(1.948e-04,2.435e-05,)] [eta: 9:26:10, time (data): 2.496 (0.002)] l_pix: 2.9816e-02 
2025-11-21 18:13:27,662 INFO: [IART_..][epoch:  0, iter:   1,552, lr:(1.948e-04,2.435e-05,)] [eta: 9:26:07, time (data): 2.496 (0.002)] l_pix: 2.8165e-02 
2025-11-21 18:13:30,145 INFO: [IART_..][epoch:  0, iter:   1,553, lr:(1.948e-04,2.435e-05,)] [eta: 9:26:04, time (data): 2.496 (0.002)] l_pix: 2.8246e-02 
2025-11-21 18:13:32,641 INFO: [IART_..][epoch:  0, iter:   1,554, lr:(1.948e-04,2.435e-05,)] [eta: 9:26:02, time (data): 2.496 (0.002)] l_pix: 1.0023e-02 
2025-11-21 18:13:35,297 INFO: [IART_..][epoch:  0, iter:   1,555, lr:(1.948e-04,2.435e-05,)] [eta: 9:26:00, time (data): 2.497 (0.002)] l_pix: 1.0717e-02 
2025-11-21 18:13:38,166 INFO: [IART_..][epoch:  0, iter:   1,556, lr:(1.947e-04,2.435e-05,)] [eta: 9:26:01, time (data): 2.500 (0.002)] l_pix: 1.4258e-02 
2025-11-21 18:13:40,710 INFO: [IART_..][epoch:  0, iter:   1,557, lr:(1.947e-04,2.434e-05,)] [eta: 9:25:58, time (data): 2.500 (0.002)] l_pix: 2.8965e-02 
2025-11-21 18:13:43,313 INFO: [IART_..][epoch:  0, iter:   1,558, lr:(1.947e-04,2.434e-05,)] [eta: 9:25:56, time (data): 2.501 (0.002)] l_pix: 1.5866e-02 
2025-11-21 18:13:45,834 INFO: [IART_..][epoch:  0, iter:   1,559, lr:(1.947e-04,2.434e-05,)] [eta: 9:25:54, time (data): 2.501 (0.002)] l_pix: 2.6000e-02 
2025-11-21 18:13:48,518 INFO: [IART_..][epoch:  0, iter:   1,560, lr:(1.947e-04,2.434e-05,)] [eta: 9:25:53, time (data): 2.502 (0.002)] l_pix: 4.8917e-02 
2025-11-21 18:13:50,967 INFO: [IART_..][epoch:  0, iter:   1,561, lr:(1.947e-04,2.434e-05,)] [eta: 9:25:49, time (data): 2.502 (0.002)] l_pix: 3.6628e-02 
2025-11-21 18:13:53,422 INFO: [IART_..][epoch:  0, iter:   1,562, lr:(1.947e-04,2.434e-05,)] [eta: 9:25:46, time (data): 2.501 (0.002)] l_pix: 3.9113e-02 
2025-11-21 18:13:55,829 INFO: [IART_..][epoch:  0, iter:   1,563, lr:(1.947e-04,2.434e-05,)] [eta: 9:25:43, time (data): 2.501 (0.002)] l_pix: 2.6509e-02 
2025-11-21 18:13:58,270 INFO: [IART_..][epoch:  0, iter:   1,564, lr:(1.947e-04,2.434e-05,)] [eta: 9:25:40, time (data): 2.500 (0.002)] l_pix: 2.4182e-02 
2025-11-21 18:14:00,804 INFO: [IART_..][epoch:  0, iter:   1,565, lr:(1.947e-04,2.434e-05,)] [eta: 9:25:37, time (data): 2.501 (0.002)] l_pix: 3.5295e-02 
2025-11-21 18:14:03,400 INFO: [IART_..][epoch:  0, iter:   1,566, lr:(1.947e-04,2.434e-05,)] [eta: 9:25:35, time (data): 2.501 (0.002)] l_pix: 2.1662e-02 
2025-11-21 18:14:05,918 INFO: [IART_..][epoch:  0, iter:   1,567, lr:(1.947e-04,2.434e-05,)] [eta: 9:25:33, time (data): 2.501 (0.002)] l_pix: 3.9607e-02 
2025-11-21 18:14:08,483 INFO: [IART_..][epoch:  0, iter:   1,568, lr:(1.947e-04,2.434e-05,)] [eta: 9:25:30, time (data): 2.502 (0.002)] l_pix: 2.1032e-02 
2025-11-21 18:14:11,039 INFO: [IART_..][epoch:  0, iter:   1,569, lr:(1.947e-04,2.433e-05,)] [eta: 9:25:28, time (data): 2.502 (0.002)] l_pix: 2.8857e-02 
2025-11-21 18:14:13,603 INFO: [IART_..][epoch:  0, iter:   1,570, lr:(1.947e-04,2.433e-05,)] [eta: 9:25:26, time (data): 2.502 (0.002)] l_pix: 1.6610e-02 
2025-11-21 18:14:16,157 INFO: [IART_..][epoch:  0, iter:   1,571, lr:(1.946e-04,2.433e-05,)] [eta: 9:25:24, time (data): 2.503 (0.002)] l_pix: 2.9666e-02 
2025-11-21 18:14:18,729 INFO: [IART_..][epoch:  0, iter:   1,572, lr:(1.946e-04,2.433e-05,)] [eta: 9:25:21, time (data): 2.503 (0.002)] l_pix: 2.9278e-02 
2025-11-21 18:14:21,134 INFO: [IART_..][epoch:  0, iter:   1,573, lr:(1.946e-04,2.433e-05,)] [eta: 9:25:18, time (data): 2.503 (0.002)] l_pix: 1.8123e-02 
2025-11-21 18:14:23,593 INFO: [IART_..][epoch:  0, iter:   1,574, lr:(1.946e-04,2.433e-05,)] [eta: 9:25:15, time (data): 2.502 (0.002)] l_pix: 2.6183e-02 
2025-11-21 18:14:26,068 INFO: [IART_..][epoch:  0, iter:   1,575, lr:(1.946e-04,2.433e-05,)] [eta: 9:25:12, time (data): 2.502 (0.002)] l_pix: 2.9936e-02 
2025-11-21 18:14:28,585 INFO: [IART_..][epoch:  0, iter:   1,576, lr:(1.946e-04,2.433e-05,)] [eta: 9:25:09, time (data): 2.502 (0.002)] l_pix: 2.5007e-02 
2025-11-21 18:14:31,028 INFO: [IART_..][epoch:  0, iter:   1,577, lr:(1.946e-04,2.433e-05,)] [eta: 9:25:06, time (data): 2.502 (0.002)] l_pix: 2.2019e-02 
2025-11-21 18:14:33,482 INFO: [IART_..][epoch:  0, iter:   1,578, lr:(1.946e-04,2.433e-05,)] [eta: 9:25:03, time (data): 2.502 (0.002)] l_pix: 1.7780e-02 
2025-11-21 18:14:35,951 INFO: [IART_..][epoch:  0, iter:   1,579, lr:(1.946e-04,2.433e-05,)] [eta: 9:25:00, time (data): 2.501 (0.002)] l_pix: 4.6531e-02 
2025-11-21 18:14:38,438 INFO: [IART_..][epoch:  0, iter:   1,580, lr:(1.946e-04,2.433e-05,)] [eta: 9:24:57, time (data): 2.501 (0.002)] l_pix: 1.6797e-02 
2025-11-21 18:14:40,994 INFO: [IART_..][epoch:  0, iter:   1,581, lr:(1.946e-04,2.432e-05,)] [eta: 9:24:55, time (data): 2.502 (0.002)] l_pix: 2.3834e-02 
2025-11-21 18:14:43,478 INFO: [IART_..][epoch:  0, iter:   1,582, lr:(1.946e-04,2.432e-05,)] [eta: 9:24:52, time (data): 2.501 (0.002)] l_pix: 1.9822e-02 
2025-11-21 18:14:46,062 INFO: [IART_..][epoch:  0, iter:   1,583, lr:(1.946e-04,2.432e-05,)] [eta: 9:24:50, time (data): 2.502 (0.002)] l_pix: 3.6978e-02 
2025-11-21 18:14:48,524 INFO: [IART_..][epoch:  0, iter:   1,584, lr:(1.946e-04,2.432e-05,)] [eta: 9:24:47, time (data): 2.502 (0.002)] l_pix: 2.1208e-02 
2025-11-21 18:14:50,946 INFO: [IART_..][epoch:  0, iter:   1,585, lr:(1.946e-04,2.432e-05,)] [eta: 9:24:43, time (data): 2.501 (0.002)] l_pix: 3.9869e-02 
2025-11-21 18:14:53,355 INFO: [IART_..][epoch:  0, iter:   1,586, lr:(1.945e-04,2.432e-05,)] [eta: 9:24:40, time (data): 2.501 (0.002)] l_pix: 3.7048e-02 
2025-11-21 18:14:55,825 INFO: [IART_..][epoch:  0, iter:   1,587, lr:(1.945e-04,2.432e-05,)] [eta: 9:24:37, time (data): 2.501 (0.002)] l_pix: 2.2577e-02 
2025-11-21 18:14:58,245 INFO: [IART_..][epoch:  0, iter:   1,588, lr:(1.945e-04,2.432e-05,)] [eta: 9:24:33, time (data): 2.500 (0.002)] l_pix: 2.9168e-02 
2025-11-21 18:15:00,778 INFO: [IART_..][epoch:  0, iter:   1,589, lr:(1.945e-04,2.432e-05,)] [eta: 9:24:31, time (data): 2.500 (0.002)] l_pix: 3.7912e-02 
2025-11-21 18:15:03,177 INFO: [IART_..][epoch:  0, iter:   1,590, lr:(1.945e-04,2.432e-05,)] [eta: 9:24:27, time (data): 2.500 (0.002)] l_pix: 1.3023e-02 
2025-11-21 18:15:05,608 INFO: [IART_..][epoch:  0, iter:   1,591, lr:(1.945e-04,2.432e-05,)] [eta: 9:24:24, time (data): 2.499 (0.002)] l_pix: 2.1851e-02 
2025-11-21 18:15:08,020 INFO: [IART_..][epoch:  0, iter:   1,592, lr:(1.945e-04,2.432e-05,)] [eta: 9:24:21, time (data): 2.499 (0.002)] l_pix: 2.7583e-02 
2025-11-21 18:15:10,474 INFO: [IART_..][epoch:  0, iter:   1,593, lr:(1.945e-04,2.431e-05,)] [eta: 9:24:17, time (data): 2.499 (0.002)] l_pix: 4.7505e-02 
2025-11-21 18:15:13,124 INFO: [IART_..][epoch:  0, iter:   1,594, lr:(1.945e-04,2.431e-05,)] [eta: 9:24:16, time (data): 2.500 (0.002)] l_pix: 4.3437e-02 
2025-11-21 18:15:15,590 INFO: [IART_..][epoch:  0, iter:   1,595, lr:(1.945e-04,2.431e-05,)] [eta: 9:24:13, time (data): 2.499 (0.002)] l_pix: 1.7639e-02 
2025-11-21 18:15:18,167 INFO: [IART_..][epoch:  0, iter:   1,596, lr:(1.945e-04,2.431e-05,)] [eta: 9:24:11, time (data): 2.500 (0.002)] l_pix: 1.3924e-02 
2025-11-21 18:15:20,668 INFO: [IART_..][epoch:  0, iter:   1,597, lr:(1.945e-04,2.431e-05,)] [eta: 9:24:08, time (data): 2.500 (0.002)] l_pix: 2.9902e-02 
2025-11-21 18:15:23,106 INFO: [IART_..][epoch:  0, iter:   1,598, lr:(1.945e-04,2.431e-05,)] [eta: 9:24:05, time (data): 2.499 (0.002)] l_pix: 2.0238e-02 
2025-11-21 18:15:25,741 INFO: [IART_..][epoch:  0, iter:   1,599, lr:(1.945e-04,2.431e-05,)] [eta: 9:24:03, time (data): 2.500 (0.002)] l_pix: 3.5689e-02 
2025-11-21 18:15:28,205 INFO: [IART_..][epoch:  0, iter:   1,600, lr:(1.944e-04,2.431e-05,)] [eta: 9:24:00, time (data): 2.500 (0.002)] l_pix: 1.1753e-02 
2025-11-21 18:15:30,656 INFO: [IART_..][epoch:  0, iter:   1,601, lr:(1.944e-04,2.431e-05,)] [eta: 9:23:57, time (data): 2.500 (0.002)] l_pix: 1.7823e-02 
2025-11-21 18:15:33,060 INFO: [IART_..][epoch:  0, iter:   1,602, lr:(1.944e-04,2.431e-05,)] [eta: 9:23:53, time (data): 2.499 (0.002)] l_pix: 3.5011e-02 
2025-11-21 18:15:35,488 INFO: [IART_..][epoch:  0, iter:   1,603, lr:(1.944e-04,2.431e-05,)] [eta: 9:23:50, time (data): 2.499 (0.002)] l_pix: 1.8561e-02 
2025-11-21 18:15:37,977 INFO: [IART_..][epoch:  0, iter:   1,604, lr:(1.944e-04,2.430e-05,)] [eta: 9:23:47, time (data): 2.499 (0.002)] l_pix: 4.1797e-02 
2025-11-21 18:15:40,474 INFO: [IART_..][epoch:  0, iter:   1,605, lr:(1.944e-04,2.430e-05,)] [eta: 9:23:45, time (data): 2.499 (0.002)] l_pix: 2.3430e-02 
2025-11-21 18:15:42,896 INFO: [IART_..][epoch:  0, iter:   1,606, lr:(1.944e-04,2.430e-05,)] [eta: 9:23:41, time (data): 2.498 (0.002)] l_pix: 4.9359e-02 
2025-11-21 18:15:45,572 INFO: [IART_..][epoch:  0, iter:   1,607, lr:(1.944e-04,2.430e-05,)] [eta: 9:23:40, time (data): 2.499 (0.002)] l_pix: 2.1557e-02 
2025-11-21 18:15:47,965 INFO: [IART_..][epoch:  0, iter:   1,608, lr:(1.944e-04,2.430e-05,)] [eta: 9:23:36, time (data): 2.499 (0.002)] l_pix: 3.5013e-02 
2025-11-21 18:15:50,535 INFO: [IART_..][epoch:  0, iter:   1,609, lr:(1.944e-04,2.430e-05,)] [eta: 9:23:34, time (data): 2.570 (0.000)] l_pix: 2.9105e-02 
2025-11-21 18:15:52,990 INFO: [IART_..][epoch:  0, iter:   1,610, lr:(1.944e-04,2.430e-05,)] [eta: 9:23:31, time (data): 2.513 (0.000)] l_pix: 2.7181e-02 
2025-11-21 18:15:55,391 INFO: [IART_..][epoch:  0, iter:   1,611, lr:(1.944e-04,2.430e-05,)] [eta: 9:23:27, time (data): 2.475 (0.000)] l_pix: 2.9520e-02 
2025-11-21 18:15:57,855 INFO: [IART_..][epoch:  0, iter:   1,612, lr:(1.944e-04,2.430e-05,)] [eta: 9:23:24, time (data): 2.472 (0.000)] l_pix: 2.7554e-02 
2025-11-21 18:16:00,428 INFO: [IART_..][epoch:  0, iter:   1,613, lr:(1.944e-04,2.430e-05,)] [eta: 9:23:22, time (data): 2.493 (0.000)] l_pix: 3.6044e-02 
2025-11-21 18:16:02,871 INFO: [IART_..][epoch:  0, iter:   1,614, lr:(1.944e-04,2.430e-05,)] [eta: 9:23:19, time (data): 2.484 (0.000)] l_pix: 3.3564e-02 
2025-11-21 18:16:05,394 INFO: [IART_..][epoch:  0, iter:   1,615, lr:(1.943e-04,2.430e-05,)] [eta: 9:23:16, time (data): 2.490 (0.000)] l_pix: 5.2967e-02 
2025-11-21 18:16:07,858 INFO: [IART_..][epoch:  0, iter:   1,616, lr:(1.943e-04,2.429e-05,)] [eta: 9:23:13, time (data): 2.487 (0.000)] l_pix: 2.2656e-02 
2025-11-21 18:16:10,360 INFO: [IART_..][epoch:  0, iter:   1,617, lr:(1.943e-04,2.429e-05,)] [eta: 9:23:11, time (data): 2.488 (0.000)] l_pix: 2.3137e-02 
2025-11-21 18:16:12,855 INFO: [IART_..][epoch:  0, iter:   1,618, lr:(1.943e-04,2.429e-05,)] [eta: 9:23:08, time (data): 2.489 (0.000)] l_pix: 3.6061e-02 
2025-11-21 18:16:15,451 INFO: [IART_..][epoch:  0, iter:   1,619, lr:(1.943e-04,2.429e-05,)] [eta: 9:23:06, time (data): 2.499 (0.000)] l_pix: 1.8591e-02 
2025-11-21 18:16:17,960 INFO: [IART_..][epoch:  0, iter:   1,620, lr:(1.943e-04,2.429e-05,)] [eta: 9:23:03, time (data): 2.500 (0.001)] l_pix: 2.1456e-02 
2025-11-21 18:16:20,532 INFO: [IART_..][epoch:  0, iter:   1,621, lr:(1.943e-04,2.429e-05,)] [eta: 9:23:01, time (data): 2.505 (0.001)] l_pix: 1.7289e-02 
2025-11-21 18:16:23,011 INFO: [IART_..][epoch:  0, iter:   1,622, lr:(1.943e-04,2.429e-05,)] [eta: 9:22:58, time (data): 2.503 (0.001)] l_pix: 1.6379e-02 
2025-11-21 18:16:25,469 INFO: [IART_..][epoch:  0, iter:   1,623, lr:(1.943e-04,2.429e-05,)] [eta: 9:22:55, time (data): 2.500 (0.001)] l_pix: 2.3388e-02 
2025-11-21 18:16:27,923 INFO: [IART_..][epoch:  0, iter:   1,624, lr:(1.943e-04,2.429e-05,)] [eta: 9:22:52, time (data): 2.497 (0.001)] l_pix: 3.3933e-02 
2025-11-21 18:16:30,371 INFO: [IART_..][epoch:  0, iter:   1,625, lr:(1.943e-04,2.429e-05,)] [eta: 9:22:49, time (data): 2.494 (0.001)] l_pix: 2.3716e-02 
2025-11-21 18:16:32,804 INFO: [IART_..][epoch:  0, iter:   1,626, lr:(1.943e-04,2.429e-05,)] [eta: 9:22:46, time (data): 2.491 (0.001)] l_pix: 4.6116e-02 
2025-11-21 18:16:35,277 INFO: [IART_..][epoch:  0, iter:   1,627, lr:(1.943e-04,2.429e-05,)] [eta: 9:22:43, time (data): 2.490 (0.001)] l_pix: 2.5480e-02 
2025-11-21 18:16:37,713 INFO: [IART_..][epoch:  0, iter:   1,628, lr:(1.943e-04,2.428e-05,)] [eta: 9:22:39, time (data): 2.487 (0.001)] l_pix: 3.0362e-02 
2025-11-21 18:16:40,214 INFO: [IART_..][epoch:  0, iter:   1,629, lr:(1.942e-04,2.428e-05,)] [eta: 9:22:37, time (data): 2.488 (0.000)] l_pix: 3.5353e-02 
2025-11-21 18:16:42,680 INFO: [IART_..][epoch:  0, iter:   1,630, lr:(1.942e-04,2.428e-05,)] [eta: 9:22:34, time (data): 2.487 (0.001)] l_pix: 2.6029e-02 
2025-11-21 18:16:45,167 INFO: [IART_..][epoch:  0, iter:   1,631, lr:(1.942e-04,2.428e-05,)] [eta: 9:22:31, time (data): 2.487 (0.001)] l_pix: 3.6470e-02 
2025-11-21 18:16:47,660 INFO: [IART_..][epoch:  0, iter:   1,632, lr:(1.942e-04,2.428e-05,)] [eta: 9:22:28, time (data): 2.487 (0.001)] l_pix: 2.3768e-02 
2025-11-21 18:16:50,114 INFO: [IART_..][epoch:  0, iter:   1,633, lr:(1.942e-04,2.428e-05,)] [eta: 9:22:25, time (data): 2.486 (0.000)] l_pix: 3.2669e-02 
2025-11-21 18:16:52,512 INFO: [IART_..][epoch:  0, iter:   1,634, lr:(1.942e-04,2.428e-05,)] [eta: 9:22:21, time (data): 2.483 (0.001)] l_pix: 2.7679e-02 
2025-11-21 18:16:55,030 INFO: [IART_..][epoch:  0, iter:   1,635, lr:(1.942e-04,2.428e-05,)] [eta: 9:22:19, time (data): 2.484 (0.001)] l_pix: 3.5859e-02 
2025-11-21 18:16:57,531 INFO: [IART_..][epoch:  0, iter:   1,636, lr:(1.942e-04,2.428e-05,)] [eta: 9:22:16, time (data): 2.485 (0.001)] l_pix: 3.3471e-02 
2025-11-21 18:17:00,099 INFO: [IART_..][epoch:  0, iter:   1,637, lr:(1.942e-04,2.428e-05,)] [eta: 9:22:14, time (data): 2.487 (0.001)] l_pix: 3.4710e-02 
2025-11-21 18:17:02,636 INFO: [IART_..][epoch:  0, iter:   1,638, lr:(1.942e-04,2.428e-05,)] [eta: 9:22:12, time (data): 2.489 (0.001)] l_pix: 3.7910e-02 
2025-11-21 18:17:05,096 INFO: [IART_..][epoch:  0, iter:   1,639, lr:(1.942e-04,2.427e-05,)] [eta: 9:22:09, time (data): 2.488 (0.001)] l_pix: 4.5121e-02 
2025-11-21 18:17:07,694 INFO: [IART_..][epoch:  0, iter:   1,640, lr:(1.942e-04,2.427e-05,)] [eta: 9:22:07, time (data): 2.492 (0.001)] l_pix: 3.7779e-02 
2025-11-21 18:17:10,326 INFO: [IART_..][epoch:  0, iter:   1,641, lr:(1.942e-04,2.427e-05,)] [eta: 9:22:05, time (data): 2.496 (0.001)] l_pix: 3.9085e-02 
2025-11-21 18:17:12,840 INFO: [IART_..][epoch:  0, iter:   1,642, lr:(1.942e-04,2.427e-05,)] [eta: 9:22:02, time (data): 2.496 (0.001)] l_pix: 3.2837e-02 
2025-11-21 18:17:15,276 INFO: [IART_..][epoch:  0, iter:   1,643, lr:(1.941e-04,2.427e-05,)] [eta: 9:21:59, time (data): 2.495 (0.001)] l_pix: 1.6715e-02 
2025-11-21 18:17:17,818 INFO: [IART_..][epoch:  0, iter:   1,644, lr:(1.941e-04,2.427e-05,)] [eta: 9:21:57, time (data): 2.496 (0.001)] l_pix: 1.0775e-02 
2025-11-21 18:17:20,452 INFO: [IART_..][epoch:  0, iter:   1,645, lr:(1.941e-04,2.427e-05,)] [eta: 9:21:55, time (data): 2.500 (0.001)] l_pix: 4.0650e-02 
2025-11-21 18:17:22,977 INFO: [IART_..][epoch:  0, iter:   1,646, lr:(1.941e-04,2.427e-05,)] [eta: 9:21:53, time (data): 2.500 (0.001)] l_pix: 3.3589e-02 
2025-11-21 18:17:25,462 INFO: [IART_..][epoch:  0, iter:   1,647, lr:(1.941e-04,2.427e-05,)] [eta: 9:21:50, time (data): 2.500 (0.001)] l_pix: 2.9413e-02 
2025-11-21 18:17:27,942 INFO: [IART_..][epoch:  0, iter:   1,648, lr:(1.941e-04,2.427e-05,)] [eta: 9:21:47, time (data): 2.499 (0.001)] l_pix: 2.9134e-02 
2025-11-21 18:17:30,376 INFO: [IART_..][epoch:  0, iter:   1,649, lr:(1.941e-04,2.427e-05,)] [eta: 9:21:44, time (data): 2.498 (0.001)] l_pix: 3.5303e-02 
2025-11-21 18:17:32,847 INFO: [IART_..][epoch:  0, iter:   1,650, lr:(1.941e-04,2.426e-05,)] [eta: 9:21:41, time (data): 2.497 (0.001)] l_pix: 1.6719e-02 
2025-11-21 18:17:35,378 INFO: [IART_..][epoch:  0, iter:   1,651, lr:(1.941e-04,2.426e-05,)] [eta: 9:21:38, time (data): 2.498 (0.001)] l_pix: 8.9176e-03 
2025-11-21 18:17:37,884 INFO: [IART_..][epoch:  0, iter:   1,652, lr:(1.941e-04,2.426e-05,)] [eta: 9:21:35, time (data): 2.498 (0.001)] l_pix: 4.4114e-02 
2025-11-21 18:17:40,431 INFO: [IART_..][epoch:  0, iter:   1,653, lr:(1.941e-04,2.426e-05,)] [eta: 9:21:33, time (data): 2.499 (0.001)] l_pix: 2.3977e-02 
2025-11-21 18:17:42,960 INFO: [IART_..][epoch:  0, iter:   1,654, lr:(1.941e-04,2.426e-05,)] [eta: 9:21:31, time (data): 2.500 (0.001)] l_pix: 3.1663e-02 
2025-11-21 18:17:45,392 INFO: [IART_..][epoch:  0, iter:   1,655, lr:(1.941e-04,2.426e-05,)] [eta: 9:21:27, time (data): 2.498 (0.001)] l_pix: 1.8866e-02 
2025-11-21 18:17:47,875 INFO: [IART_..][epoch:  0, iter:   1,656, lr:(1.941e-04,2.426e-05,)] [eta: 9:21:24, time (data): 2.498 (0.001)] l_pix: 3.3243e-02 
2025-11-21 18:17:50,320 INFO: [IART_..][epoch:  0, iter:   1,657, lr:(1.940e-04,2.426e-05,)] [eta: 9:21:21, time (data): 2.497 (0.001)] l_pix: 3.8203e-02 
2025-11-21 18:17:52,851 INFO: [IART_..][epoch:  0, iter:   1,658, lr:(1.940e-04,2.426e-05,)] [eta: 9:21:19, time (data): 2.498 (0.001)] l_pix: 2.2739e-02 
2025-11-21 18:17:55,312 INFO: [IART_..][epoch:  0, iter:   1,659, lr:(1.940e-04,2.426e-05,)] [eta: 9:21:16, time (data): 2.497 (0.001)] l_pix: 1.4801e-02 
2025-11-21 18:17:57,809 INFO: [IART_..][epoch:  0, iter:   1,660, lr:(1.940e-04,2.426e-05,)] [eta: 9:21:13, time (data): 2.497 (0.001)] l_pix: 2.3904e-02 
2025-11-21 18:18:00,375 INFO: [IART_..][epoch:  0, iter:   1,661, lr:(1.940e-04,2.426e-05,)] [eta: 9:21:11, time (data): 2.498 (0.001)] l_pix: 8.8914e-03 
2025-11-21 18:18:02,787 INFO: [IART_..][epoch:  0, iter:   1,662, lr:(1.940e-04,2.425e-05,)] [eta: 9:21:07, time (data): 2.497 (0.001)] l_pix: 3.5702e-02 
2025-11-21 18:18:05,179 INFO: [IART_..][epoch:  0, iter:   1,663, lr:(1.940e-04,2.425e-05,)] [eta: 9:21:04, time (data): 2.495 (0.001)] l_pix: 9.4236e-03 
2025-11-21 18:18:07,625 INFO: [IART_..][epoch:  0, iter:   1,664, lr:(1.940e-04,2.425e-05,)] [eta: 9:21:01, time (data): 2.494 (0.001)] l_pix: 2.7641e-02 
2025-11-21 18:18:10,089 INFO: [IART_..][epoch:  0, iter:   1,665, lr:(1.940e-04,2.425e-05,)] [eta: 9:20:58, time (data): 2.493 (0.001)] l_pix: 3.0203e-02 
2025-11-21 18:18:12,697 INFO: [IART_..][epoch:  0, iter:   1,666, lr:(1.940e-04,2.425e-05,)] [eta: 9:20:56, time (data): 2.495 (0.001)] l_pix: 3.0779e-02 
2025-11-21 18:18:15,115 INFO: [IART_..][epoch:  0, iter:   1,667, lr:(1.940e-04,2.425e-05,)] [eta: 9:20:52, time (data): 2.494 (0.001)] l_pix: 2.9940e-02 
2025-11-21 18:18:17,574 INFO: [IART_..][epoch:  0, iter:   1,668, lr:(1.940e-04,2.425e-05,)] [eta: 9:20:49, time (data): 2.493 (0.001)] l_pix: 1.9701e-02 
2025-11-21 18:18:20,086 INFO: [IART_..][epoch:  0, iter:   1,669, lr:(1.940e-04,2.425e-05,)] [eta: 9:20:47, time (data): 2.494 (0.001)] l_pix: 2.2538e-02 
2025-11-21 18:18:22,590 INFO: [IART_..][epoch:  0, iter:   1,670, lr:(1.940e-04,2.425e-05,)] [eta: 9:20:44, time (data): 2.494 (0.001)] l_pix: 2.0134e-02 
2025-11-21 18:18:24,989 INFO: [IART_..][epoch:  0, iter:   1,671, lr:(1.939e-04,2.425e-05,)] [eta: 9:20:41, time (data): 2.492 (0.001)] l_pix: 1.7164e-02 
2025-11-21 18:18:27,423 INFO: [IART_..][epoch:  0, iter:   1,672, lr:(1.939e-04,2.425e-05,)] [eta: 9:20:37, time (data): 2.491 (0.001)] l_pix: 4.7685e-02 
2025-11-21 18:18:29,908 INFO: [IART_..][epoch:  0, iter:   1,673, lr:(1.939e-04,2.424e-05,)] [eta: 9:20:35, time (data): 2.491 (0.001)] l_pix: 3.5016e-02 
2025-11-21 18:18:32,381 INFO: [IART_..][epoch:  0, iter:   1,674, lr:(1.939e-04,2.424e-05,)] [eta: 9:20:32, time (data): 2.491 (0.001)] l_pix: 2.6927e-02 
2025-11-21 18:18:34,796 INFO: [IART_..][epoch:  0, iter:   1,675, lr:(1.939e-04,2.424e-05,)] [eta: 9:20:28, time (data): 2.490 (0.001)] l_pix: 2.7122e-02 
2025-11-21 18:18:37,261 INFO: [IART_..][epoch:  0, iter:   1,676, lr:(1.939e-04,2.424e-05,)] [eta: 9:20:25, time (data): 2.490 (0.001)] l_pix: 2.6685e-02 
2025-11-21 18:18:39,784 INFO: [IART_..][epoch:  0, iter:   1,677, lr:(1.939e-04,2.424e-05,)] [eta: 9:20:23, time (data): 2.490 (0.001)] l_pix: 3.9594e-02 
2025-11-21 18:18:42,250 INFO: [IART_..][epoch:  0, iter:   1,678, lr:(1.939e-04,2.424e-05,)] [eta: 9:20:20, time (data): 2.490 (0.001)] l_pix: 2.9847e-02 
2025-11-21 18:18:44,759 INFO: [IART_..][epoch:  0, iter:   1,679, lr:(1.939e-04,2.424e-05,)] [eta: 9:20:17, time (data): 2.490 (0.001)] l_pix: 1.4414e-02 
2025-11-21 18:18:47,276 INFO: [IART_..][epoch:  0, iter:   1,680, lr:(1.939e-04,2.424e-05,)] [eta: 9:20:14, time (data): 2.490 (0.001)] l_pix: 3.0778e-02 
2025-11-21 18:18:49,780 INFO: [IART_..][epoch:  0, iter:   1,681, lr:(1.939e-04,2.424e-05,)] [eta: 9:20:12, time (data): 2.491 (0.001)] l_pix: 2.3013e-02 
2025-11-21 18:18:52,300 INFO: [IART_..][epoch:  0, iter:   1,682, lr:(1.939e-04,2.424e-05,)] [eta: 9:20:09, time (data): 2.491 (0.001)] l_pix: 2.8818e-02 
2025-11-21 18:18:54,717 INFO: [IART_..][epoch:  0, iter:   1,683, lr:(1.939e-04,2.424e-05,)] [eta: 9:20:06, time (data): 2.490 (0.001)] l_pix: 2.0864e-02 
2025-11-21 18:18:57,177 INFO: [IART_..][epoch:  0, iter:   1,684, lr:(1.939e-04,2.423e-05,)] [eta: 9:20:03, time (data): 2.490 (0.001)] l_pix: 1.3970e-02 
2025-11-21 18:18:59,597 INFO: [IART_..][epoch:  0, iter:   1,685, lr:(1.938e-04,2.423e-05,)] [eta: 9:20:00, time (data): 2.489 (0.001)] l_pix: 3.0832e-02 
2025-11-21 18:19:02,089 INFO: [IART_..][epoch:  0, iter:   1,686, lr:(1.938e-04,2.423e-05,)] [eta: 9:19:57, time (data): 2.489 (0.001)] l_pix: 4.0720e-02 
2025-11-21 18:19:04,640 INFO: [IART_..][epoch:  0, iter:   1,687, lr:(1.938e-04,2.423e-05,)] [eta: 9:19:54, time (data): 2.489 (0.001)] l_pix: 2.2079e-02 
2025-11-21 18:19:07,312 INFO: [IART_..][epoch:  0, iter:   1,688, lr:(1.938e-04,2.423e-05,)] [eta: 9:19:53, time (data): 2.492 (0.001)] l_pix: 3.2784e-02 
2025-11-21 18:19:09,777 INFO: [IART_..][epoch:  0, iter:   1,689, lr:(1.938e-04,2.423e-05,)] [eta: 9:19:50, time (data): 2.491 (0.001)] l_pix: 1.5321e-02 
2025-11-21 18:19:12,246 INFO: [IART_..][epoch:  0, iter:   1,690, lr:(1.938e-04,2.423e-05,)] [eta: 9:19:47, time (data): 2.491 (0.001)] l_pix: 5.6092e-02 
2025-11-21 18:19:14,690 INFO: [IART_..][epoch:  0, iter:   1,691, lr:(1.938e-04,2.423e-05,)] [eta: 9:19:44, time (data): 2.491 (0.001)] l_pix: 2.6920e-02 
2025-11-21 18:19:17,243 INFO: [IART_..][epoch:  0, iter:   1,692, lr:(1.938e-04,2.423e-05,)] [eta: 9:19:42, time (data): 2.491 (0.001)] l_pix: 3.0577e-02 
2025-11-21 18:19:19,699 INFO: [IART_..][epoch:  0, iter:   1,693, lr:(1.938e-04,2.423e-05,)] [eta: 9:19:39, time (data): 2.491 (0.001)] l_pix: 1.8230e-02 
2025-11-21 18:19:22,243 INFO: [IART_..][epoch:  0, iter:   1,694, lr:(1.938e-04,2.423e-05,)] [eta: 9:19:36, time (data): 2.491 (0.001)] l_pix: 4.0923e-02 
2025-11-21 18:19:24,849 INFO: [IART_..][epoch:  0, iter:   1,695, lr:(1.938e-04,2.422e-05,)] [eta: 9:19:34, time (data): 2.493 (0.001)] l_pix: 1.3812e-02 
2025-11-21 18:19:27,369 INFO: [IART_..][epoch:  0, iter:   1,696, lr:(1.938e-04,2.422e-05,)] [eta: 9:19:32, time (data): 2.493 (0.001)] l_pix: 5.0076e-02 
2025-11-21 18:19:29,959 INFO: [IART_..][epoch:  0, iter:   1,697, lr:(1.938e-04,2.422e-05,)] [eta: 9:19:30, time (data): 2.494 (0.001)] l_pix: 1.9724e-02 
2025-11-21 18:19:32,373 INFO: [IART_..][epoch:  0, iter:   1,698, lr:(1.938e-04,2.422e-05,)] [eta: 9:19:26, time (data): 2.493 (0.001)] l_pix: 2.5076e-02 
2025-11-21 18:19:34,779 INFO: [IART_..][epoch:  0, iter:   1,699, lr:(1.937e-04,2.422e-05,)] [eta: 9:19:23, time (data): 2.492 (0.001)] l_pix: 2.5406e-02 
2025-11-21 18:19:37,237 INFO: [IART_..][epoch:  0, iter:   1,700, lr:(1.937e-04,2.422e-05,)] [eta: 9:19:20, time (data): 2.492 (0.001)] l_pix: 2.8082e-02 
2025-11-21 18:19:39,716 INFO: [IART_..][epoch:  0, iter:   1,701, lr:(1.937e-04,2.422e-05,)] [eta: 9:19:17, time (data): 2.492 (0.001)] l_pix: 3.5296e-02 
2025-11-21 18:19:42,298 INFO: [IART_..][epoch:  0, iter:   1,702, lr:(1.937e-04,2.422e-05,)] [eta: 9:19:15, time (data): 2.493 (0.001)] l_pix: 7.9739e-03 
2025-11-21 18:19:44,867 INFO: [IART_..][epoch:  0, iter:   1,703, lr:(1.937e-04,2.422e-05,)] [eta: 9:19:13, time (data): 2.494 (0.001)] l_pix: 1.2901e-02 
2025-11-21 18:19:47,443 INFO: [IART_..][epoch:  0, iter:   1,704, lr:(1.937e-04,2.422e-05,)] [eta: 9:19:11, time (data): 2.494 (0.001)] l_pix: 1.7663e-02 
2025-11-21 18:19:49,960 INFO: [IART_..][epoch:  0, iter:   1,705, lr:(1.937e-04,2.422e-05,)] [eta: 9:19:08, time (data): 2.495 (0.001)] l_pix: 3.6385e-02 
2025-11-21 18:19:52,546 INFO: [IART_..][epoch:  0, iter:   1,706, lr:(1.937e-04,2.421e-05,)] [eta: 9:19:06, time (data): 2.496 (0.001)] l_pix: 2.9216e-02 
2025-11-21 18:19:55,079 INFO: [IART_..][epoch:  0, iter:   1,707, lr:(1.937e-04,2.421e-05,)] [eta: 9:19:04, time (data): 2.496 (0.001)] l_pix: 2.7668e-02 
2025-11-21 18:19:57,646 INFO: [IART_..][epoch:  0, iter:   1,708, lr:(1.937e-04,2.421e-05,)] [eta: 9:19:02, time (data): 2.497 (0.001)] l_pix: 2.4569e-02 
2025-11-21 18:20:00,139 INFO: [IART_..][epoch:  0, iter:   1,709, lr:(1.937e-04,2.421e-05,)] [eta: 9:18:59, time (data): 2.497 (0.001)] l_pix: 1.3153e-02 
2025-11-21 18:20:02,659 INFO: [IART_..][epoch:  0, iter:   1,710, lr:(1.937e-04,2.421e-05,)] [eta: 9:18:56, time (data): 2.497 (0.001)] l_pix: 4.4656e-02 
2025-11-21 18:20:05,103 INFO: [IART_..][epoch:  0, iter:   1,711, lr:(1.937e-04,2.421e-05,)] [eta: 9:18:53, time (data): 2.496 (0.001)] l_pix: 3.1117e-02 
2025-11-21 18:20:07,543 INFO: [IART_..][epoch:  0, iter:   1,712, lr:(1.937e-04,2.421e-05,)] [eta: 9:18:50, time (data): 2.496 (0.001)] l_pix: 3.9233e-02 
2025-11-21 18:20:10,066 INFO: [IART_..][epoch:  0, iter:   1,713, lr:(1.936e-04,2.421e-05,)] [eta: 9:18:47, time (data): 2.496 (0.001)] l_pix: 3.4636e-02 
2025-11-21 18:20:12,562 INFO: [IART_..][epoch:  0, iter:   1,714, lr:(1.936e-04,2.421e-05,)] [eta: 9:18:45, time (data): 2.496 (0.001)] l_pix: 3.2929e-02 
2025-11-21 18:20:15,090 INFO: [IART_..][epoch:  0, iter:   1,715, lr:(1.936e-04,2.421e-05,)] [eta: 9:18:42, time (data): 2.496 (0.001)] l_pix: 2.7189e-02 
2025-11-21 18:20:17,586 INFO: [IART_..][epoch:  0, iter:   1,716, lr:(1.936e-04,2.421e-05,)] [eta: 9:18:39, time (data): 2.496 (0.001)] l_pix: 3.5223e-02 
2025-11-21 18:20:20,031 INFO: [IART_..][epoch:  0, iter:   1,717, lr:(1.936e-04,2.420e-05,)] [eta: 9:18:36, time (data): 2.496 (0.001)] l_pix: 1.2168e-02 
2025-11-21 18:20:22,504 INFO: [IART_..][epoch:  0, iter:   1,718, lr:(1.936e-04,2.420e-05,)] [eta: 9:18:33, time (data): 2.496 (0.001)] l_pix: 2.6132e-02 
2025-11-21 18:20:24,931 INFO: [IART_..][epoch:  0, iter:   1,719, lr:(1.936e-04,2.420e-05,)] [eta: 9:18:30, time (data): 2.495 (0.001)] l_pix: 2.0907e-02 
2025-11-21 18:20:27,360 INFO: [IART_..][epoch:  0, iter:   1,720, lr:(1.936e-04,2.420e-05,)] [eta: 9:18:27, time (data): 2.494 (0.001)] l_pix: 2.7123e-02 
2025-11-21 18:20:29,803 INFO: [IART_..][epoch:  0, iter:   1,721, lr:(1.936e-04,2.420e-05,)] [eta: 9:18:24, time (data): 2.494 (0.001)] l_pix: 2.7714e-02 
2025-11-21 18:20:32,269 INFO: [IART_..][epoch:  0, iter:   1,722, lr:(1.936e-04,2.420e-05,)] [eta: 9:18:21, time (data): 2.494 (0.001)] l_pix: 4.5686e-02 
2025-11-21 18:20:34,745 INFO: [IART_..][epoch:  0, iter:   1,723, lr:(1.936e-04,2.420e-05,)] [eta: 9:18:18, time (data): 2.493 (0.001)] l_pix: 2.2807e-02 
2025-11-21 18:20:37,396 INFO: [IART_..][epoch:  0, iter:   1,724, lr:(1.936e-04,2.420e-05,)] [eta: 9:18:16, time (data): 2.495 (0.001)] l_pix: 3.2356e-02 
2025-11-21 18:20:39,940 INFO: [IART_..][epoch:  0, iter:   1,725, lr:(1.936e-04,2.420e-05,)] [eta: 9:18:14, time (data): 2.495 (0.001)] l_pix: 3.1365e-02 
2025-11-21 18:20:42,403 INFO: [IART_..][epoch:  0, iter:   1,726, lr:(1.935e-04,2.420e-05,)] [eta: 9:18:11, time (data): 2.495 (0.001)] l_pix: 2.4591e-02 
2025-11-21 18:20:44,922 INFO: [IART_..][epoch:  0, iter:   1,727, lr:(1.935e-04,2.420e-05,)] [eta: 9:18:08, time (data): 2.495 (0.001)] l_pix: 3.6252e-02 
2025-11-21 18:20:47,469 INFO: [IART_..][epoch:  0, iter:   1,728, lr:(1.935e-04,2.419e-05,)] [eta: 9:18:06, time (data): 2.496 (0.001)] l_pix: 3.7306e-02 
2025-11-21 18:20:49,968 INFO: [IART_..][epoch:  0, iter:   1,729, lr:(1.935e-04,2.419e-05,)] [eta: 9:18:03, time (data): 2.496 (0.001)] l_pix: 2.2582e-02 
2025-11-21 18:20:52,732 INFO: [IART_..][epoch:  0, iter:   1,730, lr:(1.935e-04,2.419e-05,)] [eta: 9:18:03, time (data): 2.498 (0.001)] l_pix: 4.0915e-02 
2025-11-21 18:20:55,243 INFO: [IART_..][epoch:  0, iter:   1,731, lr:(1.935e-04,2.419e-05,)] [eta: 9:18:00, time (data): 2.498 (0.001)] l_pix: 2.4693e-02 
2025-11-21 18:20:57,767 INFO: [IART_..][epoch:  0, iter:   1,732, lr:(1.935e-04,2.419e-05,)] [eta: 9:17:58, time (data): 2.498 (0.001)] l_pix: 2.4427e-02 
2025-11-21 18:21:00,230 INFO: [IART_..][epoch:  0, iter:   1,733, lr:(1.935e-04,2.419e-05,)] [eta: 9:17:55, time (data): 2.498 (0.001)] l_pix: 1.9103e-02 
2025-11-21 18:21:02,684 INFO: [IART_..][epoch:  0, iter:   1,734, lr:(1.935e-04,2.419e-05,)] [eta: 9:17:51, time (data): 2.498 (0.001)] l_pix: 4.2413e-02 
2025-11-21 18:21:05,150 INFO: [IART_..][epoch:  0, iter:   1,735, lr:(1.935e-04,2.419e-05,)] [eta: 9:17:49, time (data): 2.497 (0.001)] l_pix: 3.7708e-02 
2025-11-21 18:21:07,597 INFO: [IART_..][epoch:  0, iter:   1,736, lr:(1.935e-04,2.419e-05,)] [eta: 9:17:45, time (data): 2.497 (0.001)] l_pix: 2.1344e-02 
2025-11-21 18:21:10,075 INFO: [IART_..][epoch:  0, iter:   1,737, lr:(1.935e-04,2.419e-05,)] [eta: 9:17:43, time (data): 2.497 (0.001)] l_pix: 3.0811e-02 
2025-11-21 18:21:12,530 INFO: [IART_..][epoch:  0, iter:   1,738, lr:(1.935e-04,2.419e-05,)] [eta: 9:17:40, time (data): 2.496 (0.001)] l_pix: 2.7930e-02 
2025-11-21 18:21:15,054 INFO: [IART_..][epoch:  0, iter:   1,739, lr:(1.935e-04,2.418e-05,)] [eta: 9:17:37, time (data): 2.497 (0.001)] l_pix: 3.1298e-02 
2025-11-21 18:21:17,534 INFO: [IART_..][epoch:  0, iter:   1,740, lr:(1.934e-04,2.418e-05,)] [eta: 9:17:34, time (data): 2.496 (0.001)] l_pix: 1.4003e-02 
2025-11-21 18:21:19,958 INFO: [IART_..][epoch:  0, iter:   1,741, lr:(1.934e-04,2.418e-05,)] [eta: 9:17:31, time (data): 2.496 (0.001)] l_pix: 2.4841e-02 
2025-11-21 18:21:22,360 INFO: [IART_..][epoch:  0, iter:   1,742, lr:(1.934e-04,2.418e-05,)] [eta: 9:17:27, time (data): 2.495 (0.001)] l_pix: 1.4208e-02 
2025-11-21 18:21:24,979 INFO: [IART_..][epoch:  0, iter:   1,743, lr:(1.934e-04,2.418e-05,)] [eta: 9:17:26, time (data): 2.496 (0.001)] l_pix: 2.8652e-02 
2025-11-21 18:21:27,407 INFO: [IART_..][epoch:  0, iter:   1,744, lr:(1.934e-04,2.418e-05,)] [eta: 9:17:22, time (data): 2.496 (0.001)] l_pix: 3.2472e-02 
2025-11-21 18:21:29,996 INFO: [IART_..][epoch:  0, iter:   1,745, lr:(1.934e-04,2.418e-05,)] [eta: 9:17:20, time (data): 2.496 (0.001)] l_pix: 2.2108e-02 
2025-11-21 18:21:32,527 INFO: [IART_..][epoch:  0, iter:   1,746, lr:(1.934e-04,2.418e-05,)] [eta: 9:17:18, time (data): 2.497 (0.001)] l_pix: 1.9946e-02 
2025-11-21 18:21:34,988 INFO: [IART_..][epoch:  0, iter:   1,747, lr:(1.934e-04,2.418e-05,)] [eta: 9:17:15, time (data): 2.496 (0.001)] l_pix: 2.7022e-02 
2025-11-21 18:21:37,703 INFO: [IART_..][epoch:  0, iter:   1,748, lr:(1.934e-04,2.418e-05,)] [eta: 9:17:14, time (data): 2.498 (0.001)] l_pix: 3.5993e-02 
2025-11-21 18:21:40,107 INFO: [IART_..][epoch:  0, iter:   1,749, lr:(1.934e-04,2.417e-05,)] [eta: 9:17:10, time (data): 2.497 (0.001)] l_pix: 2.9656e-02 
2025-11-21 18:21:42,494 INFO: [IART_..][epoch:  0, iter:   1,750, lr:(1.934e-04,2.417e-05,)] [eta: 9:17:07, time (data): 2.496 (0.001)] l_pix: 1.6304e-02 
2025-11-21 18:21:44,951 INFO: [IART_..][epoch:  0, iter:   1,751, lr:(1.934e-04,2.417e-05,)] [eta: 9:17:04, time (data): 2.496 (0.001)] l_pix: 2.9637e-02 
2025-11-21 18:21:47,406 INFO: [IART_..][epoch:  0, iter:   1,752, lr:(1.934e-04,2.417e-05,)] [eta: 9:17:01, time (data): 2.496 (0.001)] l_pix: 1.8092e-02 
2025-11-21 18:21:49,817 INFO: [IART_..][epoch:  0, iter:   1,753, lr:(1.933e-04,2.417e-05,)] [eta: 9:16:57, time (data): 2.495 (0.001)] l_pix: 2.3653e-02 
2025-11-21 18:21:52,414 INFO: [IART_..][epoch:  0, iter:   1,754, lr:(1.933e-04,2.417e-05,)] [eta: 9:16:55, time (data): 2.496 (0.001)] l_pix: 2.5290e-02 
2025-11-21 18:21:54,949 INFO: [IART_..][epoch:  0, iter:   1,755, lr:(1.933e-04,2.417e-05,)] [eta: 9:16:53, time (data): 2.496 (0.001)] l_pix: 2.5472e-02 
2025-11-21 18:21:57,461 INFO: [IART_..][epoch:  0, iter:   1,756, lr:(1.933e-04,2.417e-05,)] [eta: 9:16:50, time (data): 2.496 (0.001)] l_pix: 2.7225e-02 
2025-11-21 18:22:00,034 INFO: [IART_..][epoch:  0, iter:   1,757, lr:(1.933e-04,2.417e-05,)] [eta: 9:16:48, time (data): 2.497 (0.001)] l_pix: 1.2311e-02 
2025-11-21 18:22:02,677 INFO: [IART_..][epoch:  0, iter:   1,758, lr:(1.933e-04,2.417e-05,)] [eta: 9:16:47, time (data): 2.498 (0.001)] l_pix: 3.3421e-02 
2025-11-21 18:22:05,401 INFO: [IART_..][epoch:  0, iter:   1,759, lr:(1.933e-04,2.417e-05,)] [eta: 9:16:46, time (data): 2.499 (0.001)] l_pix: 1.6479e-02 
2025-11-21 18:22:07,892 INFO: [IART_..][epoch:  0, iter:   1,760, lr:(1.933e-04,2.416e-05,)] [eta: 9:16:43, time (data): 2.499 (0.001)] l_pix: 2.4081e-02 
2025-11-21 18:22:10,411 INFO: [IART_..][epoch:  0, iter:   1,761, lr:(1.933e-04,2.416e-05,)] [eta: 9:16:40, time (data): 2.499 (0.001)] l_pix: 3.8077e-02 
2025-11-21 18:22:12,828 INFO: [IART_..][epoch:  0, iter:   1,762, lr:(1.933e-04,2.416e-05,)] [eta: 9:16:37, time (data): 2.499 (0.001)] l_pix: 3.7988e-02 
2025-11-21 18:22:15,597 INFO: [IART_..][epoch:  0, iter:   1,763, lr:(1.933e-04,2.416e-05,)] [eta: 9:16:36, time (data): 2.501 (0.001)] l_pix: 4.8221e-02 
2025-11-21 18:22:18,152 INFO: [IART_..][epoch:  0, iter:   1,764, lr:(1.933e-04,2.416e-05,)] [eta: 9:16:34, time (data): 2.501 (0.001)] l_pix: 3.2408e-02 
2025-11-21 18:22:20,649 INFO: [IART_..][epoch:  0, iter:   1,765, lr:(1.933e-04,2.416e-05,)] [eta: 9:16:31, time (data): 2.501 (0.001)] l_pix: 4.4155e-02 
2025-11-21 18:22:23,198 INFO: [IART_..][epoch:  0, iter:   1,766, lr:(1.932e-04,2.416e-05,)] [eta: 9:16:29, time (data): 2.501 (0.001)] l_pix: 3.2251e-02 
2025-11-21 18:22:25,663 INFO: [IART_..][epoch:  0, iter:   1,767, lr:(1.932e-04,2.416e-05,)] [eta: 9:16:26, time (data): 2.501 (0.001)] l_pix: 2.6716e-02 
2025-11-21 18:22:28,066 INFO: [IART_..][epoch:  0, iter:   1,768, lr:(1.932e-04,2.416e-05,)] [eta: 9:16:23, time (data): 2.500 (0.001)] l_pix: 2.8343e-02 
2025-11-21 18:22:30,494 INFO: [IART_..][epoch:  0, iter:   1,769, lr:(1.932e-04,2.416e-05,)] [eta: 9:16:19, time (data): 2.500 (0.001)] l_pix: 3.7308e-02 
2025-11-21 18:22:33,003 INFO: [IART_..][epoch:  0, iter:   1,770, lr:(1.932e-04,2.416e-05,)] [eta: 9:16:17, time (data): 2.500 (0.001)] l_pix: 2.3490e-02 
2025-11-21 18:22:35,484 INFO: [IART_..][epoch:  0, iter:   1,771, lr:(1.932e-04,2.415e-05,)] [eta: 9:16:14, time (data): 2.500 (0.001)] l_pix: 1.7785e-02 
2025-11-21 18:22:37,998 INFO: [IART_..][epoch:  0, iter:   1,772, lr:(1.932e-04,2.415e-05,)] [eta: 9:16:11, time (data): 2.500 (0.001)] l_pix: 3.4777e-02 
2025-11-21 18:22:40,455 INFO: [IART_..][epoch:  0, iter:   1,773, lr:(1.932e-04,2.415e-05,)] [eta: 9:16:08, time (data): 2.500 (0.001)] l_pix: 1.8703e-02 
2025-11-21 18:22:42,932 INFO: [IART_..][epoch:  0, iter:   1,774, lr:(1.932e-04,2.415e-05,)] [eta: 9:16:05, time (data): 2.500 (0.001)] l_pix: 3.4675e-02 
2025-11-21 18:22:45,406 INFO: [IART_..][epoch:  0, iter:   1,775, lr:(1.932e-04,2.415e-05,)] [eta: 9:16:03, time (data): 2.499 (0.001)] l_pix: 2.0398e-02 
2025-11-21 18:22:47,980 INFO: [IART_..][epoch:  0, iter:   1,776, lr:(1.932e-04,2.415e-05,)] [eta: 9:16:00, time (data): 2.500 (0.001)] l_pix: 3.9074e-02 
2025-11-21 18:22:50,540 INFO: [IART_..][epoch:  0, iter:   1,777, lr:(1.932e-04,2.415e-05,)] [eta: 9:15:58, time (data): 2.500 (0.001)] l_pix: 2.5680e-02 
2025-11-21 18:22:53,141 INFO: [IART_..][epoch:  0, iter:   1,778, lr:(1.932e-04,2.415e-05,)] [eta: 9:15:56, time (data): 2.501 (0.001)] l_pix: 1.6487e-02 
2025-11-21 18:22:55,638 INFO: [IART_..][epoch:  0, iter:   1,779, lr:(1.931e-04,2.415e-05,)] [eta: 9:15:54, time (data): 2.501 (0.001)] l_pix: 2.7874e-02 
2025-11-21 18:22:58,133 INFO: [IART_..][epoch:  0, iter:   1,780, lr:(1.931e-04,2.415e-05,)] [eta: 9:15:51, time (data): 2.501 (0.001)] l_pix: 2.3833e-02 
2025-11-21 18:23:00,534 INFO: [IART_..][epoch:  0, iter:   1,781, lr:(1.931e-04,2.414e-05,)] [eta: 9:15:47, time (data): 2.500 (0.001)] l_pix: 2.2703e-02 
2025-11-21 18:23:03,031 INFO: [IART_..][epoch:  0, iter:   1,782, lr:(1.931e-04,2.414e-05,)] [eta: 9:15:45, time (data): 2.500 (0.001)] l_pix: 1.7768e-02 
2025-11-21 18:23:05,471 INFO: [IART_..][epoch:  0, iter:   1,783, lr:(1.931e-04,2.414e-05,)] [eta: 9:15:42, time (data): 2.500 (0.001)] l_pix: 3.1198e-02 
2025-11-21 18:23:07,926 INFO: [IART_..][epoch:  0, iter:   1,784, lr:(1.931e-04,2.414e-05,)] [eta: 9:15:38, time (data): 2.500 (0.001)] l_pix: 3.0869e-02 
2025-11-21 18:23:10,440 INFO: [IART_..][epoch:  0, iter:   1,785, lr:(1.931e-04,2.414e-05,)] [eta: 9:15:36, time (data): 2.500 (0.001)] l_pix: 2.7827e-02 
2025-11-21 18:23:12,964 INFO: [IART_..][epoch:  0, iter:   1,786, lr:(1.931e-04,2.414e-05,)] [eta: 9:15:33, time (data): 2.500 (0.001)] l_pix: 2.3349e-02 
2025-11-21 18:23:15,450 INFO: [IART_..][epoch:  0, iter:   1,787, lr:(1.931e-04,2.414e-05,)] [eta: 9:15:31, time (data): 2.500 (0.001)] l_pix: 3.0146e-02 
2025-11-21 18:23:18,009 INFO: [IART_..][epoch:  0, iter:   1,788, lr:(1.931e-04,2.414e-05,)] [eta: 9:15:28, time (data): 2.500 (0.001)] l_pix: 2.9481e-02 
2025-11-21 18:23:20,560 INFO: [IART_..][epoch:  0, iter:   1,789, lr:(1.931e-04,2.414e-05,)] [eta: 9:15:26, time (data): 2.500 (0.001)] l_pix: 2.9683e-02 
2025-11-21 18:23:22,974 INFO: [IART_..][epoch:  0, iter:   1,790, lr:(1.931e-04,2.414e-05,)] [eta: 9:15:23, time (data): 2.500 (0.001)] l_pix: 4.1014e-02 
2025-11-21 18:23:25,404 INFO: [IART_..][epoch:  0, iter:   1,791, lr:(1.931e-04,2.414e-05,)] [eta: 9:15:19, time (data): 2.499 (0.001)] l_pix: 2.4522e-02 
2025-11-21 18:23:27,806 INFO: [IART_..][epoch:  0, iter:   1,792, lr:(1.931e-04,2.413e-05,)] [eta: 9:15:16, time (data): 2.499 (0.001)] l_pix: 1.3887e-02 
2025-11-21 18:23:30,350 INFO: [IART_..][epoch:  0, iter:   1,793, lr:(1.930e-04,2.413e-05,)] [eta: 9:15:14, time (data): 2.499 (0.001)] l_pix: 2.8314e-02 
2025-11-21 18:23:32,917 INFO: [IART_..][epoch:  0, iter:   1,794, lr:(1.930e-04,2.413e-05,)] [eta: 9:15:12, time (data): 2.500 (0.001)] l_pix: 3.7187e-02 
2025-11-21 18:23:35,445 INFO: [IART_..][epoch:  0, iter:   1,795, lr:(1.930e-04,2.413e-05,)] [eta: 9:15:09, time (data): 2.500 (0.001)] l_pix: 3.5020e-02 
2025-11-21 18:23:37,998 INFO: [IART_..][epoch:  0, iter:   1,796, lr:(1.930e-04,2.413e-05,)] [eta: 9:15:07, time (data): 2.500 (0.001)] l_pix: 2.4085e-02 
2025-11-21 18:23:40,452 INFO: [IART_..][epoch:  0, iter:   1,797, lr:(1.930e-04,2.413e-05,)] [eta: 9:15:04, time (data): 2.500 (0.001)] l_pix: 5.0947e-02 
2025-11-21 18:23:42,957 INFO: [IART_..][epoch:  0, iter:   1,798, lr:(1.930e-04,2.413e-05,)] [eta: 9:15:01, time (data): 2.500 (0.001)] l_pix: 1.5500e-02 
2025-11-21 18:23:45,420 INFO: [IART_..][epoch:  0, iter:   1,799, lr:(1.930e-04,2.413e-05,)] [eta: 9:14:58, time (data): 2.500 (0.001)] l_pix: 3.4978e-02 
2025-11-21 18:23:47,927 INFO: [IART_..][epoch:  0, iter:   1,800, lr:(1.930e-04,2.413e-05,)] [eta: 9:14:55, time (data): 2.500 (0.001)] l_pix: 3.1761e-02 
2025-11-21 18:23:50,386 INFO: [IART_..][epoch:  0, iter:   1,801, lr:(1.930e-04,2.413e-05,)] [eta: 9:14:52, time (data): 2.499 (0.001)] l_pix: 1.9876e-02 
2025-11-21 18:23:52,918 INFO: [IART_..][epoch:  0, iter:   1,802, lr:(1.930e-04,2.412e-05,)] [eta: 9:14:50, time (data): 2.500 (0.001)] l_pix: 4.3194e-02 
2025-11-21 18:23:55,327 INFO: [IART_..][epoch:  0, iter:   1,803, lr:(1.930e-04,2.412e-05,)] [eta: 9:14:47, time (data): 2.499 (0.001)] l_pix: 2.0503e-02 
2025-11-21 18:23:57,815 INFO: [IART_..][epoch:  0, iter:   1,804, lr:(1.930e-04,2.412e-05,)] [eta: 9:14:44, time (data): 2.499 (0.001)] l_pix: 2.3758e-02 
2025-11-21 18:24:00,290 INFO: [IART_..][epoch:  0, iter:   1,805, lr:(1.930e-04,2.412e-05,)] [eta: 9:14:41, time (data): 2.499 (0.001)] l_pix: 3.0315e-02 
2025-11-21 18:24:02,887 INFO: [IART_..][epoch:  0, iter:   1,806, lr:(1.929e-04,2.412e-05,)] [eta: 9:14:39, time (data): 2.499 (0.001)] l_pix: 1.5291e-02 
2025-11-21 18:24:05,403 INFO: [IART_..][epoch:  0, iter:   1,807, lr:(1.929e-04,2.412e-05,)] [eta: 9:14:36, time (data): 2.499 (0.001)] l_pix: 4.6331e-02 
2025-11-21 18:24:07,956 INFO: [IART_..][epoch:  0, iter:   1,808, lr:(1.929e-04,2.412e-05,)] [eta: 9:14:34, time (data): 2.500 (0.001)] l_pix: 3.3386e-02 
2025-11-21 18:24:10,511 INFO: [IART_..][epoch:  0, iter:   1,809, lr:(1.929e-04,2.412e-05,)] [eta: 9:14:32, time (data): 2.500 (0.001)] l_pix: 2.1696e-02 
2025-11-21 18:24:12,973 INFO: [IART_..][epoch:  0, iter:   1,810, lr:(1.929e-04,2.412e-05,)] [eta: 9:14:29, time (data): 2.463 (0.000)] l_pix: 4.4719e-02 
2025-11-21 18:24:15,429 INFO: [IART_..][epoch:  0, iter:   1,811, lr:(1.929e-04,2.412e-05,)] [eta: 9:14:26, time (data): 2.459 (0.000)] l_pix: 4.0308e-02 
2025-11-21 18:24:17,868 INFO: [IART_..][epoch:  0, iter:   1,812, lr:(1.929e-04,2.412e-05,)] [eta: 9:14:23, time (data): 2.452 (0.000)] l_pix: 3.6301e-02 
2025-11-21 18:24:20,342 INFO: [IART_..][epoch:  0, iter:   1,813, lr:(1.929e-04,2.411e-05,)] [eta: 9:14:20, time (data): 2.457 (0.000)] l_pix: 3.6287e-02 
2025-11-21 18:24:22,806 INFO: [IART_..][epoch:  0, iter:   1,814, lr:(1.929e-04,2.411e-05,)] [eta: 9:14:17, time (data): 2.459 (0.002)] l_pix: 1.9452e-02 
2025-11-21 18:24:25,298 INFO: [IART_..][epoch:  0, iter:   1,815, lr:(1.929e-04,2.411e-05,)] [eta: 9:14:14, time (data): 2.464 (0.002)] l_pix: 3.0153e-02 
2025-11-21 18:24:27,812 INFO: [IART_..][epoch:  0, iter:   1,816, lr:(1.929e-04,2.411e-05,)] [eta: 9:14:12, time (data): 2.471 (0.001)] l_pix: 4.3184e-02 
2025-11-21 18:24:30,433 INFO: [IART_..][epoch:  0, iter:   1,817, lr:(1.929e-04,2.411e-05,)] [eta: 9:14:10, time (data): 2.488 (0.001)] l_pix: 3.7057e-02 
2025-11-21 18:24:32,910 INFO: [IART_..][epoch:  0, iter:   1,818, lr:(1.928e-04,2.411e-05,)] [eta: 9:14:07, time (data): 2.487 (0.001)] l_pix: 3.5445e-02 
2025-11-21 18:24:35,418 INFO: [IART_..][epoch:  0, iter:   1,819, lr:(1.928e-04,2.411e-05,)] [eta: 9:14:04, time (data): 2.489 (0.002)] l_pix: 3.1273e-02 
2025-11-21 18:24:37,925 INFO: [IART_..][epoch:  0, iter:   1,820, lr:(1.928e-04,2.411e-05,)] [eta: 9:14:02, time (data): 2.491 (0.002)] l_pix: 1.7429e-02 
2025-11-21 18:24:40,409 INFO: [IART_..][epoch:  0, iter:   1,821, lr:(1.928e-04,2.411e-05,)] [eta: 9:13:59, time (data): 2.490 (0.002)] l_pix: 2.9597e-02 
2025-11-21 18:24:42,856 INFO: [IART_..][epoch:  0, iter:   1,822, lr:(1.928e-04,2.411e-05,)] [eta: 9:13:56, time (data): 2.487 (0.002)] l_pix: 2.8994e-02 
2025-11-21 18:24:45,340 INFO: [IART_..][epoch:  0, iter:   1,823, lr:(1.928e-04,2.410e-05,)] [eta: 9:13:53, time (data): 2.487 (0.001)] l_pix: 2.0205e-02 
2025-11-21 18:24:47,779 INFO: [IART_..][epoch:  0, iter:   1,824, lr:(1.928e-04,2.410e-05,)] [eta: 9:13:50, time (data): 2.484 (0.001)] l_pix: 2.6249e-02 
2025-11-21 18:24:50,240 INFO: [IART_..][epoch:  0, iter:   1,825, lr:(1.928e-04,2.410e-05,)] [eta: 9:13:47, time (data): 2.482 (0.001)] l_pix: 2.8936e-02 
2025-11-21 18:24:52,723 INFO: [IART_..][epoch:  0, iter:   1,826, lr:(1.928e-04,2.410e-05,)] [eta: 9:13:44, time (data): 2.482 (0.001)] l_pix: 2.0686e-02 
2025-11-21 18:24:55,197 INFO: [IART_..][epoch:  0, iter:   1,827, lr:(1.928e-04,2.410e-05,)] [eta: 9:13:41, time (data): 2.482 (0.001)] l_pix: 2.5681e-02 
2025-11-21 18:24:57,622 INFO: [IART_..][epoch:  0, iter:   1,828, lr:(1.928e-04,2.410e-05,)] [eta: 9:13:38, time (data): 2.479 (0.001)] l_pix: 2.5518e-02 
2025-11-21 18:25:00,143 INFO: [IART_..][epoch:  0, iter:   1,829, lr:(1.928e-04,2.410e-05,)] [eta: 9:13:36, time (data): 2.481 (0.002)] l_pix: 2.7407e-02 
2025-11-21 18:25:02,715 INFO: [IART_..][epoch:  0, iter:   1,830, lr:(1.928e-04,2.410e-05,)] [eta: 9:13:33, time (data): 2.485 (0.001)] l_pix: 1.9218e-02 
2025-11-21 18:25:05,159 INFO: [IART_..][epoch:  0, iter:   1,831, lr:(1.927e-04,2.410e-05,)] [eta: 9:13:30, time (data): 2.483 (0.001)] l_pix: 2.9973e-02 
2025-11-21 18:25:07,564 INFO: [IART_..][epoch:  0, iter:   1,832, lr:(1.927e-04,2.410e-05,)] [eta: 9:13:27, time (data): 2.480 (0.001)] l_pix: 4.0127e-02 
2025-11-21 18:25:10,031 INFO: [IART_..][epoch:  0, iter:   1,833, lr:(1.927e-04,2.409e-05,)] [eta: 9:13:24, time (data): 2.479 (0.001)] l_pix: 2.6691e-02 
2025-11-21 18:25:12,581 INFO: [IART_..][epoch:  0, iter:   1,834, lr:(1.927e-04,2.409e-05,)] [eta: 9:13:22, time (data): 2.482 (0.001)] l_pix: 2.5723e-02 
2025-11-21 18:25:14,982 INFO: [IART_..][epoch:  0, iter:   1,835, lr:(1.927e-04,2.409e-05,)] [eta: 9:13:18, time (data): 2.479 (0.002)] l_pix: 1.5644e-02 
2025-11-21 18:25:17,445 INFO: [IART_..][epoch:  0, iter:   1,836, lr:(1.927e-04,2.409e-05,)] [eta: 9:13:15, time (data): 2.478 (0.002)] l_pix: 3.5339e-02 
2025-11-21 18:25:19,918 INFO: [IART_..][epoch:  0, iter:   1,837, lr:(1.927e-04,2.409e-05,)] [eta: 9:13:12, time (data): 2.478 (0.002)] l_pix: 4.7648e-02 
2025-11-21 18:25:22,379 INFO: [IART_..][epoch:  0, iter:   1,838, lr:(1.927e-04,2.409e-05,)] [eta: 9:13:10, time (data): 2.478 (0.002)] l_pix: 3.5261e-02 
2025-11-21 18:25:24,781 INFO: [IART_..][epoch:  0, iter:   1,839, lr:(1.927e-04,2.409e-05,)] [eta: 9:13:06, time (data): 2.475 (0.002)] l_pix: 2.5388e-02 
2025-11-21 18:25:27,252 INFO: [IART_..][epoch:  0, iter:   1,840, lr:(1.927e-04,2.409e-05,)] [eta: 9:13:03, time (data): 2.475 (0.002)] l_pix: 2.5641e-02 
2025-11-21 18:25:29,765 INFO: [IART_..][epoch:  0, iter:   1,841, lr:(1.927e-04,2.409e-05,)] [eta: 9:13:01, time (data): 2.476 (0.002)] l_pix: 2.4703e-02 
2025-11-21 18:25:32,381 INFO: [IART_..][epoch:  0, iter:   1,842, lr:(1.927e-04,2.409e-05,)] [eta: 9:12:59, time (data): 2.480 (0.002)] l_pix: 3.0144e-02 
2025-11-21 18:25:34,927 INFO: [IART_..][epoch:  0, iter:   1,843, lr:(1.927e-04,2.408e-05,)] [eta: 9:12:56, time (data): 2.482 (0.002)] l_pix: 2.8074e-02 
2025-11-21 18:25:37,418 INFO: [IART_..][epoch:  0, iter:   1,844, lr:(1.926e-04,2.408e-05,)] [eta: 9:12:54, time (data): 2.482 (0.002)] l_pix: 3.7894e-02 
2025-11-21 18:25:39,909 INFO: [IART_..][epoch:  0, iter:   1,845, lr:(1.926e-04,2.408e-05,)] [eta: 9:12:51, time (data): 2.483 (0.002)] l_pix: 1.2937e-02 
2025-11-21 18:25:42,461 INFO: [IART_..][epoch:  0, iter:   1,846, lr:(1.926e-04,2.408e-05,)] [eta: 9:12:49, time (data): 2.484 (0.001)] l_pix: 1.9772e-02 
2025-11-21 18:25:44,976 INFO: [IART_..][epoch:  0, iter:   1,847, lr:(1.926e-04,2.408e-05,)] [eta: 9:12:46, time (data): 2.485 (0.001)] l_pix: 2.3161e-02 
2025-11-21 18:25:47,524 INFO: [IART_..][epoch:  0, iter:   1,848, lr:(1.926e-04,2.408e-05,)] [eta: 9:12:44, time (data): 2.487 (0.002)] l_pix: 3.0881e-02 
2025-11-21 18:25:49,990 INFO: [IART_..][epoch:  0, iter:   1,849, lr:(1.926e-04,2.408e-05,)] [eta: 9:12:41, time (data): 2.486 (0.002)] l_pix: 1.8949e-02 
2025-11-21 18:25:52,478 INFO: [IART_..][epoch:  0, iter:   1,850, lr:(1.926e-04,2.408e-05,)] [eta: 9:12:38, time (data): 2.486 (0.002)] l_pix: 1.7853e-02 
2025-11-21 18:25:54,909 INFO: [IART_..][epoch:  0, iter:   1,851, lr:(1.926e-04,2.408e-05,)] [eta: 9:12:35, time (data): 2.485 (0.002)] l_pix: 2.8099e-02 
2025-11-21 18:25:57,432 INFO: [IART_..][epoch:  0, iter:   1,852, lr:(1.926e-04,2.408e-05,)] [eta: 9:12:32, time (data): 2.486 (0.002)] l_pix: 2.3595e-02 
2025-11-21 18:25:59,917 INFO: [IART_..][epoch:  0, iter:   1,853, lr:(1.926e-04,2.408e-05,)] [eta: 9:12:30, time (data): 2.486 (0.002)] l_pix: 4.9073e-02 
2025-11-21 18:26:02,413 INFO: [IART_..][epoch:  0, iter:   1,854, lr:(1.926e-04,2.407e-05,)] [eta: 9:12:27, time (data): 2.486 (0.002)] l_pix: 2.2891e-02 
2025-11-21 18:26:04,852 INFO: [IART_..][epoch:  0, iter:   1,855, lr:(1.926e-04,2.407e-05,)] [eta: 9:12:24, time (data): 2.485 (0.002)] l_pix: 3.2413e-02 
2025-11-21 18:26:07,430 INFO: [IART_..][epoch:  0, iter:   1,856, lr:(1.926e-04,2.407e-05,)] [eta: 9:12:22, time (data): 2.487 (0.002)] l_pix: 3.3777e-02 
2025-11-21 18:26:09,920 INFO: [IART_..][epoch:  0, iter:   1,857, lr:(1.925e-04,2.407e-05,)] [eta: 9:12:19, time (data): 2.487 (0.002)] l_pix: 4.1228e-02 
2025-11-21 18:26:12,464 INFO: [IART_..][epoch:  0, iter:   1,858, lr:(1.925e-04,2.407e-05,)] [eta: 9:12:17, time (data): 2.488 (0.002)] l_pix: 2.1097e-02 
2025-11-21 18:26:14,979 INFO: [IART_..][epoch:  0, iter:   1,859, lr:(1.925e-04,2.407e-05,)] [eta: 9:12:14, time (data): 2.489 (0.002)] l_pix: 3.0663e-02 
2025-11-21 18:26:17,521 INFO: [IART_..][epoch:  0, iter:   1,860, lr:(1.925e-04,2.407e-05,)] [eta: 9:12:12, time (data): 2.490 (0.002)] l_pix: 2.9068e-02 
2025-11-21 18:26:20,069 INFO: [IART_..][epoch:  0, iter:   1,861, lr:(1.925e-04,2.407e-05,)] [eta: 9:12:09, time (data): 2.491 (0.001)] l_pix: 2.3839e-02 
2025-11-21 18:26:22,582 INFO: [IART_..][epoch:  0, iter:   1,862, lr:(1.925e-04,2.407e-05,)] [eta: 9:12:07, time (data): 2.491 (0.001)] l_pix: 2.9292e-02 
2025-11-21 18:26:25,141 INFO: [IART_..][epoch:  0, iter:   1,863, lr:(1.925e-04,2.407e-05,)] [eta: 9:12:04, time (data): 2.493 (0.001)] l_pix: 2.7952e-02 
2025-11-21 18:26:27,588 INFO: [IART_..][epoch:  0, iter:   1,864, lr:(1.925e-04,2.406e-05,)] [eta: 9:12:01, time (data): 2.492 (0.001)] l_pix: 5.1124e-02 
2025-11-21 18:26:30,075 INFO: [IART_..][epoch:  0, iter:   1,865, lr:(1.925e-04,2.406e-05,)] [eta: 9:11:59, time (data): 2.492 (0.001)] l_pix: 3.0919e-02 
2025-11-21 18:26:32,545 INFO: [IART_..][epoch:  0, iter:   1,866, lr:(1.925e-04,2.406e-05,)] [eta: 9:11:56, time (data): 2.491 (0.001)] l_pix: 3.2765e-02 
2025-11-21 18:26:35,022 INFO: [IART_..][epoch:  0, iter:   1,867, lr:(1.925e-04,2.406e-05,)] [eta: 9:11:53, time (data): 2.491 (0.002)] l_pix: 2.4205e-02 
2025-11-21 18:26:37,518 INFO: [IART_..][epoch:  0, iter:   1,868, lr:(1.925e-04,2.406e-05,)] [eta: 9:11:50, time (data): 2.491 (0.002)] l_pix: 4.0887e-02 
2025-11-21 18:26:40,020 INFO: [IART_..][epoch:  0, iter:   1,869, lr:(1.924e-04,2.406e-05,)] [eta: 9:11:48, time (data): 2.491 (0.001)] l_pix: 2.8786e-02 
2025-11-21 18:26:42,591 INFO: [IART_..][epoch:  0, iter:   1,870, lr:(1.924e-04,2.406e-05,)] [eta: 9:11:45, time (data): 2.493 (0.001)] l_pix: 5.1589e-02 
2025-11-21 18:26:45,139 INFO: [IART_..][epoch:  0, iter:   1,871, lr:(1.924e-04,2.406e-05,)] [eta: 9:11:43, time (data): 2.494 (0.001)] l_pix: 2.3570e-02 
2025-11-21 18:26:47,596 INFO: [IART_..][epoch:  0, iter:   1,872, lr:(1.924e-04,2.406e-05,)] [eta: 9:11:40, time (data): 2.493 (0.001)] l_pix: 3.8112e-02 
2025-11-21 18:26:50,123 INFO: [IART_..][epoch:  0, iter:   1,873, lr:(1.924e-04,2.406e-05,)] [eta: 9:11:38, time (data): 2.494 (0.001)] l_pix: 2.7404e-02 
2025-11-21 18:26:52,625 INFO: [IART_..][epoch:  0, iter:   1,874, lr:(1.924e-04,2.405e-05,)] [eta: 9:11:35, time (data): 2.494 (0.001)] l_pix: 1.8340e-02 
2025-11-21 18:26:55,105 INFO: [IART_..][epoch:  0, iter:   1,875, lr:(1.924e-04,2.405e-05,)] [eta: 9:11:32, time (data): 2.493 (0.001)] l_pix: 1.9392e-02 
2025-11-21 18:26:57,570 INFO: [IART_..][epoch:  0, iter:   1,876, lr:(1.924e-04,2.405e-05,)] [eta: 9:11:29, time (data): 2.493 (0.001)] l_pix: 1.5099e-02 
2025-11-21 18:27:00,022 INFO: [IART_..][epoch:  0, iter:   1,877, lr:(1.924e-04,2.405e-05,)] [eta: 9:11:26, time (data): 2.492 (0.001)] l_pix: 4.0792e-02 
2025-11-21 18:27:02,514 INFO: [IART_..][epoch:  0, iter:   1,878, lr:(1.924e-04,2.405e-05,)] [eta: 9:11:23, time (data): 2.492 (0.001)] l_pix: 3.3520e-02 
2025-11-21 18:27:05,011 INFO: [IART_..][epoch:  0, iter:   1,879, lr:(1.924e-04,2.405e-05,)] [eta: 9:11:21, time (data): 2.492 (0.001)] l_pix: 3.2534e-02 
2025-11-21 18:27:07,411 INFO: [IART_..][epoch:  0, iter:   1,880, lr:(1.924e-04,2.405e-05,)] [eta: 9:11:17, time (data): 2.491 (0.001)] l_pix: 2.9360e-02 
2025-11-21 18:27:09,983 INFO: [IART_..][epoch:  0, iter:   1,881, lr:(1.924e-04,2.405e-05,)] [eta: 9:11:15, time (data): 2.492 (0.001)] l_pix: 2.0641e-02 
2025-11-21 18:27:12,666 INFO: [IART_..][epoch:  0, iter:   1,882, lr:(1.923e-04,2.405e-05,)] [eta: 9:11:14, time (data): 2.495 (0.001)] l_pix: 2.8261e-02 
2025-11-21 18:27:15,119 INFO: [IART_..][epoch:  0, iter:   1,883, lr:(1.923e-04,2.405e-05,)] [eta: 9:11:11, time (data): 2.494 (0.001)] l_pix: 2.5191e-02 
2025-11-21 18:27:17,565 INFO: [IART_..][epoch:  0, iter:   1,884, lr:(1.923e-04,2.404e-05,)] [eta: 9:11:08, time (data): 2.494 (0.001)] l_pix: 3.2671e-02 
2025-11-21 18:27:20,045 INFO: [IART_..][epoch:  0, iter:   1,885, lr:(1.923e-04,2.404e-05,)] [eta: 9:11:05, time (data): 2.493 (0.001)] l_pix: 2.4360e-02 
2025-11-21 18:27:22,513 INFO: [IART_..][epoch:  0, iter:   1,886, lr:(1.923e-04,2.404e-05,)] [eta: 9:11:02, time (data): 2.493 (0.001)] l_pix: 3.4128e-02 
2025-11-21 18:27:25,044 INFO: [IART_..][epoch:  0, iter:   1,887, lr:(1.923e-04,2.404e-05,)] [eta: 9:11:00, time (data): 2.494 (0.001)] l_pix: 4.3787e-02 
2025-11-21 18:27:27,518 INFO: [IART_..][epoch:  0, iter:   1,888, lr:(1.923e-04,2.404e-05,)] [eta: 9:10:57, time (data): 2.493 (0.001)] l_pix: 2.8689e-02 
2025-11-21 18:27:29,927 INFO: [IART_..][epoch:  0, iter:   1,889, lr:(1.923e-04,2.404e-05,)] [eta: 9:10:54, time (data): 2.492 (0.001)] l_pix: 2.1937e-02 
2025-11-21 18:27:32,530 INFO: [IART_..][epoch:  0, iter:   1,890, lr:(1.923e-04,2.404e-05,)] [eta: 9:10:52, time (data): 2.494 (0.001)] l_pix: 1.9598e-02 
2025-11-21 18:27:35,009 INFO: [IART_..][epoch:  0, iter:   1,891, lr:(1.923e-04,2.404e-05,)] [eta: 9:10:49, time (data): 2.494 (0.001)] l_pix: 3.3487e-02 
2025-11-21 18:27:37,455 INFO: [IART_..][epoch:  0, iter:   1,892, lr:(1.923e-04,2.404e-05,)] [eta: 9:10:46, time (data): 2.493 (0.001)] l_pix: 2.7191e-02 
2025-11-21 18:27:39,896 INFO: [IART_..][epoch:  0, iter:   1,893, lr:(1.923e-04,2.404e-05,)] [eta: 9:10:43, time (data): 2.492 (0.001)] l_pix: 2.5006e-02 
2025-11-21 18:27:42,408 INFO: [IART_..][epoch:  0, iter:   1,894, lr:(1.922e-04,2.403e-05,)] [eta: 9:10:40, time (data): 2.493 (0.001)] l_pix: 3.9375e-02 
2025-11-21 18:27:44,946 INFO: [IART_..][epoch:  0, iter:   1,895, lr:(1.922e-04,2.403e-05,)] [eta: 9:10:38, time (data): 2.493 (0.001)] l_pix: 3.4678e-02 
2025-11-21 18:27:47,511 INFO: [IART_..][epoch:  0, iter:   1,896, lr:(1.922e-04,2.403e-05,)] [eta: 9:10:35, time (data): 2.494 (0.001)] l_pix: 6.1124e-02 
2025-11-21 18:27:50,063 INFO: [IART_..][epoch:  0, iter:   1,897, lr:(1.922e-04,2.403e-05,)] [eta: 9:10:33, time (data): 2.495 (0.001)] l_pix: 3.1161e-02 
2025-11-21 18:27:52,581 INFO: [IART_..][epoch:  0, iter:   1,898, lr:(1.922e-04,2.403e-05,)] [eta: 9:10:31, time (data): 2.495 (0.001)] l_pix: 1.8761e-02 
2025-11-21 18:27:55,209 INFO: [IART_..][epoch:  0, iter:   1,899, lr:(1.922e-04,2.403e-05,)] [eta: 9:10:29, time (data): 2.496 (0.001)] l_pix: 4.4205e-02 
2025-11-21 18:27:57,685 INFO: [IART_..][epoch:  0, iter:   1,900, lr:(1.922e-04,2.403e-05,)] [eta: 9:10:26, time (data): 2.496 (0.001)] l_pix: 2.0744e-02 
2025-11-21 18:28:00,119 INFO: [IART_..][epoch:  0, iter:   1,901, lr:(1.922e-04,2.403e-05,)] [eta: 9:10:23, time (data): 2.495 (0.001)] l_pix: 2.0371e-02 
2025-11-21 18:28:02,542 INFO: [IART_..][epoch:  0, iter:   1,902, lr:(1.922e-04,2.403e-05,)] [eta: 9:10:20, time (data): 2.495 (0.001)] l_pix: 2.7377e-02 
2025-11-21 18:28:04,985 INFO: [IART_..][epoch:  0, iter:   1,903, lr:(1.922e-04,2.403e-05,)] [eta: 9:10:17, time (data): 2.494 (0.001)] l_pix: 2.5110e-02 
2025-11-21 18:28:07,452 INFO: [IART_..][epoch:  0, iter:   1,904, lr:(1.922e-04,2.402e-05,)] [eta: 9:10:14, time (data): 2.494 (0.001)] l_pix: 2.0506e-02 
2025-11-21 18:28:09,890 INFO: [IART_..][epoch:  0, iter:   1,905, lr:(1.922e-04,2.402e-05,)] [eta: 9:10:11, time (data): 2.493 (0.001)] l_pix: 3.2010e-02 
2025-11-21 18:28:12,377 INFO: [IART_..][epoch:  0, iter:   1,906, lr:(1.921e-04,2.402e-05,)] [eta: 9:10:08, time (data): 2.493 (0.001)] l_pix: 3.5051e-02 
2025-11-21 18:28:14,996 INFO: [IART_..][epoch:  0, iter:   1,907, lr:(1.921e-04,2.402e-05,)] [eta: 9:10:06, time (data): 2.494 (0.001)] l_pix: 1.1095e-02 
2025-11-21 18:28:17,454 INFO: [IART_..][epoch:  0, iter:   1,908, lr:(1.921e-04,2.402e-05,)] [eta: 9:10:03, time (data): 2.494 (0.001)] l_pix: 2.8390e-02 
2025-11-21 18:28:19,932 INFO: [IART_..][epoch:  0, iter:   1,909, lr:(1.921e-04,2.402e-05,)] [eta: 9:10:00, time (data): 2.494 (0.001)] l_pix: 3.1193e-02 
2025-11-21 18:28:22,354 INFO: [IART_..][epoch:  0, iter:   1,910, lr:(1.921e-04,2.402e-05,)] [eta: 9:09:57, time (data): 2.493 (0.001)] l_pix: 2.3178e-02 
2025-11-21 18:28:24,769 INFO: [IART_..][epoch:  0, iter:   1,911, lr:(1.921e-04,2.402e-05,)] [eta: 9:09:54, time (data): 2.492 (0.001)] l_pix: 2.9375e-02 
2025-11-21 18:28:27,253 INFO: [IART_..][epoch:  0, iter:   1,912, lr:(1.921e-04,2.402e-05,)] [eta: 9:09:51, time (data): 2.492 (0.001)] l_pix: 2.6000e-02 
2025-11-21 18:28:29,700 INFO: [IART_..][epoch:  0, iter:   1,913, lr:(1.921e-04,2.402e-05,)] [eta: 9:09:48, time (data): 2.492 (0.001)] l_pix: 2.5173e-02 
2025-11-21 18:28:32,167 INFO: [IART_..][epoch:  0, iter:   1,914, lr:(1.921e-04,2.401e-05,)] [eta: 9:09:45, time (data): 2.491 (0.001)] l_pix: 1.8969e-02 
2025-11-21 18:28:34,710 INFO: [IART_..][epoch:  0, iter:   1,915, lr:(1.921e-04,2.401e-05,)] [eta: 9:09:43, time (data): 2.492 (0.001)] l_pix: 3.0377e-02 
2025-11-21 18:28:37,361 INFO: [IART_..][epoch:  0, iter:   1,916, lr:(1.921e-04,2.401e-05,)] [eta: 9:09:41, time (data): 2.493 (0.001)] l_pix: 2.0526e-02 
2025-11-21 18:28:39,865 INFO: [IART_..][epoch:  0, iter:   1,917, lr:(1.921e-04,2.401e-05,)] [eta: 9:09:38, time (data): 2.494 (0.001)] l_pix: 5.7384e-03 
2025-11-21 18:28:42,357 INFO: [IART_..][epoch:  0, iter:   1,918, lr:(1.921e-04,2.401e-05,)] [eta: 9:09:36, time (data): 2.494 (0.001)] l_pix: 2.2059e-02 
2025-11-21 18:28:44,818 INFO: [IART_..][epoch:  0, iter:   1,919, lr:(1.920e-04,2.401e-05,)] [eta: 9:09:33, time (data): 2.493 (0.001)] l_pix: 2.1840e-02 
2025-11-21 18:28:47,347 INFO: [IART_..][epoch:  0, iter:   1,920, lr:(1.920e-04,2.401e-05,)] [eta: 9:09:30, time (data): 2.494 (0.001)] l_pix: 4.3099e-02 
2025-11-21 18:28:49,915 INFO: [IART_..][epoch:  0, iter:   1,921, lr:(1.920e-04,2.401e-05,)] [eta: 9:09:28, time (data): 2.494 (0.001)] l_pix: 3.3643e-02 
2025-11-21 18:28:52,466 INFO: [IART_..][epoch:  0, iter:   1,922, lr:(1.920e-04,2.401e-05,)] [eta: 9:09:26, time (data): 2.495 (0.001)] l_pix: 1.4721e-02 
2025-11-21 18:28:54,939 INFO: [IART_..][epoch:  0, iter:   1,923, lr:(1.920e-04,2.400e-05,)] [eta: 9:09:23, time (data): 2.495 (0.001)] l_pix: 1.3566e-02 
2025-11-21 18:28:57,461 INFO: [IART_..][epoch:  0, iter:   1,924, lr:(1.920e-04,2.400e-05,)] [eta: 9:09:20, time (data): 2.495 (0.001)] l_pix: 4.2652e-02 
2025-11-21 18:29:00,030 INFO: [IART_..][epoch:  0, iter:   1,925, lr:(1.920e-04,2.400e-05,)] [eta: 9:09:18, time (data): 2.495 (0.001)] l_pix: 1.6641e-02 
2025-11-21 18:29:02,484 INFO: [IART_..][epoch:  0, iter:   1,926, lr:(1.920e-04,2.400e-05,)] [eta: 9:09:15, time (data): 2.495 (0.001)] l_pix: 3.6525e-02 
2025-11-21 18:29:04,955 INFO: [IART_..][epoch:  0, iter:   1,927, lr:(1.920e-04,2.400e-05,)] [eta: 9:09:12, time (data): 2.495 (0.001)] l_pix: 2.6172e-02 
2025-11-21 18:29:07,408 INFO: [IART_..][epoch:  0, iter:   1,928, lr:(1.920e-04,2.400e-05,)] [eta: 9:09:09, time (data): 2.495 (0.001)] l_pix: 1.3787e-02 
2025-11-21 18:29:09,907 INFO: [IART_..][epoch:  0, iter:   1,929, lr:(1.920e-04,2.400e-05,)] [eta: 9:09:07, time (data): 2.495 (0.001)] l_pix: 4.4961e-02 
2025-11-21 18:29:12,364 INFO: [IART_..][epoch:  0, iter:   1,930, lr:(1.920e-04,2.400e-05,)] [eta: 9:09:04, time (data): 2.494 (0.001)] l_pix: 1.4926e-02 
2025-11-21 18:29:14,880 INFO: [IART_..][epoch:  0, iter:   1,931, lr:(1.919e-04,2.400e-05,)] [eta: 9:09:01, time (data): 2.494 (0.001)] l_pix: 3.2901e-02 
2025-11-21 18:29:17,288 INFO: [IART_..][epoch:  0, iter:   1,932, lr:(1.919e-04,2.400e-05,)] [eta: 9:08:58, time (data): 2.494 (0.001)] l_pix: 1.8618e-02 
2025-11-21 18:29:19,810 INFO: [IART_..][epoch:  0, iter:   1,933, lr:(1.919e-04,2.399e-05,)] [eta: 9:08:55, time (data): 2.494 (0.001)] l_pix: 1.1614e-02 
2025-11-21 18:29:22,232 INFO: [IART_..][epoch:  0, iter:   1,934, lr:(1.919e-04,2.399e-05,)] [eta: 9:08:52, time (data): 2.493 (0.001)] l_pix: 4.1824e-02 
2025-11-21 18:29:24,717 INFO: [IART_..][epoch:  0, iter:   1,935, lr:(1.919e-04,2.399e-05,)] [eta: 9:08:50, time (data): 2.493 (0.001)] l_pix: 1.8094e-02 
2025-11-21 18:29:27,191 INFO: [IART_..][epoch:  0, iter:   1,936, lr:(1.919e-04,2.399e-05,)] [eta: 9:08:47, time (data): 2.493 (0.001)] l_pix: 1.4953e-02 
2025-11-21 18:29:29,753 INFO: [IART_..][epoch:  0, iter:   1,937, lr:(1.919e-04,2.399e-05,)] [eta: 9:08:44, time (data): 2.494 (0.001)] l_pix: 2.7785e-02 
2025-11-21 18:29:32,301 INFO: [IART_..][epoch:  0, iter:   1,938, lr:(1.919e-04,2.399e-05,)] [eta: 9:08:42, time (data): 2.494 (0.001)] l_pix: 5.6006e-02 
2025-11-21 18:29:34,955 INFO: [IART_..][epoch:  0, iter:   1,939, lr:(1.919e-04,2.399e-05,)] [eta: 9:08:40, time (data): 2.495 (0.001)] l_pix: 3.1096e-02 
2025-11-21 18:29:37,513 INFO: [IART_..][epoch:  0, iter:   1,940, lr:(1.919e-04,2.399e-05,)] [eta: 9:08:38, time (data): 2.496 (0.001)] l_pix: 1.0188e-02 
2025-11-21 18:29:39,943 INFO: [IART_..][epoch:  0, iter:   1,941, lr:(1.919e-04,2.399e-05,)] [eta: 9:08:35, time (data): 2.495 (0.001)] l_pix: 2.6544e-02 
2025-11-21 18:29:42,459 INFO: [IART_..][epoch:  0, iter:   1,942, lr:(1.919e-04,2.399e-05,)] [eta: 9:08:33, time (data): 2.495 (0.001)] l_pix: 1.9717e-02 
2025-11-21 18:29:44,951 INFO: [IART_..][epoch:  0, iter:   1,943, lr:(1.918e-04,2.398e-05,)] [eta: 9:08:30, time (data): 2.495 (0.001)] l_pix: 2.0586e-02 
2025-11-21 18:29:47,509 INFO: [IART_..][epoch:  0, iter:   1,944, lr:(1.918e-04,2.398e-05,)] [eta: 9:08:28, time (data): 2.496 (0.001)] l_pix: 2.4481e-02 
2025-11-21 18:29:49,921 INFO: [IART_..][epoch:  0, iter:   1,945, lr:(1.918e-04,2.398e-05,)] [eta: 9:08:24, time (data): 2.495 (0.001)] l_pix: 2.3375e-02 
2025-11-21 18:29:52,385 INFO: [IART_..][epoch:  0, iter:   1,946, lr:(1.918e-04,2.398e-05,)] [eta: 9:08:21, time (data): 2.495 (0.001)] l_pix: 2.6351e-02 
2025-11-21 18:29:54,821 INFO: [IART_..][epoch:  0, iter:   1,947, lr:(1.918e-04,2.398e-05,)] [eta: 9:08:18, time (data): 2.495 (0.001)] l_pix: 2.2080e-02 
2025-11-21 18:29:57,284 INFO: [IART_..][epoch:  0, iter:   1,948, lr:(1.918e-04,2.398e-05,)] [eta: 9:08:15, time (data): 2.494 (0.001)] l_pix: 2.5924e-02 
2025-11-21 18:29:59,746 INFO: [IART_..][epoch:  0, iter:   1,949, lr:(1.918e-04,2.398e-05,)] [eta: 9:08:12, time (data): 2.494 (0.001)] l_pix: 1.5709e-02 
2025-11-21 18:30:02,325 INFO: [IART_..][epoch:  0, iter:   1,950, lr:(1.918e-04,2.398e-05,)] [eta: 9:08:10, time (data): 2.495 (0.001)] l_pix: 3.3516e-02 
2025-11-21 18:30:04,887 INFO: [IART_..][epoch:  0, iter:   1,951, lr:(1.918e-04,2.398e-05,)] [eta: 9:08:08, time (data): 2.495 (0.001)] l_pix: 1.4639e-02 
2025-11-21 18:30:07,374 INFO: [IART_..][epoch:  0, iter:   1,952, lr:(1.918e-04,2.398e-05,)] [eta: 9:08:05, time (data): 2.495 (0.001)] l_pix: 3.4491e-02 
2025-11-21 18:30:09,869 INFO: [IART_..][epoch:  0, iter:   1,953, lr:(1.918e-04,2.397e-05,)] [eta: 9:08:03, time (data): 2.495 (0.001)] l_pix: 3.8771e-02 
2025-11-21 18:30:12,372 INFO: [IART_..][epoch:  0, iter:   1,954, lr:(1.918e-04,2.397e-05,)] [eta: 9:08:00, time (data): 2.495 (0.001)] l_pix: 3.1627e-02 
2025-11-21 18:30:14,804 INFO: [IART_..][epoch:  0, iter:   1,955, lr:(1.917e-04,2.397e-05,)] [eta: 9:07:57, time (data): 2.495 (0.001)] l_pix: 2.5375e-02 
2025-11-21 18:30:17,283 INFO: [IART_..][epoch:  0, iter:   1,956, lr:(1.917e-04,2.397e-05,)] [eta: 9:07:54, time (data): 2.495 (0.001)] l_pix: 3.1756e-02 
2025-11-21 18:30:19,773 INFO: [IART_..][epoch:  0, iter:   1,957, lr:(1.917e-04,2.397e-05,)] [eta: 9:07:51, time (data): 2.495 (0.001)] l_pix: 2.9556e-02 
2025-11-21 18:30:22,257 INFO: [IART_..][epoch:  0, iter:   1,958, lr:(1.917e-04,2.397e-05,)] [eta: 9:07:49, time (data): 2.495 (0.001)] l_pix: 2.0696e-02 
2025-11-21 18:30:24,792 INFO: [IART_..][epoch:  0, iter:   1,959, lr:(1.917e-04,2.397e-05,)] [eta: 9:07:46, time (data): 2.495 (0.001)] l_pix: 4.8517e-02 
2025-11-21 18:30:27,256 INFO: [IART_..][epoch:  0, iter:   1,960, lr:(1.917e-04,2.397e-05,)] [eta: 9:07:43, time (data): 2.495 (0.001)] l_pix: 2.5067e-02 
2025-11-21 18:30:29,783 INFO: [IART_..][epoch:  0, iter:   1,961, lr:(1.917e-04,2.397e-05,)] [eta: 9:07:41, time (data): 2.495 (0.001)] l_pix: 2.1156e-02 
2025-11-21 18:30:32,273 INFO: [IART_..][epoch:  0, iter:   1,962, lr:(1.917e-04,2.396e-05,)] [eta: 9:07:38, time (data): 2.495 (0.001)] l_pix: 3.3065e-02 
2025-11-21 18:30:34,869 INFO: [IART_..][epoch:  0, iter:   1,963, lr:(1.917e-04,2.396e-05,)] [eta: 9:07:36, time (data): 2.495 (0.001)] l_pix: 2.6972e-02 
2025-11-21 18:30:37,412 INFO: [IART_..][epoch:  0, iter:   1,964, lr:(1.917e-04,2.396e-05,)] [eta: 9:07:34, time (data): 2.496 (0.001)] l_pix: 1.8012e-02 
2025-11-21 18:30:39,902 INFO: [IART_..][epoch:  0, iter:   1,965, lr:(1.917e-04,2.396e-05,)] [eta: 9:07:31, time (data): 2.496 (0.001)] l_pix: 2.1442e-02 
2025-11-21 18:30:42,387 INFO: [IART_..][epoch:  0, iter:   1,966, lr:(1.917e-04,2.396e-05,)] [eta: 9:07:28, time (data): 2.496 (0.001)] l_pix: 2.2708e-02 
2025-11-21 18:30:44,811 INFO: [IART_..][epoch:  0, iter:   1,967, lr:(1.916e-04,2.396e-05,)] [eta: 9:07:25, time (data): 2.495 (0.001)] l_pix: 3.1119e-02 
2025-11-21 18:30:47,270 INFO: [IART_..][epoch:  0, iter:   1,968, lr:(1.916e-04,2.396e-05,)] [eta: 9:07:22, time (data): 2.495 (0.001)] l_pix: 2.2412e-02 
2025-11-21 18:30:49,771 INFO: [IART_..][epoch:  0, iter:   1,969, lr:(1.916e-04,2.396e-05,)] [eta: 9:07:20, time (data): 2.495 (0.001)] l_pix: 2.7495e-02 
2025-11-21 18:30:52,231 INFO: [IART_..][epoch:  0, iter:   1,970, lr:(1.916e-04,2.396e-05,)] [eta: 9:07:17, time (data): 2.495 (0.001)] l_pix: 1.9991e-02 
2025-11-21 18:30:54,893 INFO: [IART_..][epoch:  0, iter:   1,971, lr:(1.916e-04,2.396e-05,)] [eta: 9:07:15, time (data): 2.496 (0.001)] l_pix: 5.6533e-02 
2025-11-21 18:30:57,363 INFO: [IART_..][epoch:  0, iter:   1,972, lr:(1.916e-04,2.395e-05,)] [eta: 9:07:12, time (data): 2.496 (0.001)] l_pix: 3.0210e-02 
2025-11-21 18:30:59,887 INFO: [IART_..][epoch:  0, iter:   1,973, lr:(1.916e-04,2.395e-05,)] [eta: 9:07:10, time (data): 2.496 (0.001)] l_pix: 1.9380e-02 
2025-11-21 18:31:02,350 INFO: [IART_..][epoch:  0, iter:   1,974, lr:(1.916e-04,2.395e-05,)] [eta: 9:07:07, time (data): 2.496 (0.001)] l_pix: 1.8701e-02 
2025-11-21 18:31:04,754 INFO: [IART_..][epoch:  0, iter:   1,975, lr:(1.916e-04,2.395e-05,)] [eta: 9:07:03, time (data): 2.495 (0.001)] l_pix: 1.8606e-02 
2025-11-21 18:31:07,155 INFO: [IART_..][epoch:  0, iter:   1,976, lr:(1.916e-04,2.395e-05,)] [eta: 9:07:00, time (data): 2.495 (0.001)] l_pix: 3.7786e-02 
2025-11-21 18:31:09,661 INFO: [IART_..][epoch:  0, iter:   1,977, lr:(1.916e-04,2.395e-05,)] [eta: 9:06:58, time (data): 2.495 (0.001)] l_pix: 1.9429e-02 
2025-11-21 18:31:12,105 INFO: [IART_..][epoch:  0, iter:   1,978, lr:(1.916e-04,2.395e-05,)] [eta: 9:06:55, time (data): 2.494 (0.001)] l_pix: 9.9481e-03 
2025-11-21 18:31:14,549 INFO: [IART_..][epoch:  0, iter:   1,979, lr:(1.915e-04,2.395e-05,)] [eta: 9:06:52, time (data): 2.494 (0.001)] l_pix: 4.2105e-02 
2025-11-21 18:31:16,988 INFO: [IART_..][epoch:  0, iter:   1,980, lr:(1.915e-04,2.395e-05,)] [eta: 9:06:48, time (data): 2.494 (0.001)] l_pix: 2.8329e-02 
2025-11-21 18:31:19,589 INFO: [IART_..][epoch:  0, iter:   1,981, lr:(1.915e-04,2.394e-05,)] [eta: 9:06:46, time (data): 2.494 (0.001)] l_pix: 3.5872e-02 
2025-11-21 18:31:22,083 INFO: [IART_..][epoch:  0, iter:   1,982, lr:(1.915e-04,2.394e-05,)] [eta: 9:06:44, time (data): 2.494 (0.001)] l_pix: 3.0053e-02 
2025-11-21 18:31:24,556 INFO: [IART_..][epoch:  0, iter:   1,983, lr:(1.915e-04,2.394e-05,)] [eta: 9:06:41, time (data): 2.494 (0.001)] l_pix: 3.3482e-02 
2025-11-21 18:31:27,105 INFO: [IART_..][epoch:  0, iter:   1,984, lr:(1.915e-04,2.394e-05,)] [eta: 9:06:39, time (data): 2.494 (0.001)] l_pix: 2.3961e-02 
2025-11-21 18:31:29,538 INFO: [IART_..][epoch:  0, iter:   1,985, lr:(1.915e-04,2.394e-05,)] [eta: 9:06:36, time (data): 2.494 (0.001)] l_pix: 3.5201e-02 
2025-11-21 18:31:31,959 INFO: [IART_..][epoch:  0, iter:   1,986, lr:(1.915e-04,2.394e-05,)] [eta: 9:06:32, time (data): 2.494 (0.001)] l_pix: 1.3084e-02 
2025-11-21 18:31:34,417 INFO: [IART_..][epoch:  0, iter:   1,987, lr:(1.915e-04,2.394e-05,)] [eta: 9:06:29, time (data): 2.494 (0.001)] l_pix: 2.1085e-02 
2025-11-21 18:31:36,865 INFO: [IART_..][epoch:  0, iter:   1,988, lr:(1.915e-04,2.394e-05,)] [eta: 9:06:26, time (data): 2.493 (0.001)] l_pix: 3.3358e-02 
2025-11-21 18:31:39,302 INFO: [IART_..][epoch:  0, iter:   1,989, lr:(1.915e-04,2.394e-05,)] [eta: 9:06:23, time (data): 2.493 (0.001)] l_pix: 3.1466e-02 
2025-11-21 18:31:41,718 INFO: [IART_..][epoch:  0, iter:   1,990, lr:(1.915e-04,2.394e-05,)] [eta: 9:06:20, time (data): 2.493 (0.001)] l_pix: 5.0266e-02 
2025-11-21 18:31:44,238 INFO: [IART_..][epoch:  0, iter:   1,991, lr:(1.914e-04,2.393e-05,)] [eta: 9:06:18, time (data): 2.493 (0.001)] l_pix: 2.8340e-02 
2025-11-21 18:31:46,768 INFO: [IART_..][epoch:  0, iter:   1,992, lr:(1.914e-04,2.393e-05,)] [eta: 9:06:15, time (data): 2.493 (0.001)] l_pix: 3.7016e-02 
2025-11-21 18:31:49,374 INFO: [IART_..][epoch:  0, iter:   1,993, lr:(1.914e-04,2.393e-05,)] [eta: 9:06:13, time (data): 2.493 (0.001)] l_pix: 3.4226e-02 
2025-11-21 18:31:51,796 INFO: [IART_..][epoch:  0, iter:   1,994, lr:(1.914e-04,2.393e-05,)] [eta: 9:06:10, time (data): 2.493 (0.001)] l_pix: 3.4455e-02 
2025-11-21 18:31:54,327 INFO: [IART_..][epoch:  0, iter:   1,995, lr:(1.914e-04,2.393e-05,)] [eta: 9:06:08, time (data): 2.493 (0.001)] l_pix: 2.6141e-02 
2025-11-21 18:31:56,879 INFO: [IART_..][epoch:  0, iter:   1,996, lr:(1.914e-04,2.393e-05,)] [eta: 9:06:05, time (data): 2.494 (0.001)] l_pix: 1.3574e-02 
2025-11-21 18:31:59,377 INFO: [IART_..][epoch:  0, iter:   1,997, lr:(1.914e-04,2.393e-05,)] [eta: 9:06:03, time (data): 2.494 (0.001)] l_pix: 4.5834e-02 
2025-11-21 18:32:01,972 INFO: [IART_..][epoch:  0, iter:   1,998, lr:(1.914e-04,2.393e-05,)] [eta: 9:06:01, time (data): 2.494 (0.001)] l_pix: 5.0931e-02 
2025-11-21 18:32:04,467 INFO: [IART_..][epoch:  0, iter:   1,999, lr:(1.914e-04,2.393e-05,)] [eta: 9:05:58, time (data): 2.494 (0.001)] l_pix: 4.0571e-02 
2025-11-21 18:32:07,034 INFO: [IART_..][epoch:  0, iter:   2,000, lr:(1.914e-04,2.392e-05,)] [eta: 9:05:56, time (data): 2.495 (0.001)] l_pix: 3.5655e-02 
2025-11-21 18:32:09,500 INFO: [IART_..][epoch:  0, iter:   2,001, lr:(1.914e-04,2.392e-05,)] [eta: 9:05:53, time (data): 2.494 (0.001)] l_pix: 1.7192e-02 
2025-11-21 18:32:11,948 INFO: [IART_..][epoch:  0, iter:   2,002, lr:(1.914e-04,2.392e-05,)] [eta: 9:05:50, time (data): 2.494 (0.001)] l_pix: 3.6394e-02 
2025-11-21 18:32:14,368 INFO: [IART_..][epoch:  0, iter:   2,003, lr:(1.913e-04,2.392e-05,)] [eta: 9:05:47, time (data): 2.494 (0.001)] l_pix: 2.2772e-02 
2025-11-21 18:32:16,816 INFO: [IART_..][epoch:  0, iter:   2,004, lr:(1.913e-04,2.392e-05,)] [eta: 9:05:44, time (data): 2.494 (0.001)] l_pix: 4.2171e-02 
2025-11-21 18:32:19,312 INFO: [IART_..][epoch:  0, iter:   2,005, lr:(1.913e-04,2.392e-05,)] [eta: 9:05:41, time (data): 2.494 (0.001)] l_pix: 3.5753e-02 
2025-11-21 18:32:21,740 INFO: [IART_..][epoch:  0, iter:   2,006, lr:(1.913e-04,2.392e-05,)] [eta: 9:05:38, time (data): 2.493 (0.001)] l_pix: 3.2633e-02 
2025-11-21 18:32:24,215 INFO: [IART_..][epoch:  0, iter:   2,007, lr:(1.913e-04,2.392e-05,)] [eta: 9:05:35, time (data): 2.493 (0.001)] l_pix: 4.0951e-02 
2025-11-21 18:32:26,784 INFO: [IART_..][epoch:  0, iter:   2,008, lr:(1.913e-04,2.392e-05,)] [eta: 9:05:33, time (data): 2.493 (0.001)] l_pix: 2.7057e-02 
2025-11-21 18:32:29,377 INFO: [IART_..][epoch:  0, iter:   2,009, lr:(1.913e-04,2.392e-05,)] [eta: 9:05:31, time (data): 2.494 (0.001)] l_pix: 3.3296e-02 
2025-11-21 18:32:31,771 INFO: [IART_..][epoch:  0, iter:   2,010, lr:(1.913e-04,2.391e-05,)] [eta: 9:05:28, time (data): 2.493 (0.001)] l_pix: 4.6561e-02 
2025-11-21 18:32:34,238 INFO: [IART_..][epoch:  0, iter:   2,011, lr:(1.913e-04,2.391e-05,)] [eta: 9:05:25, time (data): 2.467 (0.000)] l_pix: 4.7008e-02 
2025-11-21 18:32:36,722 INFO: [IART_..][epoch:  0, iter:   2,012, lr:(1.913e-04,2.391e-05,)] [eta: 9:05:22, time (data): 2.476 (0.000)] l_pix: 1.7401e-02 
2025-11-21 18:32:39,212 INFO: [IART_..][epoch:  0, iter:   2,013, lr:(1.913e-04,2.391e-05,)] [eta: 9:05:19, time (data): 2.481 (0.003)] l_pix: 2.5470e-02 
2025-11-21 18:32:41,752 INFO: [IART_..][epoch:  0, iter:   2,014, lr:(1.912e-04,2.391e-05,)] [eta: 9:05:17, time (data): 2.495 (0.003)] l_pix: 3.6148e-02 
2025-11-21 18:32:44,225 INFO: [IART_..][epoch:  0, iter:   2,015, lr:(1.912e-04,2.391e-05,)] [eta: 9:05:14, time (data): 2.491 (0.002)] l_pix: 3.1258e-02 
2025-11-21 18:32:46,785 INFO: [IART_..][epoch:  0, iter:   2,016, lr:(1.912e-04,2.391e-05,)] [eta: 9:05:12, time (data): 2.502 (0.002)] l_pix: 2.7015e-02 
2025-11-21 18:32:49,255 INFO: [IART_..][epoch:  0, iter:   2,017, lr:(1.912e-04,2.391e-05,)] [eta: 9:05:09, time (data): 2.498 (0.001)] l_pix: 3.4115e-02 
2025-11-21 18:32:51,750 INFO: [IART_..][epoch:  0, iter:   2,018, lr:(1.912e-04,2.391e-05,)] [eta: 9:05:06, time (data): 2.497 (0.001)] l_pix: 4.6756e-02 
2025-11-21 18:32:54,346 INFO: [IART_..][epoch:  0, iter:   2,019, lr:(1.912e-04,2.390e-05,)] [eta: 9:05:04, time (data): 2.508 (0.001)] l_pix: 3.3762e-02 
2025-11-21 18:32:57,031 INFO: [IART_..][epoch:  0, iter:   2,020, lr:(1.912e-04,2.390e-05,)] [eta: 9:05:03, time (data): 2.525 (0.001)] l_pix: 3.8901e-02 
2025-11-21 18:32:59,583 INFO: [IART_..][epoch:  0, iter:   2,021, lr:(1.912e-04,2.390e-05,)] [eta: 9:05:00, time (data): 2.527 (0.001)] l_pix: 3.0919e-02 
2025-11-21 18:33:02,160 INFO: [IART_..][epoch:  0, iter:   2,022, lr:(1.912e-04,2.390e-05,)] [eta: 9:04:58, time (data): 2.532 (0.002)] l_pix: 2.2523e-02 
2025-11-21 18:33:04,715 INFO: [IART_..][epoch:  0, iter:   2,023, lr:(1.912e-04,2.390e-05,)] [eta: 9:04:56, time (data): 2.533 (0.002)] l_pix: 2.0480e-02 
2025-11-21 18:33:07,250 INFO: [IART_..][epoch:  0, iter:   2,024, lr:(1.912e-04,2.390e-05,)] [eta: 9:04:54, time (data): 2.534 (0.002)] l_pix: 1.0931e-02 
2025-11-21 18:33:09,840 INFO: [IART_..][epoch:  0, iter:   2,025, lr:(1.912e-04,2.390e-05,)] [eta: 9:04:52, time (data): 2.537 (0.002)] l_pix: 3.1135e-02 
2025-11-21 18:33:12,263 INFO: [IART_..][epoch:  0, iter:   2,026, lr:(1.911e-04,2.390e-05,)] [eta: 9:04:48, time (data): 2.530 (0.002)] l_pix: 1.8936e-02 
2025-11-21 18:33:14,807 INFO: [IART_..][epoch:  0, iter:   2,027, lr:(1.911e-04,2.390e-05,)] [eta: 9:04:46, time (data): 2.531 (0.002)] l_pix: 1.6196e-02 
2025-11-21 18:33:17,291 INFO: [IART_..][epoch:  0, iter:   2,028, lr:(1.911e-04,2.389e-05,)] [eta: 9:04:43, time (data): 2.528 (0.002)] l_pix: 1.9682e-02 
2025-11-21 18:33:19,750 INFO: [IART_..][epoch:  0, iter:   2,029, lr:(1.911e-04,2.389e-05,)] [eta: 9:04:40, time (data): 2.525 (0.002)] l_pix: 2.8845e-02 
2025-11-21 18:33:22,434 INFO: [IART_..][epoch:  0, iter:   2,030, lr:(1.911e-04,2.389e-05,)] [eta: 9:04:39, time (data): 2.533 (0.002)] l_pix: 2.7364e-02 
2025-11-21 18:33:24,901 INFO: [IART_..][epoch:  0, iter:   2,031, lr:(1.911e-04,2.389e-05,)] [eta: 9:04:36, time (data): 2.530 (0.003)] l_pix: 1.7810e-02 
2025-11-21 18:33:27,607 INFO: [IART_..][epoch:  0, iter:   2,032, lr:(1.911e-04,2.389e-05,)] [eta: 9:04:35, time (data): 2.537 (0.002)] l_pix: 2.9708e-02 
2025-11-21 18:33:30,124 INFO: [IART_..][epoch:  0, iter:   2,033, lr:(1.911e-04,2.389e-05,)] [eta: 9:04:32, time (data): 2.537 (0.002)] l_pix: 1.7654e-02 
2025-11-21 18:33:32,616 INFO: [IART_..][epoch:  0, iter:   2,034, lr:(1.911e-04,2.389e-05,)] [eta: 9:04:29, time (data): 2.535 (0.002)] l_pix: 2.2735e-02 
2025-11-21 18:33:35,100 INFO: [IART_..][epoch:  0, iter:   2,035, lr:(1.911e-04,2.389e-05,)] [eta: 9:04:27, time (data): 2.533 (0.002)] l_pix: 1.4695e-02 
2025-11-21 18:33:37,666 INFO: [IART_..][epoch:  0, iter:   2,036, lr:(1.911e-04,2.389e-05,)] [eta: 9:04:24, time (data): 2.534 (0.002)] l_pix: 2.9069e-02 
2025-11-21 18:33:40,174 INFO: [IART_..][epoch:  0, iter:   2,037, lr:(1.910e-04,2.389e-05,)] [eta: 9:04:22, time (data): 2.533 (0.002)] l_pix: 3.3730e-02 
2025-11-21 18:33:42,704 INFO: [IART_..][epoch:  0, iter:   2,038, lr:(1.910e-04,2.388e-05,)] [eta: 9:04:19, time (data): 2.533 (0.002)] l_pix: 2.1134e-02 
2025-11-21 18:33:45,135 INFO: [IART_..][epoch:  0, iter:   2,039, lr:(1.910e-04,2.388e-05,)] [eta: 9:04:16, time (data): 2.529 (0.002)] l_pix: 2.5939e-02 
2025-11-21 18:33:47,652 INFO: [IART_..][epoch:  0, iter:   2,040, lr:(1.910e-04,2.388e-05,)] [eta: 9:04:14, time (data): 2.529 (0.002)] l_pix: 9.3829e-03 
2025-11-21 18:33:50,204 INFO: [IART_..][epoch:  0, iter:   2,041, lr:(1.910e-04,2.388e-05,)] [eta: 9:04:11, time (data): 2.529 (0.002)] l_pix: 2.4342e-02 
2025-11-21 18:33:52,804 INFO: [IART_..][epoch:  0, iter:   2,042, lr:(1.910e-04,2.388e-05,)] [eta: 9:04:09, time (data): 2.532 (0.002)] l_pix: 4.7913e-02 
2025-11-21 18:33:55,285 INFO: [IART_..][epoch:  0, iter:   2,043, lr:(1.910e-04,2.388e-05,)] [eta: 9:04:07, time (data): 2.530 (0.002)] l_pix: 4.2488e-02 
2025-11-21 18:33:57,779 INFO: [IART_..][epoch:  0, iter:   2,044, lr:(1.910e-04,2.388e-05,)] [eta: 9:04:04, time (data): 2.529 (0.002)] l_pix: 3.5451e-02 
2025-11-21 18:34:00,279 INFO: [IART_..][epoch:  0, iter:   2,045, lr:(1.910e-04,2.388e-05,)] [eta: 9:04:01, time (data): 2.528 (0.002)] l_pix: 4.6056e-02 
2025-11-21 18:34:02,707 INFO: [IART_..][epoch:  0, iter:   2,046, lr:(1.910e-04,2.388e-05,)] [eta: 9:03:58, time (data): 2.525 (0.002)] l_pix: 1.9991e-02 
2025-11-21 18:34:05,107 INFO: [IART_..][epoch:  0, iter:   2,047, lr:(1.910e-04,2.387e-05,)] [eta: 9:03:55, time (data): 2.522 (0.002)] l_pix: 2.9192e-02 
2025-11-21 18:34:07,559 INFO: [IART_..][epoch:  0, iter:   2,048, lr:(1.910e-04,2.387e-05,)] [eta: 9:03:52, time (data): 2.520 (0.002)] l_pix: 2.8333e-02 
2025-11-21 18:34:10,136 INFO: [IART_..][epoch:  0, iter:   2,049, lr:(1.909e-04,2.387e-05,)] [eta: 9:03:50, time (data): 2.522 (0.002)] l_pix: 1.9612e-02 
2025-11-21 18:34:12,694 INFO: [IART_..][epoch:  0, iter:   2,050, lr:(1.909e-04,2.387e-05,)] [eta: 9:03:48, time (data): 2.523 (0.002)] l_pix: 2.3151e-02 
2025-11-21 18:34:15,106 INFO: [IART_..][epoch:  0, iter:   2,051, lr:(1.909e-04,2.387e-05,)] [eta: 9:03:44, time (data): 2.520 (0.002)] l_pix: 3.2384e-02 
2025-11-21 18:34:17,586 INFO: [IART_..][epoch:  0, iter:   2,052, lr:(1.909e-04,2.387e-05,)] [eta: 9:03:42, time (data): 2.519 (0.002)] l_pix: 3.1886e-02 
2025-11-21 18:34:20,066 INFO: [IART_..][epoch:  0, iter:   2,053, lr:(1.909e-04,2.387e-05,)] [eta: 9:03:39, time (data): 2.518 (0.002)] l_pix: 3.1463e-02 
2025-11-21 18:34:22,578 INFO: [IART_..][epoch:  0, iter:   2,054, lr:(1.909e-04,2.387e-05,)] [eta: 9:03:36, time (data): 2.518 (0.002)] l_pix: 1.1450e-02 
2025-11-21 18:34:25,096 INFO: [IART_..][epoch:  0, iter:   2,055, lr:(1.909e-04,2.387e-05,)] [eta: 9:03:34, time (data): 2.518 (0.002)] l_pix: 3.4946e-02 
2025-11-21 18:34:27,666 INFO: [IART_..][epoch:  0, iter:   2,056, lr:(1.909e-04,2.386e-05,)] [eta: 9:03:32, time (data): 2.519 (0.002)] l_pix: 3.8190e-02 
2025-11-21 18:34:30,105 INFO: [IART_..][epoch:  0, iter:   2,057, lr:(1.909e-04,2.386e-05,)] [eta: 9:03:29, time (data): 2.517 (0.002)] l_pix: 2.8824e-02 
2025-11-21 18:34:32,544 INFO: [IART_..][epoch:  0, iter:   2,058, lr:(1.909e-04,2.386e-05,)] [eta: 9:03:26, time (data): 2.516 (0.002)] l_pix: 3.0986e-02 
2025-11-21 18:34:34,969 INFO: [IART_..][epoch:  0, iter:   2,059, lr:(1.909e-04,2.386e-05,)] [eta: 9:03:22, time (data): 2.514 (0.002)] l_pix: 3.3316e-02 
2025-11-21 18:34:37,412 INFO: [IART_..][epoch:  0, iter:   2,060, lr:(1.908e-04,2.386e-05,)] [eta: 9:03:19, time (data): 2.512 (0.002)] l_pix: 4.2143e-02 
2025-11-21 18:34:39,910 INFO: [IART_..][epoch:  0, iter:   2,061, lr:(1.908e-04,2.386e-05,)] [eta: 9:03:17, time (data): 2.512 (0.002)] l_pix: 2.7722e-02 
2025-11-21 18:34:42,375 INFO: [IART_..][epoch:  0, iter:   2,062, lr:(1.908e-04,2.386e-05,)] [eta: 9:03:14, time (data): 2.511 (0.002)] l_pix: 3.0048e-02 
2025-11-21 18:34:44,833 INFO: [IART_..][epoch:  0, iter:   2,063, lr:(1.908e-04,2.386e-05,)] [eta: 9:03:11, time (data): 2.510 (0.002)] l_pix: 6.9282e-03 
2025-11-21 18:34:47,365 INFO: [IART_..][epoch:  0, iter:   2,064, lr:(1.908e-04,2.386e-05,)] [eta: 9:03:09, time (data): 2.511 (0.002)] l_pix: 4.0400e-02 
2025-11-21 18:34:49,818 INFO: [IART_..][epoch:  0, iter:   2,065, lr:(1.908e-04,2.385e-05,)] [eta: 9:03:06, time (data): 2.510 (0.002)] l_pix: 2.5179e-02 
2025-11-21 18:34:52,336 INFO: [IART_..][epoch:  0, iter:   2,066, lr:(1.908e-04,2.385e-05,)] [eta: 9:03:03, time (data): 2.510 (0.002)] l_pix: 2.2916e-02 
2025-11-21 18:34:54,863 INFO: [IART_..][epoch:  0, iter:   2,067, lr:(1.908e-04,2.385e-05,)] [eta: 9:03:01, time (data): 2.510 (0.002)] l_pix: 2.1747e-02 
2025-11-21 18:34:57,426 INFO: [IART_..][epoch:  0, iter:   2,068, lr:(1.908e-04,2.385e-05,)] [eta: 9:02:58, time (data): 2.511 (0.002)] l_pix: 3.1578e-02 
2025-11-21 18:34:59,961 INFO: [IART_..][epoch:  0, iter:   2,069, lr:(1.908e-04,2.385e-05,)] [eta: 9:02:56, time (data): 2.511 (0.001)] l_pix: 4.4478e-02 
2025-11-21 18:35:02,530 INFO: [IART_..][epoch:  0, iter:   2,070, lr:(1.908e-04,2.385e-05,)] [eta: 9:02:54, time (data): 2.512 (0.001)] l_pix: 2.0556e-02 
2025-11-21 18:35:04,970 INFO: [IART_..][epoch:  0, iter:   2,071, lr:(1.908e-04,2.385e-05,)] [eta: 9:02:51, time (data): 2.511 (0.001)] l_pix: 2.4806e-02 
2025-11-21 18:35:07,418 INFO: [IART_..][epoch:  0, iter:   2,072, lr:(1.907e-04,2.385e-05,)] [eta: 9:02:48, time (data): 2.510 (0.001)] l_pix: 3.6431e-02 
2025-11-21 18:35:09,917 INFO: [IART_..][epoch:  0, iter:   2,073, lr:(1.907e-04,2.385e-05,)] [eta: 9:02:45, time (data): 2.510 (0.001)] l_pix: 1.6758e-02 
2025-11-21 18:35:12,475 INFO: [IART_..][epoch:  0, iter:   2,074, lr:(1.907e-04,2.384e-05,)] [eta: 9:02:43, time (data): 2.511 (0.001)] l_pix: 2.2403e-02 
2025-11-21 18:35:15,035 INFO: [IART_..][epoch:  0, iter:   2,075, lr:(1.907e-04,2.384e-05,)] [eta: 9:02:41, time (data): 2.511 (0.001)] l_pix: 3.5777e-02 
2025-11-21 18:35:17,687 INFO: [IART_..][epoch:  0, iter:   2,076, lr:(1.907e-04,2.384e-05,)] [eta: 9:02:39, time (data): 2.514 (0.001)] l_pix: 3.5596e-02 
2025-11-21 18:35:20,305 INFO: [IART_..][epoch:  0, iter:   2,077, lr:(1.907e-04,2.384e-05,)] [eta: 9:02:37, time (data): 2.515 (0.001)] l_pix: 4.5402e-02 
2025-11-21 18:35:22,780 INFO: [IART_..][epoch:  0, iter:   2,078, lr:(1.907e-04,2.384e-05,)] [eta: 9:02:34, time (data): 2.514 (0.001)] l_pix: 9.8708e-03 
2025-11-21 18:35:25,269 INFO: [IART_..][epoch:  0, iter:   2,079, lr:(1.907e-04,2.384e-05,)] [eta: 9:02:31, time (data): 2.514 (0.001)] l_pix: 2.0705e-02 
2025-11-21 18:35:27,803 INFO: [IART_..][epoch:  0, iter:   2,080, lr:(1.907e-04,2.384e-05,)] [eta: 9:02:29, time (data): 2.514 (0.001)] l_pix: 2.9180e-02 
2025-11-21 18:35:30,265 INFO: [IART_..][epoch:  0, iter:   2,081, lr:(1.907e-04,2.384e-05,)] [eta: 9:02:26, time (data): 2.514 (0.001)] l_pix: 4.2040e-02 
2025-11-21 18:35:33,392 INFO: [IART_..][epoch:  0, iter:   2,082, lr:(1.907e-04,2.384e-05,)] [eta: 9:02:27, time (data): 2.522 (0.001)] l_pix: 1.3534e-02 
2025-11-21 18:35:36,229 INFO: [IART_..][epoch:  0, iter:   2,083, lr:(1.906e-04,2.384e-05,)] [eta: 9:02:27, time (data): 2.526 (0.001)] l_pix: 2.5609e-02 
2025-11-21 18:35:38,681 INFO: [IART_..][epoch:  0, iter:   2,084, lr:(1.906e-04,2.383e-05,)] [eta: 9:02:24, time (data): 2.525 (0.001)] l_pix: 2.6886e-02 
2025-11-21 18:35:41,183 INFO: [IART_..][epoch:  0, iter:   2,085, lr:(1.906e-04,2.383e-05,)] [eta: 9:02:21, time (data): 2.525 (0.001)] l_pix: 4.2637e-02 
2025-11-21 18:35:43,640 INFO: [IART_..][epoch:  0, iter:   2,086, lr:(1.906e-04,2.383e-05,)] [eta: 9:02:18, time (data): 2.524 (0.001)] l_pix: 2.0784e-02 
2025-11-21 18:35:46,132 INFO: [IART_..][epoch:  0, iter:   2,087, lr:(1.906e-04,2.383e-05,)] [eta: 9:02:16, time (data): 2.524 (0.001)] l_pix: 5.1652e-02 
2025-11-21 18:35:48,681 INFO: [IART_..][epoch:  0, iter:   2,088, lr:(1.906e-04,2.383e-05,)] [eta: 9:02:13, time (data): 2.524 (0.001)] l_pix: 1.6317e-02 
2025-11-21 18:35:51,124 INFO: [IART_..][epoch:  0, iter:   2,089, lr:(1.906e-04,2.383e-05,)] [eta: 9:02:10, time (data): 2.523 (0.001)] l_pix: 1.8738e-02 
2025-11-21 18:35:53,586 INFO: [IART_..][epoch:  0, iter:   2,090, lr:(1.906e-04,2.383e-05,)] [eta: 9:02:07, time (data): 2.522 (0.001)] l_pix: 3.2136e-02 
2025-11-21 18:35:56,062 INFO: [IART_..][epoch:  0, iter:   2,091, lr:(1.906e-04,2.383e-05,)] [eta: 9:02:05, time (data): 2.522 (0.001)] l_pix: 3.2664e-02 
2025-11-21 18:35:58,473 INFO: [IART_..][epoch:  0, iter:   2,092, lr:(1.906e-04,2.383e-05,)] [eta: 9:02:01, time (data): 2.520 (0.001)] l_pix: 1.9606e-02 
2025-11-21 18:36:01,067 INFO: [IART_..][epoch:  0, iter:   2,093, lr:(1.906e-04,2.382e-05,)] [eta: 9:01:59, time (data): 2.521 (0.001)] l_pix: 3.2431e-02 
2025-11-21 18:36:03,704 INFO: [IART_..][epoch:  0, iter:   2,094, lr:(1.905e-04,2.382e-05,)] [eta: 9:01:58, time (data): 2.523 (0.001)] l_pix: 3.5392e-02 
2025-11-21 18:36:06,213 INFO: [IART_..][epoch:  0, iter:   2,095, lr:(1.905e-04,2.382e-05,)] [eta: 9:01:55, time (data): 2.523 (0.001)] l_pix: 2.3542e-02 
2025-11-21 18:36:08,820 INFO: [IART_..][epoch:  0, iter:   2,096, lr:(1.905e-04,2.382e-05,)] [eta: 9:01:53, time (data): 2.524 (0.001)] l_pix: 2.6004e-02 
2025-11-21 18:36:11,326 INFO: [IART_..][epoch:  0, iter:   2,097, lr:(1.905e-04,2.382e-05,)] [eta: 9:01:50, time (data): 2.523 (0.001)] l_pix: 2.7567e-02 
2025-11-21 18:36:13,810 INFO: [IART_..][epoch:  0, iter:   2,098, lr:(1.905e-04,2.382e-05,)] [eta: 9:01:48, time (data): 2.523 (0.001)] l_pix: 1.0812e-02 
2025-11-21 18:36:16,372 INFO: [IART_..][epoch:  0, iter:   2,099, lr:(1.905e-04,2.382e-05,)] [eta: 9:01:45, time (data): 2.523 (0.001)] l_pix: 4.8718e-02 
2025-11-21 18:36:18,776 INFO: [IART_..][epoch:  0, iter:   2,100, lr:(1.905e-04,2.382e-05,)] [eta: 9:01:42, time (data): 2.522 (0.001)] l_pix: 3.6060e-02 
2025-11-21 18:36:21,179 INFO: [IART_..][epoch:  0, iter:   2,101, lr:(1.905e-04,2.382e-05,)] [eta: 9:01:39, time (data): 2.521 (0.001)] l_pix: 1.5588e-02 
2025-11-21 18:36:23,582 INFO: [IART_..][epoch:  0, iter:   2,102, lr:(1.905e-04,2.381e-05,)] [eta: 9:01:36, time (data): 2.519 (0.001)] l_pix: 4.0418e-02 
2025-11-21 18:36:26,123 INFO: [IART_..][epoch:  0, iter:   2,103, lr:(1.905e-04,2.381e-05,)] [eta: 9:01:33, time (data): 2.520 (0.001)] l_pix: 2.8357e-02 
2025-11-21 18:36:28,546 INFO: [IART_..][epoch:  0, iter:   2,104, lr:(1.905e-04,2.381e-05,)] [eta: 9:01:30, time (data): 2.519 (0.001)] l_pix: 1.5534e-02 
2025-11-21 18:36:31,006 INFO: [IART_..][epoch:  0, iter:   2,105, lr:(1.905e-04,2.381e-05,)] [eta: 9:01:27, time (data): 2.518 (0.001)] l_pix: 2.3395e-02 
2025-11-21 18:36:33,513 INFO: [IART_..][epoch:  0, iter:   2,106, lr:(1.904e-04,2.381e-05,)] [eta: 9:01:25, time (data): 2.518 (0.001)] l_pix: 2.7201e-02 
2025-11-21 18:36:36,063 INFO: [IART_..][epoch:  0, iter:   2,107, lr:(1.904e-04,2.381e-05,)] [eta: 9:01:22, time (data): 2.518 (0.001)] l_pix: 4.2226e-02 
2025-11-21 18:36:38,556 INFO: [IART_..][epoch:  0, iter:   2,108, lr:(1.904e-04,2.381e-05,)] [eta: 9:01:20, time (data): 2.518 (0.001)] l_pix: 3.0919e-02 
2025-11-21 18:36:41,173 INFO: [IART_..][epoch:  0, iter:   2,109, lr:(1.904e-04,2.381e-05,)] [eta: 9:01:18, time (data): 2.519 (0.001)] l_pix: 4.7354e-02 
2025-11-21 18:36:43,598 INFO: [IART_..][epoch:  0, iter:   2,110, lr:(1.904e-04,2.381e-05,)] [eta: 9:01:15, time (data): 2.518 (0.001)] l_pix: 1.6823e-02 
2025-11-21 18:36:46,101 INFO: [IART_..][epoch:  0, iter:   2,111, lr:(1.904e-04,2.380e-05,)] [eta: 9:01:12, time (data): 2.518 (0.001)] l_pix: 3.4067e-02 
2025-11-21 18:36:48,612 INFO: [IART_..][epoch:  0, iter:   2,112, lr:(1.904e-04,2.380e-05,)] [eta: 9:01:10, time (data): 2.518 (0.001)] l_pix: 2.2312e-02 
2025-11-21 18:36:51,102 INFO: [IART_..][epoch:  0, iter:   2,113, lr:(1.904e-04,2.380e-05,)] [eta: 9:01:07, time (data): 2.517 (0.001)] l_pix: 4.1390e-02 
2025-11-21 18:36:53,559 INFO: [IART_..][epoch:  0, iter:   2,114, lr:(1.904e-04,2.380e-05,)] [eta: 9:01:04, time (data): 2.517 (0.001)] l_pix: 2.3725e-02 
2025-11-21 18:36:56,033 INFO: [IART_..][epoch:  0, iter:   2,115, lr:(1.904e-04,2.380e-05,)] [eta: 9:01:01, time (data): 2.516 (0.001)] l_pix: 1.6487e-02 
2025-11-21 18:36:58,486 INFO: [IART_..][epoch:  0, iter:   2,116, lr:(1.904e-04,2.380e-05,)] [eta: 9:00:58, time (data): 2.516 (0.001)] l_pix: 4.3321e-02 
2025-11-21 18:37:00,993 INFO: [IART_..][epoch:  0, iter:   2,117, lr:(1.903e-04,2.380e-05,)] [eta: 9:00:56, time (data): 2.516 (0.001)] l_pix: 3.2272e-02 
2025-11-21 18:37:03,505 INFO: [IART_..][epoch:  0, iter:   2,118, lr:(1.903e-04,2.380e-05,)] [eta: 9:00:53, time (data): 2.516 (0.001)] l_pix: 3.0465e-02 
2025-11-21 18:37:05,925 INFO: [IART_..][epoch:  0, iter:   2,119, lr:(1.903e-04,2.380e-05,)] [eta: 9:00:50, time (data): 2.515 (0.001)] l_pix: 2.7846e-02 
2025-11-21 18:37:08,484 INFO: [IART_..][epoch:  0, iter:   2,120, lr:(1.903e-04,2.379e-05,)] [eta: 9:00:48, time (data): 2.515 (0.001)] l_pix: 2.4972e-02 
2025-11-21 18:37:10,969 INFO: [IART_..][epoch:  0, iter:   2,121, lr:(1.903e-04,2.379e-05,)] [eta: 9:00:45, time (data): 2.515 (0.001)] l_pix: 4.2524e-02 
2025-11-21 18:37:13,484 INFO: [IART_..][epoch:  0, iter:   2,122, lr:(1.903e-04,2.379e-05,)] [eta: 9:00:42, time (data): 2.515 (0.001)] l_pix: 2.1065e-02 
2025-11-21 18:37:15,992 INFO: [IART_..][epoch:  0, iter:   2,123, lr:(1.903e-04,2.379e-05,)] [eta: 9:00:40, time (data): 2.515 (0.001)] l_pix: 2.8186e-02 
2025-11-21 18:37:18,470 INFO: [IART_..][epoch:  0, iter:   2,124, lr:(1.903e-04,2.379e-05,)] [eta: 9:00:37, time (data): 2.515 (0.001)] l_pix: 1.7547e-02 
2025-11-21 18:37:20,907 INFO: [IART_..][epoch:  0, iter:   2,125, lr:(1.903e-04,2.379e-05,)] [eta: 9:00:34, time (data): 2.514 (0.001)] l_pix: 3.8201e-02 
2025-11-21 18:37:23,468 INFO: [IART_..][epoch:  0, iter:   2,126, lr:(1.903e-04,2.379e-05,)] [eta: 9:00:32, time (data): 2.514 (0.001)] l_pix: 2.4272e-02 
2025-11-21 18:37:25,887 INFO: [IART_..][epoch:  0, iter:   2,127, lr:(1.903e-04,2.379e-05,)] [eta: 9:00:29, time (data): 2.513 (0.001)] l_pix: 3.2379e-02 
2025-11-21 18:37:28,361 INFO: [IART_..][epoch:  0, iter:   2,128, lr:(1.902e-04,2.378e-05,)] [eta: 9:00:26, time (data): 2.513 (0.001)] l_pix: 1.4488e-02 
2025-11-21 18:37:30,775 INFO: [IART_..][epoch:  0, iter:   2,129, lr:(1.902e-04,2.378e-05,)] [eta: 9:00:23, time (data): 2.512 (0.001)] l_pix: 4.0627e-02 
2025-11-21 18:37:33,336 INFO: [IART_..][epoch:  0, iter:   2,130, lr:(1.902e-04,2.378e-05,)] [eta: 9:00:20, time (data): 2.513 (0.001)] l_pix: 5.3230e-02 
2025-11-21 18:37:35,931 INFO: [IART_..][epoch:  0, iter:   2,131, lr:(1.902e-04,2.378e-05,)] [eta: 9:00:18, time (data): 2.513 (0.001)] l_pix: 2.2887e-02 
2025-11-21 18:37:38,493 INFO: [IART_..][epoch:  0, iter:   2,132, lr:(1.902e-04,2.378e-05,)] [eta: 9:00:16, time (data): 2.514 (0.001)] l_pix: 2.6341e-02 
2025-11-21 18:37:41,000 INFO: [IART_..][epoch:  0, iter:   2,133, lr:(1.902e-04,2.378e-05,)] [eta: 9:00:13, time (data): 2.514 (0.001)] l_pix: 3.3711e-02 
2025-11-21 18:37:43,452 INFO: [IART_..][epoch:  0, iter:   2,134, lr:(1.902e-04,2.378e-05,)] [eta: 9:00:11, time (data): 2.513 (0.001)] l_pix: 2.1632e-02 
2025-11-21 18:37:45,925 INFO: [IART_..][epoch:  0, iter:   2,135, lr:(1.902e-04,2.378e-05,)] [eta: 9:00:08, time (data): 2.513 (0.001)] l_pix: 1.3102e-02 
2025-11-21 18:37:48,355 INFO: [IART_..][epoch:  0, iter:   2,136, lr:(1.902e-04,2.378e-05,)] [eta: 9:00:05, time (data): 2.512 (0.001)] l_pix: 2.7487e-02 
2025-11-21 18:37:50,898 INFO: [IART_..][epoch:  0, iter:   2,137, lr:(1.902e-04,2.377e-05,)] [eta: 9:00:02, time (data): 2.512 (0.001)] l_pix: 2.9669e-02 
2025-11-21 18:37:53,406 INFO: [IART_..][epoch:  0, iter:   2,138, lr:(1.902e-04,2.377e-05,)] [eta: 9:00:00, time (data): 2.512 (0.001)] l_pix: 3.3265e-02 
2025-11-21 18:37:55,830 INFO: [IART_..][epoch:  0, iter:   2,139, lr:(1.901e-04,2.377e-05,)] [eta: 8:59:57, time (data): 2.512 (0.001)] l_pix: 4.0440e-02 
2025-11-21 18:37:58,303 INFO: [IART_..][epoch:  0, iter:   2,140, lr:(1.901e-04,2.377e-05,)] [eta: 8:59:54, time (data): 2.511 (0.001)] l_pix: 2.9265e-02 
2025-11-21 18:38:00,749 INFO: [IART_..][epoch:  0, iter:   2,141, lr:(1.901e-04,2.377e-05,)] [eta: 8:59:51, time (data): 2.511 (0.001)] l_pix: 2.3643e-02 
2025-11-21 18:38:03,212 INFO: [IART_..][epoch:  0, iter:   2,142, lr:(1.901e-04,2.377e-05,)] [eta: 8:59:48, time (data): 2.511 (0.001)] l_pix: 4.1867e-02 
2025-11-21 18:38:05,652 INFO: [IART_..][epoch:  0, iter:   2,143, lr:(1.901e-04,2.377e-05,)] [eta: 8:59:45, time (data): 2.510 (0.001)] l_pix: 2.5280e-02 
2025-11-21 18:38:08,202 INFO: [IART_..][epoch:  0, iter:   2,144, lr:(1.901e-04,2.377e-05,)] [eta: 8:59:43, time (data): 2.510 (0.001)] l_pix: 2.1042e-02 
2025-11-21 18:38:10,822 INFO: [IART_..][epoch:  0, iter:   2,145, lr:(1.901e-04,2.377e-05,)] [eta: 8:59:41, time (data): 2.511 (0.001)] l_pix: 1.6228e-02 
2025-11-21 18:38:13,241 INFO: [IART_..][epoch:  0, iter:   2,146, lr:(1.901e-04,2.376e-05,)] [eta: 8:59:38, time (data): 2.510 (0.001)] l_pix: 3.1754e-02 
2025-11-21 18:38:15,672 INFO: [IART_..][epoch:  0, iter:   2,147, lr:(1.901e-04,2.376e-05,)] [eta: 8:59:35, time (data): 2.510 (0.001)] l_pix: 2.4241e-02 
2025-11-21 18:38:18,112 INFO: [IART_..][epoch:  0, iter:   2,148, lr:(1.901e-04,2.376e-05,)] [eta: 8:59:32, time (data): 2.509 (0.001)] l_pix: 3.1154e-02 
2025-11-21 18:38:20,644 INFO: [IART_..][epoch:  0, iter:   2,149, lr:(1.901e-04,2.376e-05,)] [eta: 8:59:29, time (data): 2.510 (0.001)] l_pix: 8.2623e-03 
2025-11-21 18:38:23,128 INFO: [IART_..][epoch:  0, iter:   2,150, lr:(1.900e-04,2.376e-05,)] [eta: 8:59:26, time (data): 2.509 (0.001)] l_pix: 2.8094e-02 
2025-11-21 18:38:25,566 INFO: [IART_..][epoch:  0, iter:   2,151, lr:(1.900e-04,2.376e-05,)] [eta: 8:59:23, time (data): 2.509 (0.001)] l_pix: 1.8410e-02 
2025-11-21 18:38:28,259 INFO: [IART_..][epoch:  0, iter:   2,152, lr:(1.900e-04,2.376e-05,)] [eta: 8:59:22, time (data): 2.510 (0.001)] l_pix: 1.3352e-02 
2025-11-21 18:38:30,761 INFO: [IART_..][epoch:  0, iter:   2,153, lr:(1.900e-04,2.376e-05,)] [eta: 8:59:19, time (data): 2.510 (0.001)] l_pix: 3.8178e-02 
2025-11-21 18:38:33,271 INFO: [IART_..][epoch:  0, iter:   2,154, lr:(1.900e-04,2.376e-05,)] [eta: 8:59:17, time (data): 2.510 (0.001)] l_pix: 4.6641e-02 
2025-11-21 18:38:35,753 INFO: [IART_..][epoch:  0, iter:   2,155, lr:(1.900e-04,2.375e-05,)] [eta: 8:59:14, time (data): 2.510 (0.001)] l_pix: 2.3040e-02 
2025-11-21 18:38:38,319 INFO: [IART_..][epoch:  0, iter:   2,156, lr:(1.900e-04,2.375e-05,)] [eta: 8:59:12, time (data): 2.510 (0.001)] l_pix: 3.3295e-02 
2025-11-21 18:38:40,791 INFO: [IART_..][epoch:  0, iter:   2,157, lr:(1.900e-04,2.375e-05,)] [eta: 8:59:09, time (data): 2.510 (0.001)] l_pix: 1.4955e-02 
2025-11-21 18:38:43,239 INFO: [IART_..][epoch:  0, iter:   2,158, lr:(1.900e-04,2.375e-05,)] [eta: 8:59:06, time (data): 2.510 (0.001)] l_pix: 4.4283e-02 
2025-11-21 18:38:45,681 INFO: [IART_..][epoch:  0, iter:   2,159, lr:(1.900e-04,2.375e-05,)] [eta: 8:59:03, time (data): 2.509 (0.001)] l_pix: 4.1542e-02 
2025-11-21 18:38:48,167 INFO: [IART_..][epoch:  0, iter:   2,160, lr:(1.900e-04,2.375e-05,)] [eta: 8:59:00, time (data): 2.509 (0.001)] l_pix: 2.4822e-02 
2025-11-21 18:38:50,697 INFO: [IART_..][epoch:  0, iter:   2,161, lr:(1.899e-04,2.375e-05,)] [eta: 8:58:58, time (data): 2.509 (0.001)] l_pix: 7.2104e-03 
2025-11-21 18:38:53,141 INFO: [IART_..][epoch:  0, iter:   2,162, lr:(1.899e-04,2.375e-05,)] [eta: 8:58:55, time (data): 2.509 (0.001)] l_pix: 3.4864e-02 
2025-11-21 18:38:55,730 INFO: [IART_..][epoch:  0, iter:   2,163, lr:(1.899e-04,2.375e-05,)] [eta: 8:58:53, time (data): 2.509 (0.001)] l_pix: 2.6145e-02 
2025-11-21 18:38:58,221 INFO: [IART_..][epoch:  0, iter:   2,164, lr:(1.899e-04,2.374e-05,)] [eta: 8:58:50, time (data): 2.509 (0.001)] l_pix: 2.1513e-02 
2025-11-21 18:39:00,757 INFO: [IART_..][epoch:  0, iter:   2,165, lr:(1.899e-04,2.374e-05,)] [eta: 8:58:48, time (data): 2.509 (0.001)] l_pix: 1.8206e-02 
2025-11-21 18:39:03,345 INFO: [IART_..][epoch:  0, iter:   2,166, lr:(1.899e-04,2.374e-05,)] [eta: 8:58:46, time (data): 2.510 (0.001)] l_pix: 2.1673e-02 
2025-11-21 18:39:05,865 INFO: [IART_..][epoch:  0, iter:   2,167, lr:(1.899e-04,2.374e-05,)] [eta: 8:58:43, time (data): 2.510 (0.001)] l_pix: 2.7352e-02 
2025-11-21 18:39:08,357 INFO: [IART_..][epoch:  0, iter:   2,168, lr:(1.899e-04,2.374e-05,)] [eta: 8:58:40, time (data): 2.510 (0.001)] l_pix: 2.6674e-02 
2025-11-21 18:39:10,895 INFO: [IART_..][epoch:  0, iter:   2,169, lr:(1.899e-04,2.374e-05,)] [eta: 8:58:38, time (data): 2.510 (0.001)] l_pix: 2.5502e-02 
2025-11-21 18:39:13,342 INFO: [IART_..][epoch:  0, iter:   2,170, lr:(1.899e-04,2.374e-05,)] [eta: 8:58:35, time (data): 2.509 (0.001)] l_pix: 1.6494e-02 
2025-11-21 18:39:15,789 INFO: [IART_..][epoch:  0, iter:   2,171, lr:(1.899e-04,2.374e-05,)] [eta: 8:58:32, time (data): 2.509 (0.001)] l_pix: 3.6157e-02 
2025-11-21 18:39:18,217 INFO: [IART_..][epoch:  0, iter:   2,172, lr:(1.898e-04,2.374e-05,)] [eta: 8:58:29, time (data): 2.509 (0.001)] l_pix: 3.4520e-02 
2025-11-21 18:39:20,627 INFO: [IART_..][epoch:  0, iter:   2,173, lr:(1.898e-04,2.373e-05,)] [eta: 8:58:26, time (data): 2.508 (0.001)] l_pix: 2.4709e-02 
2025-11-21 18:39:23,059 INFO: [IART_..][epoch:  0, iter:   2,174, lr:(1.898e-04,2.373e-05,)] [eta: 8:58:23, time (data): 2.507 (0.001)] l_pix: 3.1103e-02 
2025-11-21 18:39:25,453 INFO: [IART_..][epoch:  0, iter:   2,175, lr:(1.898e-04,2.373e-05,)] [eta: 8:58:20, time (data): 2.507 (0.001)] l_pix: 4.2641e-02 
2025-11-21 18:39:28,003 INFO: [IART_..][epoch:  0, iter:   2,176, lr:(1.898e-04,2.373e-05,)] [eta: 8:58:17, time (data): 2.507 (0.001)] l_pix: 2.5121e-02 
2025-11-21 18:39:30,539 INFO: [IART_..][epoch:  0, iter:   2,177, lr:(1.898e-04,2.373e-05,)] [eta: 8:58:15, time (data): 2.507 (0.001)] l_pix: 1.1164e-02 
2025-11-21 18:39:33,041 INFO: [IART_..][epoch:  0, iter:   2,178, lr:(1.898e-04,2.373e-05,)] [eta: 8:58:12, time (data): 2.507 (0.001)] l_pix: 2.8128e-02 
2025-11-21 18:39:35,549 INFO: [IART_..][epoch:  0, iter:   2,179, lr:(1.898e-04,2.373e-05,)] [eta: 8:58:10, time (data): 2.507 (0.001)] l_pix: 1.6844e-02 
2025-11-21 18:39:37,999 INFO: [IART_..][epoch:  0, iter:   2,180, lr:(1.898e-04,2.373e-05,)] [eta: 8:58:07, time (data): 2.507 (0.001)] l_pix: 2.1253e-02 
2025-11-21 18:39:40,399 INFO: [IART_..][epoch:  0, iter:   2,181, lr:(1.898e-04,2.372e-05,)] [eta: 8:58:04, time (data): 2.506 (0.001)] l_pix: 3.1642e-02 
2025-11-21 18:39:42,964 INFO: [IART_..][epoch:  0, iter:   2,182, lr:(1.898e-04,2.372e-05,)] [eta: 8:58:01, time (data): 2.507 (0.001)] l_pix: 3.1036e-02 
2025-11-21 18:39:45,482 INFO: [IART_..][epoch:  0, iter:   2,183, lr:(1.897e-04,2.372e-05,)] [eta: 8:57:59, time (data): 2.507 (0.001)] l_pix: 3.6516e-02 
2025-11-21 18:39:47,961 INFO: [IART_..][epoch:  0, iter:   2,184, lr:(1.897e-04,2.372e-05,)] [eta: 8:57:56, time (data): 2.506 (0.001)] l_pix: 4.2956e-02 
2025-11-21 18:39:50,541 INFO: [IART_..][epoch:  0, iter:   2,185, lr:(1.897e-04,2.372e-05,)] [eta: 8:57:54, time (data): 2.507 (0.001)] l_pix: 3.8634e-02 
2025-11-21 18:39:53,002 INFO: [IART_..][epoch:  0, iter:   2,186, lr:(1.897e-04,2.372e-05,)] [eta: 8:57:51, time (data): 2.507 (0.001)] l_pix: 3.6451e-02 
2025-11-21 18:39:55,395 INFO: [IART_..][epoch:  0, iter:   2,187, lr:(1.897e-04,2.372e-05,)] [eta: 8:57:48, time (data): 2.506 (0.001)] l_pix: 2.1140e-02 
2025-11-21 18:39:57,834 INFO: [IART_..][epoch:  0, iter:   2,188, lr:(1.897e-04,2.372e-05,)] [eta: 8:57:45, time (data): 2.506 (0.001)] l_pix: 1.9724e-02 
2025-11-21 18:40:00,284 INFO: [IART_..][epoch:  0, iter:   2,189, lr:(1.897e-04,2.372e-05,)] [eta: 8:57:42, time (data): 2.505 (0.001)] l_pix: 3.2697e-02 
2025-11-21 18:40:02,840 INFO: [IART_..][epoch:  0, iter:   2,190, lr:(1.897e-04,2.371e-05,)] [eta: 8:57:40, time (data): 2.506 (0.001)] l_pix: 3.9901e-02 
2025-11-21 18:40:05,379 INFO: [IART_..][epoch:  0, iter:   2,191, lr:(1.897e-04,2.371e-05,)] [eta: 8:57:37, time (data): 2.506 (0.001)] l_pix: 1.5652e-02 
2025-11-21 18:40:07,945 INFO: [IART_..][epoch:  0, iter:   2,192, lr:(1.897e-04,2.371e-05,)] [eta: 8:57:35, time (data): 2.506 (0.001)] l_pix: 3.6635e-02 
2025-11-21 18:40:10,435 INFO: [IART_..][epoch:  0, iter:   2,193, lr:(1.897e-04,2.371e-05,)] [eta: 8:57:32, time (data): 2.506 (0.001)] l_pix: 3.4690e-02 
2025-11-21 18:40:12,850 INFO: [IART_..][epoch:  0, iter:   2,194, lr:(1.896e-04,2.371e-05,)] [eta: 8:57:29, time (data): 2.505 (0.001)] l_pix: 1.3416e-02 
2025-11-21 18:40:15,314 INFO: [IART_..][epoch:  0, iter:   2,195, lr:(1.896e-04,2.371e-05,)] [eta: 8:57:26, time (data): 2.505 (0.001)] l_pix: 2.2207e-02 
2025-11-21 18:40:17,815 INFO: [IART_..][epoch:  0, iter:   2,196, lr:(1.896e-04,2.371e-05,)] [eta: 8:57:24, time (data): 2.505 (0.001)] l_pix: 3.7562e-02 
2025-11-21 18:40:20,240 INFO: [IART_..][epoch:  0, iter:   2,197, lr:(1.896e-04,2.371e-05,)] [eta: 8:57:21, time (data): 2.505 (0.001)] l_pix: 3.3110e-02 
2025-11-21 18:40:22,744 INFO: [IART_..][epoch:  0, iter:   2,198, lr:(1.896e-04,2.371e-05,)] [eta: 8:57:18, time (data): 2.505 (0.001)] l_pix: 2.9333e-02 
2025-11-21 18:40:25,282 INFO: [IART_..][epoch:  0, iter:   2,199, lr:(1.896e-04,2.370e-05,)] [eta: 8:57:16, time (data): 2.505 (0.001)] l_pix: 2.8102e-02 
2025-11-21 18:40:27,787 INFO: [IART_..][epoch:  0, iter:   2,200, lr:(1.896e-04,2.370e-05,)] [eta: 8:57:13, time (data): 2.505 (0.001)] l_pix: 3.3733e-02 
2025-11-21 18:40:30,263 INFO: [IART_..][epoch:  0, iter:   2,201, lr:(1.896e-04,2.370e-05,)] [eta: 8:57:10, time (data): 2.505 (0.001)] l_pix: 2.5521e-02 
2025-11-21 18:40:32,707 INFO: [IART_..][epoch:  0, iter:   2,202, lr:(1.896e-04,2.370e-05,)] [eta: 8:57:07, time (data): 2.504 (0.001)] l_pix: 1.7274e-02 
2025-11-21 18:40:35,282 INFO: [IART_..][epoch:  0, iter:   2,203, lr:(1.896e-04,2.370e-05,)] [eta: 8:57:05, time (data): 2.505 (0.001)] l_pix: 1.4599e-02 
2025-11-21 18:40:37,757 INFO: [IART_..][epoch:  0, iter:   2,204, lr:(1.895e-04,2.370e-05,)] [eta: 8:57:02, time (data): 2.505 (0.001)] l_pix: 1.9042e-02 
2025-11-21 18:40:40,181 INFO: [IART_..][epoch:  0, iter:   2,205, lr:(1.895e-04,2.370e-05,)] [eta: 8:56:59, time (data): 2.504 (0.001)] l_pix: 2.2158e-02 
2025-11-21 18:40:42,791 INFO: [IART_..][epoch:  0, iter:   2,206, lr:(1.895e-04,2.370e-05,)] [eta: 8:56:57, time (data): 2.505 (0.001)] l_pix: 2.4544e-02 
2025-11-21 18:40:45,373 INFO: [IART_..][epoch:  0, iter:   2,207, lr:(1.895e-04,2.369e-05,)] [eta: 8:56:55, time (data): 2.505 (0.001)] l_pix: 2.9695e-02 
2025-11-21 18:40:47,865 INFO: [IART_..][epoch:  0, iter:   2,208, lr:(1.895e-04,2.369e-05,)] [eta: 8:56:52, time (data): 2.505 (0.001)] l_pix: 3.2640e-02 
2025-11-21 18:40:50,296 INFO: [IART_..][epoch:  0, iter:   2,209, lr:(1.895e-04,2.369e-05,)] [eta: 8:56:49, time (data): 2.505 (0.001)] l_pix: 3.9209e-02 
2025-11-21 18:40:52,802 INFO: [IART_..][epoch:  0, iter:   2,210, lr:(1.895e-04,2.369e-05,)] [eta: 8:56:47, time (data): 2.505 (0.001)] l_pix: 4.5609e-02 
2025-11-21 18:40:55,266 INFO: [IART_..][epoch:  0, iter:   2,211, lr:(1.895e-04,2.369e-05,)] [eta: 8:56:44, time (data): 2.505 (0.001)] l_pix: 3.2145e-02 
2025-11-21 18:40:57,771 INFO: [IART_..][epoch:  0, iter:   2,212, lr:(1.895e-04,2.369e-05,)] [eta: 8:56:41, time (data): 2.505 (0.000)] l_pix: 1.9085e-02 
2025-11-21 18:41:00,256 INFO: [IART_..][epoch:  0, iter:   2,213, lr:(1.895e-04,2.369e-05,)] [eta: 8:56:39, time (data): 2.494 (0.000)] l_pix: 2.4849e-02 
2025-11-21 18:41:02,673 INFO: [IART_..][epoch:  0, iter:   2,214, lr:(1.895e-04,2.369e-05,)] [eta: 8:56:36, time (data): 2.468 (0.000)] l_pix: 1.8715e-02 
2025-11-21 18:41:05,200 INFO: [IART_..][epoch:  0, iter:   2,215, lr:(1.894e-04,2.369e-05,)] [eta: 8:56:33, time (data): 2.483 (0.000)] l_pix: 3.1596e-02 
2025-11-21 18:41:07,607 INFO: [IART_..][epoch:  0, iter:   2,216, lr:(1.894e-04,2.368e-05,)] [eta: 8:56:30, time (data): 2.466 (0.000)] l_pix: 8.6630e-03 
2025-11-21 18:41:10,059 INFO: [IART_..][epoch:  0, iter:   2,217, lr:(1.894e-04,2.368e-05,)] [eta: 8:56:27, time (data): 2.463 (0.000)] l_pix: 1.7006e-02 
2025-11-21 18:41:12,625 INFO: [IART_..][epoch:  0, iter:   2,218, lr:(1.894e-04,2.368e-05,)] [eta: 8:56:25, time (data): 2.478 (0.000)] l_pix: 4.0178e-02 
2025-11-21 18:41:15,070 INFO: [IART_..][epoch:  0, iter:   2,219, lr:(1.894e-04,2.368e-05,)] [eta: 8:56:22, time (data): 2.474 (0.000)] l_pix: 3.1062e-02 
2025-11-21 18:41:17,574 INFO: [IART_..][epoch:  0, iter:   2,220, lr:(1.894e-04,2.368e-05,)] [eta: 8:56:19, time (data): 2.477 (0.000)] l_pix: 2.0801e-02 
2025-11-21 18:41:20,092 INFO: [IART_..][epoch:  0, iter:   2,221, lr:(1.894e-04,2.368e-05,)] [eta: 8:56:17, time (data): 2.481 (0.000)] l_pix: 2.6842e-02 
2025-11-21 18:41:22,678 INFO: [IART_..][epoch:  0, iter:   2,222, lr:(1.894e-04,2.368e-05,)] [eta: 8:56:15, time (data): 2.491 (0.000)] l_pix: 3.4304e-02 
2025-11-21 18:41:25,198 INFO: [IART_..][epoch:  0, iter:   2,223, lr:(1.894e-04,2.368e-05,)] [eta: 8:56:12, time (data): 2.493 (0.000)] l_pix: 2.3107e-02 
2025-11-21 18:41:27,786 INFO: [IART_..][epoch:  0, iter:   2,224, lr:(1.894e-04,2.367e-05,)] [eta: 8:56:10, time (data): 2.501 (0.000)] l_pix: 4.1729e-02 
2025-11-21 18:41:30,270 INFO: [IART_..][epoch:  0, iter:   2,225, lr:(1.894e-04,2.367e-05,)] [eta: 8:56:07, time (data): 2.499 (0.000)] l_pix: 5.2619e-02 
2025-11-21 18:41:32,773 INFO: [IART_..][epoch:  0, iter:   2,226, lr:(1.893e-04,2.367e-05,)] [eta: 8:56:05, time (data): 2.500 (0.000)] l_pix: 3.1722e-02 
2025-11-21 18:41:35,372 INFO: [IART_..][epoch:  0, iter:   2,227, lr:(1.893e-04,2.367e-05,)] [eta: 8:56:03, time (data): 2.506 (0.000)] l_pix: 3.5501e-02 
2025-11-21 18:41:37,858 INFO: [IART_..][epoch:  0, iter:   2,228, lr:(1.893e-04,2.367e-05,)] [eta: 8:56:00, time (data): 2.505 (0.000)] l_pix: 1.7537e-02 
2025-11-21 18:41:40,336 INFO: [IART_..][epoch:  0, iter:   2,229, lr:(1.893e-04,2.367e-05,)] [eta: 8:55:57, time (data): 2.503 (0.001)] l_pix: 2.8424e-02 
2025-11-21 18:41:42,934 INFO: [IART_..][epoch:  0, iter:   2,230, lr:(1.893e-04,2.367e-05,)] [eta: 8:55:55, time (data): 2.508 (0.001)] l_pix: 1.7789e-02 
2025-11-21 18:41:45,344 INFO: [IART_..][epoch:  0, iter:   2,231, lr:(1.893e-04,2.367e-05,)] [eta: 8:55:52, time (data): 2.503 (0.001)] l_pix: 2.6412e-02 
2025-11-21 18:41:47,816 INFO: [IART_..][epoch:  0, iter:   2,232, lr:(1.893e-04,2.367e-05,)] [eta: 8:55:49, time (data): 2.502 (0.001)] l_pix: 2.4417e-02 
2025-11-21 18:41:50,285 INFO: [IART_..][epoch:  0, iter:   2,233, lr:(1.893e-04,2.366e-05,)] [eta: 8:55:46, time (data): 2.500 (0.001)] l_pix: 1.5109e-02 
2025-11-21 18:41:52,874 INFO: [IART_..][epoch:  0, iter:   2,234, lr:(1.893e-04,2.366e-05,)] [eta: 8:55:44, time (data): 2.504 (0.001)] l_pix: 1.4107e-02 
2025-11-21 18:41:55,405 INFO: [IART_..][epoch:  0, iter:   2,235, lr:(1.893e-04,2.366e-05,)] [eta: 8:55:42, time (data): 2.505 (0.001)] l_pix: 2.6945e-02 
2025-11-21 18:41:57,819 INFO: [IART_..][epoch:  0, iter:   2,236, lr:(1.892e-04,2.366e-05,)] [eta: 8:55:39, time (data): 2.502 (0.001)] l_pix: 3.1620e-02 
2025-11-21 18:42:00,374 INFO: [IART_..][epoch:  0, iter:   2,237, lr:(1.892e-04,2.366e-05,)] [eta: 8:55:36, time (data): 2.504 (0.001)] l_pix: 3.7063e-02 
2025-11-21 18:42:02,753 INFO: [IART_..][epoch:  0, iter:   2,238, lr:(1.892e-04,2.366e-05,)] [eta: 8:55:33, time (data): 2.499 (0.001)] l_pix: 1.8027e-02 
2025-11-21 18:42:05,354 INFO: [IART_..][epoch:  0, iter:   2,239, lr:(1.892e-04,2.366e-05,)] [eta: 8:55:31, time (data): 2.503 (0.002)] l_pix: 3.5655e-02 
2025-11-21 18:42:07,833 INFO: [IART_..][epoch:  0, iter:   2,240, lr:(1.892e-04,2.366e-05,)] [eta: 8:55:28, time (data): 2.502 (0.002)] l_pix: 4.8078e-02 
2025-11-21 18:42:10,299 INFO: [IART_..][epoch:  0, iter:   2,241, lr:(1.892e-04,2.365e-05,)] [eta: 8:55:25, time (data): 2.501 (0.002)] l_pix: 2.9762e-02 
2025-11-21 18:42:12,799 INFO: [IART_..][epoch:  0, iter:   2,242, lr:(1.892e-04,2.365e-05,)] [eta: 8:55:23, time (data): 2.501 (0.002)] l_pix: 4.0441e-02 
2025-11-21 18:42:15,296 INFO: [IART_..][epoch:  0, iter:   2,243, lr:(1.892e-04,2.365e-05,)] [eta: 8:55:20, time (data): 2.501 (0.002)] l_pix: 3.0687e-02 
2025-11-21 18:42:17,707 INFO: [IART_..][epoch:  0, iter:   2,244, lr:(1.892e-04,2.365e-05,)] [eta: 8:55:17, time (data): 2.498 (0.002)] l_pix: 2.6953e-02 
2025-11-21 18:42:20,189 INFO: [IART_..][epoch:  0, iter:   2,245, lr:(1.892e-04,2.365e-05,)] [eta: 8:55:14, time (data): 2.497 (0.002)] l_pix: 1.9696e-02 
2025-11-21 18:42:22,752 INFO: [IART_..][epoch:  0, iter:   2,246, lr:(1.892e-04,2.365e-05,)] [eta: 8:55:12, time (data): 2.499 (0.001)] l_pix: 2.8631e-02 
2025-11-21 18:42:25,321 INFO: [IART_..][epoch:  0, iter:   2,247, lr:(1.891e-04,2.365e-05,)] [eta: 8:55:10, time (data): 2.501 (0.002)] l_pix: 3.3793e-02 
2025-11-21 18:42:27,767 INFO: [IART_..][epoch:  0, iter:   2,248, lr:(1.891e-04,2.365e-05,)] [eta: 8:55:07, time (data): 2.500 (0.001)] l_pix: 2.2589e-02 
2025-11-21 18:42:30,207 INFO: [IART_..][epoch:  0, iter:   2,249, lr:(1.891e-04,2.365e-05,)] [eta: 8:55:04, time (data): 2.498 (0.001)] l_pix: 1.8862e-02 
2025-11-21 18:42:32,761 INFO: [IART_..][epoch:  0, iter:   2,250, lr:(1.891e-04,2.364e-05,)] [eta: 8:55:02, time (data): 2.500 (0.001)] l_pix: 1.8923e-02 
2025-11-21 18:42:35,209 INFO: [IART_..][epoch:  0, iter:   2,251, lr:(1.891e-04,2.364e-05,)] [eta: 8:54:59, time (data): 2.498 (0.001)] l_pix: 4.2240e-02 
2025-11-21 18:42:37,613 INFO: [IART_..][epoch:  0, iter:   2,252, lr:(1.891e-04,2.364e-05,)] [eta: 8:54:56, time (data): 2.496 (0.001)] l_pix: 1.9458e-02 
2025-11-21 18:42:40,101 INFO: [IART_..][epoch:  0, iter:   2,253, lr:(1.891e-04,2.364e-05,)] [eta: 8:54:53, time (data): 2.496 (0.001)] l_pix: 2.8734e-02 
2025-11-21 18:42:42,549 INFO: [IART_..][epoch:  0, iter:   2,254, lr:(1.891e-04,2.364e-05,)] [eta: 8:54:50, time (data): 2.495 (0.001)] l_pix: 3.4290e-02 
2025-11-21 18:42:44,971 INFO: [IART_..][epoch:  0, iter:   2,255, lr:(1.891e-04,2.364e-05,)] [eta: 8:54:47, time (data): 2.493 (0.001)] l_pix: 1.6749e-02 
2025-11-21 18:42:47,446 INFO: [IART_..][epoch:  0, iter:   2,256, lr:(1.891e-04,2.364e-05,)] [eta: 8:54:44, time (data): 2.493 (0.001)] l_pix: 2.3905e-02 
2025-11-21 18:42:49,867 INFO: [IART_..][epoch:  0, iter:   2,257, lr:(1.890e-04,2.364e-05,)] [eta: 8:54:41, time (data): 2.491 (0.001)] l_pix: 2.9271e-02 
2025-11-21 18:42:52,440 INFO: [IART_..][epoch:  0, iter:   2,258, lr:(1.890e-04,2.363e-05,)] [eta: 8:54:39, time (data): 2.493 (0.001)] l_pix: 2.6162e-02 
2025-11-21 18:42:54,883 INFO: [IART_..][epoch:  0, iter:   2,259, lr:(1.890e-04,2.363e-05,)] [eta: 8:54:36, time (data): 2.492 (0.001)] l_pix: 1.8830e-02 
2025-11-21 18:42:57,468 INFO: [IART_..][epoch:  0, iter:   2,260, lr:(1.890e-04,2.363e-05,)] [eta: 8:54:34, time (data): 2.494 (0.001)] l_pix: 3.1962e-02 
2025-11-21 18:43:00,026 INFO: [IART_..][epoch:  0, iter:   2,261, lr:(1.890e-04,2.363e-05,)] [eta: 8:54:32, time (data): 2.495 (0.001)] l_pix: 2.1706e-02 
2025-11-21 18:43:02,479 INFO: [IART_..][epoch:  0, iter:   2,262, lr:(1.890e-04,2.363e-05,)] [eta: 8:54:29, time (data): 2.494 (0.001)] l_pix: 2.6751e-02 
2025-11-21 18:43:04,927 INFO: [IART_..][epoch:  0, iter:   2,263, lr:(1.890e-04,2.363e-05,)] [eta: 8:54:26, time (data): 2.493 (0.001)] l_pix: 9.8787e-03 
2025-11-21 18:43:07,493 INFO: [IART_..][epoch:  0, iter:   2,264, lr:(1.890e-04,2.363e-05,)] [eta: 8:54:24, time (data): 2.495 (0.001)] l_pix: 2.7246e-02 
2025-11-21 18:43:10,037 INFO: [IART_..][epoch:  0, iter:   2,265, lr:(1.890e-04,2.363e-05,)] [eta: 8:54:21, time (data): 2.496 (0.001)] l_pix: 1.7815e-02 
2025-11-21 18:43:12,669 INFO: [IART_..][epoch:  0, iter:   2,266, lr:(1.890e-04,2.363e-05,)] [eta: 8:54:19, time (data): 2.498 (0.001)] l_pix: 2.6386e-02 
2025-11-21 18:43:15,392 INFO: [IART_..][epoch:  0, iter:   2,267, lr:(1.890e-04,2.362e-05,)] [eta: 8:54:18, time (data): 2.502 (0.001)] l_pix: 3.9034e-02 
2025-11-21 18:43:17,960 INFO: [IART_..][epoch:  0, iter:   2,268, lr:(1.889e-04,2.362e-05,)] [eta: 8:54:16, time (data): 2.503 (0.001)] l_pix: 3.3271e-02 
2025-11-21 18:43:20,637 INFO: [IART_..][epoch:  0, iter:   2,269, lr:(1.889e-04,2.362e-05,)] [eta: 8:54:14, time (data): 2.506 (0.001)] l_pix: 3.2174e-02 
2025-11-21 18:43:23,306 INFO: [IART_..][epoch:  0, iter:   2,270, lr:(1.889e-04,2.362e-05,)] [eta: 8:54:12, time (data): 2.509 (0.001)] l_pix: 3.3192e-02 
2025-11-21 18:43:25,763 INFO: [IART_..][epoch:  0, iter:   2,271, lr:(1.889e-04,2.362e-05,)] [eta: 8:54:10, time (data): 2.508 (0.001)] l_pix: 2.1969e-02 
2025-11-21 18:43:28,303 INFO: [IART_..][epoch:  0, iter:   2,272, lr:(1.889e-04,2.362e-05,)] [eta: 8:54:07, time (data): 2.509 (0.001)] l_pix: 3.3264e-02 
2025-11-21 18:43:30,813 INFO: [IART_..][epoch:  0, iter:   2,273, lr:(1.889e-04,2.362e-05,)] [eta: 8:54:05, time (data): 2.509 (0.001)] l_pix: 2.9472e-02 
2025-11-21 18:43:33,323 INFO: [IART_..][epoch:  0, iter:   2,274, lr:(1.889e-04,2.362e-05,)] [eta: 8:54:02, time (data): 2.509 (0.001)] l_pix: 3.1187e-02 
2025-11-21 18:43:35,757 INFO: [IART_..][epoch:  0, iter:   2,275, lr:(1.889e-04,2.361e-05,)] [eta: 8:53:59, time (data): 2.507 (0.001)] l_pix: 1.9983e-02 
2025-11-21 18:43:38,429 INFO: [IART_..][epoch:  0, iter:   2,276, lr:(1.889e-04,2.361e-05,)] [eta: 8:53:57, time (data): 2.510 (0.001)] l_pix: 1.1974e-02 
2025-11-21 18:43:40,924 INFO: [IART_..][epoch:  0, iter:   2,277, lr:(1.889e-04,2.361e-05,)] [eta: 8:53:55, time (data): 2.510 (0.001)] l_pix: 3.6388e-02 
2025-11-21 18:43:43,397 INFO: [IART_..][epoch:  0, iter:   2,278, lr:(1.888e-04,2.361e-05,)] [eta: 8:53:52, time (data): 2.509 (0.001)] l_pix: 3.6496e-02 
2025-11-21 18:43:45,930 INFO: [IART_..][epoch:  0, iter:   2,279, lr:(1.888e-04,2.361e-05,)] [eta: 8:53:49, time (data): 2.510 (0.001)] l_pix: 1.1703e-02 
2025-11-21 18:43:48,543 INFO: [IART_..][epoch:  0, iter:   2,280, lr:(1.888e-04,2.361e-05,)] [eta: 8:53:48, time (data): 2.511 (0.001)] l_pix: 2.6862e-02 
2025-11-21 18:43:50,952 INFO: [IART_..][epoch:  0, iter:   2,281, lr:(1.888e-04,2.361e-05,)] [eta: 8:53:44, time (data): 2.510 (0.001)] l_pix: 1.5497e-02 
2025-11-21 18:43:53,410 INFO: [IART_..][epoch:  0, iter:   2,282, lr:(1.888e-04,2.361e-05,)] [eta: 8:53:42, time (data): 2.509 (0.001)] l_pix: 2.8206e-02 
2025-11-21 18:43:55,932 INFO: [IART_..][epoch:  0, iter:   2,283, lr:(1.888e-04,2.360e-05,)] [eta: 8:53:39, time (data): 2.509 (0.001)] l_pix: 1.6127e-02 
2025-11-21 18:43:58,469 INFO: [IART_..][epoch:  0, iter:   2,284, lr:(1.888e-04,2.360e-05,)] [eta: 8:53:37, time (data): 2.509 (0.001)] l_pix: 2.8834e-02 
2025-11-21 18:44:00,922 INFO: [IART_..][epoch:  0, iter:   2,285, lr:(1.888e-04,2.360e-05,)] [eta: 8:53:34, time (data): 2.509 (0.001)] l_pix: 5.6101e-02 
2025-11-21 18:44:03,363 INFO: [IART_..][epoch:  0, iter:   2,286, lr:(1.888e-04,2.360e-05,)] [eta: 8:53:31, time (data): 2.508 (0.001)] l_pix: 3.1388e-02 
2025-11-21 18:44:05,890 INFO: [IART_..][epoch:  0, iter:   2,287, lr:(1.888e-04,2.360e-05,)] [eta: 8:53:28, time (data): 2.508 (0.001)] l_pix: 1.6031e-02 
2025-11-21 18:44:08,516 INFO: [IART_..][epoch:  0, iter:   2,288, lr:(1.888e-04,2.360e-05,)] [eta: 8:53:26, time (data): 2.510 (0.001)] l_pix: 2.7026e-02 
2025-11-21 18:44:11,041 INFO: [IART_..][epoch:  0, iter:   2,289, lr:(1.887e-04,2.360e-05,)] [eta: 8:53:24, time (data): 2.510 (0.001)] l_pix: 4.4236e-02 
2025-11-21 18:44:13,488 INFO: [IART_..][epoch:  0, iter:   2,290, lr:(1.887e-04,2.360e-05,)] [eta: 8:53:21, time (data): 2.509 (0.001)] l_pix: 2.1966e-02 
2025-11-21 18:44:15,992 INFO: [IART_..][epoch:  0, iter:   2,291, lr:(1.887e-04,2.360e-05,)] [eta: 8:53:18, time (data): 2.509 (0.001)] l_pix: 3.1295e-02 
2025-11-21 18:44:18,444 INFO: [IART_..][epoch:  0, iter:   2,292, lr:(1.887e-04,2.359e-05,)] [eta: 8:53:16, time (data): 2.508 (0.001)] l_pix: 2.0023e-02 
2025-11-21 18:44:20,917 INFO: [IART_..][epoch:  0, iter:   2,293, lr:(1.887e-04,2.359e-05,)] [eta: 8:53:13, time (data): 2.508 (0.001)] l_pix: 1.5879e-02 
2025-11-21 18:44:23,363 INFO: [IART_..][epoch:  0, iter:   2,294, lr:(1.887e-04,2.359e-05,)] [eta: 8:53:10, time (data): 2.507 (0.001)] l_pix: 4.0809e-02 
2025-11-21 18:44:25,822 INFO: [IART_..][epoch:  0, iter:   2,295, lr:(1.887e-04,2.359e-05,)] [eta: 8:53:07, time (data): 2.506 (0.001)] l_pix: 1.4925e-02 
2025-11-21 18:44:28,415 INFO: [IART_..][epoch:  0, iter:   2,296, lr:(1.887e-04,2.359e-05,)] [eta: 8:53:05, time (data): 2.507 (0.001)] l_pix: 4.2097e-02 
2025-11-21 18:44:30,920 INFO: [IART_..][epoch:  0, iter:   2,297, lr:(1.887e-04,2.359e-05,)] [eta: 8:53:02, time (data): 2.507 (0.001)] l_pix: 2.0046e-02 
2025-11-21 18:44:33,472 INFO: [IART_..][epoch:  0, iter:   2,298, lr:(1.887e-04,2.359e-05,)] [eta: 8:53:00, time (data): 2.508 (0.001)] l_pix: 5.3668e-02 
2025-11-21 18:44:35,885 INFO: [IART_..][epoch:  0, iter:   2,299, lr:(1.886e-04,2.359e-05,)] [eta: 8:52:57, time (data): 2.507 (0.001)] l_pix: 2.6172e-02 
2025-11-21 18:44:38,329 INFO: [IART_..][epoch:  0, iter:   2,300, lr:(1.886e-04,2.358e-05,)] [eta: 8:52:54, time (data): 2.506 (0.001)] l_pix: 2.0810e-02 
2025-11-21 18:44:40,796 INFO: [IART_..][epoch:  0, iter:   2,301, lr:(1.886e-04,2.358e-05,)] [eta: 8:52:51, time (data): 2.506 (0.001)] l_pix: 2.3831e-02 
2025-11-21 18:44:43,346 INFO: [IART_..][epoch:  0, iter:   2,302, lr:(1.886e-04,2.358e-05,)] [eta: 8:52:49, time (data): 2.506 (0.001)] l_pix: 1.6399e-02 
2025-11-21 18:44:45,972 INFO: [IART_..][epoch:  0, iter:   2,303, lr:(1.886e-04,2.358e-05,)] [eta: 8:52:47, time (data): 2.507 (0.001)] l_pix: 2.2694e-02 
2025-11-21 18:44:48,640 INFO: [IART_..][epoch:  0, iter:   2,304, lr:(1.886e-04,2.358e-05,)] [eta: 8:52:45, time (data): 2.509 (0.001)] l_pix: 1.5852e-02 
2025-11-21 18:44:51,197 INFO: [IART_..][epoch:  0, iter:   2,305, lr:(1.886e-04,2.358e-05,)] [eta: 8:52:43, time (data): 2.510 (0.001)] l_pix: 3.0161e-02 
2025-11-21 18:44:53,652 INFO: [IART_..][epoch:  0, iter:   2,306, lr:(1.886e-04,2.358e-05,)] [eta: 8:52:40, time (data): 2.509 (0.001)] l_pix: 2.0621e-02 
2025-11-21 18:44:56,204 INFO: [IART_..][epoch:  0, iter:   2,307, lr:(1.886e-04,2.358e-05,)] [eta: 8:52:38, time (data): 2.510 (0.001)] l_pix: 3.7157e-02 
2025-11-21 18:44:58,660 INFO: [IART_..][epoch:  0, iter:   2,308, lr:(1.886e-04,2.357e-05,)] [eta: 8:52:35, time (data): 2.509 (0.001)] l_pix: 2.1505e-02 
2025-11-21 18:45:01,130 INFO: [IART_..][epoch:  0, iter:   2,309, lr:(1.885e-04,2.357e-05,)] [eta: 8:52:32, time (data): 2.509 (0.001)] l_pix: 1.6661e-02 
2025-11-21 18:45:03,601 INFO: [IART_..][epoch:  0, iter:   2,310, lr:(1.885e-04,2.357e-05,)] [eta: 8:52:29, time (data): 2.508 (0.001)] l_pix: 1.5686e-02 
2025-11-21 18:45:06,060 INFO: [IART_..][epoch:  0, iter:   2,311, lr:(1.885e-04,2.357e-05,)] [eta: 8:52:26, time (data): 2.508 (0.001)] l_pix: 2.9623e-02 
2025-11-21 18:45:08,589 INFO: [IART_..][epoch:  0, iter:   2,312, lr:(1.885e-04,2.357e-05,)] [eta: 8:52:24, time (data): 2.508 (0.001)] l_pix: 2.9450e-02 
2025-11-21 18:45:11,199 INFO: [IART_..][epoch:  0, iter:   2,313, lr:(1.885e-04,2.357e-05,)] [eta: 8:52:22, time (data): 2.509 (0.001)] l_pix: 2.4236e-02 
2025-11-21 18:45:13,662 INFO: [IART_..][epoch:  0, iter:   2,314, lr:(1.885e-04,2.357e-05,)] [eta: 8:52:19, time (data): 2.509 (0.001)] l_pix: 3.2774e-02 
2025-11-21 18:45:16,227 INFO: [IART_..][epoch:  0, iter:   2,315, lr:(1.885e-04,2.357e-05,)] [eta: 8:52:17, time (data): 2.509 (0.001)] l_pix: 2.2418e-02 
2025-11-21 18:45:18,941 INFO: [IART_..][epoch:  0, iter:   2,316, lr:(1.885e-04,2.357e-05,)] [eta: 8:52:15, time (data): 2.511 (0.001)] l_pix: 2.5310e-02 
2025-11-21 18:45:21,472 INFO: [IART_..][epoch:  0, iter:   2,317, lr:(1.885e-04,2.356e-05,)] [eta: 8:52:13, time (data): 2.511 (0.001)] l_pix: 5.1324e-02 
2025-11-21 18:45:23,975 INFO: [IART_..][epoch:  0, iter:   2,318, lr:(1.885e-04,2.356e-05,)] [eta: 8:52:10, time (data): 2.511 (0.001)] l_pix: 3.9234e-02 
2025-11-21 18:45:26,438 INFO: [IART_..][epoch:  0, iter:   2,319, lr:(1.885e-04,2.356e-05,)] [eta: 8:52:08, time (data): 2.511 (0.001)] l_pix: 3.5407e-02 
2025-11-21 18:45:28,901 INFO: [IART_..][epoch:  0, iter:   2,320, lr:(1.884e-04,2.356e-05,)] [eta: 8:52:05, time (data): 2.510 (0.001)] l_pix: 4.4357e-02 
2025-11-21 18:45:31,344 INFO: [IART_..][epoch:  0, iter:   2,321, lr:(1.884e-04,2.356e-05,)] [eta: 8:52:02, time (data): 2.510 (0.001)] l_pix: 3.7031e-02 
2025-11-21 18:45:33,962 INFO: [IART_..][epoch:  0, iter:   2,322, lr:(1.884e-04,2.356e-05,)] [eta: 8:52:00, time (data): 2.511 (0.001)] l_pix: 4.4707e-02 
2025-11-21 18:45:36,593 INFO: [IART_..][epoch:  0, iter:   2,323, lr:(1.884e-04,2.356e-05,)] [eta: 8:51:58, time (data): 2.512 (0.001)] l_pix: 1.5275e-02 
2025-11-21 18:45:38,980 INFO: [IART_..][epoch:  0, iter:   2,324, lr:(1.884e-04,2.356e-05,)] [eta: 8:51:55, time (data): 2.511 (0.001)] l_pix: 3.4884e-02 
2025-11-21 18:45:41,681 INFO: [IART_..][epoch:  0, iter:   2,325, lr:(1.884e-04,2.355e-05,)] [eta: 8:51:53, time (data): 2.512 (0.001)] l_pix: 1.4455e-02 
2025-11-21 18:45:44,289 INFO: [IART_..][epoch:  0, iter:   2,326, lr:(1.884e-04,2.355e-05,)] [eta: 8:51:51, time (data): 2.513 (0.001)] l_pix: 1.6574e-02 
2025-11-21 18:45:46,809 INFO: [IART_..][epoch:  0, iter:   2,327, lr:(1.884e-04,2.355e-05,)] [eta: 8:51:49, time (data): 2.513 (0.001)] l_pix: 2.8129e-02 
2025-11-21 18:45:49,351 INFO: [IART_..][epoch:  0, iter:   2,328, lr:(1.884e-04,2.355e-05,)] [eta: 8:51:46, time (data): 2.513 (0.001)] l_pix: 4.2576e-02 
2025-11-21 18:45:51,738 INFO: [IART_..][epoch:  0, iter:   2,329, lr:(1.884e-04,2.355e-05,)] [eta: 8:51:43, time (data): 2.512 (0.001)] l_pix: 2.9999e-02 
2025-11-21 18:45:54,234 INFO: [IART_..][epoch:  0, iter:   2,330, lr:(1.883e-04,2.355e-05,)] [eta: 8:51:40, time (data): 2.512 (0.001)] l_pix: 2.1417e-02 
2025-11-21 18:45:56,734 INFO: [IART_..][epoch:  0, iter:   2,331, lr:(1.883e-04,2.355e-05,)] [eta: 8:51:38, time (data): 2.512 (0.001)] l_pix: 3.1891e-02 
2025-11-21 18:45:59,173 INFO: [IART_..][epoch:  0, iter:   2,332, lr:(1.883e-04,2.355e-05,)] [eta: 8:51:35, time (data): 2.511 (0.001)] l_pix: 2.8652e-02 
2025-11-21 18:46:01,596 INFO: [IART_..][epoch:  0, iter:   2,333, lr:(1.883e-04,2.354e-05,)] [eta: 8:51:32, time (data): 2.511 (0.001)] l_pix: 3.2306e-02 
2025-11-21 18:46:04,048 INFO: [IART_..][epoch:  0, iter:   2,334, lr:(1.883e-04,2.354e-05,)] [eta: 8:51:29, time (data): 2.510 (0.001)] l_pix: 2.0345e-02 
2025-11-21 18:46:06,675 INFO: [IART_..][epoch:  0, iter:   2,335, lr:(1.883e-04,2.354e-05,)] [eta: 8:51:27, time (data): 2.511 (0.001)] l_pix: 2.2953e-02 
2025-11-21 18:46:09,088 INFO: [IART_..][epoch:  0, iter:   2,336, lr:(1.883e-04,2.354e-05,)] [eta: 8:51:24, time (data): 2.510 (0.001)] l_pix: 2.0429e-02 
2025-11-21 18:46:11,605 INFO: [IART_..][epoch:  0, iter:   2,337, lr:(1.883e-04,2.354e-05,)] [eta: 8:51:21, time (data): 2.510 (0.001)] l_pix: 1.4913e-02 
2025-11-21 18:46:14,215 INFO: [IART_..][epoch:  0, iter:   2,338, lr:(1.883e-04,2.354e-05,)] [eta: 8:51:19, time (data): 2.511 (0.001)] l_pix: 2.2904e-02 
2025-11-21 18:46:16,826 INFO: [IART_..][epoch:  0, iter:   2,339, lr:(1.883e-04,2.354e-05,)] [eta: 8:51:17, time (data): 2.512 (0.001)] l_pix: 2.8674e-02 
2025-11-21 18:46:19,243 INFO: [IART_..][epoch:  0, iter:   2,340, lr:(1.882e-04,2.354e-05,)] [eta: 8:51:14, time (data): 2.511 (0.001)] l_pix: 3.5889e-02 
2025-11-21 18:46:21,731 INFO: [IART_..][epoch:  0, iter:   2,341, lr:(1.882e-04,2.353e-05,)] [eta: 8:51:12, time (data): 2.511 (0.001)] l_pix: 2.4142e-02 
2025-11-21 18:46:24,308 INFO: [IART_..][epoch:  0, iter:   2,342, lr:(1.882e-04,2.353e-05,)] [eta: 8:51:09, time (data): 2.512 (0.001)] l_pix: 4.4110e-02 
2025-11-21 18:46:26,828 INFO: [IART_..][epoch:  0, iter:   2,343, lr:(1.882e-04,2.353e-05,)] [eta: 8:51:07, time (data): 2.512 (0.001)] l_pix: 2.6553e-02 
2025-11-21 18:46:29,423 INFO: [IART_..][epoch:  0, iter:   2,344, lr:(1.882e-04,2.353e-05,)] [eta: 8:51:05, time (data): 2.512 (0.001)] l_pix: 1.5195e-02 
2025-11-21 18:46:31,869 INFO: [IART_..][epoch:  0, iter:   2,345, lr:(1.882e-04,2.353e-05,)] [eta: 8:51:02, time (data): 2.512 (0.001)] l_pix: 3.0865e-02 
2025-11-21 18:46:34,261 INFO: [IART_..][epoch:  0, iter:   2,346, lr:(1.882e-04,2.353e-05,)] [eta: 8:50:59, time (data): 2.511 (0.001)] l_pix: 2.1562e-02 
2025-11-21 18:46:36,723 INFO: [IART_..][epoch:  0, iter:   2,347, lr:(1.882e-04,2.353e-05,)] [eta: 8:50:56, time (data): 2.510 (0.001)] l_pix: 3.8780e-02 
2025-11-21 18:46:39,162 INFO: [IART_..][epoch:  0, iter:   2,348, lr:(1.882e-04,2.353e-05,)] [eta: 8:50:53, time (data): 2.510 (0.001)] l_pix: 3.2759e-02 
2025-11-21 18:46:41,649 INFO: [IART_..][epoch:  0, iter:   2,349, lr:(1.882e-04,2.352e-05,)] [eta: 8:50:50, time (data): 2.510 (0.001)] l_pix: 2.8458e-02 
2025-11-21 18:46:44,213 INFO: [IART_..][epoch:  0, iter:   2,350, lr:(1.881e-04,2.352e-05,)] [eta: 8:50:48, time (data): 2.510 (0.001)] l_pix: 3.1616e-02 
2025-11-21 18:46:46,859 INFO: [IART_..][epoch:  0, iter:   2,351, lr:(1.881e-04,2.352e-05,)] [eta: 8:50:46, time (data): 2.511 (0.001)] l_pix: 3.5388e-02 
2025-11-21 18:46:49,464 INFO: [IART_..][epoch:  0, iter:   2,352, lr:(1.881e-04,2.352e-05,)] [eta: 8:50:44, time (data): 2.512 (0.001)] l_pix: 4.2108e-02 
2025-11-21 18:46:51,885 INFO: [IART_..][epoch:  0, iter:   2,353, lr:(1.881e-04,2.352e-05,)] [eta: 8:50:41, time (data): 2.511 (0.001)] l_pix: 2.0939e-02 
2025-11-21 18:46:54,369 INFO: [IART_..][epoch:  0, iter:   2,354, lr:(1.881e-04,2.352e-05,)] [eta: 8:50:38, time (data): 2.511 (0.001)] l_pix: 3.2974e-02 
2025-11-21 18:46:56,766 INFO: [IART_..][epoch:  0, iter:   2,355, lr:(1.881e-04,2.352e-05,)] [eta: 8:50:35, time (data): 2.510 (0.001)] l_pix: 2.3671e-02 
2025-11-21 18:46:59,333 INFO: [IART_..][epoch:  0, iter:   2,356, lr:(1.881e-04,2.352e-05,)] [eta: 8:50:33, time (data): 2.511 (0.001)] l_pix: 4.5883e-02 
2025-11-21 18:47:01,792 INFO: [IART_..][epoch:  0, iter:   2,357, lr:(1.881e-04,2.351e-05,)] [eta: 8:50:30, time (data): 2.510 (0.001)] l_pix: 1.9839e-02 
2025-11-21 18:47:04,266 INFO: [IART_..][epoch:  0, iter:   2,358, lr:(1.881e-04,2.351e-05,)] [eta: 8:50:27, time (data): 2.510 (0.001)] l_pix: 2.2660e-02 
2025-11-21 18:47:06,776 INFO: [IART_..][epoch:  0, iter:   2,359, lr:(1.881e-04,2.351e-05,)] [eta: 8:50:25, time (data): 2.510 (0.001)] l_pix: 2.0848e-02 
2025-11-21 18:47:09,295 INFO: [IART_..][epoch:  0, iter:   2,360, lr:(1.880e-04,2.351e-05,)] [eta: 8:50:22, time (data): 2.510 (0.001)] l_pix: 4.2624e-02 
2025-11-21 18:47:11,750 INFO: [IART_..][epoch:  0, iter:   2,361, lr:(1.880e-04,2.351e-05,)] [eta: 8:50:19, time (data): 2.510 (0.001)] l_pix: 2.7134e-02 
2025-11-21 18:47:14,256 INFO: [IART_..][epoch:  0, iter:   2,362, lr:(1.880e-04,2.351e-05,)] [eta: 8:50:17, time (data): 2.510 (0.001)] l_pix: 3.7914e-02 
2025-11-21 18:47:16,661 INFO: [IART_..][epoch:  0, iter:   2,363, lr:(1.880e-04,2.351e-05,)] [eta: 8:50:14, time (data): 2.509 (0.001)] l_pix: 2.9548e-02 
2025-11-21 18:47:19,163 INFO: [IART_..][epoch:  0, iter:   2,364, lr:(1.880e-04,2.351e-05,)] [eta: 8:50:11, time (data): 2.509 (0.001)] l_pix: 2.1840e-02 
2025-11-21 18:47:21,580 INFO: [IART_..][epoch:  0, iter:   2,365, lr:(1.880e-04,2.350e-05,)] [eta: 8:50:08, time (data): 2.508 (0.001)] l_pix: 3.7437e-02 
2025-11-21 18:47:23,998 INFO: [IART_..][epoch:  0, iter:   2,366, lr:(1.880e-04,2.350e-05,)] [eta: 8:50:05, time (data): 2.508 (0.001)] l_pix: 3.8473e-02 
2025-11-21 18:47:26,647 INFO: [IART_..][epoch:  0, iter:   2,367, lr:(1.880e-04,2.350e-05,)] [eta: 8:50:03, time (data): 2.509 (0.001)] l_pix: 1.3611e-02 
2025-11-21 18:47:29,247 INFO: [IART_..][epoch:  0, iter:   2,368, lr:(1.880e-04,2.350e-05,)] [eta: 8:50:01, time (data): 2.509 (0.001)] l_pix: 2.2202e-02 
2025-11-21 18:47:31,734 INFO: [IART_..][epoch:  0, iter:   2,369, lr:(1.880e-04,2.350e-05,)] [eta: 8:49:58, time (data): 2.509 (0.001)] l_pix: 4.4096e-02 
2025-11-21 18:47:34,362 INFO: [IART_..][epoch:  0, iter:   2,370, lr:(1.879e-04,2.350e-05,)] [eta: 8:49:57, time (data): 2.510 (0.001)] l_pix: 3.2948e-02 
2025-11-21 18:47:36,929 INFO: [IART_..][epoch:  0, iter:   2,371, lr:(1.879e-04,2.350e-05,)] [eta: 8:49:54, time (data): 2.510 (0.001)] l_pix: 1.7953e-02 
2025-11-21 18:47:39,364 INFO: [IART_..][epoch:  0, iter:   2,372, lr:(1.879e-04,2.350e-05,)] [eta: 8:49:51, time (data): 2.510 (0.001)] l_pix: 3.8790e-02 
2025-11-21 18:47:41,897 INFO: [IART_..][epoch:  0, iter:   2,373, lr:(1.879e-04,2.350e-05,)] [eta: 8:49:49, time (data): 2.510 (0.001)] l_pix: 2.3440e-02 
2025-11-21 18:47:44,346 INFO: [IART_..][epoch:  0, iter:   2,374, lr:(1.879e-04,2.349e-05,)] [eta: 8:49:46, time (data): 2.509 (0.001)] l_pix: 3.1524e-02 
2025-11-21 18:47:46,830 INFO: [IART_..][epoch:  0, iter:   2,375, lr:(1.879e-04,2.349e-05,)] [eta: 8:49:43, time (data): 2.509 (0.001)] l_pix: 3.4616e-02 
2025-11-21 18:47:49,255 INFO: [IART_..][epoch:  0, iter:   2,376, lr:(1.879e-04,2.349e-05,)] [eta: 8:49:40, time (data): 2.509 (0.001)] l_pix: 2.9716e-02 
2025-11-21 18:47:51,673 INFO: [IART_..][epoch:  0, iter:   2,377, lr:(1.879e-04,2.349e-05,)] [eta: 8:49:37, time (data): 2.508 (0.001)] l_pix: 3.3215e-02 
2025-11-21 18:47:54,120 INFO: [IART_..][epoch:  0, iter:   2,378, lr:(1.879e-04,2.349e-05,)] [eta: 8:49:34, time (data): 2.508 (0.001)] l_pix: 3.2469e-02 
2025-11-21 18:47:56,693 INFO: [IART_..][epoch:  0, iter:   2,379, lr:(1.879e-04,2.349e-05,)] [eta: 8:49:32, time (data): 2.508 (0.001)] l_pix: 3.3350e-02 
2025-11-21 18:47:59,206 INFO: [IART_..][epoch:  0, iter:   2,380, lr:(1.878e-04,2.349e-05,)] [eta: 8:49:30, time (data): 2.508 (0.001)] l_pix: 2.7392e-02 
2025-11-21 18:48:01,681 INFO: [IART_..][epoch:  0, iter:   2,381, lr:(1.878e-04,2.349e-05,)] [eta: 8:49:27, time (data): 2.508 (0.001)] l_pix: 3.2108e-02 
2025-11-21 18:48:04,134 INFO: [IART_..][epoch:  0, iter:   2,382, lr:(1.878e-04,2.348e-05,)] [eta: 8:49:24, time (data): 2.508 (0.001)] l_pix: 1.9597e-02 
2025-11-21 18:48:06,684 INFO: [IART_..][epoch:  0, iter:   2,383, lr:(1.878e-04,2.348e-05,)] [eta: 8:49:22, time (data): 2.508 (0.001)] l_pix: 4.2501e-02 
2025-11-21 18:48:09,204 INFO: [IART_..][epoch:  0, iter:   2,384, lr:(1.878e-04,2.348e-05,)] [eta: 8:49:19, time (data): 2.508 (0.001)] l_pix: 3.7644e-02 
2025-11-21 18:48:11,615 INFO: [IART_..][epoch:  0, iter:   2,385, lr:(1.878e-04,2.348e-05,)] [eta: 8:49:16, time (data): 2.508 (0.001)] l_pix: 3.6615e-02 
2025-11-21 18:48:14,069 INFO: [IART_..][epoch:  0, iter:   2,386, lr:(1.878e-04,2.348e-05,)] [eta: 8:49:13, time (data): 2.507 (0.001)] l_pix: 3.5240e-02 
2025-11-21 18:48:16,539 INFO: [IART_..][epoch:  0, iter:   2,387, lr:(1.878e-04,2.348e-05,)] [eta: 8:49:10, time (data): 2.507 (0.001)] l_pix: 1.3040e-02 
2025-11-21 18:48:18,945 INFO: [IART_..][epoch:  0, iter:   2,388, lr:(1.878e-04,2.348e-05,)] [eta: 8:49:07, time (data): 2.506 (0.001)] l_pix: 3.3876e-02 
2025-11-21 18:48:21,329 INFO: [IART_..][epoch:  0, iter:   2,389, lr:(1.878e-04,2.348e-05,)] [eta: 8:49:04, time (data): 2.506 (0.001)] l_pix: 2.6052e-02 
2025-11-21 18:48:23,716 INFO: [IART_..][epoch:  0, iter:   2,390, lr:(1.877e-04,2.347e-05,)] [eta: 8:49:01, time (data): 2.505 (0.001)] l_pix: 1.6028e-02 
2025-11-21 18:48:26,191 INFO: [IART_..][epoch:  0, iter:   2,391, lr:(1.877e-04,2.347e-05,)] [eta: 8:48:58, time (data): 2.505 (0.001)] l_pix: 1.6992e-02 
2025-11-21 18:48:28,664 INFO: [IART_..][epoch:  0, iter:   2,392, lr:(1.877e-04,2.347e-05,)] [eta: 8:48:55, time (data): 2.505 (0.001)] l_pix: 2.6263e-02 
2025-11-21 18:48:31,190 INFO: [IART_..][epoch:  0, iter:   2,393, lr:(1.877e-04,2.347e-05,)] [eta: 8:48:53, time (data): 2.505 (0.001)] l_pix: 7.5934e-03 
2025-11-21 18:48:33,930 INFO: [IART_..][epoch:  0, iter:   2,394, lr:(1.877e-04,2.347e-05,)] [eta: 8:48:52, time (data): 2.506 (0.001)] l_pix: 3.6692e-02 
2025-11-21 18:48:36,533 INFO: [IART_..][epoch:  0, iter:   2,395, lr:(1.877e-04,2.347e-05,)] [eta: 8:48:50, time (data): 2.507 (0.001)] l_pix: 2.0569e-02 
2025-11-21 18:48:39,189 INFO: [IART_..][epoch:  0, iter:   2,396, lr:(1.877e-04,2.347e-05,)] [eta: 8:48:48, time (data): 2.507 (0.001)] l_pix: 2.2157e-02 
2025-11-21 18:48:41,730 INFO: [IART_..][epoch:  0, iter:   2,397, lr:(1.877e-04,2.347e-05,)] [eta: 8:48:45, time (data): 2.508 (0.001)] l_pix: 4.9740e-02 
2025-11-21 18:48:44,295 INFO: [IART_..][epoch:  0, iter:   2,398, lr:(1.877e-04,2.346e-05,)] [eta: 8:48:43, time (data): 2.508 (0.001)] l_pix: 3.1729e-02 
2025-11-21 18:48:46,917 INFO: [IART_..][epoch:  0, iter:   2,399, lr:(1.877e-04,2.346e-05,)] [eta: 8:48:41, time (data): 2.509 (0.001)] l_pix: 5.5952e-02 
2025-11-21 18:48:49,674 INFO: [IART_..][epoch:  0, iter:   2,400, lr:(1.876e-04,2.346e-05,)] [eta: 8:48:40, time (data): 2.510 (0.001)] l_pix: 3.3715e-02 
2025-11-21 18:48:52,086 INFO: [IART_..][epoch:  0, iter:   2,401, lr:(1.876e-04,2.346e-05,)] [eta: 8:48:37, time (data): 2.509 (0.001)] l_pix: 2.2393e-02 
2025-11-21 18:48:54,581 INFO: [IART_..][epoch:  0, iter:   2,402, lr:(1.876e-04,2.346e-05,)] [eta: 8:48:34, time (data): 2.509 (0.001)] l_pix: 3.1238e-02 
2025-11-21 18:48:57,276 INFO: [IART_..][epoch:  0, iter:   2,403, lr:(1.876e-04,2.346e-05,)] [eta: 8:48:33, time (data): 2.510 (0.001)] l_pix: 3.9805e-02 
2025-11-21 18:48:59,808 INFO: [IART_..][epoch:  0, iter:   2,404, lr:(1.876e-04,2.346e-05,)] [eta: 8:48:30, time (data): 2.510 (0.001)] l_pix: 1.8822e-02 
2025-11-21 18:49:02,240 INFO: [IART_..][epoch:  0, iter:   2,405, lr:(1.876e-04,2.345e-05,)] [eta: 8:48:27, time (data): 2.510 (0.001)] l_pix: 1.5498e-02 
2025-11-21 18:49:04,802 INFO: [IART_..][epoch:  0, iter:   2,406, lr:(1.876e-04,2.345e-05,)] [eta: 8:48:25, time (data): 2.510 (0.001)] l_pix: 2.2256e-02 
2025-11-21 18:49:07,396 INFO: [IART_..][epoch:  0, iter:   2,407, lr:(1.876e-04,2.345e-05,)] [eta: 8:48:23, time (data): 2.511 (0.002)] l_pix: 2.4276e-02 
2025-11-21 18:49:09,987 INFO: [IART_..][epoch:  0, iter:   2,408, lr:(1.876e-04,2.345e-05,)] [eta: 8:48:21, time (data): 2.511 (0.002)] l_pix: 4.4250e-02 
2025-11-21 18:49:12,442 INFO: [IART_..][epoch:  0, iter:   2,409, lr:(1.876e-04,2.345e-05,)] [eta: 8:48:18, time (data): 2.511 (0.001)] l_pix: 4.1311e-02 
2025-11-21 18:49:14,955 INFO: [IART_..][epoch:  0, iter:   2,410, lr:(1.875e-04,2.345e-05,)] [eta: 8:48:15, time (data): 2.511 (0.001)] l_pix: 2.9108e-02 
2025-11-21 18:49:17,546 INFO: [IART_..][epoch:  0, iter:   2,411, lr:(1.875e-04,2.345e-05,)] [eta: 8:48:13, time (data): 2.511 (0.001)] l_pix: 3.1876e-02 
2025-11-21 18:49:20,025 INFO: [IART_..][epoch:  0, iter:   2,412, lr:(1.875e-04,2.345e-05,)] [eta: 8:48:10, time (data): 2.511 (0.001)] l_pix: 3.6211e-02 
2025-11-21 18:49:22,585 INFO: [IART_..][epoch:  0, iter:   2,413, lr:(1.875e-04,2.344e-05,)] [eta: 8:48:08, time (data): 2.560 (0.000)] l_pix: 3.6110e-02 
2025-11-21 18:49:25,111 INFO: [IART_..][epoch:  0, iter:   2,414, lr:(1.875e-04,2.344e-05,)] [eta: 8:48:06, time (data): 2.543 (0.000)] l_pix: 2.3914e-02 
2025-11-21 18:49:27,580 INFO: [IART_..][epoch:  0, iter:   2,415, lr:(1.875e-04,2.344e-05,)] [eta: 8:48:03, time (data): 2.518 (0.000)] l_pix: 2.0683e-02 
2025-11-21 18:49:30,153 INFO: [IART_..][epoch:  0, iter:   2,416, lr:(1.875e-04,2.344e-05,)] [eta: 8:48:01, time (data): 2.532 (0.000)] l_pix: 1.3224e-02 
2025-11-21 18:49:32,567 INFO: [IART_..][epoch:  0, iter:   2,417, lr:(1.875e-04,2.344e-05,)] [eta: 8:47:58, time (data): 2.508 (0.000)] l_pix: 2.1778e-02 
2025-11-21 18:49:35,060 INFO: [IART_..][epoch:  0, iter:   2,418, lr:(1.875e-04,2.344e-05,)] [eta: 8:47:55, time (data): 2.506 (0.000)] l_pix: 3.8906e-02 
2025-11-21 18:49:37,547 INFO: [IART_..][epoch:  0, iter:   2,419, lr:(1.875e-04,2.344e-05,)] [eta: 8:47:52, time (data): 2.503 (0.000)] l_pix: 1.9896e-02 
2025-11-21 18:49:40,068 INFO: [IART_..][epoch:  0, iter:   2,420, lr:(1.874e-04,2.344e-05,)] [eta: 8:47:50, time (data): 2.505 (0.000)] l_pix: 2.3420e-02 
2025-11-21 18:49:42,554 INFO: [IART_..][epoch:  0, iter:   2,421, lr:(1.874e-04,2.343e-05,)] [eta: 8:47:47, time (data): 2.503 (0.001)] l_pix: 2.8877e-02 
2025-11-21 18:49:44,987 INFO: [IART_..][epoch:  0, iter:   2,422, lr:(1.874e-04,2.343e-05,)] [eta: 8:47:44, time (data): 2.496 (0.001)] l_pix: 3.0744e-02 
2025-11-21 18:49:47,448 INFO: [IART_..][epoch:  0, iter:   2,423, lr:(1.874e-04,2.343e-05,)] [eta: 8:47:41, time (data): 2.493 (0.001)] l_pix: 3.4079e-02 
2025-11-21 18:49:49,872 INFO: [IART_..][epoch:  0, iter:   2,424, lr:(1.874e-04,2.343e-05,)] [eta: 8:47:38, time (data): 2.487 (0.001)] l_pix: 2.9833e-02 
2025-11-21 18:49:52,316 INFO: [IART_..][epoch:  0, iter:   2,425, lr:(1.874e-04,2.343e-05,)] [eta: 8:47:35, time (data): 2.484 (0.001)] l_pix: 3.2995e-02 
2025-11-21 18:49:54,829 INFO: [IART_..][epoch:  0, iter:   2,426, lr:(1.874e-04,2.343e-05,)] [eta: 8:47:33, time (data): 2.486 (0.001)] l_pix: 2.3535e-02 
2025-11-21 18:49:57,283 INFO: [IART_..][epoch:  0, iter:   2,427, lr:(1.874e-04,2.343e-05,)] [eta: 8:47:30, time (data): 2.484 (0.001)] l_pix: 3.4813e-02 
2025-11-21 18:49:59,735 INFO: [IART_..][epoch:  0, iter:   2,428, lr:(1.874e-04,2.343e-05,)] [eta: 8:47:27, time (data): 2.482 (0.002)] l_pix: 2.0207e-02 
2025-11-21 18:50:02,242 INFO: [IART_..][epoch:  0, iter:   2,429, lr:(1.874e-04,2.342e-05,)] [eta: 8:47:25, time (data): 2.483 (0.001)] l_pix: 1.7254e-02 
2025-11-21 18:50:04,793 INFO: [IART_..][epoch:  0, iter:   2,430, lr:(1.873e-04,2.342e-05,)] [eta: 8:47:22, time (data): 2.487 (0.001)] l_pix: 3.4483e-02 
2025-11-21 18:50:07,317 INFO: [IART_..][epoch:  0, iter:   2,431, lr:(1.873e-04,2.342e-05,)] [eta: 8:47:20, time (data): 2.489 (0.001)] l_pix: 2.9096e-02 
2025-11-21 18:50:09,764 INFO: [IART_..][epoch:  0, iter:   2,432, lr:(1.873e-04,2.342e-05,)] [eta: 8:47:17, time (data): 2.487 (0.001)] l_pix: 3.5822e-02 
2025-11-21 18:50:12,232 INFO: [IART_..][epoch:  0, iter:   2,433, lr:(1.873e-04,2.342e-05,)] [eta: 8:47:14, time (data): 2.486 (0.002)] l_pix: 1.2338e-02 
2025-11-21 18:50:14,619 INFO: [IART_..][epoch:  0, iter:   2,434, lr:(1.873e-04,2.342e-05,)] [eta: 8:47:11, time (data): 2.482 (0.002)] l_pix: 4.7207e-02 
2025-11-21 18:50:17,160 INFO: [IART_..][epoch:  0, iter:   2,435, lr:(1.873e-04,2.342e-05,)] [eta: 8:47:08, time (data): 2.484 (0.002)] l_pix: 2.8404e-02 
2025-11-21 18:50:19,617 INFO: [IART_..][epoch:  0, iter:   2,436, lr:(1.873e-04,2.342e-05,)] [eta: 8:47:06, time (data): 2.483 (0.001)] l_pix: 1.2431e-02 
2025-11-21 18:50:22,152 INFO: [IART_..][epoch:  0, iter:   2,437, lr:(1.873e-04,2.341e-05,)] [eta: 8:47:03, time (data): 2.485 (0.001)] l_pix: 4.5123e-02 
2025-11-21 18:50:24,668 INFO: [IART_..][epoch:  0, iter:   2,438, lr:(1.873e-04,2.341e-05,)] [eta: 8:47:01, time (data): 2.486 (0.001)] l_pix: 2.6815e-02 
2025-11-21 18:50:27,309 INFO: [IART_..][epoch:  0, iter:   2,439, lr:(1.873e-04,2.341e-05,)] [eta: 8:46:59, time (data): 2.492 (0.002)] l_pix: 2.4043e-02 
2025-11-21 18:50:29,812 INFO: [IART_..][epoch:  0, iter:   2,440, lr:(1.872e-04,2.341e-05,)] [eta: 8:46:56, time (data): 2.492 (0.002)] l_pix: 4.1444e-02 
2025-11-21 18:50:32,228 INFO: [IART_..][epoch:  0, iter:   2,441, lr:(1.872e-04,2.341e-05,)] [eta: 8:46:53, time (data): 2.489 (0.002)] l_pix: 2.4700e-02 
2025-11-21 18:50:34,667 INFO: [IART_..][epoch:  0, iter:   2,442, lr:(1.872e-04,2.341e-05,)] [eta: 8:46:50, time (data): 2.488 (0.001)] l_pix: 2.5407e-02 
2025-11-21 18:50:37,134 INFO: [IART_..][epoch:  0, iter:   2,443, lr:(1.872e-04,2.341e-05,)] [eta: 8:46:47, time (data): 2.487 (0.001)] l_pix: 3.4717e-02 
2025-11-21 18:50:39,662 INFO: [IART_..][epoch:  0, iter:   2,444, lr:(1.872e-04,2.341e-05,)] [eta: 8:46:45, time (data): 2.488 (0.001)] l_pix: 3.8732e-02 
2025-11-21 18:50:42,084 INFO: [IART_..][epoch:  0, iter:   2,445, lr:(1.872e-04,2.340e-05,)] [eta: 8:46:42, time (data): 2.486 (0.001)] l_pix: 3.5947e-02 
2025-11-21 18:50:44,690 INFO: [IART_..][epoch:  0, iter:   2,446, lr:(1.872e-04,2.340e-05,)] [eta: 8:46:40, time (data): 2.490 (0.001)] l_pix: 3.0045e-02 
2025-11-21 18:50:47,410 INFO: [IART_..][epoch:  0, iter:   2,447, lr:(1.872e-04,2.340e-05,)] [eta: 8:46:38, time (data): 2.496 (0.002)] l_pix: 9.3891e-03 
2025-11-21 18:50:49,982 INFO: [IART_..][epoch:  0, iter:   2,448, lr:(1.872e-04,2.340e-05,)] [eta: 8:46:36, time (data): 2.498 (0.002)] l_pix: 2.6305e-02 
2025-11-21 18:50:52,486 INFO: [IART_..][epoch:  0, iter:   2,449, lr:(1.871e-04,2.340e-05,)] [eta: 8:46:34, time (data): 2.499 (0.001)] l_pix: 2.6734e-02 
2025-11-21 18:50:54,901 INFO: [IART_..][epoch:  0, iter:   2,450, lr:(1.871e-04,2.340e-05,)] [eta: 8:46:31, time (data): 2.496 (0.001)] l_pix: 1.5186e-02 
2025-11-21 18:50:57,491 INFO: [IART_..][epoch:  0, iter:   2,451, lr:(1.871e-04,2.340e-05,)] [eta: 8:46:28, time (data): 2.499 (0.001)] l_pix: 3.6320e-02 
2025-11-21 18:50:59,992 INFO: [IART_..][epoch:  0, iter:   2,452, lr:(1.871e-04,2.340e-05,)] [eta: 8:46:26, time (data): 2.499 (0.001)] l_pix: 3.4117e-02 
2025-11-21 18:51:02,434 INFO: [IART_..][epoch:  0, iter:   2,453, lr:(1.871e-04,2.339e-05,)] [eta: 8:46:23, time (data): 2.497 (0.001)] l_pix: 1.6718e-02 
2025-11-21 18:51:04,945 INFO: [IART_..][epoch:  0, iter:   2,454, lr:(1.871e-04,2.339e-05,)] [eta: 8:46:20, time (data): 2.498 (0.001)] l_pix: 2.3281e-02 
2025-11-21 18:51:07,376 INFO: [IART_..][epoch:  0, iter:   2,455, lr:(1.871e-04,2.339e-05,)] [eta: 8:46:17, time (data): 2.496 (0.001)] l_pix: 4.7136e-02 
2025-11-21 18:51:10,059 INFO: [IART_..][epoch:  0, iter:   2,456, lr:(1.871e-04,2.339e-05,)] [eta: 8:46:16, time (data): 2.500 (0.001)] l_pix: 3.2612e-02 
2025-11-21 18:51:12,505 INFO: [IART_..][epoch:  0, iter:   2,457, lr:(1.871e-04,2.339e-05,)] [eta: 8:46:13, time (data): 2.499 (0.001)] l_pix: 3.0395e-02 
2025-11-21 18:51:14,990 INFO: [IART_..][epoch:  0, iter:   2,458, lr:(1.871e-04,2.339e-05,)] [eta: 8:46:10, time (data): 2.499 (0.001)] l_pix: 1.8504e-02 
2025-11-21 18:51:17,421 INFO: [IART_..][epoch:  0, iter:   2,459, lr:(1.870e-04,2.339e-05,)] [eta: 8:46:07, time (data): 2.497 (0.002)] l_pix: 2.9148e-02 
2025-11-21 18:51:19,870 INFO: [IART_..][epoch:  0, iter:   2,460, lr:(1.870e-04,2.339e-05,)] [eta: 8:46:04, time (data): 2.496 (0.002)] l_pix: 1.9685e-02 
2025-11-21 18:51:22,345 INFO: [IART_..][epoch:  0, iter:   2,461, lr:(1.870e-04,2.338e-05,)] [eta: 8:46:02, time (data): 2.496 (0.002)] l_pix: 2.4069e-02 
2025-11-21 18:51:24,897 INFO: [IART_..][epoch:  0, iter:   2,462, lr:(1.870e-04,2.338e-05,)] [eta: 8:45:59, time (data): 2.497 (0.002)] l_pix: 1.4875e-02 
2025-11-21 18:51:27,416 INFO: [IART_..][epoch:  0, iter:   2,463, lr:(1.870e-04,2.338e-05,)] [eta: 8:45:57, time (data): 2.498 (0.002)] l_pix: 1.9064e-02 
2025-11-21 18:51:29,906 INFO: [IART_..][epoch:  0, iter:   2,464, lr:(1.870e-04,2.338e-05,)] [eta: 8:45:54, time (data): 2.497 (0.002)] l_pix: 1.5930e-02 
2025-11-21 18:51:32,426 INFO: [IART_..][epoch:  0, iter:   2,465, lr:(1.870e-04,2.338e-05,)] [eta: 8:45:52, time (data): 2.498 (0.002)] l_pix: 1.5794e-02 
2025-11-21 18:51:34,918 INFO: [IART_..][epoch:  0, iter:   2,466, lr:(1.870e-04,2.338e-05,)] [eta: 8:45:49, time (data): 2.498 (0.002)] l_pix: 6.5403e-03 
2025-11-21 18:51:37,410 INFO: [IART_..][epoch:  0, iter:   2,467, lr:(1.870e-04,2.338e-05,)] [eta: 8:45:46, time (data): 2.498 (0.002)] l_pix: 1.7962e-02 
2025-11-21 18:51:39,857 INFO: [IART_..][epoch:  0, iter:   2,468, lr:(1.870e-04,2.337e-05,)] [eta: 8:45:43, time (data): 2.497 (0.002)] l_pix: 3.6199e-02 
2025-11-21 18:51:42,333 INFO: [IART_..][epoch:  0, iter:   2,469, lr:(1.869e-04,2.337e-05,)] [eta: 8:45:41, time (data): 2.496 (0.002)] l_pix: 1.3342e-02 
2025-11-21 18:51:44,785 INFO: [IART_..][epoch:  0, iter:   2,470, lr:(1.869e-04,2.337e-05,)] [eta: 8:45:38, time (data): 2.496 (0.002)] l_pix: 3.5371e-02 
2025-11-21 18:51:47,423 INFO: [IART_..][epoch:  0, iter:   2,471, lr:(1.869e-04,2.337e-05,)] [eta: 8:45:36, time (data): 2.498 (0.002)] l_pix: 3.7117e-02 
2025-11-21 18:51:49,895 INFO: [IART_..][epoch:  0, iter:   2,472, lr:(1.869e-04,2.337e-05,)] [eta: 8:45:33, time (data): 2.498 (0.002)] l_pix: 2.5037e-02 
2025-11-21 18:51:52,359 INFO: [IART_..][epoch:  0, iter:   2,473, lr:(1.869e-04,2.337e-05,)] [eta: 8:45:30, time (data): 2.497 (0.002)] l_pix: 2.4783e-02 
2025-11-21 18:51:54,962 INFO: [IART_..][epoch:  0, iter:   2,474, lr:(1.869e-04,2.337e-05,)] [eta: 8:45:28, time (data): 2.499 (0.002)] l_pix: 2.7228e-02 
2025-11-21 18:51:57,500 INFO: [IART_..][epoch:  0, iter:   2,475, lr:(1.869e-04,2.337e-05,)] [eta: 8:45:26, time (data): 2.499 (0.002)] l_pix: 3.2528e-02 
2025-11-21 18:52:00,086 INFO: [IART_..][epoch:  0, iter:   2,476, lr:(1.869e-04,2.336e-05,)] [eta: 8:45:24, time (data): 2.501 (0.002)] l_pix: 4.0071e-02 
2025-11-21 18:52:02,528 INFO: [IART_..][epoch:  0, iter:   2,477, lr:(1.869e-04,2.336e-05,)] [eta: 8:45:21, time (data): 2.500 (0.002)] l_pix: 2.2214e-02 
2025-11-21 18:52:05,100 INFO: [IART_..][epoch:  0, iter:   2,478, lr:(1.868e-04,2.336e-05,)] [eta: 8:45:19, time (data): 2.501 (0.002)] l_pix: 1.8896e-02 
2025-11-21 18:52:07,590 INFO: [IART_..][epoch:  0, iter:   2,479, lr:(1.868e-04,2.336e-05,)] [eta: 8:45:16, time (data): 2.501 (0.002)] l_pix: 2.9695e-02 
2025-11-21 18:52:10,039 INFO: [IART_..][epoch:  0, iter:   2,480, lr:(1.868e-04,2.336e-05,)] [eta: 8:45:13, time (data): 2.500 (0.002)] l_pix: 1.3269e-02 
2025-11-21 18:52:12,622 INFO: [IART_..][epoch:  0, iter:   2,481, lr:(1.868e-04,2.336e-05,)] [eta: 8:45:11, time (data): 2.501 (0.002)] l_pix: 1.3818e-02 
2025-11-21 18:52:15,160 INFO: [IART_..][epoch:  0, iter:   2,482, lr:(1.868e-04,2.336e-05,)] [eta: 8:45:09, time (data): 2.502 (0.002)] l_pix: 9.1580e-03 
2025-11-21 18:52:17,631 INFO: [IART_..][epoch:  0, iter:   2,483, lr:(1.868e-04,2.336e-05,)] [eta: 8:45:06, time (data): 2.501 (0.002)] l_pix: 3.0363e-02 
2025-11-21 18:52:20,162 INFO: [IART_..][epoch:  0, iter:   2,484, lr:(1.868e-04,2.335e-05,)] [eta: 8:45:03, time (data): 2.502 (0.002)] l_pix: 4.0598e-02 
2025-11-21 18:52:22,650 INFO: [IART_..][epoch:  0, iter:   2,485, lr:(1.868e-04,2.335e-05,)] [eta: 8:45:01, time (data): 2.501 (0.002)] l_pix: 1.4148e-02 
2025-11-21 18:52:25,143 INFO: [IART_..][epoch:  0, iter:   2,486, lr:(1.868e-04,2.335e-05,)] [eta: 8:44:58, time (data): 2.501 (0.002)] l_pix: 3.7728e-02 
2025-11-21 18:52:27,636 INFO: [IART_..][epoch:  0, iter:   2,487, lr:(1.868e-04,2.335e-05,)] [eta: 8:44:55, time (data): 2.501 (0.002)] l_pix: 1.9646e-02 
2025-11-21 18:52:30,126 INFO: [IART_..][epoch:  0, iter:   2,488, lr:(1.867e-04,2.335e-05,)] [eta: 8:44:53, time (data): 2.501 (0.002)] l_pix: 1.9337e-02 
2025-11-21 18:52:32,673 INFO: [IART_..][epoch:  0, iter:   2,489, lr:(1.867e-04,2.335e-05,)] [eta: 8:44:50, time (data): 2.502 (0.002)] l_pix: 3.5899e-02 
2025-11-21 18:52:35,176 INFO: [IART_..][epoch:  0, iter:   2,490, lr:(1.867e-04,2.335e-05,)] [eta: 8:44:48, time (data): 2.502 (0.002)] l_pix: 3.1999e-02 
2025-11-21 18:52:37,582 INFO: [IART_..][epoch:  0, iter:   2,491, lr:(1.867e-04,2.335e-05,)] [eta: 8:44:45, time (data): 2.500 (0.002)] l_pix: 3.9396e-02 
2025-11-21 18:52:40,101 INFO: [IART_..][epoch:  0, iter:   2,492, lr:(1.867e-04,2.334e-05,)] [eta: 8:44:42, time (data): 2.501 (0.002)] l_pix: 2.2781e-02 
2025-11-21 18:52:42,673 INFO: [IART_..][epoch:  0, iter:   2,493, lr:(1.867e-04,2.334e-05,)] [eta: 8:44:40, time (data): 2.502 (0.002)] l_pix: 2.8121e-02 
2025-11-21 18:52:45,081 INFO: [IART_..][epoch:  0, iter:   2,494, lr:(1.867e-04,2.334e-05,)] [eta: 8:44:37, time (data): 2.500 (0.002)] l_pix: 3.7039e-02 
2025-11-21 18:52:47,523 INFO: [IART_..][epoch:  0, iter:   2,495, lr:(1.867e-04,2.334e-05,)] [eta: 8:44:34, time (data): 2.500 (0.002)] l_pix: 4.4908e-02 
2025-11-21 18:52:50,134 INFO: [IART_..][epoch:  0, iter:   2,496, lr:(1.867e-04,2.334e-05,)] [eta: 8:44:32, time (data): 2.501 (0.002)] l_pix: 1.8500e-02 
2025-11-21 18:52:52,617 INFO: [IART_..][epoch:  0, iter:   2,497, lr:(1.867e-04,2.334e-05,)] [eta: 8:44:29, time (data): 2.501 (0.002)] l_pix: 2.8370e-02 
2025-11-21 18:52:55,056 INFO: [IART_..][epoch:  0, iter:   2,498, lr:(1.866e-04,2.334e-05,)] [eta: 8:44:26, time (data): 2.500 (0.002)] l_pix: 3.5565e-02 
2025-11-21 18:52:57,499 INFO: [IART_..][epoch:  0, iter:   2,499, lr:(1.866e-04,2.333e-05,)] [eta: 8:44:23, time (data): 2.499 (0.002)] l_pix: 4.1896e-02 
2025-11-21 18:52:59,966 INFO: [IART_..][epoch:  0, iter:   2,500, lr:(1.866e-04,2.333e-05,)] [eta: 8:44:21, time (data): 2.499 (0.002)] l_pix: 1.1621e-02 
2025-11-21 18:52:59,966 INFO: Saving models and training states.
2025-11-21 18:53:00,633 WARNING: nondist_validation is not implemented. Run dist_validation.
