2025-11-25 15:55:21,006 INFO: 
                ____                _       _____  ____
               / __ ) ____ _ _____ (_)_____/ ___/ / __ \
              / __  |/ __ `// ___// // ___/\__ \ / /_/ /
             / /_/ // /_/ /(__  )/ // /__ ___/ // _, _/
            /_____/ \__,_//____//_/ \___//____//_/ |_|
     ______                   __   __                 __      __
    / ____/____   ____   ____/ /  / /   __  __ _____ / /__   / /
   / / __ / __ \ / __ \ / __  /  / /   / / / // ___// //_/  / /
  / /_/ // /_/ // /_/ // /_/ /  / /___/ /_/ // /__ / /<    /_/
  \____/ \____/ \____/ \____/  /_____/\____/ \___//_/|_|  (_)
    
Version Information: 
	BasicSR: 1.4.2
	PyTorch: 2.8.0+cu128
	TorchVision: 0.23.0+cu128
2025-11-25 15:55:21,006 INFO: 
  name: IART_REDS_N5_60K
  model_type: RecurrentMixPrecisionRTModel
  scale: 4
  num_gpu: 1
  manual_seed: 0
  find_unused_parameters: False
  use_static_graph: True
  datasets:[
    train:[
      name: REDS
      type: REDSRecurrentDataset
      dataroot_gt: datasets/REDS/train_sharp
      dataroot_lq: datasets/REDS/train_sharp_bicubic/X4
      meta_info_file: datasets/meta_info/meta_info_REDS_GT.txt
      val_partition: REDS4
      test_mode: False
      io_backend:[
        type: disk
      ]
      num_frame: 5
      gt_size: 256
      interval_list: [1]
      random_reverse: False
      use_hflip: True
      use_rot: True
      use_shuffle: True
      num_worker_per_gpu: 4
      batch_size_per_gpu: 2
      dataset_enlarge_ratio: 1
      prefetch_mode: None
      phase: train
      scale: 4
    ]
    val:[
      name: REDS4
      type: VideoRecurrentTestDataset
      dataroot_gt: datasets/REDS/val_sharp
      dataroot_lq: datasets/REDS/val_sharp_bicubic/X4
      cache_data: True
      io_backend:[
        type: disk
      ]
      num_frame: -1
      phase: val
      scale: 4
    ]
  ]
  network_g:[
    type: IART
    mid_channels: 64
    embed_dim: 120
    depths: [6, 6, 6]
    num_heads: [6, 6, 6]
    window_size: [3, 8, 8]
    num_frames: 3
    img_size: 64
    patch_size: 1
    cpu_cache_length: 100
    is_low_res_input: True
    spynet_path: experiments/pretrained_models/flownet/spynet_sintel_final-3d2a1287.pth
  ]
  path:[
    pretrain_network_g: C:\Users\snms\Desktop\yuan_project\IART\experiments\IART_REDS_N5_60K\models\net_g_55000.pth
    strict_load_g: True
    resume_state: experiments\IART_REDS_N5_60K\training_states\55000.state
    experiments_root: C:\Users\snms\Desktop\yuan_project\IART\experiments\IART_REDS_N5_60K
    models: C:\Users\snms\Desktop\yuan_project\IART\experiments\IART_REDS_N5_60K\models
    training_states: C:\Users\snms\Desktop\yuan_project\IART\experiments\IART_REDS_N5_60K\training_states
    log: C:\Users\snms\Desktop\yuan_project\IART\experiments\IART_REDS_N5_60K
    visualization: C:\Users\snms\Desktop\yuan_project\IART\experiments\IART_REDS_N5_60K\visualization
  ]
  train:[
    ema_decay: 0.999
    optim_g:[
      type: Adam
      lr: 0.0002
      weight_decay: 0
      betas: [0.9, 0.99]
    ]
    scheduler:[
      type: CosineAnnealingRestartLR
      periods: [60000]
      restart_weights: [1]
      eta_min: 1e-07
    ]
    total_iter: 60000
    warmup_iter: -1
    fix_flow: 5000
    flow_lr_mul: 0.125
    pixel_opt:[
      type: CharbonnierLoss
      loss_weight: 1.0
      reduction: mean
    ]
  ]
  val:[
    val_freq: 5000.0
    save_img: False
    metrics:[
      psnr:[
        type: calculate_psnr
        crop_border: 0
        test_y_channel: False
      ]
      ssim:[
        type: calculate_ssim
        crop_border: 0
        test_y_channel: False
      ]
    ]
  ]
  logger:[
    print_freq: 1
    save_checkpoint_freq: 5000.0
    use_tb_logger: True
    wandb:[
      project: None
      resume_id: None
    ]
  ]
  dist_params:[
    backend: nccl
    port: 29500
  ]
  dist: False
  rank: 0
  world_size: 1
  auto_resume: True
  is_train: True
  root_path: C:\Users\snms\Desktop\yuan_project\IART

2025-11-25 15:55:21,207 INFO: Temporal augmentation interval list: [1]; random reverse is False.
2025-11-25 15:55:21,207 INFO: Dataset [REDSRecurrentDataset] - REDS is built.
2025-11-25 15:55:21,207 INFO: Training statistics:
	Number of train images: 26600
	Dataset enlarge ratio: 1
	Batch size per gpu: 2
	World size (gpu number): 1
	Require iter number per epoch: 13300
	Total epochs: 5; iters: 60000.
2025-11-25 15:55:21,208 INFO: Generate data info for VideoTestDataset - REDS4
2025-11-25 15:55:21,208 INFO: Cache 000 for VideoTestDataset...
2025-11-25 15:55:25,162 INFO: Cache 001 for VideoTestDataset...
2025-11-25 15:55:28,971 INFO: Cache 002 for VideoTestDataset...
2025-11-25 15:55:32,781 INFO: Cache 003 for VideoTestDataset...
2025-11-25 15:55:36,581 INFO: Cache 004 for VideoTestDataset...
2025-11-25 15:55:40,388 INFO: Cache 005 for VideoTestDataset...
2025-11-25 15:55:44,218 INFO: Cache 006 for VideoTestDataset...
2025-11-25 15:55:48,048 INFO: Cache 007 for VideoTestDataset...
2025-11-25 15:55:51,941 INFO: Cache 008 for VideoTestDataset...
2025-11-25 15:55:55,760 INFO: Cache 009 for VideoTestDataset...
2025-11-25 15:55:59,566 INFO: Cache 010 for VideoTestDataset...
2025-11-25 15:56:03,361 INFO: Cache 011 for VideoTestDataset...
2025-11-25 15:56:07,312 INFO: Cache 012 for VideoTestDataset...
2025-11-25 15:56:11,207 INFO: Cache 013 for VideoTestDataset...
2025-11-25 15:56:15,120 INFO: Cache 014 for VideoTestDataset...
2025-11-25 15:56:19,023 INFO: Cache 015 for VideoTestDataset...
2025-11-25 15:56:22,941 INFO: Cache 016 for VideoTestDataset...
2025-11-25 15:56:26,917 INFO: Cache 017 for VideoTestDataset...
2025-11-25 15:56:31,045 INFO: Cache 018 for VideoTestDataset...
2025-11-25 15:56:35,030 INFO: Cache 019 for VideoTestDataset...
2025-11-25 15:56:38,864 INFO: Cache 020 for VideoTestDataset...
2025-11-25 15:56:42,702 INFO: Cache 021 for VideoTestDataset...
2025-11-25 15:56:46,555 INFO: Cache 022 for VideoTestDataset...
2025-11-25 15:56:50,427 INFO: Cache 023 for VideoTestDataset...
2025-11-25 15:56:54,309 INFO: Cache 024 for VideoTestDataset...
2025-11-25 15:56:58,192 INFO: Cache 025 for VideoTestDataset...
2025-11-25 15:57:02,273 INFO: Cache 026 for VideoTestDataset...
2025-11-25 15:57:06,196 INFO: Cache 027 for VideoTestDataset...
2025-11-25 15:57:10,340 INFO: Cache 028 for VideoTestDataset...
2025-11-25 15:57:14,483 INFO: Cache 029 for VideoTestDataset...
2025-11-25 15:57:18,518 INFO: Dataset [VideoRecurrentTestDataset] - REDS4 is built.
2025-11-25 15:57:18,518 INFO: Number of val images/folders in REDS4: 30
2025-11-25 15:57:18,780 INFO: Network [IART] is created.
2025-11-25 15:57:18,918 INFO: Network: IART, with parameters: 13,410,503
2025-11-25 15:57:18,918 INFO: IART(
  (conv_before_upsample): Conv2d(120, 64, kernel_size=(3, 3), stride=(1, 1), padding=(1, 1))
  (spynet): SpyNet(
    (basic_module): ModuleList(
      (0-5): 6 x BasicModule(
        (basic_module): Sequential(
          (0): Conv2d(8, 32, kernel_size=(7, 7), stride=(1, 1), padding=(3, 3))
          (1): ReLU()
          (2): Conv2d(32, 64, kernel_size=(7, 7), stride=(1, 1), padding=(3, 3))
          (3): ReLU()
          (4): Conv2d(64, 32, kernel_size=(7, 7), stride=(1, 1), padding=(3, 3))
          (5): ReLU()
          (6): Conv2d(32, 16, kernel_size=(7, 7), stride=(1, 1), padding=(3, 3))
          (7): ReLU()
          (8): Conv2d(16, 2, kernel_size=(7, 7), stride=(1, 1), padding=(3, 3))
        )
      )
    )
  )
  (conv_first): Conv2d(3, 120, kernel_size=(3, 3), stride=(1, 1), padding=(1, 1))
  (swin_backbone): ModuleDict(
    (backward_1): SwinIRFM(
      (conv_first): Conv2d(3, 120, kernel_size=(3, 3), stride=(1, 1), padding=(1, 1))
      (conv_first_feat): Conv2d(64, 120, kernel_size=(3, 3), stride=(1, 1), padding=(1, 1))
      (patch_embed): PatchEmbed(
        (norm): LayerNorm((120,), eps=1e-05, elementwise_affine=True)
      )
      (patch_unembed): PatchUnEmbed()
      (pos_drop): Dropout(p=0.0, inplace=False)
      (layers): ModuleList(
        (0): RSTB(
          (residual_group): BasicLayer(
            dim=120, input_resolution=(64, 64), depth=6
            (blocks): ModuleList(
              (0): SwinTransformerBlock(
                dim=120, input_resolution=(64, 64), num_heads=6, window_size=[3, 8, 8], shift_size=(0, 0, 0), mlp_ratio=2.0
                (norm1): LayerNorm((120,), eps=1e-05, elementwise_affine=True)
                (attn): WindowAttention(
                  dim=120, window_size=[3, 8, 8], num_heads=6
                  (qkv): Linear(in_features=120, out_features=360, bias=True)
                  (attn_drop): Dropout(p=0.0, inplace=False)
                  (proj): Linear(in_features=120, out_features=120, bias=True)
                  (proj_drop): Dropout(p=0.0, inplace=False)
                  (softmax): Softmax(dim=-1)
                )
                (drop_path): Identity()
                (norm2): LayerNorm((120,), eps=1e-05, elementwise_affine=True)
                (mlp): Mlp(
                  (fc1): Linear(in_features=120, out_features=240, bias=True)
                  (act): GELU(approximate='none')
                  (fc2): Linear(in_features=240, out_features=120, bias=True)
                  (drop): Dropout(p=0.0, inplace=False)
                )
              )
              (1): SwinTransformerBlock(
                dim=120, input_resolution=(64, 64), num_heads=6, window_size=[3, 8, 8], shift_size=(3, 4, 4), mlp_ratio=2.0
                (norm1): LayerNorm((120,), eps=1e-05, elementwise_affine=True)
                (attn): WindowAttention(
                  dim=120, window_size=[3, 8, 8], num_heads=6
                  (qkv): Linear(in_features=120, out_features=360, bias=True)
                  (attn_drop): Dropout(p=0.0, inplace=False)
                  (proj): Linear(in_features=120, out_features=120, bias=True)
                  (proj_drop): Dropout(p=0.0, inplace=False)
                  (softmax): Softmax(dim=-1)
                )
                (drop_path): DropPath()
                (norm2): LayerNorm((120,), eps=1e-05, elementwise_affine=True)
                (mlp): Mlp(
                  (fc1): Linear(in_features=120, out_features=240, bias=True)
                  (act): GELU(approximate='none')
                  (fc2): Linear(in_features=240, out_features=120, bias=True)
                  (drop): Dropout(p=0.0, inplace=False)
                )
              )
              (2): SwinTransformerBlock(
                dim=120, input_resolution=(64, 64), num_heads=6, window_size=[3, 8, 8], shift_size=(0, 0, 0), mlp_ratio=2.0
                (norm1): LayerNorm((120,), eps=1e-05, elementwise_affine=True)
                (attn): WindowAttention(
                  dim=120, window_size=[3, 8, 8], num_heads=6
                  (qkv): Linear(in_features=120, out_features=360, bias=True)
                  (attn_drop): Dropout(p=0.0, inplace=False)
                  (proj): Linear(in_features=120, out_features=120, bias=True)
                  (proj_drop): Dropout(p=0.0, inplace=False)
                  (softmax): Softmax(dim=-1)
                )
                (drop_path): DropPath()
                (norm2): LayerNorm((120,), eps=1e-05, elementwise_affine=True)
                (mlp): Mlp(
                  (fc1): Linear(in_features=120, out_features=240, bias=True)
                  (act): GELU(approximate='none')
                  (fc2): Linear(in_features=240, out_features=120, bias=True)
                  (drop): Dropout(p=0.0, inplace=False)
                )
              )
              (3): SwinTransformerBlock(
                dim=120, input_resolution=(64, 64), num_heads=6, window_size=[3, 8, 8], shift_size=(3, 4, 4), mlp_ratio=2.0
                (norm1): LayerNorm((120,), eps=1e-05, elementwise_affine=True)
                (attn): WindowAttention(
                  dim=120, window_size=[3, 8, 8], num_heads=6
                  (qkv): Linear(in_features=120, out_features=360, bias=True)
                  (attn_drop): Dropout(p=0.0, inplace=False)
                  (proj): Linear(in_features=120, out_features=120, bias=True)
                  (proj_drop): Dropout(p=0.0, inplace=False)
                  (softmax): Softmax(dim=-1)
                )
                (drop_path): DropPath()
                (norm2): LayerNorm((120,), eps=1e-05, elementwise_affine=True)
                (mlp): Mlp(
                  (fc1): Linear(in_features=120, out_features=240, bias=True)
                  (act): GELU(approximate='none')
                  (fc2): Linear(in_features=240, out_features=120, bias=True)
                  (drop): Dropout(p=0.0, inplace=False)
                )
              )
              (4): SwinTransformerBlock(
                dim=120, input_resolution=(64, 64), num_heads=6, window_size=[3, 8, 8], shift_size=(0, 0, 0), mlp_ratio=2.0
                (norm1): LayerNorm((120,), eps=1e-05, elementwise_affine=True)
                (attn): WindowAttention(
                  dim=120, window_size=[3, 8, 8], num_heads=6
                  (qkv): Linear(in_features=120, out_features=360, bias=True)
                  (attn_drop): Dropout(p=0.0, inplace=False)
                  (proj): Linear(in_features=120, out_features=120, bias=True)
                  (proj_drop): Dropout(p=0.0, inplace=False)
                  (softmax): Softmax(dim=-1)
                )
                (drop_path): DropPath()
                (norm2): LayerNorm((120,), eps=1e-05, elementwise_affine=True)
                (mlp): Mlp(
                  (fc1): Linear(in_features=120, out_features=240, bias=True)
                  (act): GELU(approximate='none')
                  (fc2): Linear(in_features=240, out_features=120, bias=True)
                  (drop): Dropout(p=0.0, inplace=False)
                )
              )
              (5): SwinTransformerBlock(
                dim=120, input_resolution=(64, 64), num_heads=6, window_size=[3, 8, 8], shift_size=(3, 4, 4), mlp_ratio=2.0
                (norm1): LayerNorm((120,), eps=1e-05, elementwise_affine=True)
                (attn): WindowAttention(
                  dim=120, window_size=[3, 8, 8], num_heads=6
                  (qkv): Linear(in_features=120, out_features=360, bias=True)
                  (attn_drop): Dropout(p=0.0, inplace=False)
                  (proj): Linear(in_features=120, out_features=120, bias=True)
                  (proj_drop): Dropout(p=0.0, inplace=False)
                  (softmax): Softmax(dim=-1)
                )
                (drop_path): DropPath()
                (norm2): LayerNorm((120,), eps=1e-05, elementwise_affine=True)
                (mlp): Mlp(
                  (fc1): Linear(in_features=120, out_features=240, bias=True)
                  (act): GELU(approximate='none')
                  (fc2): Linear(in_features=240, out_features=120, bias=True)
                  (drop): Dropout(p=0.0, inplace=False)
                )
              )
            )
          )
          (conv): Conv2d(120, 120, kernel_size=(3, 3), stride=(1, 1), padding=(1, 1))
          (patch_embed): PatchEmbed()
          (patch_unembed): PatchUnEmbed()
        )
        (1-2): 2 x RSTB(
          (residual_group): BasicLayer(
            dim=120, input_resolution=(64, 64), depth=6
            (blocks): ModuleList(
              (0): SwinTransformerBlock(
                dim=120, input_resolution=(64, 64), num_heads=6, window_size=[3, 8, 8], shift_size=(0, 0, 0), mlp_ratio=2.0
                (norm1): LayerNorm((120,), eps=1e-05, elementwise_affine=True)
                (attn): WindowAttention(
                  dim=120, window_size=[3, 8, 8], num_heads=6
                  (qkv): Linear(in_features=120, out_features=360, bias=True)
                  (attn_drop): Dropout(p=0.0, inplace=False)
                  (proj): Linear(in_features=120, out_features=120, bias=True)
                  (proj_drop): Dropout(p=0.0, inplace=False)
                  (softmax): Softmax(dim=-1)
                )
                (drop_path): DropPath()
                (norm2): LayerNorm((120,), eps=1e-05, elementwise_affine=True)
                (mlp): Mlp(
                  (fc1): Linear(in_features=120, out_features=240, bias=True)
                  (act): GELU(approximate='none')
                  (fc2): Linear(in_features=240, out_features=120, bias=True)
                  (drop): Dropout(p=0.0, inplace=False)
                )
              )
              (1): SwinTransformerBlock(
                dim=120, input_resolution=(64, 64), num_heads=6, window_size=[3, 8, 8], shift_size=(3, 4, 4), mlp_ratio=2.0
                (norm1): LayerNorm((120,), eps=1e-05, elementwise_affine=True)
                (attn): WindowAttention(
                  dim=120, window_size=[3, 8, 8], num_heads=6
                  (qkv): Linear(in_features=120, out_features=360, bias=True)
                  (attn_drop): Dropout(p=0.0, inplace=False)
                  (proj): Linear(in_features=120, out_features=120, bias=True)
                  (proj_drop): Dropout(p=0.0, inplace=False)
                  (softmax): Softmax(dim=-1)
                )
                (drop_path): DropPath()
                (norm2): LayerNorm((120,), eps=1e-05, elementwise_affine=True)
                (mlp): Mlp(
                  (fc1): Linear(in_features=120, out_features=240, bias=True)
                  (act): GELU(approximate='none')
                  (fc2): Linear(in_features=240, out_features=120, bias=True)
                  (drop): Dropout(p=0.0, inplace=False)
                )
              )
              (2): SwinTransformerBlock(
                dim=120, input_resolution=(64, 64), num_heads=6, window_size=[3, 8, 8], shift_size=(0, 0, 0), mlp_ratio=2.0
                (norm1): LayerNorm((120,), eps=1e-05, elementwise_affine=True)
                (attn): WindowAttention(
                  dim=120, window_size=[3, 8, 8], num_heads=6
                  (qkv): Linear(in_features=120, out_features=360, bias=True)
                  (attn_drop): Dropout(p=0.0, inplace=False)
                  (proj): Linear(in_features=120, out_features=120, bias=True)
                  (proj_drop): Dropout(p=0.0, inplace=False)
                  (softmax): Softmax(dim=-1)
                )
                (drop_path): DropPath()
                (norm2): LayerNorm((120,), eps=1e-05, elementwise_affine=True)
                (mlp): Mlp(
                  (fc1): Linear(in_features=120, out_features=240, bias=True)
                  (act): GELU(approximate='none')
                  (fc2): Linear(in_features=240, out_features=120, bias=True)
                  (drop): Dropout(p=0.0, inplace=False)
                )
              )
              (3): SwinTransformerBlock(
                dim=120, input_resolution=(64, 64), num_heads=6, window_size=[3, 8, 8], shift_size=(3, 4, 4), mlp_ratio=2.0
                (norm1): LayerNorm((120,), eps=1e-05, elementwise_affine=True)
                (attn): WindowAttention(
                  dim=120, window_size=[3, 8, 8], num_heads=6
                  (qkv): Linear(in_features=120, out_features=360, bias=True)
                  (attn_drop): Dropout(p=0.0, inplace=False)
                  (proj): Linear(in_features=120, out_features=120, bias=True)
                  (proj_drop): Dropout(p=0.0, inplace=False)
                  (softmax): Softmax(dim=-1)
                )
                (drop_path): DropPath()
                (norm2): LayerNorm((120,), eps=1e-05, elementwise_affine=True)
                (mlp): Mlp(
                  (fc1): Linear(in_features=120, out_features=240, bias=True)
                  (act): GELU(approximate='none')
                  (fc2): Linear(in_features=240, out_features=120, bias=True)
                  (drop): Dropout(p=0.0, inplace=False)
                )
              )
              (4): SwinTransformerBlock(
                dim=120, input_resolution=(64, 64), num_heads=6, window_size=[3, 8, 8], shift_size=(0, 0, 0), mlp_ratio=2.0
                (norm1): LayerNorm((120,), eps=1e-05, elementwise_affine=True)
                (attn): WindowAttention(
                  dim=120, window_size=[3, 8, 8], num_heads=6
                  (qkv): Linear(in_features=120, out_features=360, bias=True)
                  (attn_drop): Dropout(p=0.0, inplace=False)
                  (proj): Linear(in_features=120, out_features=120, bias=True)
                  (proj_drop): Dropout(p=0.0, inplace=False)
                  (softmax): Softmax(dim=-1)
                )
                (drop_path): DropPath()
                (norm2): LayerNorm((120,), eps=1e-05, elementwise_affine=True)
                (mlp): Mlp(
                  (fc1): Linear(in_features=120, out_features=240, bias=True)
                  (act): GELU(approximate='none')
                  (fc2): Linear(in_features=240, out_features=120, bias=True)
                  (drop): Dropout(p=0.0, inplace=False)
                )
              )
              (5): SwinTransformerBlock(
                dim=120, input_resolution=(64, 64), num_heads=6, window_size=[3, 8, 8], shift_size=(3, 4, 4), mlp_ratio=2.0
                (norm1): LayerNorm((120,), eps=1e-05, elementwise_affine=True)
                (attn): WindowAttention(
                  dim=120, window_size=[3, 8, 8], num_heads=6
                  (qkv): Linear(in_features=120, out_features=360, bias=True)
                  (attn_drop): Dropout(p=0.0, inplace=False)
                  (proj): Linear(in_features=120, out_features=120, bias=True)
                  (proj_drop): Dropout(p=0.0, inplace=False)
                  (softmax): Softmax(dim=-1)
                )
                (drop_path): DropPath()
                (norm2): LayerNorm((120,), eps=1e-05, elementwise_affine=True)
                (mlp): Mlp(
                  (fc1): Linear(in_features=120, out_features=240, bias=True)
                  (act): GELU(approximate='none')
                  (fc2): Linear(in_features=240, out_features=120, bias=True)
                  (drop): Dropout(p=0.0, inplace=False)
                )
              )
            )
          )
          (conv): Conv2d(120, 120, kernel_size=(3, 3), stride=(1, 1), padding=(1, 1))
          (patch_embed): PatchEmbed()
          (patch_unembed): PatchUnEmbed()
        )
      )
      (norm): LayerNorm((120,), eps=1e-05, elementwise_affine=True)
      (conv_after_body): Conv2d(120, 120, kernel_size=(3, 3), stride=(1, 1), padding=(1, 1))
      (lrelu): LeakyReLU(negative_slope=0.1, inplace=True)
      (conv_before_upsample): Conv2d(120, 64, kernel_size=(3, 3), stride=(1, 1), padding=(1, 1))
    )
    (forward_1): SwinIRFM(
      (conv_first): Conv2d(3, 120, kernel_size=(3, 3), stride=(1, 1), padding=(1, 1))
      (conv_first_feat): Conv2d(64, 120, kernel_size=(3, 3), stride=(1, 1), padding=(1, 1))
      (patch_embed): PatchEmbed(
        (norm): LayerNorm((120,), eps=1e-05, elementwise_affine=True)
      )
      (patch_unembed): PatchUnEmbed()
      (pos_drop): Dropout(p=0.0, inplace=False)
      (layers): ModuleList(
        (0): RSTB(
          (residual_group): BasicLayer(
            dim=120, input_resolution=(64, 64), depth=6
            (blocks): ModuleList(
              (0): SwinTransformerBlock(
                dim=120, input_resolution=(64, 64), num_heads=6, window_size=[3, 8, 8], shift_size=(0, 0, 0), mlp_ratio=2.0
                (norm1): LayerNorm((120,), eps=1e-05, elementwise_affine=True)
                (attn): WindowAttention(
                  dim=120, window_size=[3, 8, 8], num_heads=6
                  (qkv): Linear(in_features=120, out_features=360, bias=True)
                  (attn_drop): Dropout(p=0.0, inplace=False)
                  (proj): Linear(in_features=120, out_features=120, bias=True)
                  (proj_drop): Dropout(p=0.0, inplace=False)
                  (softmax): Softmax(dim=-1)
                )
                (drop_path): Identity()
                (norm2): LayerNorm((120,), eps=1e-05, elementwise_affine=True)
                (mlp): Mlp(
                  (fc1): Linear(in_features=120, out_features=240, bias=True)
                  (act): GELU(approximate='none')
                  (fc2): Linear(in_features=240, out_features=120, bias=True)
                  (drop): Dropout(p=0.0, inplace=False)
                )
              )
              (1): SwinTransformerBlock(
                dim=120, input_resolution=(64, 64), num_heads=6, window_size=[3, 8, 8], shift_size=(3, 4, 4), mlp_ratio=2.0
                (norm1): LayerNorm((120,), eps=1e-05, elementwise_affine=True)
                (attn): WindowAttention(
                  dim=120, window_size=[3, 8, 8], num_heads=6
                  (qkv): Linear(in_features=120, out_features=360, bias=True)
                  (attn_drop): Dropout(p=0.0, inplace=False)
                  (proj): Linear(in_features=120, out_features=120, bias=True)
                  (proj_drop): Dropout(p=0.0, inplace=False)
                  (softmax): Softmax(dim=-1)
                )
                (drop_path): DropPath()
                (norm2): LayerNorm((120,), eps=1e-05, elementwise_affine=True)
                (mlp): Mlp(
                  (fc1): Linear(in_features=120, out_features=240, bias=True)
                  (act): GELU(approximate='none')
                  (fc2): Linear(in_features=240, out_features=120, bias=True)
                  (drop): Dropout(p=0.0, inplace=False)
                )
              )
              (2): SwinTransformerBlock(
                dim=120, input_resolution=(64, 64), num_heads=6, window_size=[3, 8, 8], shift_size=(0, 0, 0), mlp_ratio=2.0
                (norm1): LayerNorm((120,), eps=1e-05, elementwise_affine=True)
                (attn): WindowAttention(
                  dim=120, window_size=[3, 8, 8], num_heads=6
                  (qkv): Linear(in_features=120, out_features=360, bias=True)
                  (attn_drop): Dropout(p=0.0, inplace=False)
                  (proj): Linear(in_features=120, out_features=120, bias=True)
                  (proj_drop): Dropout(p=0.0, inplace=False)
                  (softmax): Softmax(dim=-1)
                )
                (drop_path): DropPath()
                (norm2): LayerNorm((120,), eps=1e-05, elementwise_affine=True)
                (mlp): Mlp(
                  (fc1): Linear(in_features=120, out_features=240, bias=True)
                  (act): GELU(approximate='none')
                  (fc2): Linear(in_features=240, out_features=120, bias=True)
                  (drop): Dropout(p=0.0, inplace=False)
                )
              )
              (3): SwinTransformerBlock(
                dim=120, input_resolution=(64, 64), num_heads=6, window_size=[3, 8, 8], shift_size=(3, 4, 4), mlp_ratio=2.0
                (norm1): LayerNorm((120,), eps=1e-05, elementwise_affine=True)
                (attn): WindowAttention(
                  dim=120, window_size=[3, 8, 8], num_heads=6
                  (qkv): Linear(in_features=120, out_features=360, bias=True)
                  (attn_drop): Dropout(p=0.0, inplace=False)
                  (proj): Linear(in_features=120, out_features=120, bias=True)
                  (proj_drop): Dropout(p=0.0, inplace=False)
                  (softmax): Softmax(dim=-1)
                )
                (drop_path): DropPath()
                (norm2): LayerNorm((120,), eps=1e-05, elementwise_affine=True)
                (mlp): Mlp(
                  (fc1): Linear(in_features=120, out_features=240, bias=True)
                  (act): GELU(approximate='none')
                  (fc2): Linear(in_features=240, out_features=120, bias=True)
                  (drop): Dropout(p=0.0, inplace=False)
                )
              )
              (4): SwinTransformerBlock(
                dim=120, input_resolution=(64, 64), num_heads=6, window_size=[3, 8, 8], shift_size=(0, 0, 0), mlp_ratio=2.0
                (norm1): LayerNorm((120,), eps=1e-05, elementwise_affine=True)
                (attn): WindowAttention(
                  dim=120, window_size=[3, 8, 8], num_heads=6
                  (qkv): Linear(in_features=120, out_features=360, bias=True)
                  (attn_drop): Dropout(p=0.0, inplace=False)
                  (proj): Linear(in_features=120, out_features=120, bias=True)
                  (proj_drop): Dropout(p=0.0, inplace=False)
                  (softmax): Softmax(dim=-1)
                )
                (drop_path): DropPath()
                (norm2): LayerNorm((120,), eps=1e-05, elementwise_affine=True)
                (mlp): Mlp(
                  (fc1): Linear(in_features=120, out_features=240, bias=True)
                  (act): GELU(approximate='none')
                  (fc2): Linear(in_features=240, out_features=120, bias=True)
                  (drop): Dropout(p=0.0, inplace=False)
                )
              )
              (5): SwinTransformerBlock(
                dim=120, input_resolution=(64, 64), num_heads=6, window_size=[3, 8, 8], shift_size=(3, 4, 4), mlp_ratio=2.0
                (norm1): LayerNorm((120,), eps=1e-05, elementwise_affine=True)
                (attn): WindowAttention(
                  dim=120, window_size=[3, 8, 8], num_heads=6
                  (qkv): Linear(in_features=120, out_features=360, bias=True)
                  (attn_drop): Dropout(p=0.0, inplace=False)
                  (proj): Linear(in_features=120, out_features=120, bias=True)
                  (proj_drop): Dropout(p=0.0, inplace=False)
                  (softmax): Softmax(dim=-1)
                )
                (drop_path): DropPath()
                (norm2): LayerNorm((120,), eps=1e-05, elementwise_affine=True)
                (mlp): Mlp(
                  (fc1): Linear(in_features=120, out_features=240, bias=True)
                  (act): GELU(approximate='none')
                  (fc2): Linear(in_features=240, out_features=120, bias=True)
                  (drop): Dropout(p=0.0, inplace=False)
                )
              )
            )
          )
          (conv): Conv2d(120, 120, kernel_size=(3, 3), stride=(1, 1), padding=(1, 1))
          (patch_embed): PatchEmbed()
          (patch_unembed): PatchUnEmbed()
        )
        (1-2): 2 x RSTB(
          (residual_group): BasicLayer(
            dim=120, input_resolution=(64, 64), depth=6
            (blocks): ModuleList(
              (0): SwinTransformerBlock(
                dim=120, input_resolution=(64, 64), num_heads=6, window_size=[3, 8, 8], shift_size=(0, 0, 0), mlp_ratio=2.0
                (norm1): LayerNorm((120,), eps=1e-05, elementwise_affine=True)
                (attn): WindowAttention(
                  dim=120, window_size=[3, 8, 8], num_heads=6
                  (qkv): Linear(in_features=120, out_features=360, bias=True)
                  (attn_drop): Dropout(p=0.0, inplace=False)
                  (proj): Linear(in_features=120, out_features=120, bias=True)
                  (proj_drop): Dropout(p=0.0, inplace=False)
                  (softmax): Softmax(dim=-1)
                )
                (drop_path): DropPath()
                (norm2): LayerNorm((120,), eps=1e-05, elementwise_affine=True)
                (mlp): Mlp(
                  (fc1): Linear(in_features=120, out_features=240, bias=True)
                  (act): GELU(approximate='none')
                  (fc2): Linear(in_features=240, out_features=120, bias=True)
                  (drop): Dropout(p=0.0, inplace=False)
                )
              )
              (1): SwinTransformerBlock(
                dim=120, input_resolution=(64, 64), num_heads=6, window_size=[3, 8, 8], shift_size=(3, 4, 4), mlp_ratio=2.0
                (norm1): LayerNorm((120,), eps=1e-05, elementwise_affine=True)
                (attn): WindowAttention(
                  dim=120, window_size=[3, 8, 8], num_heads=6
                  (qkv): Linear(in_features=120, out_features=360, bias=True)
                  (attn_drop): Dropout(p=0.0, inplace=False)
                  (proj): Linear(in_features=120, out_features=120, bias=True)
                  (proj_drop): Dropout(p=0.0, inplace=False)
                  (softmax): Softmax(dim=-1)
                )
                (drop_path): DropPath()
                (norm2): LayerNorm((120,), eps=1e-05, elementwise_affine=True)
                (mlp): Mlp(
                  (fc1): Linear(in_features=120, out_features=240, bias=True)
                  (act): GELU(approximate='none')
                  (fc2): Linear(in_features=240, out_features=120, bias=True)
                  (drop): Dropout(p=0.0, inplace=False)
                )
              )
              (2): SwinTransformerBlock(
                dim=120, input_resolution=(64, 64), num_heads=6, window_size=[3, 8, 8], shift_size=(0, 0, 0), mlp_ratio=2.0
                (norm1): LayerNorm((120,), eps=1e-05, elementwise_affine=True)
                (attn): WindowAttention(
                  dim=120, window_size=[3, 8, 8], num_heads=6
                  (qkv): Linear(in_features=120, out_features=360, bias=True)
                  (attn_drop): Dropout(p=0.0, inplace=False)
                  (proj): Linear(in_features=120, out_features=120, bias=True)
                  (proj_drop): Dropout(p=0.0, inplace=False)
                  (softmax): Softmax(dim=-1)
                )
                (drop_path): DropPath()
                (norm2): LayerNorm((120,), eps=1e-05, elementwise_affine=True)
                (mlp): Mlp(
                  (fc1): Linear(in_features=120, out_features=240, bias=True)
                  (act): GELU(approximate='none')
                  (fc2): Linear(in_features=240, out_features=120, bias=True)
                  (drop): Dropout(p=0.0, inplace=False)
                )
              )
              (3): SwinTransformerBlock(
                dim=120, input_resolution=(64, 64), num_heads=6, window_size=[3, 8, 8], shift_size=(3, 4, 4), mlp_ratio=2.0
                (norm1): LayerNorm((120,), eps=1e-05, elementwise_affine=True)
                (attn): WindowAttention(
                  dim=120, window_size=[3, 8, 8], num_heads=6
                  (qkv): Linear(in_features=120, out_features=360, bias=True)
                  (attn_drop): Dropout(p=0.0, inplace=False)
                  (proj): Linear(in_features=120, out_features=120, bias=True)
                  (proj_drop): Dropout(p=0.0, inplace=False)
                  (softmax): Softmax(dim=-1)
                )
                (drop_path): DropPath()
                (norm2): LayerNorm((120,), eps=1e-05, elementwise_affine=True)
                (mlp): Mlp(
                  (fc1): Linear(in_features=120, out_features=240, bias=True)
                  (act): GELU(approximate='none')
                  (fc2): Linear(in_features=240, out_features=120, bias=True)
                  (drop): Dropout(p=0.0, inplace=False)
                )
              )
              (4): SwinTransformerBlock(
                dim=120, input_resolution=(64, 64), num_heads=6, window_size=[3, 8, 8], shift_size=(0, 0, 0), mlp_ratio=2.0
                (norm1): LayerNorm((120,), eps=1e-05, elementwise_affine=True)
                (attn): WindowAttention(
                  dim=120, window_size=[3, 8, 8], num_heads=6
                  (qkv): Linear(in_features=120, out_features=360, bias=True)
                  (attn_drop): Dropout(p=0.0, inplace=False)
                  (proj): Linear(in_features=120, out_features=120, bias=True)
                  (proj_drop): Dropout(p=0.0, inplace=False)
                  (softmax): Softmax(dim=-1)
                )
                (drop_path): DropPath()
                (norm2): LayerNorm((120,), eps=1e-05, elementwise_affine=True)
                (mlp): Mlp(
                  (fc1): Linear(in_features=120, out_features=240, bias=True)
                  (act): GELU(approximate='none')
                  (fc2): Linear(in_features=240, out_features=120, bias=True)
                  (drop): Dropout(p=0.0, inplace=False)
                )
              )
              (5): SwinTransformerBlock(
                dim=120, input_resolution=(64, 64), num_heads=6, window_size=[3, 8, 8], shift_size=(3, 4, 4), mlp_ratio=2.0
                (norm1): LayerNorm((120,), eps=1e-05, elementwise_affine=True)
                (attn): WindowAttention(
                  dim=120, window_size=[3, 8, 8], num_heads=6
                  (qkv): Linear(in_features=120, out_features=360, bias=True)
                  (attn_drop): Dropout(p=0.0, inplace=False)
                  (proj): Linear(in_features=120, out_features=120, bias=True)
                  (proj_drop): Dropout(p=0.0, inplace=False)
                  (softmax): Softmax(dim=-1)
                )
                (drop_path): DropPath()
                (norm2): LayerNorm((120,), eps=1e-05, elementwise_affine=True)
                (mlp): Mlp(
                  (fc1): Linear(in_features=120, out_features=240, bias=True)
                  (act): GELU(approximate='none')
                  (fc2): Linear(in_features=240, out_features=120, bias=True)
                  (drop): Dropout(p=0.0, inplace=False)
                )
              )
            )
          )
          (conv): Conv2d(120, 120, kernel_size=(3, 3), stride=(1, 1), padding=(1, 1))
          (patch_embed): PatchEmbed()
          (patch_unembed): PatchUnEmbed()
        )
      )
      (norm): LayerNorm((120,), eps=1e-05, elementwise_affine=True)
      (conv_after_body): Conv2d(120, 120, kernel_size=(3, 3), stride=(1, 1), padding=(1, 1))
      (lrelu): LeakyReLU(negative_slope=0.1, inplace=True)
      (conv_before_upsample): Conv2d(120, 64, kernel_size=(3, 3), stride=(1, 1), padding=(1, 1))
    )
    (backward_2): SwinIRFM(
      (conv_first): Conv2d(3, 120, kernel_size=(3, 3), stride=(1, 1), padding=(1, 1))
      (conv_first_feat): Conv2d(64, 120, kernel_size=(3, 3), stride=(1, 1), padding=(1, 1))
      (patch_embed): PatchEmbed(
        (norm): LayerNorm((120,), eps=1e-05, elementwise_affine=True)
      )
      (patch_unembed): PatchUnEmbed()
      (pos_drop): Dropout(p=0.0, inplace=False)
      (layers): ModuleList(
        (0): RSTB(
          (residual_group): BasicLayer(
            dim=120, input_resolution=(64, 64), depth=6
            (blocks): ModuleList(
              (0): SwinTransformerBlock(
                dim=120, input_resolution=(64, 64), num_heads=6, window_size=[3, 8, 8], shift_size=(0, 0, 0), mlp_ratio=2.0
                (norm1): LayerNorm((120,), eps=1e-05, elementwise_affine=True)
                (attn): WindowAttention(
                  dim=120, window_size=[3, 8, 8], num_heads=6
                  (qkv): Linear(in_features=120, out_features=360, bias=True)
                  (attn_drop): Dropout(p=0.0, inplace=False)
                  (proj): Linear(in_features=120, out_features=120, bias=True)
                  (proj_drop): Dropout(p=0.0, inplace=False)
                  (softmax): Softmax(dim=-1)
                )
                (drop_path): Identity()
                (norm2): LayerNorm((120,), eps=1e-05, elementwise_affine=True)
                (mlp): Mlp(
                  (fc1): Linear(in_features=120, out_features=240, bias=True)
                  (act): GELU(approximate='none')
                  (fc2): Linear(in_features=240, out_features=120, bias=True)
                  (drop): Dropout(p=0.0, inplace=False)
                )
              )
              (1): SwinTransformerBlock(
                dim=120, input_resolution=(64, 64), num_heads=6, window_size=[3, 8, 8], shift_size=(3, 4, 4), mlp_ratio=2.0
                (norm1): LayerNorm((120,), eps=1e-05, elementwise_affine=True)
                (attn): WindowAttention(
                  dim=120, window_size=[3, 8, 8], num_heads=6
                  (qkv): Linear(in_features=120, out_features=360, bias=True)
                  (attn_drop): Dropout(p=0.0, inplace=False)
                  (proj): Linear(in_features=120, out_features=120, bias=True)
                  (proj_drop): Dropout(p=0.0, inplace=False)
                  (softmax): Softmax(dim=-1)
                )
                (drop_path): DropPath()
                (norm2): LayerNorm((120,), eps=1e-05, elementwise_affine=True)
                (mlp): Mlp(
                  (fc1): Linear(in_features=120, out_features=240, bias=True)
                  (act): GELU(approximate='none')
                  (fc2): Linear(in_features=240, out_features=120, bias=True)
                  (drop): Dropout(p=0.0, inplace=False)
                )
              )
              (2): SwinTransformerBlock(
                dim=120, input_resolution=(64, 64), num_heads=6, window_size=[3, 8, 8], shift_size=(0, 0, 0), mlp_ratio=2.0
                (norm1): LayerNorm((120,), eps=1e-05, elementwise_affine=True)
                (attn): WindowAttention(
                  dim=120, window_size=[3, 8, 8], num_heads=6
                  (qkv): Linear(in_features=120, out_features=360, bias=True)
                  (attn_drop): Dropout(p=0.0, inplace=False)
                  (proj): Linear(in_features=120, out_features=120, bias=True)
                  (proj_drop): Dropout(p=0.0, inplace=False)
                  (softmax): Softmax(dim=-1)
                )
                (drop_path): DropPath()
                (norm2): LayerNorm((120,), eps=1e-05, elementwise_affine=True)
                (mlp): Mlp(
                  (fc1): Linear(in_features=120, out_features=240, bias=True)
                  (act): GELU(approximate='none')
                  (fc2): Linear(in_features=240, out_features=120, bias=True)
                  (drop): Dropout(p=0.0, inplace=False)
                )
              )
              (3): SwinTransformerBlock(
                dim=120, input_resolution=(64, 64), num_heads=6, window_size=[3, 8, 8], shift_size=(3, 4, 4), mlp_ratio=2.0
                (norm1): LayerNorm((120,), eps=1e-05, elementwise_affine=True)
                (attn): WindowAttention(
                  dim=120, window_size=[3, 8, 8], num_heads=6
                  (qkv): Linear(in_features=120, out_features=360, bias=True)
                  (attn_drop): Dropout(p=0.0, inplace=False)
                  (proj): Linear(in_features=120, out_features=120, bias=True)
                  (proj_drop): Dropout(p=0.0, inplace=False)
                  (softmax): Softmax(dim=-1)
                )
                (drop_path): DropPath()
                (norm2): LayerNorm((120,), eps=1e-05, elementwise_affine=True)
                (mlp): Mlp(
                  (fc1): Linear(in_features=120, out_features=240, bias=True)
                  (act): GELU(approximate='none')
                  (fc2): Linear(in_features=240, out_features=120, bias=True)
                  (drop): Dropout(p=0.0, inplace=False)
                )
              )
              (4): SwinTransformerBlock(
                dim=120, input_resolution=(64, 64), num_heads=6, window_size=[3, 8, 8], shift_size=(0, 0, 0), mlp_ratio=2.0
                (norm1): LayerNorm((120,), eps=1e-05, elementwise_affine=True)
                (attn): WindowAttention(
                  dim=120, window_size=[3, 8, 8], num_heads=6
                  (qkv): Linear(in_features=120, out_features=360, bias=True)
                  (attn_drop): Dropout(p=0.0, inplace=False)
                  (proj): Linear(in_features=120, out_features=120, bias=True)
                  (proj_drop): Dropout(p=0.0, inplace=False)
                  (softmax): Softmax(dim=-1)
                )
                (drop_path): DropPath()
                (norm2): LayerNorm((120,), eps=1e-05, elementwise_affine=True)
                (mlp): Mlp(
                  (fc1): Linear(in_features=120, out_features=240, bias=True)
                  (act): GELU(approximate='none')
                  (fc2): Linear(in_features=240, out_features=120, bias=True)
                  (drop): Dropout(p=0.0, inplace=False)
                )
              )
              (5): SwinTransformerBlock(
                dim=120, input_resolution=(64, 64), num_heads=6, window_size=[3, 8, 8], shift_size=(3, 4, 4), mlp_ratio=2.0
                (norm1): LayerNorm((120,), eps=1e-05, elementwise_affine=True)
                (attn): WindowAttention(
                  dim=120, window_size=[3, 8, 8], num_heads=6
                  (qkv): Linear(in_features=120, out_features=360, bias=True)
                  (attn_drop): Dropout(p=0.0, inplace=False)
                  (proj): Linear(in_features=120, out_features=120, bias=True)
                  (proj_drop): Dropout(p=0.0, inplace=False)
                  (softmax): Softmax(dim=-1)
                )
                (drop_path): DropPath()
                (norm2): LayerNorm((120,), eps=1e-05, elementwise_affine=True)
                (mlp): Mlp(
                  (fc1): Linear(in_features=120, out_features=240, bias=True)
                  (act): GELU(approximate='none')
                  (fc2): Linear(in_features=240, out_features=120, bias=True)
                  (drop): Dropout(p=0.0, inplace=False)
                )
              )
            )
          )
          (conv): Conv2d(120, 120, kernel_size=(3, 3), stride=(1, 1), padding=(1, 1))
          (patch_embed): PatchEmbed()
          (patch_unembed): PatchUnEmbed()
        )
        (1-2): 2 x RSTB(
          (residual_group): BasicLayer(
            dim=120, input_resolution=(64, 64), depth=6
            (blocks): ModuleList(
              (0): SwinTransformerBlock(
                dim=120, input_resolution=(64, 64), num_heads=6, window_size=[3, 8, 8], shift_size=(0, 0, 0), mlp_ratio=2.0
                (norm1): LayerNorm((120,), eps=1e-05, elementwise_affine=True)
                (attn): WindowAttention(
                  dim=120, window_size=[3, 8, 8], num_heads=6
                  (qkv): Linear(in_features=120, out_features=360, bias=True)
                  (attn_drop): Dropout(p=0.0, inplace=False)
                  (proj): Linear(in_features=120, out_features=120, bias=True)
                  (proj_drop): Dropout(p=0.0, inplace=False)
                  (softmax): Softmax(dim=-1)
                )
                (drop_path): DropPath()
                (norm2): LayerNorm((120,), eps=1e-05, elementwise_affine=True)
                (mlp): Mlp(
                  (fc1): Linear(in_features=120, out_features=240, bias=True)
                  (act): GELU(approximate='none')
                  (fc2): Linear(in_features=240, out_features=120, bias=True)
                  (drop): Dropout(p=0.0, inplace=False)
                )
              )
              (1): SwinTransformerBlock(
                dim=120, input_resolution=(64, 64), num_heads=6, window_size=[3, 8, 8], shift_size=(3, 4, 4), mlp_ratio=2.0
                (norm1): LayerNorm((120,), eps=1e-05, elementwise_affine=True)
                (attn): WindowAttention(
                  dim=120, window_size=[3, 8, 8], num_heads=6
                  (qkv): Linear(in_features=120, out_features=360, bias=True)
                  (attn_drop): Dropout(p=0.0, inplace=False)
                  (proj): Linear(in_features=120, out_features=120, bias=True)
                  (proj_drop): Dropout(p=0.0, inplace=False)
                  (softmax): Softmax(dim=-1)
                )
                (drop_path): DropPath()
                (norm2): LayerNorm((120,), eps=1e-05, elementwise_affine=True)
                (mlp): Mlp(
                  (fc1): Linear(in_features=120, out_features=240, bias=True)
                  (act): GELU(approximate='none')
                  (fc2): Linear(in_features=240, out_features=120, bias=True)
                  (drop): Dropout(p=0.0, inplace=False)
                )
              )
              (2): SwinTransformerBlock(
                dim=120, input_resolution=(64, 64), num_heads=6, window_size=[3, 8, 8], shift_size=(0, 0, 0), mlp_ratio=2.0
                (norm1): LayerNorm((120,), eps=1e-05, elementwise_affine=True)
                (attn): WindowAttention(
                  dim=120, window_size=[3, 8, 8], num_heads=6
                  (qkv): Linear(in_features=120, out_features=360, bias=True)
                  (attn_drop): Dropout(p=0.0, inplace=False)
                  (proj): Linear(in_features=120, out_features=120, bias=True)
                  (proj_drop): Dropout(p=0.0, inplace=False)
                  (softmax): Softmax(dim=-1)
                )
                (drop_path): DropPath()
                (norm2): LayerNorm((120,), eps=1e-05, elementwise_affine=True)
                (mlp): Mlp(
                  (fc1): Linear(in_features=120, out_features=240, bias=True)
                  (act): GELU(approximate='none')
                  (fc2): Linear(in_features=240, out_features=120, bias=True)
                  (drop): Dropout(p=0.0, inplace=False)
                )
              )
              (3): SwinTransformerBlock(
                dim=120, input_resolution=(64, 64), num_heads=6, window_size=[3, 8, 8], shift_size=(3, 4, 4), mlp_ratio=2.0
                (norm1): LayerNorm((120,), eps=1e-05, elementwise_affine=True)
                (attn): WindowAttention(
                  dim=120, window_size=[3, 8, 8], num_heads=6
                  (qkv): Linear(in_features=120, out_features=360, bias=True)
                  (attn_drop): Dropout(p=0.0, inplace=False)
                  (proj): Linear(in_features=120, out_features=120, bias=True)
                  (proj_drop): Dropout(p=0.0, inplace=False)
                  (softmax): Softmax(dim=-1)
                )
                (drop_path): DropPath()
                (norm2): LayerNorm((120,), eps=1e-05, elementwise_affine=True)
                (mlp): Mlp(
                  (fc1): Linear(in_features=120, out_features=240, bias=True)
                  (act): GELU(approximate='none')
                  (fc2): Linear(in_features=240, out_features=120, bias=True)
                  (drop): Dropout(p=0.0, inplace=False)
                )
              )
              (4): SwinTransformerBlock(
                dim=120, input_resolution=(64, 64), num_heads=6, window_size=[3, 8, 8], shift_size=(0, 0, 0), mlp_ratio=2.0
                (norm1): LayerNorm((120,), eps=1e-05, elementwise_affine=True)
                (attn): WindowAttention(
                  dim=120, window_size=[3, 8, 8], num_heads=6
                  (qkv): Linear(in_features=120, out_features=360, bias=True)
                  (attn_drop): Dropout(p=0.0, inplace=False)
                  (proj): Linear(in_features=120, out_features=120, bias=True)
                  (proj_drop): Dropout(p=0.0, inplace=False)
                  (softmax): Softmax(dim=-1)
                )
                (drop_path): DropPath()
                (norm2): LayerNorm((120,), eps=1e-05, elementwise_affine=True)
                (mlp): Mlp(
                  (fc1): Linear(in_features=120, out_features=240, bias=True)
                  (act): GELU(approximate='none')
                  (fc2): Linear(in_features=240, out_features=120, bias=True)
                  (drop): Dropout(p=0.0, inplace=False)
                )
              )
              (5): SwinTransformerBlock(
                dim=120, input_resolution=(64, 64), num_heads=6, window_size=[3, 8, 8], shift_size=(3, 4, 4), mlp_ratio=2.0
                (norm1): LayerNorm((120,), eps=1e-05, elementwise_affine=True)
                (attn): WindowAttention(
                  dim=120, window_size=[3, 8, 8], num_heads=6
                  (qkv): Linear(in_features=120, out_features=360, bias=True)
                  (attn_drop): Dropout(p=0.0, inplace=False)
                  (proj): Linear(in_features=120, out_features=120, bias=True)
                  (proj_drop): Dropout(p=0.0, inplace=False)
                  (softmax): Softmax(dim=-1)
                )
                (drop_path): DropPath()
                (norm2): LayerNorm((120,), eps=1e-05, elementwise_affine=True)
                (mlp): Mlp(
                  (fc1): Linear(in_features=120, out_features=240, bias=True)
                  (act): GELU(approximate='none')
                  (fc2): Linear(in_features=240, out_features=120, bias=True)
                  (drop): Dropout(p=0.0, inplace=False)
                )
              )
            )
          )
          (conv): Conv2d(120, 120, kernel_size=(3, 3), stride=(1, 1), padding=(1, 1))
          (patch_embed): PatchEmbed()
          (patch_unembed): PatchUnEmbed()
        )
      )
      (norm): LayerNorm((120,), eps=1e-05, elementwise_affine=True)
      (conv_after_body): Conv2d(120, 120, kernel_size=(3, 3), stride=(1, 1), padding=(1, 1))
      (lrelu): LeakyReLU(negative_slope=0.1, inplace=True)
      (conv_before_upsample): Conv2d(120, 64, kernel_size=(3, 3), stride=(1, 1), padding=(1, 1))
    )
    (forward_2): SwinIRFM(
      (conv_first): Conv2d(3, 120, kernel_size=(3, 3), stride=(1, 1), padding=(1, 1))
      (conv_first_feat): Conv2d(64, 120, kernel_size=(3, 3), stride=(1, 1), padding=(1, 1))
      (patch_embed): PatchEmbed(
        (norm): LayerNorm((120,), eps=1e-05, elementwise_affine=True)
      )
      (patch_unembed): PatchUnEmbed()
      (pos_drop): Dropout(p=0.0, inplace=False)
      (layers): ModuleList(
        (0): RSTB(
          (residual_group): BasicLayer(
            dim=120, input_resolution=(64, 64), depth=6
            (blocks): ModuleList(
              (0): SwinTransformerBlock(
                dim=120, input_resolution=(64, 64), num_heads=6, window_size=[3, 8, 8], shift_size=(0, 0, 0), mlp_ratio=2.0
                (norm1): LayerNorm((120,), eps=1e-05, elementwise_affine=True)
                (attn): WindowAttention(
                  dim=120, window_size=[3, 8, 8], num_heads=6
                  (qkv): Linear(in_features=120, out_features=360, bias=True)
                  (attn_drop): Dropout(p=0.0, inplace=False)
                  (proj): Linear(in_features=120, out_features=120, bias=True)
                  (proj_drop): Dropout(p=0.0, inplace=False)
                  (softmax): Softmax(dim=-1)
                )
                (drop_path): Identity()
                (norm2): LayerNorm((120,), eps=1e-05, elementwise_affine=True)
                (mlp): Mlp(
                  (fc1): Linear(in_features=120, out_features=240, bias=True)
                  (act): GELU(approximate='none')
                  (fc2): Linear(in_features=240, out_features=120, bias=True)
                  (drop): Dropout(p=0.0, inplace=False)
                )
              )
              (1): SwinTransformerBlock(
                dim=120, input_resolution=(64, 64), num_heads=6, window_size=[3, 8, 8], shift_size=(3, 4, 4), mlp_ratio=2.0
                (norm1): LayerNorm((120,), eps=1e-05, elementwise_affine=True)
                (attn): WindowAttention(
                  dim=120, window_size=[3, 8, 8], num_heads=6
                  (qkv): Linear(in_features=120, out_features=360, bias=True)
                  (attn_drop): Dropout(p=0.0, inplace=False)
                  (proj): Linear(in_features=120, out_features=120, bias=True)
                  (proj_drop): Dropout(p=0.0, inplace=False)
                  (softmax): Softmax(dim=-1)
                )
                (drop_path): DropPath()
                (norm2): LayerNorm((120,), eps=1e-05, elementwise_affine=True)
                (mlp): Mlp(
                  (fc1): Linear(in_features=120, out_features=240, bias=True)
                  (act): GELU(approximate='none')
                  (fc2): Linear(in_features=240, out_features=120, bias=True)
                  (drop): Dropout(p=0.0, inplace=False)
                )
              )
              (2): SwinTransformerBlock(
                dim=120, input_resolution=(64, 64), num_heads=6, window_size=[3, 8, 8], shift_size=(0, 0, 0), mlp_ratio=2.0
                (norm1): LayerNorm((120,), eps=1e-05, elementwise_affine=True)
                (attn): WindowAttention(
                  dim=120, window_size=[3, 8, 8], num_heads=6
                  (qkv): Linear(in_features=120, out_features=360, bias=True)
                  (attn_drop): Dropout(p=0.0, inplace=False)
                  (proj): Linear(in_features=120, out_features=120, bias=True)
                  (proj_drop): Dropout(p=0.0, inplace=False)
                  (softmax): Softmax(dim=-1)
                )
                (drop_path): DropPath()
                (norm2): LayerNorm((120,), eps=1e-05, elementwise_affine=True)
                (mlp): Mlp(
                  (fc1): Linear(in_features=120, out_features=240, bias=True)
                  (act): GELU(approximate='none')
                  (fc2): Linear(in_features=240, out_features=120, bias=True)
                  (drop): Dropout(p=0.0, inplace=False)
                )
              )
              (3): SwinTransformerBlock(
                dim=120, input_resolution=(64, 64), num_heads=6, window_size=[3, 8, 8], shift_size=(3, 4, 4), mlp_ratio=2.0
                (norm1): LayerNorm((120,), eps=1e-05, elementwise_affine=True)
                (attn): WindowAttention(
                  dim=120, window_size=[3, 8, 8], num_heads=6
                  (qkv): Linear(in_features=120, out_features=360, bias=True)
                  (attn_drop): Dropout(p=0.0, inplace=False)
                  (proj): Linear(in_features=120, out_features=120, bias=True)
                  (proj_drop): Dropout(p=0.0, inplace=False)
                  (softmax): Softmax(dim=-1)
                )
                (drop_path): DropPath()
                (norm2): LayerNorm((120,), eps=1e-05, elementwise_affine=True)
                (mlp): Mlp(
                  (fc1): Linear(in_features=120, out_features=240, bias=True)
                  (act): GELU(approximate='none')
                  (fc2): Linear(in_features=240, out_features=120, bias=True)
                  (drop): Dropout(p=0.0, inplace=False)
                )
              )
              (4): SwinTransformerBlock(
                dim=120, input_resolution=(64, 64), num_heads=6, window_size=[3, 8, 8], shift_size=(0, 0, 0), mlp_ratio=2.0
                (norm1): LayerNorm((120,), eps=1e-05, elementwise_affine=True)
                (attn): WindowAttention(
                  dim=120, window_size=[3, 8, 8], num_heads=6
                  (qkv): Linear(in_features=120, out_features=360, bias=True)
                  (attn_drop): Dropout(p=0.0, inplace=False)
                  (proj): Linear(in_features=120, out_features=120, bias=True)
                  (proj_drop): Dropout(p=0.0, inplace=False)
                  (softmax): Softmax(dim=-1)
                )
                (drop_path): DropPath()
                (norm2): LayerNorm((120,), eps=1e-05, elementwise_affine=True)
                (mlp): Mlp(
                  (fc1): Linear(in_features=120, out_features=240, bias=True)
                  (act): GELU(approximate='none')
                  (fc2): Linear(in_features=240, out_features=120, bias=True)
                  (drop): Dropout(p=0.0, inplace=False)
                )
              )
              (5): SwinTransformerBlock(
                dim=120, input_resolution=(64, 64), num_heads=6, window_size=[3, 8, 8], shift_size=(3, 4, 4), mlp_ratio=2.0
                (norm1): LayerNorm((120,), eps=1e-05, elementwise_affine=True)
                (attn): WindowAttention(
                  dim=120, window_size=[3, 8, 8], num_heads=6
                  (qkv): Linear(in_features=120, out_features=360, bias=True)
                  (attn_drop): Dropout(p=0.0, inplace=False)
                  (proj): Linear(in_features=120, out_features=120, bias=True)
                  (proj_drop): Dropout(p=0.0, inplace=False)
                  (softmax): Softmax(dim=-1)
                )
                (drop_path): DropPath()
                (norm2): LayerNorm((120,), eps=1e-05, elementwise_affine=True)
                (mlp): Mlp(
                  (fc1): Linear(in_features=120, out_features=240, bias=True)
                  (act): GELU(approximate='none')
                  (fc2): Linear(in_features=240, out_features=120, bias=True)
                  (drop): Dropout(p=0.0, inplace=False)
                )
              )
            )
          )
          (conv): Conv2d(120, 120, kernel_size=(3, 3), stride=(1, 1), padding=(1, 1))
          (patch_embed): PatchEmbed()
          (patch_unembed): PatchUnEmbed()
        )
        (1-2): 2 x RSTB(
          (residual_group): BasicLayer(
            dim=120, input_resolution=(64, 64), depth=6
            (blocks): ModuleList(
              (0): SwinTransformerBlock(
                dim=120, input_resolution=(64, 64), num_heads=6, window_size=[3, 8, 8], shift_size=(0, 0, 0), mlp_ratio=2.0
                (norm1): LayerNorm((120,), eps=1e-05, elementwise_affine=True)
                (attn): WindowAttention(
                  dim=120, window_size=[3, 8, 8], num_heads=6
                  (qkv): Linear(in_features=120, out_features=360, bias=True)
                  (attn_drop): Dropout(p=0.0, inplace=False)
                  (proj): Linear(in_features=120, out_features=120, bias=True)
                  (proj_drop): Dropout(p=0.0, inplace=False)
                  (softmax): Softmax(dim=-1)
                )
                (drop_path): DropPath()
                (norm2): LayerNorm((120,), eps=1e-05, elementwise_affine=True)
                (mlp): Mlp(
                  (fc1): Linear(in_features=120, out_features=240, bias=True)
                  (act): GELU(approximate='none')
                  (fc2): Linear(in_features=240, out_features=120, bias=True)
                  (drop): Dropout(p=0.0, inplace=False)
                )
              )
              (1): SwinTransformerBlock(
                dim=120, input_resolution=(64, 64), num_heads=6, window_size=[3, 8, 8], shift_size=(3, 4, 4), mlp_ratio=2.0
                (norm1): LayerNorm((120,), eps=1e-05, elementwise_affine=True)
                (attn): WindowAttention(
                  dim=120, window_size=[3, 8, 8], num_heads=6
                  (qkv): Linear(in_features=120, out_features=360, bias=True)
                  (attn_drop): Dropout(p=0.0, inplace=False)
                  (proj): Linear(in_features=120, out_features=120, bias=True)
                  (proj_drop): Dropout(p=0.0, inplace=False)
                  (softmax): Softmax(dim=-1)
                )
                (drop_path): DropPath()
                (norm2): LayerNorm((120,), eps=1e-05, elementwise_affine=True)
                (mlp): Mlp(
                  (fc1): Linear(in_features=120, out_features=240, bias=True)
                  (act): GELU(approximate='none')
                  (fc2): Linear(in_features=240, out_features=120, bias=True)
                  (drop): Dropout(p=0.0, inplace=False)
                )
              )
              (2): SwinTransformerBlock(
                dim=120, input_resolution=(64, 64), num_heads=6, window_size=[3, 8, 8], shift_size=(0, 0, 0), mlp_ratio=2.0
                (norm1): LayerNorm((120,), eps=1e-05, elementwise_affine=True)
                (attn): WindowAttention(
                  dim=120, window_size=[3, 8, 8], num_heads=6
                  (qkv): Linear(in_features=120, out_features=360, bias=True)
                  (attn_drop): Dropout(p=0.0, inplace=False)
                  (proj): Linear(in_features=120, out_features=120, bias=True)
                  (proj_drop): Dropout(p=0.0, inplace=False)
                  (softmax): Softmax(dim=-1)
                )
                (drop_path): DropPath()
                (norm2): LayerNorm((120,), eps=1e-05, elementwise_affine=True)
                (mlp): Mlp(
                  (fc1): Linear(in_features=120, out_features=240, bias=True)
                  (act): GELU(approximate='none')
                  (fc2): Linear(in_features=240, out_features=120, bias=True)
                  (drop): Dropout(p=0.0, inplace=False)
                )
              )
              (3): SwinTransformerBlock(
                dim=120, input_resolution=(64, 64), num_heads=6, window_size=[3, 8, 8], shift_size=(3, 4, 4), mlp_ratio=2.0
                (norm1): LayerNorm((120,), eps=1e-05, elementwise_affine=True)
                (attn): WindowAttention(
                  dim=120, window_size=[3, 8, 8], num_heads=6
                  (qkv): Linear(in_features=120, out_features=360, bias=True)
                  (attn_drop): Dropout(p=0.0, inplace=False)
                  (proj): Linear(in_features=120, out_features=120, bias=True)
                  (proj_drop): Dropout(p=0.0, inplace=False)
                  (softmax): Softmax(dim=-1)
                )
                (drop_path): DropPath()
                (norm2): LayerNorm((120,), eps=1e-05, elementwise_affine=True)
                (mlp): Mlp(
                  (fc1): Linear(in_features=120, out_features=240, bias=True)
                  (act): GELU(approximate='none')
                  (fc2): Linear(in_features=240, out_features=120, bias=True)
                  (drop): Dropout(p=0.0, inplace=False)
                )
              )
              (4): SwinTransformerBlock(
                dim=120, input_resolution=(64, 64), num_heads=6, window_size=[3, 8, 8], shift_size=(0, 0, 0), mlp_ratio=2.0
                (norm1): LayerNorm((120,), eps=1e-05, elementwise_affine=True)
                (attn): WindowAttention(
                  dim=120, window_size=[3, 8, 8], num_heads=6
                  (qkv): Linear(in_features=120, out_features=360, bias=True)
                  (attn_drop): Dropout(p=0.0, inplace=False)
                  (proj): Linear(in_features=120, out_features=120, bias=True)
                  (proj_drop): Dropout(p=0.0, inplace=False)
                  (softmax): Softmax(dim=-1)
                )
                (drop_path): DropPath()
                (norm2): LayerNorm((120,), eps=1e-05, elementwise_affine=True)
                (mlp): Mlp(
                  (fc1): Linear(in_features=120, out_features=240, bias=True)
                  (act): GELU(approximate='none')
                  (fc2): Linear(in_features=240, out_features=120, bias=True)
                  (drop): Dropout(p=0.0, inplace=False)
                )
              )
              (5): SwinTransformerBlock(
                dim=120, input_resolution=(64, 64), num_heads=6, window_size=[3, 8, 8], shift_size=(3, 4, 4), mlp_ratio=2.0
                (norm1): LayerNorm((120,), eps=1e-05, elementwise_affine=True)
                (attn): WindowAttention(
                  dim=120, window_size=[3, 8, 8], num_heads=6
                  (qkv): Linear(in_features=120, out_features=360, bias=True)
                  (attn_drop): Dropout(p=0.0, inplace=False)
                  (proj): Linear(in_features=120, out_features=120, bias=True)
                  (proj_drop): Dropout(p=0.0, inplace=False)
                  (softmax): Softmax(dim=-1)
                )
                (drop_path): DropPath()
                (norm2): LayerNorm((120,), eps=1e-05, elementwise_affine=True)
                (mlp): Mlp(
                  (fc1): Linear(in_features=120, out_features=240, bias=True)
                  (act): GELU(approximate='none')
                  (fc2): Linear(in_features=240, out_features=120, bias=True)
                  (drop): Dropout(p=0.0, inplace=False)
                )
              )
            )
          )
          (conv): Conv2d(120, 120, kernel_size=(3, 3), stride=(1, 1), padding=(1, 1))
          (patch_embed): PatchEmbed()
          (patch_unembed): PatchUnEmbed()
        )
      )
      (norm): LayerNorm((120,), eps=1e-05, elementwise_affine=True)
      (conv_after_body): Conv2d(120, 120, kernel_size=(3, 3), stride=(1, 1), padding=(1, 1))
      (lrelu): LeakyReLU(negative_slope=0.1, inplace=True)
      (conv_before_upsample): Conv2d(120, 64, kernel_size=(3, 3), stride=(1, 1), padding=(1, 1))
    )
  )
  (upconv1): Conv2d(64, 256, kernel_size=(3, 3), stride=(1, 1), padding=(1, 1))
  (upconv2): Conv2d(64, 256, kernel_size=(3, 3), stride=(1, 1), padding=(1, 1))
  (pixel_shuffle): PixelShuffle(upscale_factor=2)
  (conv_hr): Conv2d(64, 64, kernel_size=(3, 3), stride=(1, 1), padding=(1, 1))
  (conv_last): Conv2d(64, 3, kernel_size=(3, 3), stride=(1, 1), padding=(1, 1))
  (img_upsample): Upsample(scale_factor=4.0, mode='bilinear')
  (lrelu): LeakyReLU(negative_slope=0.1, inplace=True)
  (implicit_warp): ImplicitWarpModule(
    (q): Linear(in_features=120, out_features=120, bias=True)
    (k): Linear(in_features=120, out_features=120, bias=True)
    (v): Linear(in_features=120, out_features=120, bias=True)
    (softmax): Softmax(dim=-1)
  )
)
2025-11-25 15:57:19,282 INFO: Loading IART model from C:\Users\snms\Desktop\yuan_project\IART\experiments\IART_REDS_N5_60K\models\net_g_55000.pth, with param key: [params].
2025-11-25 15:57:19,432 INFO: Use Exponential Moving Average with decay: 0.999
2025-11-25 15:57:19,654 INFO: Network [IART] is created.
2025-11-25 15:57:20,109 INFO: Loading IART model from C:\Users\snms\Desktop\yuan_project\IART\experiments\IART_REDS_N5_60K\models\net_g_55000.pth, with param key: [params_ema].
2025-11-25 15:57:20,247 INFO: Loss [CharbonnierLoss] is created.
2025-11-25 15:57:20,248 INFO: Multiple the learning rate for flow network with 0.125.
2025-11-25 15:57:20,259 INFO: Model [RecurrentMixPrecisionRTModel] is created.
2025-11-25 15:57:20,283 INFO: Resuming training from epoch: 4, iter: 55000.
2025-11-25 15:57:34,123 INFO: Sanity checking for validation.
2025-11-25 15:57:34,124 INFO: Start training from epoch: 4, iter: 55000
2025-11-25 15:58:27,545 INFO: [IART_..][epoch:  4, iter:  55,001, lr:(3.504e-06,5.241e-07,)] [eta: 1 day, 22:41:27, time (data): 53.421 (14.545)] l_pix: 2.3195e-02 
2025-11-25 15:58:30,472 INFO: [IART_..][epoch:  4, iter:  55,002, lr:(3.503e-06,5.239e-07,)] [eta: 1 day, 8:28:31, time (data): 28.173 (7.273)] l_pix: 2.1349e-02 
2025-11-25 15:58:33,324 INFO: [IART_..][epoch:  4, iter:  55,003, lr:(3.502e-06,5.237e-07,)] [eta: 1 day, 1:20:27, time (data): 19.733 (4.850)] l_pix: 2.3136e-02 
2025-11-25 15:58:36,048 INFO: [IART_..][epoch:  4, iter:  55,004, lr:(3.500e-06,5.235e-07,)] [eta: 21:01:29, time (data): 15.481 (3.638)] l_pix: 2.1535e-02 
2025-11-25 15:58:38,795 INFO: [IART_..][epoch:  4, iter:  55,005, lr:(3.499e-06,5.234e-07,)] [eta: 18:09:07, time (data): 12.934 (2.910)] l_pix: 3.6605e-02 
2025-11-25 15:58:41,552 INFO: [IART_..][epoch:  4, iter:  55,006, lr:(3.498e-06,5.232e-07,)] [eta: 16:06:08, time (data): 11.238 (2.426)] l_pix: 1.8530e-02 
2025-11-25 15:58:44,361 INFO: [IART_..][epoch:  4, iter:  55,007, lr:(3.496e-06,5.230e-07,)] [eta: 14:34:24, time (data): 10.033 (2.079)] l_pix: 1.8585e-02 
2025-11-25 15:58:47,792 INFO: [IART_..][epoch:  4, iter:  55,008, lr:(3.495e-06,5.229e-07,)] [eta: 13:28:48, time (data): 9.208 (1.820)] l_pix: 2.1206e-02 
2025-11-25 15:58:50,772 INFO: [IART_..][epoch:  4, iter:  55,009, lr:(3.494e-06,5.227e-07,)] [eta: 12:32:33, time (data): 8.516 (1.618)] l_pix: 2.4987e-02 
2025-11-25 15:58:54,113 INFO: [IART_..][epoch:  4, iter:  55,010, lr:(3.492e-06,5.225e-07,)] [eta: 11:49:15, time (data): 7.998 (1.456)] l_pix: 2.0002e-02 
2025-11-25 15:58:57,310 INFO: [IART_..][epoch:  4, iter:  55,011, lr:(3.491e-06,5.224e-07,)] [eta: 11:12:10, time (data): 7.562 (1.324)] l_pix: 2.7299e-02 
2025-11-25 15:59:00,228 INFO: [IART_..][epoch:  4, iter:  55,012, lr:(3.489e-06,5.222e-07,)] [eta: 10:39:00, time (data): 7.175 (1.214)] l_pix: 2.1876e-02 
2025-11-25 15:59:03,218 INFO: [IART_..][epoch:  4, iter:  55,013, lr:(3.488e-06,5.220e-07,)] [eta: 10:10:59, time (data): 6.853 (1.120)] l_pix: 1.0811e-02 
2025-11-25 15:59:06,242 INFO: [IART_..][epoch:  4, iter:  55,014, lr:(3.487e-06,5.219e-07,)] [eta: 9:46:53, time (data): 6.580 (1.041)] l_pix: 1.8429e-02 
2025-11-25 15:59:09,167 INFO: [IART_..][epoch:  4, iter:  55,015, lr:(3.485e-06,5.217e-07,)] [eta: 9:25:17, time (data): 6.336 (0.971)] l_pix: 1.9977e-02 
2025-11-25 15:59:12,102 INFO: [IART_..][epoch:  4, iter:  55,016, lr:(3.484e-06,5.215e-07,)] [eta: 9:06:16, time (data): 6.123 (0.911)] l_pix: 1.5144e-02 
2025-11-25 15:59:15,006 INFO: [IART_..][epoch:  4, iter:  55,017, lr:(3.483e-06,5.214e-07,)] [eta: 8:49:12, time (data): 5.934 (0.857)] l_pix: 2.8357e-02 
2025-11-25 15:59:17,887 INFO: [IART_..][epoch:  4, iter:  55,018, lr:(3.481e-06,5.212e-07,)] [eta: 8:33:50, time (data): 5.764 (0.810)] l_pix: 1.6618e-02 
2025-11-25 15:59:20,808 INFO: [IART_..][epoch:  4, iter:  55,019, lr:(3.480e-06,5.210e-07,)] [eta: 8:20:10, time (data): 5.615 (0.767)] l_pix: 2.2955e-02 
2025-11-25 15:59:24,035 INFO: [IART_..][epoch:  4, iter:  55,020, lr:(3.479e-06,5.209e-07,)] [eta: 8:09:00, time (data): 5.495 (0.729)] l_pix: 1.7391e-02 
2025-11-25 15:59:26,937 INFO: [IART_..][epoch:  4, iter:  55,021, lr:(3.477e-06,5.207e-07,)] [eta: 7:57:38, time (data): 5.372 (0.694)] l_pix: 1.1505e-02 
2025-11-25 15:59:29,875 INFO: [IART_..][epoch:  4, iter:  55,022, lr:(3.476e-06,5.205e-07,)] [eta: 7:47:22, time (data): 5.261 (0.663)] l_pix: 1.4391e-02 
2025-11-25 15:59:33,184 INFO: [IART_..][epoch:  4, iter:  55,023, lr:(3.475e-06,5.204e-07,)] [eta: 7:39:14, time (data): 5.176 (0.634)] l_pix: 1.5632e-02 
2025-11-25 15:59:36,089 INFO: [IART_..][epoch:  4, iter:  55,024, lr:(3.473e-06,5.202e-07,)] [eta: 7:30:25, time (data): 5.082 (0.608)] l_pix: 2.2090e-02 
2025-11-25 15:59:39,285 INFO: [IART_..][epoch:  4, iter:  55,025, lr:(3.472e-06,5.200e-07,)] [eta: 7:23:12, time (data): 5.006 (0.583)] l_pix: 2.4712e-02 
2025-11-25 15:59:42,264 INFO: [IART_..][epoch:  4, iter:  55,026, lr:(3.471e-06,5.198e-07,)] [eta: 7:15:50, time (data): 4.928 (0.561)] l_pix: 2.3403e-02 
2025-11-25 15:59:45,519 INFO: [IART_..][epoch:  4, iter:  55,027, lr:(3.469e-06,5.197e-07,)] [eta: 7:09:49, time (data): 4.866 (0.540)] l_pix: 1.2424e-02 
2025-11-25 15:59:48,367 INFO: [IART_..][epoch:  4, iter:  55,028, lr:(3.468e-06,5.195e-07,)] [eta: 7:03:03, time (data): 4.794 (0.521)] l_pix: 1.1262e-02 
2025-11-25 15:59:51,270 INFO: [IART_..][epoch:  4, iter:  55,029, lr:(3.467e-06,5.193e-07,)] [eta: 6:56:53, time (data): 4.729 (0.503)] l_pix: 1.6665e-02 
2025-11-25 15:59:54,587 INFO: [IART_..][epoch:  4, iter:  55,030, lr:(3.465e-06,5.192e-07,)] [eta: 6:52:13, time (data): 4.682 (0.486)] l_pix: 1.2570e-02 
2025-11-25 15:59:57,498 INFO: [IART_..][epoch:  4, iter:  55,031, lr:(3.464e-06,5.190e-07,)] [eta: 6:46:47, time (data): 4.625 (0.471)] l_pix: 2.0409e-02 
2025-11-25 16:00:00,388 INFO: [IART_..][epoch:  4, iter:  55,032, lr:(3.463e-06,5.188e-07,)] [eta: 6:41:38, time (data): 4.571 (0.456)] l_pix: 2.3993e-02 
2025-11-25 16:00:03,721 INFO: [IART_..][epoch:  4, iter:  55,033, lr:(3.461e-06,5.187e-07,)] [eta: 6:37:51, time (data): 4.533 (0.442)] l_pix: 2.2517e-02 
2025-11-25 16:00:06,560 INFO: [IART_..][epoch:  4, iter:  55,034, lr:(3.460e-06,5.185e-07,)] [eta: 6:33:07, time (data): 4.483 (0.429)] l_pix: 2.1047e-02 
2025-11-25 16:00:09,554 INFO: [IART_..][epoch:  4, iter:  55,035, lr:(3.458e-06,5.183e-07,)] [eta: 6:29:00, time (data): 4.441 (0.417)] l_pix: 3.1162e-02 
2025-11-25 16:00:12,718 INFO: [IART_..][epoch:  4, iter:  55,036, lr:(3.457e-06,5.182e-07,)] [eta: 6:25:29, time (data): 4.405 (0.406)] l_pix: 2.5692e-02 
2025-11-25 16:00:15,811 INFO: [IART_..][epoch:  4, iter:  55,037, lr:(3.456e-06,5.180e-07,)] [eta: 6:22:00, time (data): 4.370 (0.395)] l_pix: 1.1853e-02 
2025-11-25 16:00:19,201 INFO: [IART_..][epoch:  4, iter:  55,038, lr:(3.454e-06,5.178e-07,)] [eta: 6:19:19, time (data): 4.344 (0.384)] l_pix: 2.0942e-02 
2025-11-25 16:00:22,115 INFO: [IART_..][epoch:  4, iter:  55,039, lr:(3.453e-06,5.177e-07,)] [eta: 6:15:47, time (data): 4.307 (0.375)] l_pix: 2.4678e-02 
2025-11-25 16:00:25,059 INFO: [IART_..][epoch:  4, iter:  55,040, lr:(3.452e-06,5.175e-07,)] [eta: 6:12:28, time (data): 4.273 (0.365)] l_pix: 2.0332e-02 
2025-11-25 16:00:28,321 INFO: [IART_..][epoch:  4, iter:  55,041, lr:(3.450e-06,5.173e-07,)] [eta: 6:09:57, time (data): 4.248 (0.356)] l_pix: 1.7676e-02 
2025-11-25 16:00:31,202 INFO: [IART_..][epoch:  4, iter:  55,042, lr:(3.449e-06,5.172e-07,)] [eta: 6:06:48, time (data): 4.216 (0.348)] l_pix: 2.2693e-02 
2025-11-25 16:00:34,489 INFO: [IART_..][epoch:  4, iter:  55,043, lr:(3.448e-06,5.170e-07,)] [eta: 6:04:34, time (data): 4.194 (0.340)] l_pix: 2.3202e-02 
2025-11-25 16:00:37,364 INFO: [IART_..][epoch:  4, iter:  55,044, lr:(3.446e-06,5.168e-07,)] [eta: 6:01:40, time (data): 4.164 (0.332)] l_pix: 1.9139e-02 
2025-11-25 16:00:40,599 INFO: [IART_..][epoch:  4, iter:  55,045, lr:(3.445e-06,5.167e-07,)] [eta: 5:59:33, time (data): 4.144 (0.325)] l_pix: 2.6101e-02 
2025-11-25 16:00:43,511 INFO: [IART_..][epoch:  4, iter:  55,046, lr:(3.444e-06,5.165e-07,)] [eta: 5:56:56, time (data): 4.117 (0.318)] l_pix: 1.7672e-02 
2025-11-25 16:00:46,478 INFO: [IART_..][epoch:  4, iter:  55,047, lr:(3.442e-06,5.163e-07,)] [eta: 5:54:32, time (data): 4.092 (0.311)] l_pix: 2.3152e-02 
2025-11-25 16:00:49,783 INFO: [IART_..][epoch:  4, iter:  55,048, lr:(3.441e-06,5.162e-07,)] [eta: 5:52:48, time (data): 4.076 (0.305)] l_pix: 2.0997e-02 
2025-11-25 16:00:52,814 INFO: [IART_..][epoch:  4, iter:  55,049, lr:(3.440e-06,5.160e-07,)] [eta: 5:50:40, time (data): 4.055 (0.299)] l_pix: 3.6533e-02 
2025-11-25 16:00:56,187 INFO: [IART_..][epoch:  4, iter:  55,050, lr:(3.438e-06,5.158e-07,)] [eta: 5:49:11, time (data): 4.041 (0.293)] l_pix: 2.5958e-02 
2025-11-25 16:00:59,193 INFO: [IART_..][epoch:  4, iter:  55,051, lr:(3.437e-06,5.157e-07,)] [eta: 5:47:10, time (data): 4.021 (0.287)] l_pix: 2.1370e-02 
2025-11-25 16:01:02,135 INFO: [IART_..][epoch:  4, iter:  55,052, lr:(3.436e-06,5.155e-07,)] [eta: 5:45:07, time (data): 4.000 (0.281)] l_pix: 1.3688e-02 
2025-11-25 16:01:05,462 INFO: [IART_..][epoch:  4, iter:  55,053, lr:(3.434e-06,5.153e-07,)] [eta: 5:43:44, time (data): 3.987 (0.276)] l_pix: 2.7761e-02 
2025-11-25 16:01:08,450 INFO: [IART_..][epoch:  4, iter:  55,054, lr:(3.433e-06,5.152e-07,)] [eta: 5:41:54, time (data): 3.969 (0.271)] l_pix: 2.1274e-02 
2025-11-25 16:01:11,657 INFO: [IART_..][epoch:  4, iter:  55,055, lr:(3.432e-06,5.150e-07,)] [eta: 5:40:26, time (data): 3.955 (0.266)] l_pix: 1.9152e-02 
2025-11-25 16:01:14,592 INFO: [IART_..][epoch:  4, iter:  55,056, lr:(3.430e-06,5.148e-07,)] [eta: 5:38:39, time (data): 3.937 (0.261)] l_pix: 2.1431e-02 
2025-11-25 16:01:17,509 INFO: [IART_..][epoch:  4, iter:  55,057, lr:(3.429e-06,5.147e-07,)] [eta: 5:36:53, time (data): 3.919 (0.257)] l_pix: 2.8683e-02 
2025-11-25 16:01:20,789 INFO: [IART_..][epoch:  4, iter:  55,058, lr:(3.428e-06,5.145e-07,)] [eta: 5:35:41, time (data): 3.908 (0.252)] l_pix: 2.2298e-02 
2025-11-25 16:01:23,818 INFO: [IART_..][epoch:  4, iter:  55,059, lr:(3.426e-06,5.143e-07,)] [eta: 5:34:11, time (data): 3.893 (0.248)] l_pix: 1.2668e-02 
2025-11-25 16:01:27,084 INFO: [IART_..][epoch:  4, iter:  55,060, lr:(3.425e-06,5.142e-07,)] [eta: 5:33:02, time (data): 3.882 (0.244)] l_pix: 3.1955e-02 
2025-11-25 16:01:29,983 INFO: [IART_..][epoch:  4, iter:  55,061, lr:(3.424e-06,5.140e-07,)] [eta: 5:31:27, time (data): 3.866 (0.240)] l_pix: 2.4291e-02 
2025-11-25 16:01:33,306 INFO: [IART_..][epoch:  4, iter:  55,062, lr:(3.422e-06,5.138e-07,)] [eta: 5:30:28, time (data): 3.858 (0.236)] l_pix: 1.7744e-02 
2025-11-25 16:01:36,286 INFO: [IART_..][epoch:  4, iter:  55,063, lr:(3.421e-06,5.137e-07,)] [eta: 5:29:04, time (data): 3.844 (0.233)] l_pix: 1.5771e-02 
2025-11-25 16:01:39,213 INFO: [IART_..][epoch:  4, iter:  55,064, lr:(3.420e-06,5.135e-07,)] [eta: 5:27:38, time (data): 3.829 (0.229)] l_pix: 1.5834e-02 
2025-11-25 16:01:42,621 INFO: [IART_..][epoch:  4, iter:  55,065, lr:(3.418e-06,5.133e-07,)] [eta: 5:26:51, time (data): 3.823 (0.225)] l_pix: 2.0342e-02 
2025-11-25 16:01:45,574 INFO: [IART_..][epoch:  4, iter:  55,066, lr:(3.417e-06,5.132e-07,)] [eta: 5:25:32, time (data): 3.810 (0.222)] l_pix: 2.2580e-02 
2025-11-25 16:01:48,555 INFO: [IART_..][epoch:  4, iter:  55,067, lr:(3.416e-06,5.130e-07,)] [eta: 5:24:17, time (data): 3.797 (0.219)] l_pix: 2.5769e-02 
2025-11-25 16:01:51,962 INFO: [IART_..][epoch:  4, iter:  55,068, lr:(3.414e-06,5.128e-07,)] [eta: 5:23:35, time (data): 3.791 (0.216)] l_pix: 4.6328e-02 
2025-11-25 16:01:54,941 INFO: [IART_..][epoch:  4, iter:  55,069, lr:(3.413e-06,5.127e-07,)] [eta: 5:22:23, time (data): 3.780 (0.212)] l_pix: 2.3679e-02 
2025-11-25 16:01:58,208 INFO: [IART_..][epoch:  4, iter:  55,070, lr:(3.412e-06,5.125e-07,)] [eta: 5:21:34, time (data): 3.772 (0.209)] l_pix: 3.5729e-02 
2025-11-25 16:02:01,070 INFO: [IART_..][epoch:  4, iter:  55,071, lr:(3.410e-06,5.123e-07,)] [eta: 5:20:18, time (data): 3.759 (0.207)] l_pix: 2.1145e-02 
2025-11-25 16:02:04,385 INFO: [IART_..][epoch:  4, iter:  55,072, lr:(3.409e-06,5.122e-07,)] [eta: 5:19:34, time (data): 3.753 (0.204)] l_pix: 1.4950e-02 
2025-11-25 16:02:07,273 INFO: [IART_..][epoch:  4, iter:  55,073, lr:(3.408e-06,5.120e-07,)] [eta: 5:18:24, time (data): 3.741 (0.201)] l_pix: 8.7042e-03 
2025-11-25 16:02:10,138 INFO: [IART_..][epoch:  4, iter:  55,074, lr:(3.406e-06,5.118e-07,)] [eta: 5:17:13, time (data): 3.730 (0.198)] l_pix: 2.4855e-02 
2025-11-25 16:02:13,536 INFO: [IART_..][epoch:  4, iter:  55,075, lr:(3.405e-06,5.117e-07,)] [eta: 5:16:39, time (data): 3.725 (0.196)] l_pix: 1.8616e-02 
2025-11-25 16:02:16,522 INFO: [IART_..][epoch:  4, iter:  55,076, lr:(3.404e-06,5.115e-07,)] [eta: 5:15:40, time (data): 3.715 (0.193)] l_pix: 3.7553e-02 
2025-11-25 16:02:19,597 INFO: [IART_..][epoch:  4, iter:  55,077, lr:(3.402e-06,5.113e-07,)] [eta: 5:14:47, time (data): 3.707 (0.191)] l_pix: 1.0218e-02 
2025-11-25 16:02:22,658 INFO: [IART_..][epoch:  4, iter:  55,078, lr:(3.401e-06,5.112e-07,)] [eta: 5:13:55, time (data): 3.699 (0.188)] l_pix: 1.9033e-02 
2025-11-25 16:02:25,817 INFO: [IART_..][epoch:  4, iter:  55,079, lr:(3.400e-06,5.110e-07,)] [eta: 5:13:10, time (data): 3.692 (0.186)] l_pix: 1.4642e-02 
2025-11-25 16:02:28,849 INFO: [IART_..][epoch:  4, iter:  55,080, lr:(3.398e-06,5.108e-07,)] [eta: 5:12:18, time (data): 3.684 (0.184)] l_pix: 2.0915e-02 
2025-11-25 16:02:31,744 INFO: [IART_..][epoch:  4, iter:  55,081, lr:(3.397e-06,5.107e-07,)] [eta: 5:11:20, time (data): 3.674 (0.181)] l_pix: 2.6882e-02 
2025-11-25 16:02:34,867 INFO: [IART_..][epoch:  4, iter:  55,082, lr:(3.396e-06,5.105e-07,)] [eta: 5:10:36, time (data): 3.667 (0.179)] l_pix: 2.4517e-02 
2025-11-25 16:02:38,406 INFO: [IART_..][epoch:  4, iter:  55,083, lr:(3.394e-06,5.103e-07,)] [eta: 5:10:17, time (data): 3.666 (0.177)] l_pix: 1.9476e-02 
2025-11-25 16:02:41,585 INFO: [IART_..][epoch:  4, iter:  55,084, lr:(3.393e-06,5.102e-07,)] [eta: 5:09:38, time (data): 3.660 (0.175)] l_pix: 3.4162e-02 
2025-11-25 16:02:44,555 INFO: [IART_..][epoch:  4, iter:  55,085, lr:(3.392e-06,5.100e-07,)] [eta: 5:08:48, time (data): 3.652 (0.173)] l_pix: 2.3089e-02 
2025-11-25 16:02:47,637 INFO: [IART_..][epoch:  4, iter:  55,086, lr:(3.390e-06,5.098e-07,)] [eta: 5:08:06, time (data): 3.645 (0.171)] l_pix: 1.5739e-02 
2025-11-25 16:02:50,711 INFO: [IART_..][epoch:  4, iter:  55,087, lr:(3.389e-06,5.097e-07,)] [eta: 5:07:23, time (data): 3.639 (0.169)] l_pix: 3.0811e-02 
2025-11-25 16:02:53,932 INFO: [IART_..][epoch:  4, iter:  55,088, lr:(3.388e-06,5.095e-07,)] [eta: 5:06:50, time (data): 3.634 (0.167)] l_pix: 1.2862e-02 
2025-11-25 16:02:56,971 INFO: [IART_..][epoch:  4, iter:  55,089, lr:(3.386e-06,5.093e-07,)] [eta: 5:06:08, time (data): 3.627 (0.165)] l_pix: 2.3114e-02 
2025-11-25 16:02:59,951 INFO: [IART_..][epoch:  4, iter:  55,090, lr:(3.385e-06,5.092e-07,)] [eta: 5:05:23, time (data): 3.620 (0.163)] l_pix: 2.4647e-02 
2025-11-25 16:03:03,563 INFO: [IART_..][epoch:  4, iter:  55,091, lr:(3.384e-06,5.090e-07,)] [eta: 5:05:13, time (data): 3.620 (0.162)] l_pix: 2.6554e-02 
2025-11-25 16:03:06,569 INFO: [IART_..][epoch:  4, iter:  55,092, lr:(3.382e-06,5.088e-07,)] [eta: 5:04:31, time (data): 3.613 (0.160)] l_pix: 3.5416e-02 
2025-11-25 16:03:09,568 INFO: [IART_..][epoch:  4, iter:  55,093, lr:(3.381e-06,5.087e-07,)] [eta: 5:03:49, time (data): 3.607 (0.158)] l_pix: 3.1362e-02 
2025-11-25 16:03:12,570 INFO: [IART_..][epoch:  4, iter:  55,094, lr:(3.380e-06,5.085e-07,)] [eta: 5:03:09, time (data): 3.600 (0.156)] l_pix: 1.2763e-02 
2025-11-25 16:03:15,557 INFO: [IART_..][epoch:  4, iter:  55,095, lr:(3.378e-06,5.083e-07,)] [eta: 5:02:28, time (data): 3.594 (0.155)] l_pix: 2.2509e-02 
2025-11-25 16:03:18,303 INFO: [IART_..][epoch:  4, iter:  55,096, lr:(3.377e-06,5.082e-07,)] [eta: 5:01:36, time (data): 3.585 (0.153)] l_pix: 2.3196e-02 
2025-11-25 16:03:21,373 INFO: [IART_..][epoch:  4, iter:  55,097, lr:(3.376e-06,5.080e-07,)] [eta: 5:01:01, time (data): 3.580 (0.152)] l_pix: 1.0880e-02 
2025-11-25 16:03:24,485 INFO: [IART_..][epoch:  4, iter:  55,098, lr:(3.374e-06,5.078e-07,)] [eta: 5:00:29, time (data): 3.575 (0.150)] l_pix: 1.3251e-02 
2025-11-25 16:03:27,362 INFO: [IART_..][epoch:  4, iter:  55,099, lr:(3.373e-06,5.077e-07,)] [eta: 4:59:46, time (data): 3.568 (0.149)] l_pix: 1.9884e-02 
2025-11-25 16:03:30,523 INFO: [IART_..][epoch:  4, iter:  55,100, lr:(3.372e-06,5.075e-07,)] [eta: 4:59:18, time (data): 3.564 (0.147)] l_pix: 1.7220e-02 
2025-11-25 16:03:33,642 INFO: [IART_..][epoch:  4, iter:  55,101, lr:(3.370e-06,5.074e-07,)] [eta: 4:58:48, time (data): 3.559 (0.146)] l_pix: 3.3198e-02 
2025-11-25 16:03:36,935 INFO: [IART_..][epoch:  4, iter:  55,102, lr:(3.369e-06,5.072e-07,)] [eta: 4:58:27, time (data): 3.557 (0.144)] l_pix: 2.6133e-02 
2025-11-25 16:03:39,870 INFO: [IART_..][epoch:  4, iter:  55,103, lr:(3.368e-06,5.070e-07,)] [eta: 4:57:49, time (data): 3.551 (0.143)] l_pix: 1.8936e-02 
2025-11-25 16:03:42,728 INFO: [IART_..][epoch:  4, iter:  55,104, lr:(3.366e-06,5.069e-07,)] [eta: 4:57:09, time (data): 3.544 (0.142)] l_pix: 3.7762e-02 
2025-11-25 16:03:46,004 INFO: [IART_..][epoch:  4, iter:  55,105, lr:(3.365e-06,5.067e-07,)] [eta: 4:56:48, time (data): 3.541 (0.140)] l_pix: 1.8676e-02 
2025-11-25 16:03:48,941 INFO: [IART_..][epoch:  4, iter:  55,106, lr:(3.364e-06,5.065e-07,)] [eta: 4:56:12, time (data): 3.536 (0.139)] l_pix: 2.4866e-02 
2025-11-25 16:03:52,064 INFO: [IART_..][epoch:  4, iter:  55,107, lr:(3.362e-06,5.064e-07,)] [eta: 4:55:46, time (data): 3.532 (0.138)] l_pix: 1.3859e-02 
2025-11-25 16:03:55,558 INFO: [IART_..][epoch:  4, iter:  55,108, lr:(3.361e-06,5.062e-07,)] [eta: 4:55:36, time (data): 3.531 (0.136)] l_pix: 2.1564e-02 
2025-11-25 16:03:58,677 INFO: [IART_..][epoch:  4, iter:  55,109, lr:(3.360e-06,5.060e-07,)] [eta: 4:55:10, time (data): 3.528 (0.135)] l_pix: 2.3945e-02 
2025-11-25 16:04:01,779 INFO: [IART_..][epoch:  4, iter:  55,110, lr:(3.358e-06,5.059e-07,)] [eta: 4:54:43, time (data): 3.524 (0.134)] l_pix: 1.7808e-02 
2025-11-25 16:04:04,942 INFO: [IART_..][epoch:  4, iter:  55,111, lr:(3.357e-06,5.057e-07,)] [eta: 4:54:20, time (data): 3.521 (0.133)] l_pix: 2.8703e-02 
2025-11-25 16:04:07,989 INFO: [IART_..][epoch:  4, iter:  55,112, lr:(3.356e-06,5.055e-07,)] [eta: 4:53:52, time (data): 3.516 (0.132)] l_pix: 2.5862e-02 
2025-11-25 16:04:11,019 INFO: [IART_..][epoch:  4, iter:  55,113, lr:(3.354e-06,5.054e-07,)] [eta: 4:53:23, time (data): 3.512 (0.130)] l_pix: 2.0835e-02 
2025-11-25 16:04:14,185 INFO: [IART_..][epoch:  4, iter:  55,114, lr:(3.353e-06,5.052e-07,)] [eta: 4:53:01, time (data): 3.509 (0.129)] l_pix: 9.4749e-03 
2025-11-25 16:04:17,116 INFO: [IART_..][epoch:  4, iter:  55,115, lr:(3.352e-06,5.050e-07,)] [eta: 4:52:30, time (data): 3.504 (0.128)] l_pix: 3.3073e-02 
2025-11-25 16:04:20,282 INFO: [IART_..][epoch:  4, iter:  55,116, lr:(3.350e-06,5.049e-07,)] [eta: 4:52:08, time (data): 3.501 (0.127)] l_pix: 1.4173e-02 
2025-11-25 16:04:23,261 INFO: [IART_..][epoch:  4, iter:  55,117, lr:(3.349e-06,5.047e-07,)] [eta: 4:51:39, time (data): 3.497 (0.126)] l_pix: 2.3854e-02 
2025-11-25 16:04:26,514 INFO: [IART_..][epoch:  4, iter:  55,118, lr:(3.348e-06,5.045e-07,)] [eta: 4:51:22, time (data): 3.494 (0.125)] l_pix: 1.7332e-02 
2025-11-25 16:04:30,199 INFO: [IART_..][epoch:  4, iter:  55,119, lr:(3.346e-06,5.044e-07,)] [eta: 4:51:23, time (data): 3.496 (0.124)] l_pix: 1.7737e-02 
2025-11-25 16:04:33,464 INFO: [IART_..][epoch:  4, iter:  55,120, lr:(3.345e-06,5.042e-07,)] [eta: 4:51:06, time (data): 3.494 (0.123)] l_pix: 1.9405e-02 
2025-11-25 16:04:36,358 INFO: [IART_..][epoch:  4, iter:  55,121, lr:(3.344e-06,5.040e-07,)] [eta: 4:50:35, time (data): 3.489 (0.122)] l_pix: 1.2372e-02 
2025-11-25 16:04:39,566 INFO: [IART_..][epoch:  4, iter:  55,122, lr:(3.342e-06,5.039e-07,)] [eta: 4:50:17, time (data): 3.487 (0.121)] l_pix: 3.9860e-02 
2025-11-25 16:04:42,780 INFO: [IART_..][epoch:  4, iter:  55,123, lr:(3.341e-06,5.037e-07,)] [eta: 4:50:00, time (data): 3.485 (0.120)] l_pix: 2.7044e-02 
2025-11-25 16:04:46,143 INFO: [IART_..][epoch:  4, iter:  55,124, lr:(3.340e-06,5.036e-07,)] [eta: 4:49:48, time (data): 3.484 (0.119)] l_pix: 1.1856e-02 
2025-11-25 16:04:49,246 INFO: [IART_..][epoch:  4, iter:  55,125, lr:(3.338e-06,5.034e-07,)] [eta: 4:49:27, time (data): 3.481 (0.118)] l_pix: 2.4774e-02 
2025-11-25 16:04:52,617 INFO: [IART_..][epoch:  4, iter:  55,126, lr:(3.337e-06,5.032e-07,)] [eta: 4:49:16, time (data): 3.480 (0.117)] l_pix: 1.7018e-02 
2025-11-25 16:04:55,488 INFO: [IART_..][epoch:  4, iter:  55,127, lr:(3.336e-06,5.031e-07,)] [eta: 4:48:46, time (data): 3.475 (0.116)] l_pix: 2.8595e-02 
2025-11-25 16:04:58,359 INFO: [IART_..][epoch:  4, iter:  55,128, lr:(3.335e-06,5.029e-07,)] [eta: 4:48:16, time (data): 3.470 (0.115)] l_pix: 1.2373e-02 
2025-11-25 16:05:01,635 INFO: [IART_..][epoch:  4, iter:  55,129, lr:(3.333e-06,5.027e-07,)] [eta: 4:48:02, time (data): 3.469 (0.114)] l_pix: 3.4450e-02 
2025-11-25 16:05:04,657 INFO: [IART_..][epoch:  4, iter:  55,130, lr:(3.332e-06,5.026e-07,)] [eta: 4:47:39, time (data): 3.465 (0.114)] l_pix: 1.3527e-02 
2025-11-25 16:05:07,571 INFO: [IART_..][epoch:  4, iter:  55,131, lr:(3.331e-06,5.024e-07,)] [eta: 4:47:13, time (data): 3.461 (0.113)] l_pix: 1.3581e-02 
2025-11-25 16:05:10,869 INFO: [IART_..][epoch:  4, iter:  55,132, lr:(3.329e-06,5.022e-07,)] [eta: 4:47:00, time (data): 3.460 (0.112)] l_pix: 2.7067e-02 
2025-11-25 16:05:13,770 INFO: [IART_..][epoch:  4, iter:  55,133, lr:(3.328e-06,5.021e-07,)] [eta: 4:46:33, time (data): 3.456 (0.111)] l_pix: 3.3878e-02 
2025-11-25 16:05:16,727 INFO: [IART_..][epoch:  4, iter:  55,134, lr:(3.327e-06,5.019e-07,)] [eta: 4:46:09, time (data): 3.452 (0.110)] l_pix: 3.1742e-02 
2025-11-25 16:05:20,051 INFO: [IART_..][epoch:  4, iter:  55,135, lr:(3.325e-06,5.017e-07,)] [eta: 4:45:58, time (data): 3.451 (0.109)] l_pix: 3.5516e-02 
2025-11-25 16:05:23,037 INFO: [IART_..][epoch:  4, iter:  55,136, lr:(3.324e-06,5.016e-07,)] [eta: 4:45:35, time (data): 3.448 (0.109)] l_pix: 9.2075e-03 
2025-11-25 16:05:25,981 INFO: [IART_..][epoch:  4, iter:  55,137, lr:(3.323e-06,5.014e-07,)] [eta: 4:45:12, time (data): 3.444 (0.108)] l_pix: 1.2088e-02 
2025-11-25 16:05:29,349 INFO: [IART_..][epoch:  4, iter:  55,138, lr:(3.321e-06,5.013e-07,)] [eta: 4:45:03, time (data): 3.443 (0.107)] l_pix: 1.9657e-02 
2025-11-25 16:05:32,255 INFO: [IART_..][epoch:  4, iter:  55,139, lr:(3.320e-06,5.011e-07,)] [eta: 4:44:38, time (data): 3.439 (0.106)] l_pix: 2.2196e-02 
2025-11-25 16:05:35,550 INFO: [IART_..][epoch:  4, iter:  55,140, lr:(3.319e-06,5.009e-07,)] [eta: 4:44:27, time (data): 3.438 (0.106)] l_pix: 1.5549e-02 
2025-11-25 16:05:38,383 INFO: [IART_..][epoch:  4, iter:  55,141, lr:(3.317e-06,5.008e-07,)] [eta: 4:44:00, time (data): 3.434 (0.105)] l_pix: 2.4131e-02 
2025-11-25 16:05:41,850 INFO: [IART_..][epoch:  4, iter:  55,142, lr:(3.316e-06,5.006e-07,)] [eta: 4:43:55, time (data): 3.434 (0.104)] l_pix: 3.5522e-02 
2025-11-25 16:05:44,855 INFO: [IART_..][epoch:  4, iter:  55,143, lr:(3.315e-06,5.004e-07,)] [eta: 4:43:35, time (data): 3.431 (0.103)] l_pix: 3.4262e-02 
2025-11-25 16:05:47,868 INFO: [IART_..][epoch:  4, iter:  55,144, lr:(3.313e-06,5.003e-07,)] [eta: 4:43:15, time (data): 3.428 (0.103)] l_pix: 1.5941e-02 
2025-11-25 16:05:51,034 INFO: [IART_..][epoch:  4, iter:  55,145, lr:(3.312e-06,5.001e-07,)] [eta: 4:43:00, time (data): 3.427 (0.102)] l_pix: 1.4293e-02 
2025-11-25 16:05:53,959 INFO: [IART_..][epoch:  4, iter:  55,146, lr:(3.311e-06,4.999e-07,)] [eta: 4:42:38, time (data): 3.423 (0.101)] l_pix: 2.0141e-02 
2025-11-25 16:05:57,350 INFO: [IART_..][epoch:  4, iter:  55,147, lr:(3.309e-06,4.998e-07,)] [eta: 4:42:31, time (data): 3.423 (0.101)] l_pix: 9.2812e-03 
2025-11-25 16:06:00,302 INFO: [IART_..][epoch:  4, iter:  55,148, lr:(3.308e-06,4.996e-07,)] [eta: 4:42:10, time (data): 3.420 (0.100)] l_pix: 1.3114e-02 
2025-11-25 16:06:03,596 INFO: [IART_..][epoch:  4, iter:  55,149, lr:(3.307e-06,4.995e-07,)] [eta: 4:42:00, time (data): 3.419 (0.099)] l_pix: 1.4823e-02 
2025-11-25 16:06:06,585 INFO: [IART_..][epoch:  4, iter:  55,150, lr:(3.306e-06,4.993e-07,)] [eta: 4:41:40, time (data): 3.416 (0.099)] l_pix: 1.3922e-02 
2025-11-25 16:06:09,952 INFO: [IART_..][epoch:  4, iter:  55,151, lr:(3.304e-06,4.991e-07,)] [eta: 4:41:33, time (data): 3.416 (0.098)] l_pix: 3.8158e-02 
2025-11-25 16:06:12,937 INFO: [IART_..][epoch:  4, iter:  55,152, lr:(3.303e-06,4.990e-07,)] [eta: 4:41:14, time (data): 3.413 (0.097)] l_pix: 2.9275e-02 
2025-11-25 16:06:15,809 INFO: [IART_..][epoch:  4, iter:  55,153, lr:(3.302e-06,4.988e-07,)] [eta: 4:40:51, time (data): 3.409 (0.097)] l_pix: 3.6917e-02 
2025-11-25 16:06:19,037 INFO: [IART_..][epoch:  4, iter:  55,154, lr:(3.300e-06,4.986e-07,)] [eta: 4:40:40, time (data): 3.408 (0.096)] l_pix: 1.1375e-02 
2025-11-25 16:06:22,020 INFO: [IART_..][epoch:  4, iter:  55,155, lr:(3.299e-06,4.985e-07,)] [eta: 4:40:21, time (data): 3.405 (0.095)] l_pix: 2.6313e-02 
2025-11-25 16:06:25,274 INFO: [IART_..][epoch:  4, iter:  55,156, lr:(3.298e-06,4.983e-07,)] [eta: 4:40:11, time (data): 3.404 (0.095)] l_pix: 3.2105e-02 
2025-11-25 16:06:28,144 INFO: [IART_..][epoch:  4, iter:  55,157, lr:(3.296e-06,4.981e-07,)] [eta: 4:39:49, time (data): 3.401 (0.094)] l_pix: 1.3222e-02 
2025-11-25 16:06:31,017 INFO: [IART_..][epoch:  4, iter:  55,158, lr:(3.295e-06,4.980e-07,)] [eta: 4:39:27, time (data): 3.398 (0.094)] l_pix: 1.7064e-02 
2025-11-25 16:06:34,293 INFO: [IART_..][epoch:  4, iter:  55,159, lr:(3.294e-06,4.978e-07,)] [eta: 4:39:18, time (data): 3.397 (0.093)] l_pix: 2.7291e-02 
2025-11-25 16:06:37,220 INFO: [IART_..][epoch:  4, iter:  55,160, lr:(3.292e-06,4.977e-07,)] [eta: 4:38:59, time (data): 3.394 (0.093)] l_pix: 2.4662e-02 
2025-11-25 16:06:40,496 INFO: [IART_..][epoch:  4, iter:  55,161, lr:(3.291e-06,4.975e-07,)] [eta: 4:38:50, time (data): 3.393 (0.092)] l_pix: 1.4611e-02 
2025-11-25 16:06:43,549 INFO: [IART_..][epoch:  4, iter:  55,162, lr:(3.290e-06,4.973e-07,)] [eta: 4:38:34, time (data): 3.391 (0.091)] l_pix: 1.8727e-02 
2025-11-25 16:06:46,507 INFO: [IART_..][epoch:  4, iter:  55,163, lr:(3.288e-06,4.972e-07,)] [eta: 4:38:16, time (data): 3.388 (0.091)] l_pix: 1.8319e-02 
2025-11-25 16:06:49,672 INFO: [IART_..][epoch:  4, iter:  55,164, lr:(3.287e-06,4.970e-07,)] [eta: 4:38:04, time (data): 3.387 (0.090)] l_pix: 3.5979e-02 
2025-11-25 16:06:53,012 INFO: [IART_..][epoch:  4, iter:  55,165, lr:(3.286e-06,4.968e-07,)] [eta: 4:37:58, time (data): 3.387 (0.090)] l_pix: 2.4771e-02 
2025-11-25 16:06:55,928 INFO: [IART_..][epoch:  4, iter:  55,166, lr:(3.285e-06,4.967e-07,)] [eta: 4:37:39, time (data): 3.384 (0.089)] l_pix: 1.7117e-02 
2025-11-25 16:06:59,227 INFO: [IART_..][epoch:  4, iter:  55,167, lr:(3.283e-06,4.965e-07,)] [eta: 4:37:31, time (data): 3.383 (0.089)] l_pix: 3.0989e-02 
2025-11-25 16:07:02,211 INFO: [IART_..][epoch:  4, iter:  55,168, lr:(3.282e-06,4.963e-07,)] [eta: 4:37:14, time (data): 3.381 (0.088)] l_pix: 9.0177e-03 
2025-11-25 16:07:05,562 INFO: [IART_..][epoch:  4, iter:  55,169, lr:(3.281e-06,4.962e-07,)] [eta: 4:37:08, time (data): 3.381 (0.088)] l_pix: 2.5463e-02 
2025-11-25 16:07:08,383 INFO: [IART_..][epoch:  4, iter:  55,170, lr:(3.279e-06,4.960e-07,)] [eta: 4:36:47, time (data): 3.378 (0.087)] l_pix: 1.6676e-02 
2025-11-25 16:07:11,305 INFO: [IART_..][epoch:  4, iter:  55,171, lr:(3.278e-06,4.959e-07,)] [eta: 4:36:29, time (data): 3.375 (0.087)] l_pix: 1.1501e-02 
2025-11-25 16:07:14,531 INFO: [IART_..][epoch:  4, iter:  55,172, lr:(3.277e-06,4.957e-07,)] [eta: 4:36:20, time (data): 3.374 (0.086)] l_pix: 1.1336e-02 
2025-11-25 16:07:17,499 INFO: [IART_..][epoch:  4, iter:  55,173, lr:(3.275e-06,4.955e-07,)] [eta: 4:36:04, time (data): 3.372 (0.086)] l_pix: 2.0925e-02 
2025-11-25 16:07:20,388 INFO: [IART_..][epoch:  4, iter:  55,174, lr:(3.274e-06,4.954e-07,)] [eta: 4:35:45, time (data): 3.369 (0.085)] l_pix: 2.4107e-02 
2025-11-25 16:07:23,552 INFO: [IART_..][epoch:  4, iter:  55,175, lr:(3.273e-06,4.952e-07,)] [eta: 4:35:35, time (data): 3.368 (0.085)] l_pix: 9.7091e-03 
2025-11-25 16:07:26,538 INFO: [IART_..][epoch:  4, iter:  55,176, lr:(3.271e-06,4.950e-07,)] [eta: 4:35:19, time (data): 3.366 (0.084)] l_pix: 1.3827e-02 
2025-11-25 16:07:29,799 INFO: [IART_..][epoch:  4, iter:  55,177, lr:(3.270e-06,4.949e-07,)] [eta: 4:35:11, time (data): 3.365 (0.084)] l_pix: 1.6168e-02 
2025-11-25 16:07:32,726 INFO: [IART_..][epoch:  4, iter:  55,178, lr:(3.269e-06,4.947e-07,)] [eta: 4:34:54, time (data): 3.363 (0.083)] l_pix: 2.6713e-02 
2025-11-25 16:07:35,463 INFO: [IART_..][epoch:  4, iter:  55,179, lr:(3.268e-06,4.946e-07,)] [eta: 4:34:33, time (data): 3.359 (0.083)] l_pix: 2.2623e-02 
2025-11-25 16:07:38,787 INFO: [IART_..][epoch:  4, iter:  55,180, lr:(3.266e-06,4.944e-07,)] [eta: 4:34:27, time (data): 3.359 (0.082)] l_pix: 1.4346e-02 
2025-11-25 16:07:42,040 INFO: [IART_..][epoch:  4, iter:  55,181, lr:(3.265e-06,4.942e-07,)] [eta: 4:34:19, time (data): 3.358 (0.082)] l_pix: 3.7227e-02 
2025-11-25 16:07:45,017 INFO: [IART_..][epoch:  4, iter:  55,182, lr:(3.264e-06,4.941e-07,)] [eta: 4:34:04, time (data): 3.356 (0.082)] l_pix: 3.3490e-02 
2025-11-25 16:07:48,288 INFO: [IART_..][epoch:  4, iter:  55,183, lr:(3.262e-06,4.939e-07,)] [eta: 4:33:57, time (data): 3.356 (0.081)] l_pix: 3.5873e-02 
2025-11-25 16:07:51,340 INFO: [IART_..][epoch:  4, iter:  55,184, lr:(3.261e-06,4.937e-07,)] [eta: 4:33:44, time (data): 3.354 (0.081)] l_pix: 1.2572e-02 
2025-11-25 16:07:54,725 INFO: [IART_..][epoch:  4, iter:  55,185, lr:(3.260e-06,4.936e-07,)] [eta: 4:33:40, time (data): 3.354 (0.080)] l_pix: 2.2565e-02 
2025-11-25 16:07:57,671 INFO: [IART_..][epoch:  4, iter:  55,186, lr:(3.258e-06,4.934e-07,)] [eta: 4:33:25, time (data): 3.352 (0.080)] l_pix: 2.4085e-02 
2025-11-25 16:08:00,985 INFO: [IART_..][epoch:  4, iter:  55,187, lr:(3.257e-06,4.932e-07,)] [eta: 4:33:19, time (data): 3.352 (0.079)] l_pix: 2.0666e-02 
2025-11-25 16:08:03,925 INFO: [IART_..][epoch:  4, iter:  55,188, lr:(3.256e-06,4.931e-07,)] [eta: 4:33:03, time (data): 3.350 (0.079)] l_pix: 1.7607e-02 
2025-11-25 16:08:06,743 INFO: [IART_..][epoch:  4, iter:  55,189, lr:(3.254e-06,4.929e-07,)] [eta: 4:32:45, time (data): 3.347 (0.079)] l_pix: 1.5384e-02 
2025-11-25 16:08:09,944 INFO: [IART_..][epoch:  4, iter:  55,190, lr:(3.253e-06,4.928e-07,)] [eta: 4:32:37, time (data): 3.346 (0.078)] l_pix: 3.8586e-02 
2025-11-25 16:08:12,951 INFO: [IART_..][epoch:  4, iter:  55,191, lr:(3.252e-06,4.926e-07,)] [eta: 4:32:23, time (data): 3.344 (0.078)] l_pix: 9.2051e-03 
2025-11-25 16:08:15,885 INFO: [IART_..][epoch:  4, iter:  55,192, lr:(3.251e-06,4.924e-07,)] [eta: 4:32:08, time (data): 3.342 (0.077)] l_pix: 2.4931e-02 
2025-11-25 16:08:19,050 INFO: [IART_..][epoch:  4, iter:  55,193, lr:(3.249e-06,4.923e-07,)] [eta: 4:31:59, time (data): 3.341 (0.077)] l_pix: 1.2349e-02 
2025-11-25 16:08:22,072 INFO: [IART_..][epoch:  4, iter:  55,194, lr:(3.248e-06,4.921e-07,)] [eta: 4:31:47, time (data): 3.340 (0.077)] l_pix: 1.7833e-02 
2025-11-25 16:08:25,669 INFO: [IART_..][epoch:  4, iter:  55,195, lr:(3.247e-06,4.920e-07,)] [eta: 4:31:48, time (data): 3.341 (0.076)] l_pix: 3.2719e-02 
2025-11-25 16:08:29,153 INFO: [IART_..][epoch:  4, iter:  55,196, lr:(3.245e-06,4.918e-07,)] [eta: 4:31:47, time (data): 3.342 (0.076)] l_pix: 1.5390e-02 
2025-11-25 16:08:32,010 INFO: [IART_..][epoch:  4, iter:  55,197, lr:(3.244e-06,4.916e-07,)] [eta: 4:31:31, time (data): 3.339 (0.075)] l_pix: 1.8910e-02 
2025-11-25 16:08:35,381 INFO: [IART_..][epoch:  4, iter:  55,198, lr:(3.243e-06,4.915e-07,)] [eta: 4:31:27, time (data): 3.339 (0.075)] l_pix: 1.4521e-02 
2025-11-25 16:08:38,408 INFO: [IART_..][epoch:  4, iter:  55,199, lr:(3.241e-06,4.913e-07,)] [eta: 4:31:14, time (data): 3.338 (0.075)] l_pix: 2.3463e-02 
2025-11-25 16:08:41,363 INFO: [IART_..][epoch:  4, iter:  55,200, lr:(3.240e-06,4.911e-07,)] [eta: 4:31:01, time (data): 3.336 (0.074)] l_pix: 1.4155e-02 
2025-11-25 16:08:44,594 INFO: [IART_..][epoch:  4, iter:  55,201, lr:(3.239e-06,4.910e-07,)] [eta: 4:30:54, time (data): 3.335 (0.074)] l_pix: 1.3792e-02 
2025-11-25 16:08:47,617 INFO: [IART_..][epoch:  4, iter:  55,202, lr:(3.238e-06,4.908e-07,)] [eta: 4:30:42, time (data): 3.021 (0.001)] l_pix: 2.1264e-02 
2025-11-25 16:08:50,588 INFO: [IART_..][epoch:  4, iter:  55,203, lr:(3.236e-06,4.907e-07,)] [eta: 4:30:28, time (data): 2.996 (0.001)] l_pix: 3.3062e-02 
2025-11-25 16:08:53,836 INFO: [IART_..][epoch:  4, iter:  55,204, lr:(3.235e-06,4.905e-07,)] [eta: 4:30:22, time (data): 3.080 (0.001)] l_pix: 2.3628e-02 
2025-11-25 16:08:56,856 INFO: [IART_..][epoch:  4, iter:  55,205, lr:(3.234e-06,4.903e-07,)] [eta: 4:30:10, time (data): 3.064 (0.001)] l_pix: 3.2685e-02 
2025-11-25 16:09:00,248 INFO: [IART_..][epoch:  4, iter:  55,206, lr:(3.232e-06,4.902e-07,)] [eta: 4:30:07, time (data): 3.130 (0.001)] l_pix: 2.5326e-02 
2025-11-25 16:09:03,131 INFO: [IART_..][epoch:  4, iter:  55,207, lr:(3.231e-06,4.900e-07,)] [eta: 4:29:52, time (data): 3.088 (0.001)] l_pix: 2.1598e-02 
2025-11-25 16:09:06,432 INFO: [IART_..][epoch:  4, iter:  55,208, lr:(3.230e-06,4.898e-07,)] [eta: 4:29:47, time (data): 3.119 (0.001)] l_pix: 2.8143e-02 
2025-11-25 16:09:09,413 INFO: [IART_..][epoch:  4, iter:  55,209, lr:(3.228e-06,4.897e-07,)] [eta: 4:29:34, time (data): 3.102 (0.001)] l_pix: 1.8942e-02 
2025-11-25 16:09:12,184 INFO: [IART_..][epoch:  4, iter:  55,210, lr:(3.227e-06,4.895e-07,)] [eta: 4:29:17, time (data): 3.065 (0.001)] l_pix: 2.5370e-02 
2025-11-25 16:09:15,617 INFO: [IART_..][epoch:  4, iter:  55,211, lr:(3.226e-06,4.894e-07,)] [eta: 4:29:15, time (data): 3.102 (0.002)] l_pix: 2.0747e-02 
2025-11-25 16:09:18,500 INFO: [IART_..][epoch:  4, iter:  55,212, lr:(3.225e-06,4.892e-07,)] [eta: 4:29:01, time (data): 3.082 (0.002)] l_pix: 1.8336e-02 
2025-11-25 16:09:21,887 INFO: [IART_..][epoch:  4, iter:  55,213, lr:(3.223e-06,4.890e-07,)] [eta: 4:28:58, time (data): 3.107 (0.002)] l_pix: 2.6392e-02 
2025-11-25 16:09:24,857 INFO: [IART_..][epoch:  4, iter:  55,214, lr:(3.222e-06,4.889e-07,)] [eta: 4:28:45, time (data): 3.097 (0.002)] l_pix: 1.7902e-02 
2025-11-25 16:09:28,043 INFO: [IART_..][epoch:  4, iter:  55,215, lr:(3.221e-06,4.887e-07,)] [eta: 4:28:38, time (data): 3.103 (0.002)] l_pix: 2.3123e-02 
2025-11-25 16:09:31,097 INFO: [IART_..][epoch:  4, iter:  55,216, lr:(3.219e-06,4.886e-07,)] [eta: 4:28:28, time (data): 3.100 (0.002)] l_pix: 1.7335e-02 
2025-11-25 16:09:33,880 INFO: [IART_..][epoch:  4, iter:  55,217, lr:(3.218e-06,4.884e-07,)] [eta: 4:28:12, time (data): 3.080 (0.002)] l_pix: 1.3599e-02 
2025-11-25 16:09:37,111 INFO: [IART_..][epoch:  4, iter:  55,218, lr:(3.217e-06,4.882e-07,)] [eta: 4:28:05, time (data): 3.089 (0.002)] l_pix: 2.7822e-02 
2025-11-25 16:09:39,990 INFO: [IART_..][epoch:  4, iter:  55,219, lr:(3.215e-06,4.881e-07,)] [eta: 4:27:51, time (data): 3.077 (0.002)] l_pix: 2.3673e-02 
2025-11-25 16:09:43,380 INFO: [IART_..][epoch:  4, iter:  55,220, lr:(3.214e-06,4.879e-07,)] [eta: 4:27:49, time (data): 3.093 (0.002)] l_pix: 2.1311e-02 
2025-11-25 16:09:46,219 INFO: [IART_..][epoch:  4, iter:  55,221, lr:(3.213e-06,4.877e-07,)] [eta: 4:27:34, time (data): 3.081 (0.002)] l_pix: 3.8214e-02 
2025-11-25 16:09:49,534 INFO: [IART_..][epoch:  4, iter:  55,222, lr:(3.212e-06,4.876e-07,)] [eta: 4:27:30, time (data): 3.092 (0.002)] l_pix: 2.1075e-02 
2025-11-25 16:09:52,430 INFO: [IART_..][epoch:  4, iter:  55,223, lr:(3.210e-06,4.874e-07,)] [eta: 4:27:16, time (data): 3.083 (0.002)] l_pix: 1.0116e-02 
2025-11-25 16:09:55,789 INFO: [IART_..][epoch:  4, iter:  55,224, lr:(3.209e-06,4.873e-07,)] [eta: 4:27:13, time (data): 3.095 (0.002)] l_pix: 1.7453e-02 
2025-11-25 16:09:58,687 INFO: [IART_..][epoch:  4, iter:  55,225, lr:(3.208e-06,4.871e-07,)] [eta: 4:27:00, time (data): 3.087 (0.001)] l_pix: 1.6892e-02 
2025-11-25 16:10:01,577 INFO: [IART_..][epoch:  4, iter:  55,226, lr:(3.206e-06,4.869e-07,)] [eta: 4:26:47, time (data): 3.079 (0.001)] l_pix: 1.1869e-02 
2025-11-25 16:10:05,018 INFO: [IART_..][epoch:  4, iter:  55,227, lr:(3.205e-06,4.868e-07,)] [eta: 4:26:45, time (data): 3.093 (0.001)] l_pix: 2.3793e-02 
2025-11-25 16:10:07,930 INFO: [IART_..][epoch:  4, iter:  55,228, lr:(3.204e-06,4.866e-07,)] [eta: 4:26:33, time (data): 3.086 (0.002)] l_pix: 2.3158e-02 
2025-11-25 16:10:10,791 INFO: [IART_..][epoch:  4, iter:  55,229, lr:(3.202e-06,4.865e-07,)] [eta: 4:26:19, time (data): 3.078 (0.002)] l_pix: 2.4909e-02 
2025-11-25 16:10:14,260 INFO: [IART_..][epoch:  4, iter:  55,230, lr:(3.201e-06,4.863e-07,)] [eta: 4:26:18, time (data): 3.091 (0.002)] l_pix: 2.5167e-02 
2025-11-25 16:10:17,230 INFO: [IART_..][epoch:  4, iter:  55,231, lr:(3.200e-06,4.861e-07,)] [eta: 4:26:07, time (data): 3.087 (0.002)] l_pix: 1.9755e-02 
2025-11-25 16:10:20,548 INFO: [IART_..][epoch:  4, iter:  55,232, lr:(3.199e-06,4.860e-07,)] [eta: 4:26:03, time (data): 3.095 (0.002)] l_pix: 1.8632e-02 
2025-11-25 16:10:23,410 INFO: [IART_..][epoch:  4, iter:  55,233, lr:(3.197e-06,4.858e-07,)] [eta: 4:25:50, time (data): 3.088 (0.002)] l_pix: 2.0311e-02 
2025-11-25 16:10:26,626 INFO: [IART_..][epoch:  4, iter:  55,234, lr:(3.196e-06,4.856e-07,)] [eta: 4:25:44, time (data): 3.091 (0.002)] l_pix: 1.0306e-02 
2025-11-25 16:10:29,481 INFO: [IART_..][epoch:  4, iter:  55,235, lr:(3.195e-06,4.855e-07,)] [eta: 4:25:31, time (data): 3.084 (0.002)] l_pix: 3.3931e-02 
2025-11-25 16:10:32,470 INFO: [IART_..][epoch:  4, iter:  55,236, lr:(3.193e-06,4.853e-07,)] [eta: 4:25:20, time (data): 3.082 (0.002)] l_pix: 2.0904e-02 
2025-11-25 16:10:35,309 INFO: [IART_..][epoch:  4, iter:  55,237, lr:(3.192e-06,4.852e-07,)] [eta: 4:25:07, time (data): 3.075 (0.001)] l_pix: 1.6309e-02 
2025-11-25 16:10:38,713 INFO: [IART_..][epoch:  4, iter:  55,238, lr:(3.191e-06,4.850e-07,)] [eta: 4:25:05, time (data): 3.084 (0.001)] l_pix: 1.2246e-02 
2025-11-25 16:10:41,548 INFO: [IART_..][epoch:  4, iter:  55,239, lr:(3.190e-06,4.848e-07,)] [eta: 4:24:51, time (data): 3.077 (0.001)] l_pix: 1.8958e-02 
2025-11-25 16:10:44,476 INFO: [IART_..][epoch:  4, iter:  55,240, lr:(3.188e-06,4.847e-07,)] [eta: 4:24:40, time (data): 3.073 (0.001)] l_pix: 1.9368e-02 
2025-11-25 16:10:47,625 INFO: [IART_..][epoch:  4, iter:  55,241, lr:(3.187e-06,4.845e-07,)] [eta: 4:24:33, time (data): 3.075 (0.001)] l_pix: 1.8773e-02 
2025-11-25 16:10:50,381 INFO: [IART_..][epoch:  4, iter:  55,242, lr:(3.186e-06,4.844e-07,)] [eta: 4:24:18, time (data): 3.068 (0.001)] l_pix: 1.6680e-02 
2025-11-25 16:10:53,739 INFO: [IART_..][epoch:  4, iter:  55,243, lr:(3.184e-06,4.842e-07,)] [eta: 4:24:15, time (data): 3.074 (0.001)] l_pix: 1.7203e-02 
2025-11-25 16:10:56,629 INFO: [IART_..][epoch:  4, iter:  55,244, lr:(3.183e-06,4.840e-07,)] [eta: 4:24:03, time (data): 3.070 (0.001)] l_pix: 2.7882e-02 
2025-11-25 16:10:59,908 INFO: [IART_..][epoch:  4, iter:  55,245, lr:(3.182e-06,4.839e-07,)] [eta: 4:23:59, time (data): 3.075 (0.002)] l_pix: 3.3087e-02 
2025-11-25 16:11:02,843 INFO: [IART_..][epoch:  4, iter:  55,246, lr:(3.181e-06,4.837e-07,)] [eta: 4:23:48, time (data): 3.072 (0.002)] l_pix: 2.7571e-02 
2025-11-25 16:11:05,847 INFO: [IART_..][epoch:  4, iter:  55,247, lr:(3.179e-06,4.836e-07,)] [eta: 4:23:38, time (data): 3.070 (0.002)] l_pix: 2.3958e-02 
2025-11-25 16:11:09,107 INFO: [IART_..][epoch:  4, iter:  55,248, lr:(3.178e-06,4.834e-07,)] [eta: 4:23:34, time (data): 3.074 (0.002)] l_pix: 1.1603e-02 
2025-11-25 16:11:11,935 INFO: [IART_..][epoch:  4, iter:  55,249, lr:(3.177e-06,4.832e-07,)] [eta: 4:23:21, time (data): 3.069 (0.002)] l_pix: 1.3368e-02 
2025-11-25 16:11:14,784 INFO: [IART_..][epoch:  4, iter:  55,250, lr:(3.175e-06,4.831e-07,)] [eta: 4:23:09, time (data): 3.065 (0.002)] l_pix: 3.8909e-02 
2025-11-25 16:11:18,554 INFO: [IART_..][epoch:  4, iter:  55,251, lr:(3.174e-06,4.829e-07,)] [eta: 4:23:14, time (data): 3.079 (0.002)] l_pix: 1.3724e-02 
2025-11-25 16:11:21,542 INFO: [IART_..][epoch:  4, iter:  55,252, lr:(3.173e-06,4.828e-07,)] [eta: 4:23:04, time (data): 3.077 (0.002)] l_pix: 1.1547e-02 
2025-11-25 16:11:24,443 INFO: [IART_..][epoch:  4, iter:  55,253, lr:(3.172e-06,4.826e-07,)] [eta: 4:22:53, time (data): 3.074 (0.002)] l_pix: 2.1108e-02 
2025-11-25 16:11:27,844 INFO: [IART_..][epoch:  4, iter:  55,254, lr:(3.170e-06,4.824e-07,)] [eta: 4:22:51, time (data): 3.080 (0.002)] l_pix: 2.1172e-02 
2025-11-25 16:11:30,778 INFO: [IART_..][epoch:  4, iter:  55,255, lr:(3.169e-06,4.823e-07,)] [eta: 4:22:40, time (data): 3.077 (0.002)] l_pix: 3.8695e-02 
2025-11-25 16:11:34,105 INFO: [IART_..][epoch:  4, iter:  55,256, lr:(3.168e-06,4.821e-07,)] [eta: 4:22:37, time (data): 3.082 (0.002)] l_pix: 2.4654e-02 
2025-11-25 16:11:37,190 INFO: [IART_..][epoch:  4, iter:  55,257, lr:(3.166e-06,4.820e-07,)] [eta: 4:22:29, time (data): 3.082 (0.002)] l_pix: 1.3853e-02 
2025-11-25 16:11:40,185 INFO: [IART_..][epoch:  4, iter:  55,258, lr:(3.165e-06,4.818e-07,)] [eta: 4:22:20, time (data): 3.080 (0.002)] l_pix: 2.7407e-02 
2025-11-25 16:11:43,380 INFO: [IART_..][epoch:  4, iter:  55,259, lr:(3.164e-06,4.816e-07,)] [eta: 4:22:14, time (data): 3.082 (0.002)] l_pix: 3.3104e-02 
2025-11-25 16:11:46,329 INFO: [IART_..][epoch:  4, iter:  55,260, lr:(3.163e-06,4.815e-07,)] [eta: 4:22:04, time (data): 3.080 (0.002)] l_pix: 2.1443e-02 
2025-11-25 16:11:49,251 INFO: [IART_..][epoch:  4, iter:  55,261, lr:(3.161e-06,4.813e-07,)] [eta: 4:21:54, time (data): 3.077 (0.002)] l_pix: 1.3978e-02 
2025-11-25 16:11:52,612 INFO: [IART_..][epoch:  4, iter:  55,262, lr:(3.160e-06,4.812e-07,)] [eta: 4:21:51, time (data): 3.082 (0.002)] l_pix: 1.4819e-02 
2025-11-25 16:11:55,630 INFO: [IART_..][epoch:  4, iter:  55,263, lr:(3.159e-06,4.810e-07,)] [eta: 4:21:43, time (data): 3.081 (0.002)] l_pix: 2.7284e-02 
2025-11-25 16:11:58,452 INFO: [IART_..][epoch:  4, iter:  55,264, lr:(3.157e-06,4.808e-07,)] [eta: 4:21:31, time (data): 3.077 (0.002)] l_pix: 2.5989e-02 
2025-11-25 16:12:01,898 INFO: [IART_..][epoch:  4, iter:  55,265, lr:(3.156e-06,4.807e-07,)] [eta: 4:21:30, time (data): 3.083 (0.002)] l_pix: 2.8192e-02 
2025-11-25 16:12:04,983 INFO: [IART_..][epoch:  4, iter:  55,266, lr:(3.155e-06,4.805e-07,)] [eta: 4:21:22, time (data): 3.083 (0.002)] l_pix: 3.1286e-02 
2025-11-25 16:12:08,264 INFO: [IART_..][epoch:  4, iter:  55,267, lr:(3.154e-06,4.804e-07,)] [eta: 4:21:18, time (data): 3.086 (0.002)] l_pix: 1.6202e-02 
2025-11-25 16:12:11,215 INFO: [IART_..][epoch:  4, iter:  55,268, lr:(3.152e-06,4.802e-07,)] [eta: 4:21:09, time (data): 3.084 (0.002)] l_pix: 2.2501e-02 
2025-11-25 16:12:14,559 INFO: [IART_..][epoch:  4, iter:  55,269, lr:(3.151e-06,4.800e-07,)] [eta: 4:21:06, time (data): 3.087 (0.002)] l_pix: 1.8229e-02 
2025-11-25 16:12:17,976 INFO: [IART_..][epoch:  4, iter:  55,270, lr:(3.150e-06,4.799e-07,)] [eta: 4:21:04, time (data): 3.092 (0.002)] l_pix: 3.0114e-02 
2025-11-25 16:12:20,865 INFO: [IART_..][epoch:  4, iter:  55,271, lr:(3.148e-06,4.797e-07,)] [eta: 4:20:54, time (data): 3.089 (0.002)] l_pix: 7.0331e-03 
2025-11-25 16:12:24,209 INFO: [IART_..][epoch:  4, iter:  55,272, lr:(3.147e-06,4.796e-07,)] [eta: 4:20:51, time (data): 3.093 (0.002)] l_pix: 6.8871e-03 
2025-11-25 16:12:27,603 INFO: [IART_..][epoch:  4, iter:  55,273, lr:(3.146e-06,4.794e-07,)] [eta: 4:20:49, time (data): 3.097 (0.002)] l_pix: 1.1803e-02 
2025-11-25 16:12:31,031 INFO: [IART_..][epoch:  4, iter:  55,274, lr:(3.145e-06,4.792e-07,)] [eta: 4:20:48, time (data): 3.102 (0.002)] l_pix: 2.3786e-02 
2025-11-25 16:12:34,260 INFO: [IART_..][epoch:  4, iter:  55,275, lr:(3.143e-06,4.791e-07,)] [eta: 4:20:43, time (data): 3.103 (0.002)] l_pix: 2.4959e-02 
2025-11-25 16:12:37,171 INFO: [IART_..][epoch:  4, iter:  55,276, lr:(3.142e-06,4.789e-07,)] [eta: 4:20:33, time (data): 3.101 (0.002)] l_pix: 1.8398e-02 
2025-11-25 16:12:40,467 INFO: [IART_..][epoch:  4, iter:  55,277, lr:(3.141e-06,4.788e-07,)] [eta: 4:20:29, time (data): 3.103 (0.002)] l_pix: 1.6062e-02 
2025-11-25 16:12:43,907 INFO: [IART_..][epoch:  4, iter:  55,278, lr:(3.139e-06,4.786e-07,)] [eta: 4:20:28, time (data): 3.108 (0.002)] l_pix: 2.4652e-02 
2025-11-25 16:12:46,858 INFO: [IART_..][epoch:  4, iter:  55,279, lr:(3.138e-06,4.784e-07,)] [eta: 4:20:19, time (data): 3.106 (0.002)] l_pix: 3.5374e-02 
2025-11-25 16:12:50,160 INFO: [IART_..][epoch:  4, iter:  55,280, lr:(3.137e-06,4.783e-07,)] [eta: 4:20:15, time (data): 3.108 (0.002)] l_pix: 1.1451e-02 
2025-11-25 16:12:53,152 INFO: [IART_..][epoch:  4, iter:  55,281, lr:(3.136e-06,4.781e-07,)] [eta: 4:20:07, time (data): 3.107 (0.002)] l_pix: 2.0934e-02 
2025-11-25 16:12:56,000 INFO: [IART_..][epoch:  4, iter:  55,282, lr:(3.134e-06,4.780e-07,)] [eta: 4:19:56, time (data): 3.103 (0.002)] l_pix: 2.4541e-02 
2025-11-25 16:12:59,289 INFO: [IART_..][epoch:  4, iter:  55,283, lr:(3.133e-06,4.778e-07,)] [eta: 4:19:52, time (data): 3.106 (0.002)] l_pix: 2.6402e-02 
2025-11-25 16:13:02,391 INFO: [IART_..][epoch:  4, iter:  55,284, lr:(3.132e-06,4.776e-07,)] [eta: 4:19:46, time (data): 3.106 (0.002)] l_pix: 1.7570e-02 
2025-11-25 16:13:05,337 INFO: [IART_..][epoch:  4, iter:  55,285, lr:(3.130e-06,4.775e-07,)] [eta: 4:19:36, time (data): 3.104 (0.002)] l_pix: 2.3271e-02 
2025-11-25 16:13:08,780 INFO: [IART_..][epoch:  4, iter:  55,286, lr:(3.129e-06,4.773e-07,)] [eta: 4:19:35, time (data): 3.108 (0.002)] l_pix: 1.4934e-02 
2025-11-25 16:13:12,110 INFO: [IART_..][epoch:  4, iter:  55,287, lr:(3.128e-06,4.772e-07,)] [eta: 4:19:32, time (data): 3.110 (0.002)] l_pix: 2.7561e-02 
2025-11-25 16:13:15,074 INFO: [IART_..][epoch:  4, iter:  55,288, lr:(3.127e-06,4.770e-07,)] [eta: 4:19:24, time (data): 3.109 (0.002)] l_pix: 1.2398e-02 
2025-11-25 16:13:18,390 INFO: [IART_..][epoch:  4, iter:  55,289, lr:(3.125e-06,4.768e-07,)] [eta: 4:19:20, time (data): 3.111 (0.002)] l_pix: 2.4648e-02 
2025-11-25 16:13:21,346 INFO: [IART_..][epoch:  4, iter:  55,290, lr:(3.124e-06,4.767e-07,)] [eta: 4:19:12, time (data): 3.109 (0.002)] l_pix: 2.3873e-02 
2025-11-25 16:13:24,633 INFO: [IART_..][epoch:  4, iter:  55,291, lr:(3.123e-06,4.765e-07,)] [eta: 4:19:08, time (data): 3.111 (0.002)] l_pix: 9.4129e-03 
2025-11-25 16:13:27,547 INFO: [IART_..][epoch:  4, iter:  55,292, lr:(3.121e-06,4.764e-07,)] [eta: 4:18:58, time (data): 3.109 (0.002)] l_pix: 2.5017e-02 
2025-11-25 16:13:30,417 INFO: [IART_..][epoch:  4, iter:  55,293, lr:(3.120e-06,4.762e-07,)] [eta: 4:18:48, time (data): 3.106 (0.002)] l_pix: 1.5000e-02 
2025-11-25 16:13:33,640 INFO: [IART_..][epoch:  4, iter:  55,294, lr:(3.119e-06,4.760e-07,)] [eta: 4:18:44, time (data): 3.108 (0.002)] l_pix: 2.3452e-02 
2025-11-25 16:13:36,685 INFO: [IART_..][epoch:  4, iter:  55,295, lr:(3.118e-06,4.759e-07,)] [eta: 4:18:36, time (data): 3.107 (0.002)] l_pix: 1.3180e-02 
2025-11-25 16:13:40,082 INFO: [IART_..][epoch:  4, iter:  55,296, lr:(3.116e-06,4.757e-07,)] [eta: 4:18:35, time (data): 3.110 (0.002)] l_pix: 1.7075e-02 
2025-11-25 16:13:43,047 INFO: [IART_..][epoch:  4, iter:  55,297, lr:(3.115e-06,4.756e-07,)] [eta: 4:18:26, time (data): 3.109 (0.002)] l_pix: 2.6730e-02 
2025-11-25 16:13:46,011 INFO: [IART_..][epoch:  4, iter:  55,298, lr:(3.114e-06,4.754e-07,)] [eta: 4:18:18, time (data): 3.107 (0.002)] l_pix: 8.1241e-03 
2025-11-25 16:13:49,303 INFO: [IART_..][epoch:  4, iter:  55,299, lr:(3.113e-06,4.753e-07,)] [eta: 4:18:14, time (data): 3.109 (0.002)] l_pix: 3.5968e-02 
2025-11-25 16:13:52,175 INFO: [IART_..][epoch:  4, iter:  55,300, lr:(3.111e-06,4.751e-07,)] [eta: 4:18:04, time (data): 3.107 (0.002)] l_pix: 1.8084e-02 
2025-11-25 16:13:55,468 INFO: [IART_..][epoch:  4, iter:  55,301, lr:(3.110e-06,4.749e-07,)] [eta: 4:18:01, time (data): 3.108 (0.002)] l_pix: 2.4370e-02 
2025-11-25 16:13:58,394 INFO: [IART_..][epoch:  4, iter:  55,302, lr:(3.109e-06,4.748e-07,)] [eta: 4:17:52, time (data): 3.107 (0.002)] l_pix: 1.2529e-02 
2025-11-25 16:14:01,680 INFO: [IART_..][epoch:  4, iter:  55,303, lr:(3.107e-06,4.746e-07,)] [eta: 4:17:48, time (data): 3.108 (0.002)] l_pix: 2.3053e-02 
2025-11-25 16:14:04,844 INFO: [IART_..][epoch:  4, iter:  55,304, lr:(3.106e-06,4.745e-07,)] [eta: 4:17:43, time (data): 3.109 (0.002)] l_pix: 2.9284e-02 
2025-11-25 16:14:08,171 INFO: [IART_..][epoch:  4, iter:  55,305, lr:(3.105e-06,4.743e-07,)] [eta: 4:17:40, time (data): 3.111 (0.002)] l_pix: 1.3182e-02 
2025-11-25 16:14:11,105 INFO: [IART_..][epoch:  4, iter:  55,306, lr:(3.104e-06,4.741e-07,)] [eta: 4:17:32, time (data): 3.109 (0.002)] l_pix: 2.5069e-02 
2025-11-25 16:14:13,878 INFO: [IART_..][epoch:  4, iter:  55,307, lr:(3.102e-06,4.740e-07,)] [eta: 4:17:20, time (data): 3.106 (0.002)] l_pix: 3.7502e-02 
2025-11-25 16:14:16,620 INFO: [IART_..][epoch:  4, iter:  55,308, lr:(3.101e-06,4.738e-07,)] [eta: 4:17:09, time (data): 3.103 (0.002)] l_pix: 2.3813e-02 
2025-11-25 16:14:19,437 INFO: [IART_..][epoch:  4, iter:  55,309, lr:(3.100e-06,4.737e-07,)] [eta: 4:16:58, time (data): 3.100 (0.002)] l_pix: 2.0709e-02 
2025-11-25 16:14:22,254 INFO: [IART_..][epoch:  4, iter:  55,310, lr:(3.099e-06,4.735e-07,)] [eta: 4:16:48, time (data): 3.097 (0.002)] l_pix: 1.9979e-02 
2025-11-25 16:14:25,072 INFO: [IART_..][epoch:  4, iter:  55,311, lr:(3.097e-06,4.733e-07,)] [eta: 4:16:38, time (data): 3.095 (0.002)] l_pix: 1.8743e-02 
2025-11-25 16:14:27,845 INFO: [IART_..][epoch:  4, iter:  55,312, lr:(3.096e-06,4.732e-07,)] [eta: 4:16:27, time (data): 3.092 (0.002)] l_pix: 1.1046e-02 
2025-11-25 16:14:30,569 INFO: [IART_..][epoch:  4, iter:  55,313, lr:(3.095e-06,4.730e-07,)] [eta: 4:16:15, time (data): 3.089 (0.002)] l_pix: 2.1996e-02 
2025-11-25 16:14:33,338 INFO: [IART_..][epoch:  4, iter:  55,314, lr:(3.093e-06,4.729e-07,)] [eta: 4:16:04, time (data): 3.086 (0.002)] l_pix: 9.8128e-03 
2025-11-25 16:14:35,978 INFO: [IART_..][epoch:  4, iter:  55,315, lr:(3.092e-06,4.727e-07,)] [eta: 4:15:51, time (data): 3.082 (0.002)] l_pix: 7.7802e-03 
2025-11-25 16:14:38,623 INFO: [IART_..][epoch:  4, iter:  55,316, lr:(3.091e-06,4.726e-07,)] [eta: 4:15:39, time (data): 3.078 (0.002)] l_pix: 3.3590e-02 
2025-11-25 16:14:41,296 INFO: [IART_..][epoch:  4, iter:  55,317, lr:(3.090e-06,4.724e-07,)] [eta: 4:15:27, time (data): 3.075 (0.002)] l_pix: 1.4926e-02 
2025-11-25 16:14:44,102 INFO: [IART_..][epoch:  4, iter:  55,318, lr:(3.088e-06,4.722e-07,)] [eta: 4:15:16, time (data): 3.072 (0.002)] l_pix: 8.4450e-03 
2025-11-25 16:14:46,795 INFO: [IART_..][epoch:  4, iter:  55,319, lr:(3.087e-06,4.721e-07,)] [eta: 4:15:05, time (data): 3.069 (0.002)] l_pix: 1.6294e-02 
2025-11-25 16:14:49,590 INFO: [IART_..][epoch:  4, iter:  55,320, lr:(3.086e-06,4.719e-07,)] [eta: 4:14:55, time (data): 3.067 (0.002)] l_pix: 1.5995e-02 
2025-11-25 16:14:52,230 INFO: [IART_..][epoch:  4, iter:  55,321, lr:(3.085e-06,4.718e-07,)] [eta: 4:14:42, time (data): 3.063 (0.002)] l_pix: 3.1845e-02 
2025-11-25 16:14:54,916 INFO: [IART_..][epoch:  4, iter:  55,322, lr:(3.083e-06,4.716e-07,)] [eta: 4:14:30, time (data): 3.060 (0.002)] l_pix: 2.5567e-02 
2025-11-25 16:14:57,553 INFO: [IART_..][epoch:  4, iter:  55,323, lr:(3.082e-06,4.714e-07,)] [eta: 4:14:18, time (data): 3.057 (0.002)] l_pix: 1.9832e-02 
2025-11-25 16:15:00,212 INFO: [IART_..][epoch:  4, iter:  55,324, lr:(3.081e-06,4.713e-07,)] [eta: 4:14:06, time (data): 3.054 (0.002)] l_pix: 2.2925e-02 
2025-11-25 16:15:02,774 INFO: [IART_..][epoch:  4, iter:  55,325, lr:(3.080e-06,4.711e-07,)] [eta: 4:13:53, time (data): 3.050 (0.002)] l_pix: 1.5494e-02 
2025-11-25 16:15:05,441 INFO: [IART_..][epoch:  4, iter:  55,326, lr:(3.078e-06,4.710e-07,)] [eta: 4:13:41, time (data): 3.046 (0.002)] l_pix: 1.3381e-02 
2025-11-25 16:15:08,059 INFO: [IART_..][epoch:  4, iter:  55,327, lr:(3.077e-06,4.708e-07,)] [eta: 4:13:29, time (data): 3.043 (0.002)] l_pix: 3.7996e-02 
2025-11-25 16:15:10,804 INFO: [IART_..][epoch:  4, iter:  55,328, lr:(3.076e-06,4.707e-07,)] [eta: 4:13:18, time (data): 3.041 (0.002)] l_pix: 1.9175e-02 
2025-11-25 16:15:13,548 INFO: [IART_..][epoch:  4, iter:  55,329, lr:(3.074e-06,4.705e-07,)] [eta: 4:13:08, time (data): 3.038 (0.002)] l_pix: 2.0874e-02 
2025-11-25 16:15:16,246 INFO: [IART_..][epoch:  4, iter:  55,330, lr:(3.073e-06,4.703e-07,)] [eta: 4:12:57, time (data): 3.036 (0.002)] l_pix: 2.2155e-02 
2025-11-25 16:15:18,909 INFO: [IART_..][epoch:  4, iter:  55,331, lr:(3.072e-06,4.702e-07,)] [eta: 4:12:45, time (data): 3.033 (0.002)] l_pix: 1.1414e-02 
2025-11-25 16:15:21,540 INFO: [IART_..][epoch:  4, iter:  55,332, lr:(3.071e-06,4.700e-07,)] [eta: 4:12:33, time (data): 3.030 (0.002)] l_pix: 1.6088e-02 
2025-11-25 16:15:24,284 INFO: [IART_..][epoch:  4, iter:  55,333, lr:(3.069e-06,4.699e-07,)] [eta: 4:12:23, time (data): 3.028 (0.002)] l_pix: 1.3759e-02 
2025-11-25 16:15:26,909 INFO: [IART_..][epoch:  4, iter:  55,334, lr:(3.068e-06,4.697e-07,)] [eta: 4:12:11, time (data): 3.025 (0.002)] l_pix: 2.8719e-02 
2025-11-25 16:15:29,651 INFO: [IART_..][epoch:  4, iter:  55,335, lr:(3.067e-06,4.696e-07,)] [eta: 4:12:01, time (data): 3.023 (0.002)] l_pix: 1.4210e-02 
2025-11-25 16:15:32,333 INFO: [IART_..][epoch:  4, iter:  55,336, lr:(3.066e-06,4.694e-07,)] [eta: 4:11:50, time (data): 3.020 (0.002)] l_pix: 1.4235e-02 
2025-11-25 16:15:35,140 INFO: [IART_..][epoch:  4, iter:  55,337, lr:(3.064e-06,4.692e-07,)] [eta: 4:11:41, time (data): 3.018 (0.002)] l_pix: 2.9055e-02 
2025-11-25 16:15:37,808 INFO: [IART_..][epoch:  4, iter:  55,338, lr:(3.063e-06,4.691e-07,)] [eta: 4:11:30, time (data): 3.016 (0.002)] l_pix: 9.1801e-03 
2025-11-25 16:15:40,457 INFO: [IART_..][epoch:  4, iter:  55,339, lr:(3.062e-06,4.689e-07,)] [eta: 4:11:18, time (data): 3.013 (0.002)] l_pix: 1.7710e-02 
2025-11-25 16:15:43,127 INFO: [IART_..][epoch:  4, iter:  55,340, lr:(3.061e-06,4.688e-07,)] [eta: 4:11:07, time (data): 3.011 (0.002)] l_pix: 1.4324e-02 
2025-11-25 16:15:45,841 INFO: [IART_..][epoch:  4, iter:  55,341, lr:(3.059e-06,4.686e-07,)] [eta: 4:10:57, time (data): 3.009 (0.002)] l_pix: 3.7418e-02 
2025-11-25 16:15:48,538 INFO: [IART_..][epoch:  4, iter:  55,342, lr:(3.058e-06,4.685e-07,)] [eta: 4:10:47, time (data): 3.006 (0.002)] l_pix: 3.6910e-02 
2025-11-25 16:15:51,174 INFO: [IART_..][epoch:  4, iter:  55,343, lr:(3.057e-06,4.683e-07,)] [eta: 4:10:35, time (data): 3.004 (0.002)] l_pix: 2.0394e-02 
2025-11-25 16:15:53,827 INFO: [IART_..][epoch:  4, iter:  55,344, lr:(3.055e-06,4.681e-07,)] [eta: 4:10:24, time (data): 3.001 (0.002)] l_pix: 1.0738e-02 
2025-11-25 16:15:56,518 INFO: [IART_..][epoch:  4, iter:  55,345, lr:(3.054e-06,4.680e-07,)] [eta: 4:10:14, time (data): 2.999 (0.002)] l_pix: 3.4348e-02 
2025-11-25 16:15:59,077 INFO: [IART_..][epoch:  4, iter:  55,346, lr:(3.053e-06,4.678e-07,)] [eta: 4:10:02, time (data): 2.996 (0.002)] l_pix: 1.7492e-02 
2025-11-25 16:16:01,668 INFO: [IART_..][epoch:  4, iter:  55,347, lr:(3.052e-06,4.677e-07,)] [eta: 4:09:50, time (data): 2.993 (0.002)] l_pix: 1.0336e-02 
2025-11-25 16:16:04,315 INFO: [IART_..][epoch:  4, iter:  55,348, lr:(3.050e-06,4.675e-07,)] [eta: 4:09:39, time (data): 2.991 (0.002)] l_pix: 1.3167e-02 
2025-11-25 16:16:07,086 INFO: [IART_..][epoch:  4, iter:  55,349, lr:(3.049e-06,4.674e-07,)] [eta: 4:09:30, time (data): 2.989 (0.002)] l_pix: 1.9424e-02 
2025-11-25 16:16:10,209 INFO: [IART_..][epoch:  4, iter:  55,350, lr:(3.048e-06,4.672e-07,)] [eta: 4:09:25, time (data): 2.990 (0.002)] l_pix: 2.3913e-02 
2025-11-25 16:16:13,298 INFO: [IART_..][epoch:  4, iter:  55,351, lr:(3.047e-06,4.670e-07,)] [eta: 4:09:20, time (data): 2.991 (0.002)] l_pix: 2.3655e-02 
2025-11-25 16:16:16,144 INFO: [IART_..][epoch:  4, iter:  55,352, lr:(3.045e-06,4.669e-07,)] [eta: 4:09:12, time (data): 2.990 (0.002)] l_pix: 1.6467e-02 
2025-11-25 16:16:18,844 INFO: [IART_..][epoch:  4, iter:  55,353, lr:(3.044e-06,4.667e-07,)] [eta: 4:09:02, time (data): 2.988 (0.002)] l_pix: 1.5940e-02 
2025-11-25 16:16:21,621 INFO: [IART_..][epoch:  4, iter:  55,354, lr:(3.043e-06,4.666e-07,)] [eta: 4:08:53, time (data): 2.987 (0.002)] l_pix: 2.1825e-02 
2025-11-25 16:16:24,432 INFO: [IART_..][epoch:  4, iter:  55,355, lr:(3.042e-06,4.664e-07,)] [eta: 4:08:45, time (data): 2.986 (0.002)] l_pix: 2.9378e-02 
2025-11-25 16:16:27,149 INFO: [IART_..][epoch:  4, iter:  55,356, lr:(3.040e-06,4.663e-07,)] [eta: 4:08:35, time (data): 2.984 (0.002)] l_pix: 1.4921e-02 
2025-11-25 16:16:29,888 INFO: [IART_..][epoch:  4, iter:  55,357, lr:(3.039e-06,4.661e-07,)] [eta: 4:08:26, time (data): 2.982 (0.002)] l_pix: 2.2075e-02 
2025-11-25 16:16:32,567 INFO: [IART_..][epoch:  4, iter:  55,358, lr:(3.038e-06,4.659e-07,)] [eta: 4:08:16, time (data): 2.980 (0.002)] l_pix: 2.1399e-02 
2025-11-25 16:16:35,187 INFO: [IART_..][epoch:  4, iter:  55,359, lr:(3.037e-06,4.658e-07,)] [eta: 4:08:05, time (data): 2.978 (0.002)] l_pix: 2.2485e-02 
2025-11-25 16:16:37,815 INFO: [IART_..][epoch:  4, iter:  55,360, lr:(3.035e-06,4.656e-07,)] [eta: 4:07:54, time (data): 2.976 (0.002)] l_pix: 3.5128e-02 
2025-11-25 16:16:40,452 INFO: [IART_..][epoch:  4, iter:  55,361, lr:(3.034e-06,4.655e-07,)] [eta: 4:07:44, time (data): 2.974 (0.002)] l_pix: 1.8432e-02 
2025-11-25 16:16:43,118 INFO: [IART_..][epoch:  4, iter:  55,362, lr:(3.033e-06,4.653e-07,)] [eta: 4:07:34, time (data): 2.972 (0.002)] l_pix: 2.0284e-02 
2025-11-25 16:16:45,877 INFO: [IART_..][epoch:  4, iter:  55,363, lr:(3.031e-06,4.652e-07,)] [eta: 4:07:25, time (data): 2.970 (0.002)] l_pix: 2.1105e-02 
2025-11-25 16:16:48,513 INFO: [IART_..][epoch:  4, iter:  55,364, lr:(3.030e-06,4.650e-07,)] [eta: 4:07:14, time (data): 2.968 (0.002)] l_pix: 3.8180e-02 
2025-11-25 16:16:51,145 INFO: [IART_..][epoch:  4, iter:  55,365, lr:(3.029e-06,4.648e-07,)] [eta: 4:07:04, time (data): 2.966 (0.002)] l_pix: 1.2704e-02 
2025-11-25 16:16:53,936 INFO: [IART_..][epoch:  4, iter:  55,366, lr:(3.028e-06,4.647e-07,)] [eta: 4:06:56, time (data): 2.965 (0.002)] l_pix: 2.2979e-02 
2025-11-25 16:16:56,691 INFO: [IART_..][epoch:  4, iter:  55,367, lr:(3.026e-06,4.645e-07,)] [eta: 4:06:47, time (data): 2.964 (0.002)] l_pix: 2.3253e-02 
2025-11-25 16:16:59,384 INFO: [IART_..][epoch:  4, iter:  55,368, lr:(3.025e-06,4.644e-07,)] [eta: 4:06:37, time (data): 2.962 (0.002)] l_pix: 1.5901e-02 
2025-11-25 16:17:02,115 INFO: [IART_..][epoch:  4, iter:  55,369, lr:(3.024e-06,4.642e-07,)] [eta: 4:06:28, time (data): 2.961 (0.002)] l_pix: 2.0832e-02 
2025-11-25 16:17:04,839 INFO: [IART_..][epoch:  4, iter:  55,370, lr:(3.023e-06,4.641e-07,)] [eta: 4:06:19, time (data): 2.960 (0.002)] l_pix: 2.4623e-02 
2025-11-25 16:17:07,453 INFO: [IART_..][epoch:  4, iter:  55,371, lr:(3.021e-06,4.639e-07,)] [eta: 4:06:09, time (data): 2.958 (0.002)] l_pix: 4.2869e-02 
2025-11-25 16:17:10,102 INFO: [IART_..][epoch:  4, iter:  55,372, lr:(3.020e-06,4.637e-07,)] [eta: 4:05:59, time (data): 2.956 (0.002)] l_pix: 9.4967e-03 
2025-11-25 16:17:12,773 INFO: [IART_..][epoch:  4, iter:  55,373, lr:(3.019e-06,4.636e-07,)] [eta: 4:05:49, time (data): 2.954 (0.002)] l_pix: 1.5233e-02 
2025-11-25 16:17:15,410 INFO: [IART_..][epoch:  4, iter:  55,374, lr:(3.018e-06,4.634e-07,)] [eta: 4:05:39, time (data): 2.952 (0.002)] l_pix: 1.3966e-02 
2025-11-25 16:17:18,166 INFO: [IART_..][epoch:  4, iter:  55,375, lr:(3.016e-06,4.633e-07,)] [eta: 4:05:31, time (data): 2.951 (0.002)] l_pix: 1.8286e-02 
2025-11-25 16:17:20,841 INFO: [IART_..][epoch:  4, iter:  55,376, lr:(3.015e-06,4.631e-07,)] [eta: 4:05:21, time (data): 2.950 (0.002)] l_pix: 2.0418e-02 
2025-11-25 16:17:23,514 INFO: [IART_..][epoch:  4, iter:  55,377, lr:(3.014e-06,4.630e-07,)] [eta: 4:05:12, time (data): 2.948 (0.002)] l_pix: 2.8918e-02 
2025-11-25 16:17:26,141 INFO: [IART_..][epoch:  4, iter:  55,378, lr:(3.013e-06,4.628e-07,)] [eta: 4:05:02, time (data): 2.946 (0.002)] l_pix: 1.9538e-02 
2025-11-25 16:17:28,845 INFO: [IART_..][epoch:  4, iter:  55,379, lr:(3.011e-06,4.627e-07,)] [eta: 4:04:53, time (data): 2.945 (0.002)] l_pix: 2.2975e-02 
2025-11-25 16:17:31,533 INFO: [IART_..][epoch:  4, iter:  55,380, lr:(3.010e-06,4.625e-07,)] [eta: 4:04:44, time (data): 2.943 (0.002)] l_pix: 1.1995e-02 
2025-11-25 16:17:34,293 INFO: [IART_..][epoch:  4, iter:  55,381, lr:(3.009e-06,4.623e-07,)] [eta: 4:04:36, time (data): 2.942 (0.002)] l_pix: 2.2552e-02 
2025-11-25 16:17:37,111 INFO: [IART_..][epoch:  4, iter:  55,382, lr:(3.008e-06,4.622e-07,)] [eta: 4:04:28, time (data): 2.942 (0.002)] l_pix: 2.0885e-02 
2025-11-25 16:17:39,883 INFO: [IART_..][epoch:  4, iter:  55,383, lr:(3.006e-06,4.620e-07,)] [eta: 4:04:20, time (data): 2.941 (0.002)] l_pix: 1.6037e-02 
2025-11-25 16:17:42,574 INFO: [IART_..][epoch:  4, iter:  55,384, lr:(3.005e-06,4.619e-07,)] [eta: 4:04:11, time (data): 2.939 (0.002)] l_pix: 1.6200e-02 
2025-11-25 16:17:45,219 INFO: [IART_..][epoch:  4, iter:  55,385, lr:(3.004e-06,4.617e-07,)] [eta: 4:04:01, time (data): 2.938 (0.002)] l_pix: 1.2931e-02 
2025-11-25 16:17:47,898 INFO: [IART_..][epoch:  4, iter:  55,386, lr:(3.003e-06,4.616e-07,)] [eta: 4:03:53, time (data): 2.936 (0.002)] l_pix: 1.5760e-02 
2025-11-25 16:17:50,577 INFO: [IART_..][epoch:  4, iter:  55,387, lr:(3.001e-06,4.614e-07,)] [eta: 4:03:44, time (data): 2.935 (0.002)] l_pix: 1.5452e-02 
2025-11-25 16:17:53,238 INFO: [IART_..][epoch:  4, iter:  55,388, lr:(3.000e-06,4.612e-07,)] [eta: 4:03:34, time (data): 2.933 (0.002)] l_pix: 1.7197e-02 
2025-11-25 16:17:55,947 INFO: [IART_..][epoch:  4, iter:  55,389, lr:(2.999e-06,4.611e-07,)] [eta: 4:03:26, time (data): 2.932 (0.002)] l_pix: 1.0692e-02 
2025-11-25 16:17:58,625 INFO: [IART_..][epoch:  4, iter:  55,390, lr:(2.998e-06,4.609e-07,)] [eta: 4:03:17, time (data): 2.931 (0.002)] l_pix: 1.2811e-02 
2025-11-25 16:18:01,273 INFO: [IART_..][epoch:  4, iter:  55,391, lr:(2.996e-06,4.608e-07,)] [eta: 4:03:07, time (data): 2.929 (0.002)] l_pix: 1.9310e-02 
2025-11-25 16:18:03,956 INFO: [IART_..][epoch:  4, iter:  55,392, lr:(2.995e-06,4.606e-07,)] [eta: 4:02:59, time (data): 2.928 (0.002)] l_pix: 1.3069e-02 
2025-11-25 16:18:06,679 INFO: [IART_..][epoch:  4, iter:  55,393, lr:(2.994e-06,4.605e-07,)] [eta: 4:02:50, time (data): 2.927 (0.002)] l_pix: 3.1673e-02 
2025-11-25 16:18:09,308 INFO: [IART_..][epoch:  4, iter:  55,394, lr:(2.993e-06,4.603e-07,)] [eta: 4:02:41, time (data): 2.926 (0.002)] l_pix: 1.6030e-02 
2025-11-25 16:18:12,001 INFO: [IART_..][epoch:  4, iter:  55,395, lr:(2.991e-06,4.602e-07,)] [eta: 4:02:32, time (data): 2.924 (0.002)] l_pix: 1.2814e-02 
2025-11-25 16:18:14,699 INFO: [IART_..][epoch:  4, iter:  55,396, lr:(2.990e-06,4.600e-07,)] [eta: 4:02:24, time (data): 2.923 (0.002)] l_pix: 1.4120e-02 
2025-11-25 16:18:17,333 INFO: [IART_..][epoch:  4, iter:  55,397, lr:(2.989e-06,4.598e-07,)] [eta: 4:02:15, time (data): 2.922 (0.002)] l_pix: 2.7286e-02 
2025-11-25 16:18:19,948 INFO: [IART_..][epoch:  4, iter:  55,398, lr:(2.988e-06,4.597e-07,)] [eta: 4:02:05, time (data): 2.920 (0.002)] l_pix: 1.3941e-02 
2025-11-25 16:18:22,641 INFO: [IART_..][epoch:  4, iter:  55,399, lr:(2.986e-06,4.595e-07,)] [eta: 4:01:57, time (data): 2.919 (0.002)] l_pix: 3.9565e-02 
2025-11-25 16:18:25,367 INFO: [IART_..][epoch:  4, iter:  55,400, lr:(2.985e-06,4.594e-07,)] [eta: 4:01:49, time (data): 2.918 (0.002)] l_pix: 1.8167e-02 
2025-11-25 16:18:28,169 INFO: [IART_..][epoch:  4, iter:  55,401, lr:(2.984e-06,4.592e-07,)] [eta: 4:01:41, time (data): 2.917 (0.002)] l_pix: 1.2921e-02 
2025-11-25 16:18:30,833 INFO: [IART_..][epoch:  4, iter:  55,402, lr:(2.983e-06,4.591e-07,)] [eta: 4:01:33, time (data): 2.916 (0.002)] l_pix: 3.6728e-02 
2025-11-25 16:18:33,590 INFO: [IART_..][epoch:  4, iter:  55,403, lr:(2.981e-06,4.589e-07,)] [eta: 4:01:25, time (data): 2.756 (0.000)] l_pix: 1.8508e-02 
2025-11-25 16:18:36,329 INFO: [IART_..][epoch:  4, iter:  55,404, lr:(2.980e-06,4.588e-07,)] [eta: 4:01:17, time (data): 2.748 (0.000)] l_pix: 4.3896e-02 
2025-11-25 16:18:39,054 INFO: [IART_..][epoch:  4, iter:  55,405, lr:(2.979e-06,4.586e-07,)] [eta: 4:01:09, time (data): 2.740 (0.000)] l_pix: 3.1366e-02 
2025-11-25 16:18:41,739 INFO: [IART_..][epoch:  4, iter:  55,406, lr:(2.978e-06,4.584e-07,)] [eta: 4:01:01, time (data): 2.726 (0.000)] l_pix: 2.4168e-02 
2025-11-25 16:18:44,376 INFO: [IART_..][epoch:  4, iter:  55,407, lr:(2.976e-06,4.583e-07,)] [eta: 4:00:52, time (data): 2.708 (0.000)] l_pix: 2.7105e-02 
2025-11-25 16:18:47,101 INFO: [IART_..][epoch:  4, iter:  55,408, lr:(2.975e-06,4.581e-07,)] [eta: 4:00:44, time (data): 2.711 (0.000)] l_pix: 2.3730e-02 
2025-11-25 16:18:49,779 INFO: [IART_..][epoch:  4, iter:  55,409, lr:(2.974e-06,4.580e-07,)] [eta: 4:00:36, time (data): 2.706 (0.000)] l_pix: 1.4294e-02 
2025-11-25 16:18:52,424 INFO: [IART_..][epoch:  4, iter:  55,410, lr:(2.973e-06,4.578e-07,)] [eta: 4:00:27, time (data): 2.699 (0.000)] l_pix: 1.4796e-02 
2025-11-25 16:18:55,086 INFO: [IART_..][epoch:  4, iter:  55,411, lr:(2.971e-06,4.577e-07,)] [eta: 4:00:18, time (data): 2.695 (0.000)] l_pix: 1.5909e-02 
2025-11-25 16:18:57,812 INFO: [IART_..][epoch:  4, iter:  55,412, lr:(2.970e-06,4.575e-07,)] [eta: 4:00:11, time (data): 2.698 (0.000)] l_pix: 1.8526e-02 
2025-11-25 16:19:00,523 INFO: [IART_..][epoch:  4, iter:  55,413, lr:(2.969e-06,4.574e-07,)] [eta: 4:00:03, time (data): 2.699 (0.000)] l_pix: 2.8929e-02 
2025-11-25 16:19:03,227 INFO: [IART_..][epoch:  4, iter:  55,414, lr:(2.968e-06,4.572e-07,)] [eta: 3:59:55, time (data): 2.699 (0.001)] l_pix: 2.4180e-02 
2025-11-25 16:19:05,968 INFO: [IART_..][epoch:  4, iter:  55,415, lr:(2.966e-06,4.570e-07,)] [eta: 3:59:47, time (data): 2.703 (0.001)] l_pix: 2.4449e-02 
2025-11-25 16:19:08,692 INFO: [IART_..][epoch:  4, iter:  55,416, lr:(2.965e-06,4.569e-07,)] [eta: 3:59:39, time (data): 2.704 (0.001)] l_pix: 2.9758e-02 
2025-11-25 16:19:11,371 INFO: [IART_..][epoch:  4, iter:  55,417, lr:(2.964e-06,4.567e-07,)] [eta: 3:59:31, time (data): 2.701 (0.001)] l_pix: 2.2755e-02 
2025-11-25 16:19:14,066 INFO: [IART_..][epoch:  4, iter:  55,418, lr:(2.963e-06,4.566e-07,)] [eta: 3:59:23, time (data): 2.701 (0.001)] l_pix: 3.1378e-02 
2025-11-25 16:19:16,818 INFO: [IART_..][epoch:  4, iter:  55,419, lr:(2.961e-06,4.564e-07,)] [eta: 3:59:16, time (data): 2.704 (0.001)] l_pix: 3.2802e-02 
2025-11-25 16:19:19,590 INFO: [IART_..][epoch:  4, iter:  55,420, lr:(2.960e-06,4.563e-07,)] [eta: 3:59:09, time (data): 2.708 (0.001)] l_pix: 9.4836e-03 
2025-11-25 16:19:22,265 INFO: [IART_..][epoch:  4, iter:  55,421, lr:(2.959e-06,4.561e-07,)] [eta: 3:59:01, time (data): 2.706 (0.001)] l_pix: 2.0122e-02 
2025-11-25 16:19:24,928 INFO: [IART_..][epoch:  4, iter:  55,422, lr:(2.958e-06,4.560e-07,)] [eta: 3:58:53, time (data): 2.704 (0.001)] l_pix: 2.1069e-02 
2025-11-25 16:19:27,622 INFO: [IART_..][epoch:  4, iter:  55,423, lr:(2.956e-06,4.558e-07,)] [eta: 3:58:45, time (data): 2.703 (0.001)] l_pix: 1.8357e-02 
2025-11-25 16:19:30,313 INFO: [IART_..][epoch:  4, iter:  55,424, lr:(2.955e-06,4.557e-07,)] [eta: 3:58:37, time (data): 2.703 (0.001)] l_pix: 2.1465e-02 
2025-11-25 16:19:32,962 INFO: [IART_..][epoch:  4, iter:  55,425, lr:(2.954e-06,4.555e-07,)] [eta: 3:58:29, time (data): 2.701 (0.001)] l_pix: 2.8397e-02 
2025-11-25 16:19:35,591 INFO: [IART_..][epoch:  4, iter:  55,426, lr:(2.953e-06,4.553e-07,)] [eta: 3:58:20, time (data): 2.698 (0.001)] l_pix: 2.2790e-02 
2025-11-25 16:19:38,272 INFO: [IART_..][epoch:  4, iter:  55,427, lr:(2.952e-06,4.552e-07,)] [eta: 3:58:12, time (data): 2.697 (0.001)] l_pix: 3.3625e-02 
2025-11-25 16:19:41,047 INFO: [IART_..][epoch:  4, iter:  55,428, lr:(2.950e-06,4.550e-07,)] [eta: 3:58:05, time (data): 2.700 (0.002)] l_pix: 3.2741e-02 
2025-11-25 16:19:43,677 INFO: [IART_..][epoch:  4, iter:  55,429, lr:(2.949e-06,4.549e-07,)] [eta: 3:57:57, time (data): 2.697 (0.002)] l_pix: 1.4185e-02 
2025-11-25 16:19:46,354 INFO: [IART_..][epoch:  4, iter:  55,430, lr:(2.948e-06,4.547e-07,)] [eta: 3:57:49, time (data): 2.697 (0.002)] l_pix: 2.6078e-02 
2025-11-25 16:19:49,058 INFO: [IART_..][epoch:  4, iter:  55,431, lr:(2.947e-06,4.546e-07,)] [eta: 3:57:42, time (data): 2.697 (0.002)] l_pix: 1.4879e-02 
2025-11-25 16:19:51,756 INFO: [IART_..][epoch:  4, iter:  55,432, lr:(2.945e-06,4.544e-07,)] [eta: 3:57:34, time (data): 2.697 (0.002)] l_pix: 2.2375e-02 
2025-11-25 16:19:54,528 INFO: [IART_..][epoch:  4, iter:  55,433, lr:(2.944e-06,4.543e-07,)] [eta: 3:57:27, time (data): 2.699 (0.002)] l_pix: 1.3897e-02 
2025-11-25 16:19:57,192 INFO: [IART_..][epoch:  4, iter:  55,434, lr:(2.943e-06,4.541e-07,)] [eta: 3:57:19, time (data): 2.698 (0.001)] l_pix: 2.5451e-02 
2025-11-25 16:19:59,869 INFO: [IART_..][epoch:  4, iter:  55,435, lr:(2.942e-06,4.540e-07,)] [eta: 3:57:11, time (data): 2.698 (0.001)] l_pix: 2.3271e-02 
2025-11-25 16:20:02,485 INFO: [IART_..][epoch:  4, iter:  55,436, lr:(2.940e-06,4.538e-07,)] [eta: 3:57:03, time (data): 2.695 (0.001)] l_pix: 1.7902e-02 
2025-11-25 16:20:05,271 INFO: [IART_..][epoch:  4, iter:  55,437, lr:(2.939e-06,4.536e-07,)] [eta: 3:56:57, time (data): 2.698 (0.001)] l_pix: 2.9029e-02 
2025-11-25 16:20:07,933 INFO: [IART_..][epoch:  4, iter:  55,438, lr:(2.938e-06,4.535e-07,)] [eta: 3:56:49, time (data): 2.697 (0.001)] l_pix: 1.0941e-02 
2025-11-25 16:20:10,662 INFO: [IART_..][epoch:  4, iter:  55,439, lr:(2.937e-06,4.533e-07,)] [eta: 3:56:42, time (data): 2.698 (0.002)] l_pix: 1.6744e-02 
2025-11-25 16:20:13,318 INFO: [IART_..][epoch:  4, iter:  55,440, lr:(2.935e-06,4.532e-07,)] [eta: 3:56:34, time (data): 2.697 (0.002)] l_pix: 2.6025e-02 
2025-11-25 16:20:15,962 INFO: [IART_..][epoch:  4, iter:  55,441, lr:(2.934e-06,4.530e-07,)] [eta: 3:56:26, time (data): 2.695 (0.002)] l_pix: 1.1021e-02 
2025-11-25 16:20:18,700 INFO: [IART_..][epoch:  4, iter:  55,442, lr:(2.933e-06,4.529e-07,)] [eta: 3:56:19, time (data): 2.696 (0.002)] l_pix: 2.8482e-02 
2025-11-25 16:20:21,423 INFO: [IART_..][epoch:  4, iter:  55,443, lr:(2.932e-06,4.527e-07,)] [eta: 3:56:12, time (data): 2.697 (0.002)] l_pix: 1.8254e-02 
2025-11-25 16:20:24,117 INFO: [IART_..][epoch:  4, iter:  55,444, lr:(2.930e-06,4.526e-07,)] [eta: 3:56:04, time (data): 2.697 (0.002)] l_pix: 1.0311e-02 
2025-11-25 16:20:26,778 INFO: [IART_..][epoch:  4, iter:  55,445, lr:(2.929e-06,4.524e-07,)] [eta: 3:55:57, time (data): 2.696 (0.002)] l_pix: 1.7848e-02 
2025-11-25 16:20:29,475 INFO: [IART_..][epoch:  4, iter:  55,446, lr:(2.928e-06,4.523e-07,)] [eta: 3:55:49, time (data): 2.696 (0.001)] l_pix: 3.7235e-02 
2025-11-25 16:20:32,152 INFO: [IART_..][epoch:  4, iter:  55,447, lr:(2.927e-06,4.521e-07,)] [eta: 3:55:42, time (data): 2.696 (0.001)] l_pix: 1.7167e-02 
2025-11-25 16:20:34,866 INFO: [IART_..][epoch:  4, iter:  55,448, lr:(2.926e-06,4.520e-07,)] [eta: 3:55:35, time (data): 2.696 (0.001)] l_pix: 1.5845e-02 
2025-11-25 16:20:37,564 INFO: [IART_..][epoch:  4, iter:  55,449, lr:(2.924e-06,4.518e-07,)] [eta: 3:55:28, time (data): 2.696 (0.001)] l_pix: 3.1756e-02 
2025-11-25 16:20:40,250 INFO: [IART_..][epoch:  4, iter:  55,450, lr:(2.923e-06,4.516e-07,)] [eta: 3:55:20, time (data): 2.696 (0.001)] l_pix: 2.1089e-02 
2025-11-25 16:20:42,982 INFO: [IART_..][epoch:  4, iter:  55,451, lr:(2.922e-06,4.515e-07,)] [eta: 3:55:13, time (data): 2.697 (0.001)] l_pix: 1.6595e-02 
2025-11-25 16:20:45,665 INFO: [IART_..][epoch:  4, iter:  55,452, lr:(2.921e-06,4.513e-07,)] [eta: 3:55:06, time (data): 2.696 (0.001)] l_pix: 6.7171e-03 
2025-11-25 16:20:48,332 INFO: [IART_..][epoch:  4, iter:  55,453, lr:(2.919e-06,4.512e-07,)] [eta: 3:54:59, time (data): 2.696 (0.001)] l_pix: 1.7964e-02 
2025-11-25 16:20:51,064 INFO: [IART_..][epoch:  4, iter:  55,454, lr:(2.918e-06,4.510e-07,)] [eta: 3:54:52, time (data): 2.696 (0.001)] l_pix: 2.2893e-02 
2025-11-25 16:20:53,793 INFO: [IART_..][epoch:  4, iter:  55,455, lr:(2.917e-06,4.509e-07,)] [eta: 3:54:45, time (data): 2.697 (0.002)] l_pix: 1.3536e-02 
2025-11-25 16:20:56,429 INFO: [IART_..][epoch:  4, iter:  55,456, lr:(2.916e-06,4.507e-07,)] [eta: 3:54:37, time (data): 2.696 (0.002)] l_pix: 2.4705e-02 
2025-11-25 16:20:59,146 INFO: [IART_..][epoch:  4, iter:  55,457, lr:(2.914e-06,4.506e-07,)] [eta: 3:54:30, time (data): 2.696 (0.001)] l_pix: 1.8784e-02 
2025-11-25 16:21:01,851 INFO: [IART_..][epoch:  4, iter:  55,458, lr:(2.913e-06,4.504e-07,)] [eta: 3:54:23, time (data): 2.696 (0.001)] l_pix: 2.4230e-02 
2025-11-25 16:21:04,508 INFO: [IART_..][epoch:  4, iter:  55,459, lr:(2.912e-06,4.503e-07,)] [eta: 3:54:16, time (data): 2.696 (0.001)] l_pix: 1.9113e-02 
2025-11-25 16:21:07,116 INFO: [IART_..][epoch:  4, iter:  55,460, lr:(2.911e-06,4.501e-07,)] [eta: 3:54:08, time (data): 2.694 (0.001)] l_pix: 2.9376e-02 
2025-11-25 16:21:09,755 INFO: [IART_..][epoch:  4, iter:  55,461, lr:(2.909e-06,4.500e-07,)] [eta: 3:54:01, time (data): 2.693 (0.001)] l_pix: 2.8610e-02 
2025-11-25 16:21:12,408 INFO: [IART_..][epoch:  4, iter:  55,462, lr:(2.908e-06,4.498e-07,)] [eta: 3:53:53, time (data): 2.693 (0.001)] l_pix: 1.3527e-02 
2025-11-25 16:21:15,171 INFO: [IART_..][epoch:  4, iter:  55,463, lr:(2.907e-06,4.496e-07,)] [eta: 3:53:47, time (data): 2.694 (0.001)] l_pix: 2.4632e-02 
2025-11-25 16:21:17,837 INFO: [IART_..][epoch:  4, iter:  55,464, lr:(2.906e-06,4.495e-07,)] [eta: 3:53:40, time (data): 2.693 (0.001)] l_pix: 2.9274e-02 
2025-11-25 16:21:20,570 INFO: [IART_..][epoch:  4, iter:  55,465, lr:(2.905e-06,4.493e-07,)] [eta: 3:53:33, time (data): 2.694 (0.001)] l_pix: 2.1225e-02 
2025-11-25 16:21:23,235 INFO: [IART_..][epoch:  4, iter:  55,466, lr:(2.903e-06,4.492e-07,)] [eta: 3:53:26, time (data): 2.694 (0.001)] l_pix: 2.4646e-02 
2025-11-25 16:21:25,885 INFO: [IART_..][epoch:  4, iter:  55,467, lr:(2.902e-06,4.490e-07,)] [eta: 3:53:18, time (data): 2.693 (0.001)] l_pix: 3.1961e-02 
2025-11-25 16:21:28,537 INFO: [IART_..][epoch:  4, iter:  55,468, lr:(2.901e-06,4.489e-07,)] [eta: 3:53:11, time (data): 2.692 (0.001)] l_pix: 3.0165e-02 
2025-11-25 16:21:31,346 INFO: [IART_..][epoch:  4, iter:  55,469, lr:(2.900e-06,4.487e-07,)] [eta: 3:53:05, time (data): 2.694 (0.001)] l_pix: 2.3518e-02 
2025-11-25 16:21:33,983 INFO: [IART_..][epoch:  4, iter:  55,470, lr:(2.898e-06,4.486e-07,)] [eta: 3:52:58, time (data): 2.693 (0.001)] l_pix: 1.6873e-02 
2025-11-25 16:21:36,736 INFO: [IART_..][epoch:  4, iter:  55,471, lr:(2.897e-06,4.484e-07,)] [eta: 3:52:52, time (data): 2.694 (0.001)] l_pix: 1.8593e-02 
2025-11-25 16:21:39,377 INFO: [IART_..][epoch:  4, iter:  55,472, lr:(2.896e-06,4.483e-07,)] [eta: 3:52:44, time (data): 2.693 (0.001)] l_pix: 3.9079e-02 
2025-11-25 16:21:42,029 INFO: [IART_..][epoch:  4, iter:  55,473, lr:(2.895e-06,4.481e-07,)] [eta: 3:52:37, time (data): 2.692 (0.001)] l_pix: 2.0845e-02 
2025-11-25 16:21:44,727 INFO: [IART_..][epoch:  4, iter:  55,474, lr:(2.893e-06,4.480e-07,)] [eta: 3:52:30, time (data): 2.693 (0.001)] l_pix: 1.1762e-02 
2025-11-25 16:21:47,396 INFO: [IART_..][epoch:  4, iter:  55,475, lr:(2.892e-06,4.478e-07,)] [eta: 3:52:23, time (data): 2.692 (0.001)] l_pix: 1.6815e-02 
2025-11-25 16:21:50,048 INFO: [IART_..][epoch:  4, iter:  55,476, lr:(2.891e-06,4.477e-07,)] [eta: 3:52:16, time (data): 2.692 (0.001)] l_pix: 1.1326e-02 
2025-11-25 16:21:52,745 INFO: [IART_..][epoch:  4, iter:  55,477, lr:(2.890e-06,4.475e-07,)] [eta: 3:52:09, time (data): 2.692 (0.001)] l_pix: 2.3316e-02 
2025-11-25 16:21:55,509 INFO: [IART_..][epoch:  4, iter:  55,478, lr:(2.889e-06,4.474e-07,)] [eta: 3:52:03, time (data): 2.693 (0.002)] l_pix: 3.3052e-02 
2025-11-25 16:21:58,224 INFO: [IART_..][epoch:  4, iter:  55,479, lr:(2.887e-06,4.472e-07,)] [eta: 3:51:57, time (data): 2.693 (0.002)] l_pix: 1.2865e-02 
2025-11-25 16:22:00,900 INFO: [IART_..][epoch:  4, iter:  55,480, lr:(2.886e-06,4.470e-07,)] [eta: 3:51:50, time (data): 2.693 (0.002)] l_pix: 9.9661e-03 
2025-11-25 16:22:03,564 INFO: [IART_..][epoch:  4, iter:  55,481, lr:(2.885e-06,4.469e-07,)] [eta: 3:51:43, time (data): 2.692 (0.002)] l_pix: 2.2603e-02 
2025-11-25 16:22:06,307 INFO: [IART_..][epoch:  4, iter:  55,482, lr:(2.884e-06,4.467e-07,)] [eta: 3:51:37, time (data): 2.693 (0.002)] l_pix: 1.4150e-02 
2025-11-25 16:22:09,072 INFO: [IART_..][epoch:  4, iter:  55,483, lr:(2.882e-06,4.466e-07,)] [eta: 3:51:31, time (data): 2.694 (0.002)] l_pix: 2.4981e-02 
2025-11-25 16:22:11,740 INFO: [IART_..][epoch:  4, iter:  55,484, lr:(2.881e-06,4.464e-07,)] [eta: 3:51:24, time (data): 2.694 (0.002)] l_pix: 2.6393e-02 
2025-11-25 16:22:14,462 INFO: [IART_..][epoch:  4, iter:  55,485, lr:(2.880e-06,4.463e-07,)] [eta: 3:51:18, time (data): 2.694 (0.002)] l_pix: 1.9104e-02 
2025-11-25 16:22:17,114 INFO: [IART_..][epoch:  4, iter:  55,486, lr:(2.879e-06,4.461e-07,)] [eta: 3:51:11, time (data): 2.693 (0.002)] l_pix: 2.9041e-02 
2025-11-25 16:22:19,768 INFO: [IART_..][epoch:  4, iter:  55,487, lr:(2.878e-06,4.460e-07,)] [eta: 3:51:04, time (data): 2.693 (0.002)] l_pix: 1.8362e-02 
2025-11-25 16:22:22,452 INFO: [IART_..][epoch:  4, iter:  55,488, lr:(2.876e-06,4.458e-07,)] [eta: 3:50:57, time (data): 2.693 (0.002)] l_pix: 2.0807e-02 
2025-11-25 16:22:25,116 INFO: [IART_..][epoch:  4, iter:  55,489, lr:(2.875e-06,4.457e-07,)] [eta: 3:50:50, time (data): 2.693 (0.002)] l_pix: 2.3771e-02 
2025-11-25 16:22:27,835 INFO: [IART_..][epoch:  4, iter:  55,490, lr:(2.874e-06,4.455e-07,)] [eta: 3:50:44, time (data): 2.693 (0.002)] l_pix: 1.9323e-02 
2025-11-25 16:22:30,514 INFO: [IART_..][epoch:  4, iter:  55,491, lr:(2.873e-06,4.454e-07,)] [eta: 3:50:37, time (data): 2.693 (0.002)] l_pix: 1.2732e-02 
2025-11-25 16:22:33,285 INFO: [IART_..][epoch:  4, iter:  55,492, lr:(2.871e-06,4.452e-07,)] [eta: 3:50:31, time (data): 2.694 (0.002)] l_pix: 1.4438e-02 
2025-11-25 16:22:35,947 INFO: [IART_..][epoch:  4, iter:  55,493, lr:(2.870e-06,4.451e-07,)] [eta: 3:50:25, time (data): 2.693 (0.002)] l_pix: 2.3527e-02 
2025-11-25 16:22:38,611 INFO: [IART_..][epoch:  4, iter:  55,494, lr:(2.869e-06,4.449e-07,)] [eta: 3:50:18, time (data): 2.693 (0.002)] l_pix: 2.0257e-02 
2025-11-25 16:22:41,301 INFO: [IART_..][epoch:  4, iter:  55,495, lr:(2.868e-06,4.448e-07,)] [eta: 3:50:11, time (data): 2.693 (0.001)] l_pix: 2.9762e-02 
2025-11-25 16:22:44,091 INFO: [IART_..][epoch:  4, iter:  55,496, lr:(2.867e-06,4.446e-07,)] [eta: 3:50:06, time (data): 2.694 (0.001)] l_pix: 4.2813e-02 
2025-11-25 16:22:46,784 INFO: [IART_..][epoch:  4, iter:  55,497, lr:(2.865e-06,4.445e-07,)] [eta: 3:49:59, time (data): 2.694 (0.001)] l_pix: 2.2576e-02 
2025-11-25 16:22:49,519 INFO: [IART_..][epoch:  4, iter:  55,498, lr:(2.864e-06,4.443e-07,)] [eta: 3:49:53, time (data): 2.694 (0.001)] l_pix: 2.0504e-02 
2025-11-25 16:22:52,142 INFO: [IART_..][epoch:  4, iter:  55,499, lr:(2.863e-06,4.441e-07,)] [eta: 3:49:46, time (data): 2.694 (0.001)] l_pix: 1.7358e-02 
2025-11-25 16:22:54,775 INFO: [IART_..][epoch:  4, iter:  55,500, lr:(2.862e-06,4.440e-07,)] [eta: 3:49:39, time (data): 2.693 (0.001)] l_pix: 2.0219e-02 
2025-11-25 16:22:57,453 INFO: [IART_..][epoch:  4, iter:  55,501, lr:(2.860e-06,4.438e-07,)] [eta: 3:49:33, time (data): 2.693 (0.001)] l_pix: 1.9952e-02 
2025-11-25 16:23:00,198 INFO: [IART_..][epoch:  4, iter:  55,502, lr:(2.859e-06,4.437e-07,)] [eta: 3:49:27, time (data): 2.693 (0.001)] l_pix: 2.2569e-02 
2025-11-25 16:23:02,861 INFO: [IART_..][epoch:  4, iter:  55,503, lr:(2.858e-06,4.435e-07,)] [eta: 3:49:20, time (data): 2.693 (0.001)] l_pix: 1.8852e-02 
2025-11-25 16:23:05,502 INFO: [IART_..][epoch:  4, iter:  55,504, lr:(2.857e-06,4.434e-07,)] [eta: 3:49:13, time (data): 2.692 (0.001)] l_pix: 2.2708e-02 
2025-11-25 16:23:08,241 INFO: [IART_..][epoch:  4, iter:  55,505, lr:(2.856e-06,4.432e-07,)] [eta: 3:49:08, time (data): 2.693 (0.001)] l_pix: 2.9314e-02 
2025-11-25 16:23:10,913 INFO: [IART_..][epoch:  4, iter:  55,506, lr:(2.854e-06,4.431e-07,)] [eta: 3:49:01, time (data): 2.693 (0.001)] l_pix: 2.3086e-02 
2025-11-25 16:23:13,584 INFO: [IART_..][epoch:  4, iter:  55,507, lr:(2.853e-06,4.429e-07,)] [eta: 3:48:55, time (data): 2.693 (0.001)] l_pix: 3.6404e-02 
2025-11-25 16:23:16,317 INFO: [IART_..][epoch:  4, iter:  55,508, lr:(2.852e-06,4.428e-07,)] [eta: 3:48:49, time (data): 2.693 (0.001)] l_pix: 2.3548e-02 
2025-11-25 16:23:18,891 INFO: [IART_..][epoch:  4, iter:  55,509, lr:(2.851e-06,4.426e-07,)] [eta: 3:48:41, time (data): 2.692 (0.001)] l_pix: 9.3955e-03 
2025-11-25 16:23:21,481 INFO: [IART_..][epoch:  4, iter:  55,510, lr:(2.849e-06,4.425e-07,)] [eta: 3:48:34, time (data): 2.691 (0.001)] l_pix: 3.1024e-02 
2025-11-25 16:23:24,099 INFO: [IART_..][epoch:  4, iter:  55,511, lr:(2.848e-06,4.423e-07,)] [eta: 3:48:27, time (data): 2.690 (0.001)] l_pix: 1.8527e-02 
2025-11-25 16:23:26,782 INFO: [IART_..][epoch:  4, iter:  55,512, lr:(2.847e-06,4.422e-07,)] [eta: 3:48:21, time (data): 2.690 (0.001)] l_pix: 1.2782e-02 
2025-11-25 16:23:29,435 INFO: [IART_..][epoch:  4, iter:  55,513, lr:(2.846e-06,4.420e-07,)] [eta: 3:48:14, time (data): 2.690 (0.001)] l_pix: 2.9922e-02 
2025-11-25 16:23:32,102 INFO: [IART_..][epoch:  4, iter:  55,514, lr:(2.845e-06,4.419e-07,)] [eta: 3:48:08, time (data): 2.690 (0.001)] l_pix: 7.5552e-03 
2025-11-25 16:23:34,751 INFO: [IART_..][epoch:  4, iter:  55,515, lr:(2.843e-06,4.417e-07,)] [eta: 3:48:02, time (data): 2.689 (0.001)] l_pix: 2.6977e-02 
2025-11-25 16:23:37,439 INFO: [IART_..][epoch:  4, iter:  55,516, lr:(2.842e-06,4.416e-07,)] [eta: 3:47:55, time (data): 2.689 (0.001)] l_pix: 9.8944e-03 
2025-11-25 16:23:40,139 INFO: [IART_..][epoch:  4, iter:  55,517, lr:(2.841e-06,4.414e-07,)] [eta: 3:47:49, time (data): 2.689 (0.001)] l_pix: 1.7678e-02 
2025-11-25 16:23:42,794 INFO: [IART_..][epoch:  4, iter:  55,518, lr:(2.840e-06,4.413e-07,)] [eta: 3:47:43, time (data): 2.689 (0.001)] l_pix: 1.9503e-02 
2025-11-25 16:23:45,525 INFO: [IART_..][epoch:  4, iter:  55,519, lr:(2.838e-06,4.411e-07,)] [eta: 3:47:37, time (data): 2.689 (0.001)] l_pix: 2.5822e-02 
2025-11-25 16:23:48,190 INFO: [IART_..][epoch:  4, iter:  55,520, lr:(2.837e-06,4.410e-07,)] [eta: 3:47:31, time (data): 2.689 (0.001)] l_pix: 2.9024e-02 
2025-11-25 16:23:50,855 INFO: [IART_..][epoch:  4, iter:  55,521, lr:(2.836e-06,4.408e-07,)] [eta: 3:47:24, time (data): 2.689 (0.001)] l_pix: 2.4310e-02 
2025-11-25 16:23:53,547 INFO: [IART_..][epoch:  4, iter:  55,522, lr:(2.835e-06,4.407e-07,)] [eta: 3:47:18, time (data): 2.689 (0.001)] l_pix: 2.4563e-02 
2025-11-25 16:23:56,206 INFO: [IART_..][epoch:  4, iter:  55,523, lr:(2.834e-06,4.405e-07,)] [eta: 3:47:12, time (data): 2.689 (0.001)] l_pix: 2.2715e-02 
2025-11-25 16:23:58,872 INFO: [IART_..][epoch:  4, iter:  55,524, lr:(2.832e-06,4.404e-07,)] [eta: 3:47:06, time (data): 2.689 (0.001)] l_pix: 1.4808e-02 
2025-11-25 16:24:01,587 INFO: [IART_..][epoch:  4, iter:  55,525, lr:(2.831e-06,4.402e-07,)] [eta: 3:47:00, time (data): 2.689 (0.001)] l_pix: 2.5127e-02 
2025-11-25 16:24:04,259 INFO: [IART_..][epoch:  4, iter:  55,526, lr:(2.830e-06,4.400e-07,)] [eta: 3:46:54, time (data): 2.689 (0.001)] l_pix: 2.3656e-02 
2025-11-25 16:24:06,964 INFO: [IART_..][epoch:  4, iter:  55,527, lr:(2.829e-06,4.399e-07,)] [eta: 3:46:48, time (data): 2.689 (0.001)] l_pix: 1.8180e-02 
2025-11-25 16:24:09,599 INFO: [IART_..][epoch:  4, iter:  55,528, lr:(2.828e-06,4.397e-07,)] [eta: 3:46:41, time (data): 2.688 (0.001)] l_pix: 3.0460e-02 
2025-11-25 16:24:12,310 INFO: [IART_..][epoch:  4, iter:  55,529, lr:(2.826e-06,4.396e-07,)] [eta: 3:46:35, time (data): 2.689 (0.001)] l_pix: 1.6488e-02 
2025-11-25 16:24:14,910 INFO: [IART_..][epoch:  4, iter:  55,530, lr:(2.825e-06,4.394e-07,)] [eta: 3:46:29, time (data): 2.688 (0.001)] l_pix: 1.7895e-02 
2025-11-25 16:24:17,598 INFO: [IART_..][epoch:  4, iter:  55,531, lr:(2.824e-06,4.393e-07,)] [eta: 3:46:23, time (data): 2.688 (0.001)] l_pix: 2.2341e-02 
2025-11-25 16:24:20,254 INFO: [IART_..][epoch:  4, iter:  55,532, lr:(2.823e-06,4.391e-07,)] [eta: 3:46:16, time (data): 2.688 (0.001)] l_pix: 1.5472e-02 
2025-11-25 16:24:23,021 INFO: [IART_..][epoch:  4, iter:  55,533, lr:(2.821e-06,4.390e-07,)] [eta: 3:46:11, time (data): 2.688 (0.001)] l_pix: 9.3701e-03 
2025-11-25 16:24:25,721 INFO: [IART_..][epoch:  4, iter:  55,534, lr:(2.820e-06,4.388e-07,)] [eta: 3:46:05, time (data): 2.688 (0.001)] l_pix: 7.9934e-03 
2025-11-25 16:24:28,483 INFO: [IART_..][epoch:  4, iter:  55,535, lr:(2.819e-06,4.387e-07,)] [eta: 3:46:00, time (data): 2.689 (0.001)] l_pix: 4.0209e-02 
2025-11-25 16:24:31,266 INFO: [IART_..][epoch:  4, iter:  55,536, lr:(2.818e-06,4.385e-07,)] [eta: 3:45:55, time (data): 2.690 (0.001)] l_pix: 2.8240e-02 
2025-11-25 16:24:33,945 INFO: [IART_..][epoch:  4, iter:  55,537, lr:(2.817e-06,4.384e-07,)] [eta: 3:45:49, time (data): 2.689 (0.001)] l_pix: 3.2228e-02 
2025-11-25 16:24:36,669 INFO: [IART_..][epoch:  4, iter:  55,538, lr:(2.815e-06,4.382e-07,)] [eta: 3:45:43, time (data): 2.690 (0.001)] l_pix: 2.5626e-02 
2025-11-25 16:24:39,457 INFO: [IART_..][epoch:  4, iter:  55,539, lr:(2.814e-06,4.381e-07,)] [eta: 3:45:38, time (data): 2.690 (0.001)] l_pix: 3.1566e-02 
2025-11-25 16:24:42,156 INFO: [IART_..][epoch:  4, iter:  55,540, lr:(2.813e-06,4.379e-07,)] [eta: 3:45:32, time (data): 2.690 (0.001)] l_pix: 3.2542e-02 
2025-11-25 16:24:44,825 INFO: [IART_..][epoch:  4, iter:  55,541, lr:(2.812e-06,4.378e-07,)] [eta: 3:45:26, time (data): 2.690 (0.001)] l_pix: 2.2936e-02 
2025-11-25 16:24:47,476 INFO: [IART_..][epoch:  4, iter:  55,542, lr:(2.811e-06,4.376e-07,)] [eta: 3:45:20, time (data): 2.690 (0.001)] l_pix: 1.6451e-02 
2025-11-25 16:24:50,157 INFO: [IART_..][epoch:  4, iter:  55,543, lr:(2.809e-06,4.375e-07,)] [eta: 3:45:14, time (data): 2.690 (0.001)] l_pix: 2.1438e-02 
2025-11-25 16:24:52,886 INFO: [IART_..][epoch:  4, iter:  55,544, lr:(2.808e-06,4.373e-07,)] [eta: 3:45:08, time (data): 2.690 (0.001)] l_pix: 2.7243e-02 
2025-11-25 16:24:55,554 INFO: [IART_..][epoch:  4, iter:  55,545, lr:(2.807e-06,4.372e-07,)] [eta: 3:45:02, time (data): 2.690 (0.001)] l_pix: 1.5887e-02 
2025-11-25 16:24:58,203 INFO: [IART_..][epoch:  4, iter:  55,546, lr:(2.806e-06,4.370e-07,)] [eta: 3:44:56, time (data): 2.690 (0.001)] l_pix: 2.1543e-02 
2025-11-25 16:25:00,910 INFO: [IART_..][epoch:  4, iter:  55,547, lr:(2.805e-06,4.369e-07,)] [eta: 3:44:51, time (data): 2.690 (0.001)] l_pix: 2.5840e-02 
2025-11-25 16:25:03,589 INFO: [IART_..][epoch:  4, iter:  55,548, lr:(2.803e-06,4.367e-07,)] [eta: 3:44:45, time (data): 2.690 (0.001)] l_pix: 2.4899e-02 
2025-11-25 16:25:06,290 INFO: [IART_..][epoch:  4, iter:  55,549, lr:(2.802e-06,4.366e-07,)] [eta: 3:44:39, time (data): 2.690 (0.001)] l_pix: 2.2939e-02 
2025-11-25 16:25:09,036 INFO: [IART_..][epoch:  4, iter:  55,550, lr:(2.801e-06,4.364e-07,)] [eta: 3:44:34, time (data): 2.690 (0.001)] l_pix: 1.6152e-02 
2025-11-25 16:25:11,754 INFO: [IART_..][epoch:  4, iter:  55,551, lr:(2.800e-06,4.363e-07,)] [eta: 3:44:28, time (data): 2.690 (0.001)] l_pix: 1.5038e-02 
2025-11-25 16:25:14,381 INFO: [IART_..][epoch:  4, iter:  55,552, lr:(2.798e-06,4.361e-07,)] [eta: 3:44:22, time (data): 2.690 (0.001)] l_pix: 1.7448e-02 
2025-11-25 16:25:17,041 INFO: [IART_..][epoch:  4, iter:  55,553, lr:(2.797e-06,4.360e-07,)] [eta: 3:44:16, time (data): 2.690 (0.001)] l_pix: 3.3093e-02 
2025-11-25 16:25:19,714 INFO: [IART_..][epoch:  4, iter:  55,554, lr:(2.796e-06,4.358e-07,)] [eta: 3:44:10, time (data): 2.690 (0.001)] l_pix: 2.3108e-02 
2025-11-25 16:25:22,486 INFO: [IART_..][epoch:  4, iter:  55,555, lr:(2.795e-06,4.357e-07,)] [eta: 3:44:05, time (data): 2.690 (0.001)] l_pix: 2.4463e-02 
2025-11-25 16:25:25,132 INFO: [IART_..][epoch:  4, iter:  55,556, lr:(2.794e-06,4.355e-07,)] [eta: 3:43:59, time (data): 2.690 (0.001)] l_pix: 3.6873e-02 
2025-11-25 16:25:27,839 INFO: [IART_..][epoch:  4, iter:  55,557, lr:(2.792e-06,4.354e-07,)] [eta: 3:43:53, time (data): 2.690 (0.001)] l_pix: 1.8541e-02 
2025-11-25 16:25:30,629 INFO: [IART_..][epoch:  4, iter:  55,558, lr:(2.791e-06,4.352e-07,)] [eta: 3:43:49, time (data): 2.691 (0.001)] l_pix: 1.4063e-02 
2025-11-25 16:25:33,421 INFO: [IART_..][epoch:  4, iter:  55,559, lr:(2.790e-06,4.351e-07,)] [eta: 3:43:44, time (data): 2.691 (0.001)] l_pix: 1.8148e-02 
2025-11-25 16:25:36,130 INFO: [IART_..][epoch:  4, iter:  55,560, lr:(2.789e-06,4.349e-07,)] [eta: 3:43:38, time (data): 2.691 (0.001)] l_pix: 1.8832e-02 
2025-11-25 16:25:38,823 INFO: [IART_..][epoch:  4, iter:  55,561, lr:(2.788e-06,4.348e-07,)] [eta: 3:43:33, time (data): 2.691 (0.001)] l_pix: 3.3007e-02 
2025-11-25 16:25:41,620 INFO: [IART_..][epoch:  4, iter:  55,562, lr:(2.786e-06,4.346e-07,)] [eta: 3:43:28, time (data): 2.692 (0.001)] l_pix: 2.1734e-02 
2025-11-25 16:25:44,242 INFO: [IART_..][epoch:  4, iter:  55,563, lr:(2.785e-06,4.345e-07,)] [eta: 3:43:22, time (data): 2.692 (0.001)] l_pix: 2.4929e-02 
2025-11-25 16:25:46,993 INFO: [IART_..][epoch:  4, iter:  55,564, lr:(2.784e-06,4.343e-07,)] [eta: 3:43:16, time (data): 2.692 (0.001)] l_pix: 2.7629e-02 
2025-11-25 16:25:49,694 INFO: [IART_..][epoch:  4, iter:  55,565, lr:(2.783e-06,4.342e-07,)] [eta: 3:43:11, time (data): 2.692 (0.001)] l_pix: 2.4649e-02 
2025-11-25 16:25:52,341 INFO: [IART_..][epoch:  4, iter:  55,566, lr:(2.782e-06,4.340e-07,)] [eta: 3:43:05, time (data): 2.692 (0.001)] l_pix: 2.7261e-02 
2025-11-25 16:25:55,120 INFO: [IART_..][epoch:  4, iter:  55,567, lr:(2.780e-06,4.339e-07,)] [eta: 3:43:00, time (data): 2.692 (0.001)] l_pix: 1.8592e-02 
2025-11-25 16:25:57,761 INFO: [IART_..][epoch:  4, iter:  55,568, lr:(2.779e-06,4.337e-07,)] [eta: 3:42:54, time (data): 2.692 (0.001)] l_pix: 1.2670e-02 
2025-11-25 16:26:00,389 INFO: [IART_..][epoch:  4, iter:  55,569, lr:(2.778e-06,4.336e-07,)] [eta: 3:42:48, time (data): 2.692 (0.001)] l_pix: 2.6044e-02 
2025-11-25 16:26:03,127 INFO: [IART_..][epoch:  4, iter:  55,570, lr:(2.777e-06,4.334e-07,)] [eta: 3:42:43, time (data): 2.692 (0.001)] l_pix: 8.6410e-03 
2025-11-25 16:26:05,804 INFO: [IART_..][epoch:  4, iter:  55,571, lr:(2.776e-06,4.333e-07,)] [eta: 3:42:37, time (data): 2.692 (0.001)] l_pix: 1.2196e-02 
2025-11-25 16:26:08,566 INFO: [IART_..][epoch:  4, iter:  55,572, lr:(2.774e-06,4.331e-07,)] [eta: 3:42:32, time (data): 2.692 (0.001)] l_pix: 2.6165e-02 
2025-11-25 16:26:11,243 INFO: [IART_..][epoch:  4, iter:  55,573, lr:(2.773e-06,4.330e-07,)] [eta: 3:42:27, time (data): 2.692 (0.001)] l_pix: 1.9933e-02 
2025-11-25 16:26:13,864 INFO: [IART_..][epoch:  4, iter:  55,574, lr:(2.772e-06,4.328e-07,)] [eta: 3:42:21, time (data): 2.692 (0.001)] l_pix: 1.1662e-02 
2025-11-25 16:26:16,556 INFO: [IART_..][epoch:  4, iter:  55,575, lr:(2.771e-06,4.327e-07,)] [eta: 3:42:15, time (data): 2.692 (0.001)] l_pix: 1.6484e-02 
2025-11-25 16:26:19,212 INFO: [IART_..][epoch:  4, iter:  55,576, lr:(2.770e-06,4.325e-07,)] [eta: 3:42:09, time (data): 2.691 (0.001)] l_pix: 3.1397e-02 
2025-11-25 16:26:21,841 INFO: [IART_..][epoch:  4, iter:  55,577, lr:(2.768e-06,4.324e-07,)] [eta: 3:42:03, time (data): 2.691 (0.001)] l_pix: 3.3034e-02 
2025-11-25 16:26:24,516 INFO: [IART_..][epoch:  4, iter:  55,578, lr:(2.767e-06,4.322e-07,)] [eta: 3:41:58, time (data): 2.691 (0.001)] l_pix: 1.9486e-02 
2025-11-25 16:26:27,154 INFO: [IART_..][epoch:  4, iter:  55,579, lr:(2.766e-06,4.321e-07,)] [eta: 3:41:52, time (data): 2.691 (0.001)] l_pix: 1.5770e-02 
2025-11-25 16:26:29,864 INFO: [IART_..][epoch:  4, iter:  55,580, lr:(2.765e-06,4.319e-07,)] [eta: 3:41:47, time (data): 2.691 (0.001)] l_pix: 3.9087e-02 
2025-11-25 16:26:32,573 INFO: [IART_..][epoch:  4, iter:  55,581, lr:(2.764e-06,4.318e-07,)] [eta: 3:41:41, time (data): 2.691 (0.001)] l_pix: 1.6957e-02 
2025-11-25 16:26:35,310 INFO: [IART_..][epoch:  4, iter:  55,582, lr:(2.762e-06,4.316e-07,)] [eta: 3:41:36, time (data): 2.691 (0.001)] l_pix: 2.5016e-02 
2025-11-25 16:26:37,996 INFO: [IART_..][epoch:  4, iter:  55,583, lr:(2.761e-06,4.315e-07,)] [eta: 3:41:31, time (data): 2.691 (0.001)] l_pix: 2.9851e-02 
2025-11-25 16:26:40,879 INFO: [IART_..][epoch:  4, iter:  55,584, lr:(2.760e-06,4.313e-07,)] [eta: 3:41:27, time (data): 2.692 (0.001)] l_pix: 1.4978e-02 
2025-11-25 16:26:43,717 INFO: [IART_..][epoch:  4, iter:  55,585, lr:(2.759e-06,4.312e-07,)] [eta: 3:41:22, time (data): 2.693 (0.001)] l_pix: 2.1749e-02 
2025-11-25 16:26:46,393 INFO: [IART_..][epoch:  4, iter:  55,586, lr:(2.758e-06,4.310e-07,)] [eta: 3:41:17, time (data): 2.693 (0.001)] l_pix: 1.7444e-02 
2025-11-25 16:26:49,158 INFO: [IART_..][epoch:  4, iter:  55,587, lr:(2.756e-06,4.309e-07,)] [eta: 3:41:12, time (data): 2.693 (0.001)] l_pix: 2.0528e-02 
2025-11-25 16:26:51,852 INFO: [IART_..][epoch:  4, iter:  55,588, lr:(2.755e-06,4.307e-07,)] [eta: 3:41:07, time (data): 2.693 (0.001)] l_pix: 2.8498e-02 
2025-11-25 16:26:54,625 INFO: [IART_..][epoch:  4, iter:  55,589, lr:(2.754e-06,4.306e-07,)] [eta: 3:41:02, time (data): 2.694 (0.001)] l_pix: 2.4129e-02 
2025-11-25 16:26:57,359 INFO: [IART_..][epoch:  4, iter:  55,590, lr:(2.753e-06,4.304e-07,)] [eta: 3:40:57, time (data): 2.694 (0.001)] l_pix: 2.6468e-02 
2025-11-25 16:27:00,084 INFO: [IART_..][epoch:  4, iter:  55,591, lr:(2.752e-06,4.303e-07,)] [eta: 3:40:52, time (data): 2.694 (0.002)] l_pix: 2.3207e-02 
2025-11-25 16:27:02,800 INFO: [IART_..][epoch:  4, iter:  55,592, lr:(2.750e-06,4.301e-07,)] [eta: 3:40:47, time (data): 2.694 (0.002)] l_pix: 2.9375e-02 
2025-11-25 16:27:05,582 INFO: [IART_..][epoch:  4, iter:  55,593, lr:(2.749e-06,4.300e-07,)] [eta: 3:40:42, time (data): 2.695 (0.002)] l_pix: 2.4221e-02 
2025-11-25 16:27:08,324 INFO: [IART_..][epoch:  4, iter:  55,594, lr:(2.748e-06,4.298e-07,)] [eta: 3:40:37, time (data): 2.695 (0.002)] l_pix: 2.8700e-02 
2025-11-25 16:27:11,065 INFO: [IART_..][epoch:  4, iter:  55,595, lr:(2.747e-06,4.297e-07,)] [eta: 3:40:32, time (data): 2.695 (0.002)] l_pix: 2.5407e-02 
2025-11-25 16:27:13,805 INFO: [IART_..][epoch:  4, iter:  55,596, lr:(2.746e-06,4.295e-07,)] [eta: 3:40:27, time (data): 2.695 (0.002)] l_pix: 1.3820e-02 
2025-11-25 16:27:16,484 INFO: [IART_..][epoch:  4, iter:  55,597, lr:(2.744e-06,4.294e-07,)] [eta: 3:40:22, time (data): 2.695 (0.002)] l_pix: 3.6132e-02 
2025-11-25 16:27:19,240 INFO: [IART_..][epoch:  4, iter:  55,598, lr:(2.743e-06,4.292e-07,)] [eta: 3:40:17, time (data): 2.696 (0.002)] l_pix: 2.4573e-02 
2025-11-25 16:27:21,963 INFO: [IART_..][epoch:  4, iter:  55,599, lr:(2.742e-06,4.291e-07,)] [eta: 3:40:12, time (data): 2.696 (0.002)] l_pix: 2.2165e-02 
2025-11-25 16:27:24,757 INFO: [IART_..][epoch:  4, iter:  55,600, lr:(2.741e-06,4.289e-07,)] [eta: 3:40:07, time (data): 2.696 (0.002)] l_pix: 4.0379e-02 
2025-11-25 16:27:27,558 INFO: [IART_..][epoch:  4, iter:  55,601, lr:(2.740e-06,4.288e-07,)] [eta: 3:40:03, time (data): 2.697 (0.002)] l_pix: 2.0659e-02 
2025-11-25 16:27:30,300 INFO: [IART_..][epoch:  4, iter:  55,602, lr:(2.738e-06,4.286e-07,)] [eta: 3:39:58, time (data): 2.697 (0.002)] l_pix: 3.1205e-02 
2025-11-25 16:27:33,036 INFO: [IART_..][epoch:  4, iter:  55,603, lr:(2.737e-06,4.285e-07,)] [eta: 3:39:53, time (data): 2.697 (0.002)] l_pix: 1.3283e-02 
2025-11-25 16:27:35,893 INFO: [IART_..][epoch:  4, iter:  55,604, lr:(2.736e-06,4.283e-07,)] [eta: 3:39:49, time (data): 2.857 (0.016)] l_pix: 1.6918e-02 
2025-11-25 16:27:38,575 INFO: [IART_..][epoch:  4, iter:  55,605, lr:(2.735e-06,4.282e-07,)] [eta: 3:39:44, time (data): 2.770 (0.008)] l_pix: 8.5970e-03 
2025-11-25 16:27:41,159 INFO: [IART_..][epoch:  4, iter:  55,606, lr:(2.734e-06,4.281e-07,)] [eta: 3:39:38, time (data): 2.708 (0.005)] l_pix: 3.1942e-02 
2025-11-25 16:27:43,901 INFO: [IART_..][epoch:  4, iter:  55,607, lr:(2.732e-06,4.279e-07,)] [eta: 3:39:33, time (data): 2.716 (0.004)] l_pix: 1.7370e-02 
2025-11-25 16:27:46,535 INFO: [IART_..][epoch:  4, iter:  55,608, lr:(2.731e-06,4.278e-07,)] [eta: 3:39:27, time (data): 2.700 (0.003)] l_pix: 1.4043e-02 
2025-11-25 16:27:49,216 INFO: [IART_..][epoch:  4, iter:  55,609, lr:(2.730e-06,4.276e-07,)] [eta: 3:39:22, time (data): 2.697 (0.003)] l_pix: 2.9451e-02 
2025-11-25 16:27:51,906 INFO: [IART_..][epoch:  4, iter:  55,610, lr:(2.729e-06,4.275e-07,)] [eta: 3:39:17, time (data): 2.696 (0.002)] l_pix: 1.7155e-02 
2025-11-25 16:27:54,592 INFO: [IART_..][epoch:  4, iter:  55,611, lr:(2.728e-06,4.273e-07,)] [eta: 3:39:11, time (data): 2.695 (0.002)] l_pix: 2.4170e-02 
2025-11-25 16:27:57,249 INFO: [IART_..][epoch:  4, iter:  55,612, lr:(2.726e-06,4.272e-07,)] [eta: 3:39:06, time (data): 2.690 (0.004)] l_pix: 2.0254e-02 
2025-11-25 16:27:59,971 INFO: [IART_..][epoch:  4, iter:  55,613, lr:(2.725e-06,4.270e-07,)] [eta: 3:39:01, time (data): 2.693 (0.005)] l_pix: 1.0487e-02 
2025-11-25 16:28:02,651 INFO: [IART_..][epoch:  4, iter:  55,614, lr:(2.724e-06,4.269e-07,)] [eta: 3:38:56, time (data): 2.692 (0.004)] l_pix: 3.2859e-02 
2025-11-25 16:28:05,387 INFO: [IART_..][epoch:  4, iter:  55,615, lr:(2.723e-06,4.267e-07,)] [eta: 3:38:51, time (data): 2.696 (0.004)] l_pix: 1.8633e-02 
2025-11-25 16:28:08,349 INFO: [IART_..][epoch:  4, iter:  55,616, lr:(2.722e-06,4.266e-07,)] [eta: 3:38:48, time (data): 2.716 (0.004)] l_pix: 2.6987e-02 
2025-11-25 16:28:11,104 INFO: [IART_..][epoch:  4, iter:  55,617, lr:(2.721e-06,4.264e-07,)] [eta: 3:38:43, time (data): 2.719 (0.003)] l_pix: 3.0447e-02 
2025-11-25 16:28:13,814 INFO: [IART_..][epoch:  4, iter:  55,618, lr:(2.719e-06,4.263e-07,)] [eta: 3:38:38, time (data): 2.717 (0.003)] l_pix: 2.0924e-02 
2025-11-25 16:28:16,553 INFO: [IART_..][epoch:  4, iter:  55,619, lr:(2.718e-06,4.261e-07,)] [eta: 3:38:33, time (data): 2.719 (0.003)] l_pix: 3.1147e-02 
2025-11-25 16:28:19,238 INFO: [IART_..][epoch:  4, iter:  55,620, lr:(2.717e-06,4.260e-07,)] [eta: 3:38:28, time (data): 2.717 (0.004)] l_pix: 1.5520e-02 
2025-11-25 16:28:21,991 INFO: [IART_..][epoch:  4, iter:  55,621, lr:(2.716e-06,4.258e-07,)] [eta: 3:38:23, time (data): 2.719 (0.004)] l_pix: 3.1515e-02 
2025-11-25 16:28:24,715 INFO: [IART_..][epoch:  4, iter:  55,622, lr:(2.715e-06,4.257e-07,)] [eta: 3:38:18, time (data): 2.719 (0.003)] l_pix: 1.4315e-02 
2025-11-25 16:28:27,426 INFO: [IART_..][epoch:  4, iter:  55,623, lr:(2.713e-06,4.255e-07,)] [eta: 3:38:13, time (data): 2.719 (0.003)] l_pix: 1.9084e-02 
2025-11-25 16:28:30,234 INFO: [IART_..][epoch:  4, iter:  55,624, lr:(2.712e-06,4.254e-07,)] [eta: 3:38:09, time (data): 2.723 (0.003)] l_pix: 2.7710e-02 
2025-11-25 16:28:32,952 INFO: [IART_..][epoch:  4, iter:  55,625, lr:(2.711e-06,4.252e-07,)] [eta: 3:38:04, time (data): 2.723 (0.003)] l_pix: 2.1449e-02 
2025-11-25 16:28:35,643 INFO: [IART_..][epoch:  4, iter:  55,626, lr:(2.710e-06,4.251e-07,)] [eta: 3:37:59, time (data): 2.721 (0.003)] l_pix: 2.7323e-02 
2025-11-25 16:28:38,316 INFO: [IART_..][epoch:  4, iter:  55,627, lr:(2.709e-06,4.249e-07,)] [eta: 3:37:54, time (data): 2.719 (0.003)] l_pix: 1.2592e-02 
2025-11-25 16:28:41,117 INFO: [IART_..][epoch:  4, iter:  55,628, lr:(2.707e-06,4.248e-07,)] [eta: 3:37:50, time (data): 2.723 (0.003)] l_pix: 1.7823e-02 
2025-11-25 16:28:44,064 INFO: [IART_..][epoch:  4, iter:  55,629, lr:(2.706e-06,4.246e-07,)] [eta: 3:37:46, time (data): 2.731 (0.002)] l_pix: 2.1269e-02 
2025-11-25 16:28:46,897 INFO: [IART_..][epoch:  4, iter:  55,630, lr:(2.705e-06,4.245e-07,)] [eta: 3:37:42, time (data): 2.735 (0.002)] l_pix: 1.7829e-02 
2025-11-25 16:28:49,668 INFO: [IART_..][epoch:  4, iter:  55,631, lr:(2.704e-06,4.243e-07,)] [eta: 3:37:38, time (data): 2.736 (0.002)] l_pix: 2.0914e-02 
2025-11-25 16:28:52,448 INFO: [IART_..][epoch:  4, iter:  55,632, lr:(2.703e-06,4.242e-07,)] [eta: 3:37:33, time (data): 2.738 (0.003)] l_pix: 2.3009e-02 
2025-11-25 16:28:55,379 INFO: [IART_..][epoch:  4, iter:  55,633, lr:(2.701e-06,4.240e-07,)] [eta: 3:37:30, time (data): 2.744 (0.003)] l_pix: 1.9466e-02 
2025-11-25 16:28:58,131 INFO: [IART_..][epoch:  4, iter:  55,634, lr:(2.700e-06,4.239e-07,)] [eta: 3:37:25, time (data): 2.744 (0.002)] l_pix: 3.5642e-02 
2025-11-25 16:29:00,879 INFO: [IART_..][epoch:  4, iter:  55,635, lr:(2.699e-06,4.238e-07,)] [eta: 3:37:21, time (data): 2.745 (0.002)] l_pix: 2.4637e-02 
2025-11-25 16:29:03,632 INFO: [IART_..][epoch:  4, iter:  55,636, lr:(2.698e-06,4.236e-07,)] [eta: 3:37:16, time (data): 2.745 (0.002)] l_pix: 1.3988e-02 
2025-11-25 16:29:06,310 INFO: [IART_..][epoch:  4, iter:  55,637, lr:(2.697e-06,4.235e-07,)] [eta: 3:37:11, time (data): 2.743 (0.002)] l_pix: 3.3516e-02 
2025-11-25 16:29:09,044 INFO: [IART_..][epoch:  4, iter:  55,638, lr:(2.696e-06,4.233e-07,)] [eta: 3:37:06, time (data): 2.743 (0.002)] l_pix: 2.4415e-02 
2025-11-25 16:29:11,725 INFO: [IART_..][epoch:  4, iter:  55,639, lr:(2.694e-06,4.232e-07,)] [eta: 3:37:01, time (data): 2.741 (0.002)] l_pix: 2.6512e-02 
2025-11-25 16:29:14,391 INFO: [IART_..][epoch:  4, iter:  55,640, lr:(2.693e-06,4.230e-07,)] [eta: 3:36:56, time (data): 2.739 (0.002)] l_pix: 1.1271e-02 
2025-11-25 16:29:17,084 INFO: [IART_..][epoch:  4, iter:  55,641, lr:(2.692e-06,4.229e-07,)] [eta: 3:36:51, time (data): 2.738 (0.002)] l_pix: 1.2442e-02 
2025-11-25 16:29:19,675 INFO: [IART_..][epoch:  4, iter:  55,642, lr:(2.691e-06,4.227e-07,)] [eta: 3:36:45, time (data): 2.734 (0.002)] l_pix: 1.2995e-02 
2025-11-25 16:29:22,310 INFO: [IART_..][epoch:  4, iter:  55,643, lr:(2.690e-06,4.226e-07,)] [eta: 3:36:40, time (data): 2.731 (0.002)] l_pix: 2.3001e-02 
2025-11-25 16:29:24,925 INFO: [IART_..][epoch:  4, iter:  55,644, lr:(2.688e-06,4.224e-07,)] [eta: 3:36:35, time (data): 2.729 (0.002)] l_pix: 3.0457e-02 
2025-11-25 16:29:27,637 INFO: [IART_..][epoch:  4, iter:  55,645, lr:(2.687e-06,4.223e-07,)] [eta: 3:36:30, time (data): 2.728 (0.002)] l_pix: 2.0991e-02 
2025-11-25 16:29:30,349 INFO: [IART_..][epoch:  4, iter:  55,646, lr:(2.686e-06,4.221e-07,)] [eta: 3:36:25, time (data): 2.728 (0.002)] l_pix: 2.1992e-02 
2025-11-25 16:29:32,983 INFO: [IART_..][epoch:  4, iter:  55,647, lr:(2.685e-06,4.220e-07,)] [eta: 3:36:20, time (data): 2.726 (0.002)] l_pix: 1.9048e-02 
2025-11-25 16:29:35,758 INFO: [IART_..][epoch:  4, iter:  55,648, lr:(2.684e-06,4.218e-07,)] [eta: 3:36:15, time (data): 2.727 (0.002)] l_pix: 1.9831e-02 
2025-11-25 16:29:38,468 INFO: [IART_..][epoch:  4, iter:  55,649, lr:(2.683e-06,4.217e-07,)] [eta: 3:36:10, time (data): 2.726 (0.002)] l_pix: 2.0434e-02 
2025-11-25 16:29:41,086 INFO: [IART_..][epoch:  4, iter:  55,650, lr:(2.681e-06,4.215e-07,)] [eta: 3:36:05, time (data): 2.724 (0.002)] l_pix: 1.7759e-02 
2025-11-25 16:29:43,764 INFO: [IART_..][epoch:  4, iter:  55,651, lr:(2.680e-06,4.214e-07,)] [eta: 3:36:00, time (data): 2.723 (0.002)] l_pix: 2.8739e-02 
2025-11-25 16:29:46,364 INFO: [IART_..][epoch:  4, iter:  55,652, lr:(2.679e-06,4.212e-07,)] [eta: 3:35:54, time (data): 2.721 (0.002)] l_pix: 2.6756e-02 
2025-11-25 16:29:49,130 INFO: [IART_..][epoch:  4, iter:  55,653, lr:(2.678e-06,4.211e-07,)] [eta: 3:35:50, time (data): 2.722 (0.002)] l_pix: 3.2330e-02 
2025-11-25 16:29:51,802 INFO: [IART_..][epoch:  4, iter:  55,654, lr:(2.677e-06,4.210e-07,)] [eta: 3:35:45, time (data): 2.721 (0.002)] l_pix: 2.4678e-02 
2025-11-25 16:29:54,476 INFO: [IART_..][epoch:  4, iter:  55,655, lr:(2.675e-06,4.208e-07,)] [eta: 3:35:40, time (data): 2.720 (0.002)] l_pix: 1.9958e-02 
2025-11-25 16:29:57,232 INFO: [IART_..][epoch:  4, iter:  55,656, lr:(2.674e-06,4.207e-07,)] [eta: 3:35:36, time (data): 2.720 (0.002)] l_pix: 2.8843e-02 
2025-11-25 16:29:59,928 INFO: [IART_..][epoch:  4, iter:  55,657, lr:(2.673e-06,4.205e-07,)] [eta: 3:35:31, time (data): 2.720 (0.002)] l_pix: 1.8825e-02 
2025-11-25 16:30:02,590 INFO: [IART_..][epoch:  4, iter:  55,658, lr:(2.672e-06,4.204e-07,)] [eta: 3:35:26, time (data): 2.719 (0.002)] l_pix: 2.6030e-02 
2025-11-25 16:30:05,269 INFO: [IART_..][epoch:  4, iter:  55,659, lr:(2.671e-06,4.202e-07,)] [eta: 3:35:21, time (data): 2.718 (0.002)] l_pix: 2.1327e-02 
2025-11-25 16:30:07,898 INFO: [IART_..][epoch:  4, iter:  55,660, lr:(2.670e-06,4.201e-07,)] [eta: 3:35:16, time (data): 2.717 (0.003)] l_pix: 2.0195e-02 
2025-11-25 16:30:10,705 INFO: [IART_..][epoch:  4, iter:  55,661, lr:(2.668e-06,4.199e-07,)] [eta: 3:35:11, time (data): 2.718 (0.003)] l_pix: 1.5574e-02 
2025-11-25 16:30:13,403 INFO: [IART_..][epoch:  4, iter:  55,662, lr:(2.667e-06,4.198e-07,)] [eta: 3:35:07, time (data): 2.718 (0.003)] l_pix: 1.8367e-02 
2025-11-25 16:30:16,046 INFO: [IART_..][epoch:  4, iter:  55,663, lr:(2.666e-06,4.196e-07,)] [eta: 3:35:01, time (data): 2.716 (0.003)] l_pix: 1.1277e-02 
2025-11-25 16:30:18,711 INFO: [IART_..][epoch:  4, iter:  55,664, lr:(2.665e-06,4.195e-07,)] [eta: 3:34:56, time (data): 2.715 (0.003)] l_pix: 3.2506e-02 
2025-11-25 16:30:21,407 INFO: [IART_..][epoch:  4, iter:  55,665, lr:(2.664e-06,4.193e-07,)] [eta: 3:34:52, time (data): 2.715 (0.003)] l_pix: 2.3566e-02 
2025-11-25 16:30:24,136 INFO: [IART_..][epoch:  4, iter:  55,666, lr:(2.662e-06,4.192e-07,)] [eta: 3:34:47, time (data): 2.715 (0.003)] l_pix: 2.0440e-02 
2025-11-25 16:30:26,734 INFO: [IART_..][epoch:  4, iter:  55,667, lr:(2.661e-06,4.190e-07,)] [eta: 3:34:42, time (data): 2.713 (0.003)] l_pix: 3.0272e-02 
2025-11-25 16:30:29,398 INFO: [IART_..][epoch:  4, iter:  55,668, lr:(2.660e-06,4.189e-07,)] [eta: 3:34:37, time (data): 2.713 (0.003)] l_pix: 2.6893e-02 
2025-11-25 16:30:32,121 INFO: [IART_..][epoch:  4, iter:  55,669, lr:(2.659e-06,4.188e-07,)] [eta: 3:34:32, time (data): 2.713 (0.003)] l_pix: 1.9765e-02 
2025-11-25 16:30:34,803 INFO: [IART_..][epoch:  4, iter:  55,670, lr:(2.658e-06,4.186e-07,)] [eta: 3:34:27, time (data): 2.712 (0.003)] l_pix: 2.3386e-02 
2025-11-25 16:30:37,474 INFO: [IART_..][epoch:  4, iter:  55,671, lr:(2.657e-06,4.185e-07,)] [eta: 3:34:22, time (data): 2.712 (0.003)] l_pix: 2.2973e-02 
2025-11-25 16:30:40,066 INFO: [IART_..][epoch:  4, iter:  55,672, lr:(2.655e-06,4.183e-07,)] [eta: 3:34:17, time (data): 2.710 (0.003)] l_pix: 2.0418e-02 
2025-11-25 16:30:42,713 INFO: [IART_..][epoch:  4, iter:  55,673, lr:(2.654e-06,4.182e-07,)] [eta: 3:34:12, time (data): 2.709 (0.003)] l_pix: 3.4428e-02 
2025-11-25 16:30:45,364 INFO: [IART_..][epoch:  4, iter:  55,674, lr:(2.653e-06,4.180e-07,)] [eta: 3:34:07, time (data): 2.708 (0.002)] l_pix: 1.3497e-02 
2025-11-25 16:30:48,061 INFO: [IART_..][epoch:  4, iter:  55,675, lr:(2.652e-06,4.179e-07,)] [eta: 3:34:02, time (data): 2.708 (0.002)] l_pix: 2.0218e-02 
2025-11-25 16:30:50,742 INFO: [IART_..][epoch:  4, iter:  55,676, lr:(2.651e-06,4.177e-07,)] [eta: 3:33:57, time (data): 2.708 (0.002)] l_pix: 3.1778e-02 
2025-11-25 16:30:53,343 INFO: [IART_..][epoch:  4, iter:  55,677, lr:(2.650e-06,4.176e-07,)] [eta: 3:33:52, time (data): 2.706 (0.002)] l_pix: 1.6561e-02 
2025-11-25 16:30:56,021 INFO: [IART_..][epoch:  4, iter:  55,678, lr:(2.648e-06,4.174e-07,)] [eta: 3:33:47, time (data): 2.706 (0.002)] l_pix: 1.5245e-02 
2025-11-25 16:30:58,690 INFO: [IART_..][epoch:  4, iter:  55,679, lr:(2.647e-06,4.173e-07,)] [eta: 3:33:42, time (data): 2.705 (0.002)] l_pix: 1.9118e-02 
2025-11-25 16:31:01,349 INFO: [IART_..][epoch:  4, iter:  55,680, lr:(2.646e-06,4.171e-07,)] [eta: 3:33:37, time (data): 2.705 (0.002)] l_pix: 2.3996e-02 
2025-11-25 16:31:04,047 INFO: [IART_..][epoch:  4, iter:  55,681, lr:(2.645e-06,4.170e-07,)] [eta: 3:33:33, time (data): 2.705 (0.002)] l_pix: 2.4761e-02 
2025-11-25 16:31:06,774 INFO: [IART_..][epoch:  4, iter:  55,682, lr:(2.644e-06,4.168e-07,)] [eta: 3:33:28, time (data): 2.705 (0.002)] l_pix: 1.1540e-02 
2025-11-25 16:31:09,453 INFO: [IART_..][epoch:  4, iter:  55,683, lr:(2.643e-06,4.167e-07,)] [eta: 3:33:23, time (data): 2.705 (0.002)] l_pix: 4.3435e-02 
2025-11-25 16:31:12,145 INFO: [IART_..][epoch:  4, iter:  55,684, lr:(2.641e-06,4.166e-07,)] [eta: 3:33:19, time (data): 2.704 (0.002)] l_pix: 2.4687e-02 
2025-11-25 16:31:14,826 INFO: [IART_..][epoch:  4, iter:  55,685, lr:(2.640e-06,4.164e-07,)] [eta: 3:33:14, time (data): 2.704 (0.002)] l_pix: 2.2261e-02 
2025-11-25 16:31:17,571 INFO: [IART_..][epoch:  4, iter:  55,686, lr:(2.639e-06,4.163e-07,)] [eta: 3:33:10, time (data): 2.705 (0.002)] l_pix: 9.8282e-03 
2025-11-25 16:31:20,250 INFO: [IART_..][epoch:  4, iter:  55,687, lr:(2.638e-06,4.161e-07,)] [eta: 3:33:05, time (data): 2.704 (0.002)] l_pix: 2.7177e-02 
2025-11-25 16:31:22,917 INFO: [IART_..][epoch:  4, iter:  55,688, lr:(2.637e-06,4.160e-07,)] [eta: 3:33:00, time (data): 2.704 (0.002)] l_pix: 1.7781e-02 
2025-11-25 16:31:25,597 INFO: [IART_..][epoch:  4, iter:  55,689, lr:(2.635e-06,4.158e-07,)] [eta: 3:32:55, time (data): 2.704 (0.002)] l_pix: 1.5535e-02 
2025-11-25 16:31:28,325 INFO: [IART_..][epoch:  4, iter:  55,690, lr:(2.634e-06,4.157e-07,)] [eta: 3:32:51, time (data): 2.704 (0.002)] l_pix: 3.0524e-02 
2025-11-25 16:31:31,020 INFO: [IART_..][epoch:  4, iter:  55,691, lr:(2.633e-06,4.155e-07,)] [eta: 3:32:46, time (data): 2.704 (0.002)] l_pix: 2.5267e-02 
2025-11-25 16:31:33,653 INFO: [IART_..][epoch:  4, iter:  55,692, lr:(2.632e-06,4.154e-07,)] [eta: 3:32:41, time (data): 2.703 (0.002)] l_pix: 3.5426e-02 
2025-11-25 16:31:36,400 INFO: [IART_..][epoch:  4, iter:  55,693, lr:(2.631e-06,4.152e-07,)] [eta: 3:32:37, time (data): 2.704 (0.002)] l_pix: 2.1142e-02 
2025-11-25 16:31:39,158 INFO: [IART_..][epoch:  4, iter:  55,694, lr:(2.630e-06,4.151e-07,)] [eta: 3:32:33, time (data): 2.704 (0.002)] l_pix: 1.7996e-02 
2025-11-25 16:31:41,983 INFO: [IART_..][epoch:  4, iter:  55,695, lr:(2.628e-06,4.150e-07,)] [eta: 3:32:29, time (data): 2.705 (0.002)] l_pix: 2.2454e-02 
2025-11-25 16:31:44,614 INFO: [IART_..][epoch:  4, iter:  55,696, lr:(2.627e-06,4.148e-07,)] [eta: 3:32:24, time (data): 2.705 (0.002)] l_pix: 1.8786e-02 
2025-11-25 16:31:47,339 INFO: [IART_..][epoch:  4, iter:  55,697, lr:(2.626e-06,4.147e-07,)] [eta: 3:32:19, time (data): 2.705 (0.002)] l_pix: 2.4016e-02 
2025-11-25 16:31:50,033 INFO: [IART_..][epoch:  4, iter:  55,698, lr:(2.625e-06,4.145e-07,)] [eta: 3:32:15, time (data): 2.705 (0.002)] l_pix: 3.1571e-02 
2025-11-25 16:31:52,775 INFO: [IART_..][epoch:  4, iter:  55,699, lr:(2.624e-06,4.144e-07,)] [eta: 3:32:11, time (data): 2.705 (0.002)] l_pix: 3.3284e-02 
2025-11-25 16:31:55,374 INFO: [IART_..][epoch:  4, iter:  55,700, lr:(2.623e-06,4.142e-07,)] [eta: 3:32:05, time (data): 2.704 (0.002)] l_pix: 2.3658e-02 
2025-11-25 16:31:58,054 INFO: [IART_..][epoch:  4, iter:  55,701, lr:(2.621e-06,4.141e-07,)] [eta: 3:32:01, time (data): 2.704 (0.002)] l_pix: 1.6709e-02 
2025-11-25 16:32:00,737 INFO: [IART_..][epoch:  4, iter:  55,702, lr:(2.620e-06,4.139e-07,)] [eta: 3:31:56, time (data): 2.703 (0.002)] l_pix: 1.6475e-02 
2025-11-25 16:32:03,385 INFO: [IART_..][epoch:  4, iter:  55,703, lr:(2.619e-06,4.138e-07,)] [eta: 3:31:51, time (data): 2.703 (0.002)] l_pix: 2.0697e-02 
2025-11-25 16:32:06,079 INFO: [IART_..][epoch:  4, iter:  55,704, lr:(2.618e-06,4.136e-07,)] [eta: 3:31:47, time (data): 2.703 (0.002)] l_pix: 1.7802e-02 
2025-11-25 16:32:08,760 INFO: [IART_..][epoch:  4, iter:  55,705, lr:(2.617e-06,4.135e-07,)] [eta: 3:31:42, time (data): 2.703 (0.002)] l_pix: 2.8944e-02 
2025-11-25 16:32:11,458 INFO: [IART_..][epoch:  4, iter:  55,706, lr:(2.616e-06,4.134e-07,)] [eta: 3:31:37, time (data): 2.702 (0.002)] l_pix: 2.9660e-02 
2025-11-25 16:32:14,102 INFO: [IART_..][epoch:  4, iter:  55,707, lr:(2.614e-06,4.132e-07,)] [eta: 3:31:33, time (data): 2.702 (0.002)] l_pix: 2.8682e-02 
2025-11-25 16:32:16,845 INFO: [IART_..][epoch:  4, iter:  55,708, lr:(2.613e-06,4.131e-07,)] [eta: 3:31:28, time (data): 2.702 (0.002)] l_pix: 1.0626e-02 
2025-11-25 16:32:19,589 INFO: [IART_..][epoch:  4, iter:  55,709, lr:(2.612e-06,4.129e-07,)] [eta: 3:31:24, time (data): 2.703 (0.002)] l_pix: 2.2256e-02 
2025-11-25 16:32:22,270 INFO: [IART_..][epoch:  4, iter:  55,710, lr:(2.611e-06,4.128e-07,)] [eta: 3:31:19, time (data): 2.703 (0.002)] l_pix: 2.7808e-02 
2025-11-25 16:32:24,968 INFO: [IART_..][epoch:  4, iter:  55,711, lr:(2.610e-06,4.126e-07,)] [eta: 3:31:15, time (data): 2.702 (0.002)] l_pix: 2.0259e-02 
2025-11-25 16:32:27,745 INFO: [IART_..][epoch:  4, iter:  55,712, lr:(2.609e-06,4.125e-07,)] [eta: 3:31:11, time (data): 2.703 (0.002)] l_pix: 2.1600e-02 
2025-11-25 16:32:30,458 INFO: [IART_..][epoch:  4, iter:  55,713, lr:(2.607e-06,4.123e-07,)] [eta: 3:31:06, time (data): 2.703 (0.002)] l_pix: 2.3846e-02 
2025-11-25 16:32:33,157 INFO: [IART_..][epoch:  4, iter:  55,714, lr:(2.606e-06,4.122e-07,)] [eta: 3:31:02, time (data): 2.703 (0.002)] l_pix: 2.9197e-02 
2025-11-25 16:32:35,819 INFO: [IART_..][epoch:  4, iter:  55,715, lr:(2.605e-06,4.120e-07,)] [eta: 3:30:57, time (data): 2.703 (0.002)] l_pix: 2.2361e-02 
2025-11-25 16:32:38,611 INFO: [IART_..][epoch:  4, iter:  55,716, lr:(2.604e-06,4.119e-07,)] [eta: 3:30:53, time (data): 2.704 (0.002)] l_pix: 2.6180e-02 
2025-11-25 16:32:41,337 INFO: [IART_..][epoch:  4, iter:  55,717, lr:(2.603e-06,4.118e-07,)] [eta: 3:30:49, time (data): 2.704 (0.002)] l_pix: 2.3337e-02 
2025-11-25 16:32:44,067 INFO: [IART_..][epoch:  4, iter:  55,718, lr:(2.602e-06,4.116e-07,)] [eta: 3:30:45, time (data): 2.704 (0.002)] l_pix: 2.3555e-02 
2025-11-25 16:32:46,835 INFO: [IART_..][epoch:  4, iter:  55,719, lr:(2.600e-06,4.115e-07,)] [eta: 3:30:41, time (data): 2.705 (0.002)] l_pix: 2.9721e-02 
2025-11-25 16:32:49,577 INFO: [IART_..][epoch:  4, iter:  55,720, lr:(2.599e-06,4.113e-07,)] [eta: 3:30:36, time (data): 2.705 (0.002)] l_pix: 2.7564e-02 
2025-11-25 16:32:52,303 INFO: [IART_..][epoch:  4, iter:  55,721, lr:(2.598e-06,4.112e-07,)] [eta: 3:30:32, time (data): 2.705 (0.002)] l_pix: 9.2027e-03 
2025-11-25 16:32:55,029 INFO: [IART_..][epoch:  4, iter:  55,722, lr:(2.597e-06,4.110e-07,)] [eta: 3:30:28, time (data): 2.705 (0.002)] l_pix: 1.6975e-02 
2025-11-25 16:32:57,710 INFO: [IART_..][epoch:  4, iter:  55,723, lr:(2.596e-06,4.109e-07,)] [eta: 3:30:23, time (data): 2.705 (0.002)] l_pix: 2.2094e-02 
2025-11-25 16:33:00,420 INFO: [IART_..][epoch:  4, iter:  55,724, lr:(2.595e-06,4.107e-07,)] [eta: 3:30:19, time (data): 2.705 (0.002)] l_pix: 2.6616e-02 
2025-11-25 16:33:03,101 INFO: [IART_..][epoch:  4, iter:  55,725, lr:(2.593e-06,4.106e-07,)] [eta: 3:30:14, time (data): 2.705 (0.002)] l_pix: 2.0099e-02 
2025-11-25 16:33:05,702 INFO: [IART_..][epoch:  4, iter:  55,726, lr:(2.592e-06,4.105e-07,)] [eta: 3:30:09, time (data): 2.704 (0.002)] l_pix: 1.9195e-02 
2025-11-25 16:33:08,366 INFO: [IART_..][epoch:  4, iter:  55,727, lr:(2.591e-06,4.103e-07,)] [eta: 3:30:05, time (data): 2.704 (0.002)] l_pix: 2.4417e-02 
2025-11-25 16:33:11,030 INFO: [IART_..][epoch:  4, iter:  55,728, lr:(2.590e-06,4.102e-07,)] [eta: 3:30:00, time (data): 2.703 (0.002)] l_pix: 1.8256e-02 
2025-11-25 16:33:13,772 INFO: [IART_..][epoch:  4, iter:  55,729, lr:(2.589e-06,4.100e-07,)] [eta: 3:29:56, time (data): 2.704 (0.002)] l_pix: 1.2975e-02 
2025-11-25 16:33:16,437 INFO: [IART_..][epoch:  4, iter:  55,730, lr:(2.588e-06,4.099e-07,)] [eta: 3:29:51, time (data): 2.703 (0.002)] l_pix: 1.4805e-02 
2025-11-25 16:33:19,197 INFO: [IART_..][epoch:  4, iter:  55,731, lr:(2.587e-06,4.097e-07,)] [eta: 3:29:47, time (data): 2.704 (0.002)] l_pix: 1.4795e-02 
2025-11-25 16:33:21,834 INFO: [IART_..][epoch:  4, iter:  55,732, lr:(2.585e-06,4.096e-07,)] [eta: 3:29:43, time (data): 2.703 (0.002)] l_pix: 1.3575e-02 
2025-11-25 16:33:24,478 INFO: [IART_..][epoch:  4, iter:  55,733, lr:(2.584e-06,4.094e-07,)] [eta: 3:29:38, time (data): 2.703 (0.002)] l_pix: 1.3321e-02 
2025-11-25 16:33:27,221 INFO: [IART_..][epoch:  4, iter:  55,734, lr:(2.583e-06,4.093e-07,)] [eta: 3:29:34, time (data): 2.703 (0.002)] l_pix: 2.0935e-02 
2025-11-25 16:33:29,949 INFO: [IART_..][epoch:  4, iter:  55,735, lr:(2.582e-06,4.091e-07,)] [eta: 3:29:29, time (data): 2.703 (0.002)] l_pix: 1.5357e-02 
2025-11-25 16:33:32,719 INFO: [IART_..][epoch:  4, iter:  55,736, lr:(2.581e-06,4.090e-07,)] [eta: 3:29:25, time (data): 2.704 (0.002)] l_pix: 3.1629e-02 
2025-11-25 16:33:35,536 INFO: [IART_..][epoch:  4, iter:  55,737, lr:(2.580e-06,4.089e-07,)] [eta: 3:29:22, time (data): 2.705 (0.002)] l_pix: 2.1310e-02 
2025-11-25 16:33:38,278 INFO: [IART_..][epoch:  4, iter:  55,738, lr:(2.578e-06,4.087e-07,)] [eta: 3:29:18, time (data): 2.705 (0.002)] l_pix: 2.6947e-02 
2025-11-25 16:33:41,067 INFO: [IART_..][epoch:  4, iter:  55,739, lr:(2.577e-06,4.086e-07,)] [eta: 3:29:14, time (data): 2.706 (0.002)] l_pix: 3.8457e-02 
2025-11-25 16:33:43,903 INFO: [IART_..][epoch:  4, iter:  55,740, lr:(2.576e-06,4.084e-07,)] [eta: 3:29:10, time (data): 2.707 (0.002)] l_pix: 2.7402e-02 
2025-11-25 16:33:46,646 INFO: [IART_..][epoch:  4, iter:  55,741, lr:(2.575e-06,4.083e-07,)] [eta: 3:29:06, time (data): 2.707 (0.002)] l_pix: 2.4463e-02 
2025-11-25 16:33:49,373 INFO: [IART_..][epoch:  4, iter:  55,742, lr:(2.574e-06,4.081e-07,)] [eta: 3:29:02, time (data): 2.707 (0.002)] l_pix: 1.9133e-02 
2025-11-25 16:33:52,225 INFO: [IART_..][epoch:  4, iter:  55,743, lr:(2.573e-06,4.080e-07,)] [eta: 3:28:58, time (data): 2.708 (0.002)] l_pix: 2.0597e-02 
2025-11-25 16:33:55,048 INFO: [IART_..][epoch:  4, iter:  55,744, lr:(2.571e-06,4.079e-07,)] [eta: 3:28:55, time (data): 2.709 (0.002)] l_pix: 2.2296e-02 
2025-11-25 16:33:57,831 INFO: [IART_..][epoch:  4, iter:  55,745, lr:(2.570e-06,4.077e-07,)] [eta: 3:28:51, time (data): 2.709 (0.002)] l_pix: 1.0920e-02 
2025-11-25 16:34:00,527 INFO: [IART_..][epoch:  4, iter:  55,746, lr:(2.569e-06,4.076e-07,)] [eta: 3:28:46, time (data): 2.709 (0.002)] l_pix: 1.8212e-02 
2025-11-25 16:34:03,286 INFO: [IART_..][epoch:  4, iter:  55,747, lr:(2.568e-06,4.074e-07,)] [eta: 3:28:42, time (data): 2.709 (0.002)] l_pix: 3.8321e-02 
2025-11-25 16:34:06,077 INFO: [IART_..][epoch:  4, iter:  55,748, lr:(2.567e-06,4.073e-07,)] [eta: 3:28:39, time (data): 2.710 (0.002)] l_pix: 3.0453e-02 
2025-11-25 16:34:08,839 INFO: [IART_..][epoch:  4, iter:  55,749, lr:(2.566e-06,4.071e-07,)] [eta: 3:28:35, time (data): 2.710 (0.002)] l_pix: 1.9025e-02 
2025-11-25 16:34:11,536 INFO: [IART_..][epoch:  4, iter:  55,750, lr:(2.565e-06,4.070e-07,)] [eta: 3:28:30, time (data): 2.710 (0.002)] l_pix: 1.6703e-02 
2025-11-25 16:34:14,266 INFO: [IART_..][epoch:  4, iter:  55,751, lr:(2.563e-06,4.068e-07,)] [eta: 3:28:26, time (data): 2.710 (0.002)] l_pix: 1.6637e-02 
2025-11-25 16:34:16,932 INFO: [IART_..][epoch:  4, iter:  55,752, lr:(2.562e-06,4.067e-07,)] [eta: 3:28:22, time (data): 2.710 (0.002)] l_pix: 1.2895e-02 
2025-11-25 16:34:19,723 INFO: [IART_..][epoch:  4, iter:  55,753, lr:(2.561e-06,4.066e-07,)] [eta: 3:28:18, time (data): 2.711 (0.002)] l_pix: 3.6625e-02 
2025-11-25 16:34:22,455 INFO: [IART_..][epoch:  4, iter:  55,754, lr:(2.560e-06,4.064e-07,)] [eta: 3:28:14, time (data): 2.711 (0.002)] l_pix: 1.8515e-02 
2025-11-25 16:34:25,176 INFO: [IART_..][epoch:  4, iter:  55,755, lr:(2.559e-06,4.063e-07,)] [eta: 3:28:10, time (data): 2.711 (0.002)] l_pix: 2.0007e-02 
2025-11-25 16:34:27,932 INFO: [IART_..][epoch:  4, iter:  55,756, lr:(2.558e-06,4.061e-07,)] [eta: 3:28:06, time (data): 2.711 (0.002)] l_pix: 3.1987e-02 
2025-11-25 16:34:30,721 INFO: [IART_..][epoch:  4, iter:  55,757, lr:(2.556e-06,4.060e-07,)] [eta: 3:28:02, time (data): 2.712 (0.002)] l_pix: 2.5944e-02 
2025-11-25 16:34:33,482 INFO: [IART_..][epoch:  4, iter:  55,758, lr:(2.555e-06,4.058e-07,)] [eta: 3:27:58, time (data): 2.712 (0.002)] l_pix: 2.8162e-02 
2025-11-25 16:34:36,179 INFO: [IART_..][epoch:  4, iter:  55,759, lr:(2.554e-06,4.057e-07,)] [eta: 3:27:53, time (data): 2.712 (0.002)] l_pix: 1.4316e-02 
2025-11-25 16:34:38,968 INFO: [IART_..][epoch:  4, iter:  55,760, lr:(2.553e-06,4.056e-07,)] [eta: 3:27:50, time (data): 2.712 (0.002)] l_pix: 2.2906e-02 
2025-11-25 16:34:41,692 INFO: [IART_..][epoch:  4, iter:  55,761, lr:(2.552e-06,4.054e-07,)] [eta: 3:27:45, time (data): 2.712 (0.002)] l_pix: 1.7887e-02 
2025-11-25 16:34:44,453 INFO: [IART_..][epoch:  4, iter:  55,762, lr:(2.551e-06,4.053e-07,)] [eta: 3:27:42, time (data): 2.713 (0.002)] l_pix: 1.2993e-02 
2025-11-25 16:34:47,327 INFO: [IART_..][epoch:  4, iter:  55,763, lr:(2.550e-06,4.051e-07,)] [eta: 3:27:38, time (data): 2.714 (0.002)] l_pix: 2.5916e-02 
2025-11-25 16:34:50,031 INFO: [IART_..][epoch:  4, iter:  55,764, lr:(2.548e-06,4.050e-07,)] [eta: 3:27:34, time (data): 2.714 (0.002)] l_pix: 1.8944e-02 
2025-11-25 16:34:52,702 INFO: [IART_..][epoch:  4, iter:  55,765, lr:(2.547e-06,4.048e-07,)] [eta: 3:27:30, time (data): 2.713 (0.002)] l_pix: 1.0005e-02 
2025-11-25 16:34:55,476 INFO: [IART_..][epoch:  4, iter:  55,766, lr:(2.546e-06,4.047e-07,)] [eta: 3:27:26, time (data): 2.714 (0.002)] l_pix: 3.5201e-02 
2025-11-25 16:34:58,242 INFO: [IART_..][epoch:  4, iter:  55,767, lr:(2.545e-06,4.045e-07,)] [eta: 3:27:22, time (data): 2.714 (0.002)] l_pix: 1.5469e-02 
2025-11-25 16:35:01,002 INFO: [IART_..][epoch:  4, iter:  55,768, lr:(2.544e-06,4.044e-07,)] [eta: 3:27:18, time (data): 2.714 (0.002)] l_pix: 2.3619e-02 
2025-11-25 16:35:03,814 INFO: [IART_..][epoch:  4, iter:  55,769, lr:(2.543e-06,4.043e-07,)] [eta: 3:27:14, time (data): 2.715 (0.002)] l_pix: 2.9991e-02 
2025-11-25 16:35:06,553 INFO: [IART_..][epoch:  4, iter:  55,770, lr:(2.541e-06,4.041e-07,)] [eta: 3:27:10, time (data): 2.715 (0.002)] l_pix: 2.0823e-02 
2025-11-25 16:35:09,311 INFO: [IART_..][epoch:  4, iter:  55,771, lr:(2.540e-06,4.040e-07,)] [eta: 3:27:06, time (data): 2.715 (0.002)] l_pix: 2.2431e-02 
2025-11-25 16:35:12,193 INFO: [IART_..][epoch:  4, iter:  55,772, lr:(2.539e-06,4.038e-07,)] [eta: 3:27:03, time (data): 2.716 (0.002)] l_pix: 2.1875e-02 
2025-11-25 16:35:15,046 INFO: [IART_..][epoch:  4, iter:  55,773, lr:(2.538e-06,4.037e-07,)] [eta: 3:27:00, time (data): 2.717 (0.002)] l_pix: 2.1361e-02 
2025-11-25 16:35:17,759 INFO: [IART_..][epoch:  4, iter:  55,774, lr:(2.537e-06,4.035e-07,)] [eta: 3:26:55, time (data): 2.717 (0.002)] l_pix: 2.3663e-02 
2025-11-25 16:35:20,469 INFO: [IART_..][epoch:  4, iter:  55,775, lr:(2.536e-06,4.034e-07,)] [eta: 3:26:51, time (data): 2.717 (0.002)] l_pix: 2.4402e-02 
2025-11-25 16:35:23,267 INFO: [IART_..][epoch:  4, iter:  55,776, lr:(2.535e-06,4.033e-07,)] [eta: 3:26:48, time (data): 2.718 (0.002)] l_pix: 3.7140e-02 
2025-11-25 16:35:25,972 INFO: [IART_..][epoch:  4, iter:  55,777, lr:(2.533e-06,4.031e-07,)] [eta: 3:26:43, time (data): 2.718 (0.002)] l_pix: 2.4803e-02 
2025-11-25 16:35:28,701 INFO: [IART_..][epoch:  4, iter:  55,778, lr:(2.532e-06,4.030e-07,)] [eta: 3:26:39, time (data): 2.718 (0.002)] l_pix: 1.3140e-02 
2025-11-25 16:35:31,569 INFO: [IART_..][epoch:  4, iter:  55,779, lr:(2.531e-06,4.028e-07,)] [eta: 3:26:36, time (data): 2.718 (0.002)] l_pix: 1.6454e-02 
2025-11-25 16:35:34,375 INFO: [IART_..][epoch:  4, iter:  55,780, lr:(2.530e-06,4.027e-07,)] [eta: 3:26:32, time (data): 2.719 (0.002)] l_pix: 1.7938e-02 
2025-11-25 16:35:37,206 INFO: [IART_..][epoch:  4, iter:  55,781, lr:(2.529e-06,4.025e-07,)] [eta: 3:26:29, time (data): 2.720 (0.002)] l_pix: 3.0945e-02 
2025-11-25 16:35:40,046 INFO: [IART_..][epoch:  4, iter:  55,782, lr:(2.528e-06,4.024e-07,)] [eta: 3:26:25, time (data): 2.720 (0.002)] l_pix: 1.7779e-02 
2025-11-25 16:35:42,817 INFO: [IART_..][epoch:  4, iter:  55,783, lr:(2.527e-06,4.023e-07,)] [eta: 3:26:21, time (data): 2.721 (0.002)] l_pix: 1.4354e-02 
2025-11-25 16:35:45,590 INFO: [IART_..][epoch:  4, iter:  55,784, lr:(2.525e-06,4.021e-07,)] [eta: 3:26:18, time (data): 2.721 (0.002)] l_pix: 3.0699e-02 
2025-11-25 16:35:48,422 INFO: [IART_..][epoch:  4, iter:  55,785, lr:(2.524e-06,4.020e-07,)] [eta: 3:26:14, time (data): 2.721 (0.002)] l_pix: 2.0760e-02 
2025-11-25 16:35:51,145 INFO: [IART_..][epoch:  4, iter:  55,786, lr:(2.523e-06,4.018e-07,)] [eta: 3:26:10, time (data): 2.721 (0.002)] l_pix: 2.1374e-02 
2025-11-25 16:35:53,889 INFO: [IART_..][epoch:  4, iter:  55,787, lr:(2.522e-06,4.017e-07,)] [eta: 3:26:06, time (data): 2.722 (0.002)] l_pix: 1.7431e-02 
2025-11-25 16:35:56,682 INFO: [IART_..][epoch:  4, iter:  55,788, lr:(2.521e-06,4.015e-07,)] [eta: 3:26:02, time (data): 2.722 (0.002)] l_pix: 2.3510e-02 
2025-11-25 16:35:59,433 INFO: [IART_..][epoch:  4, iter:  55,789, lr:(2.520e-06,4.014e-07,)] [eta: 3:25:59, time (data): 2.722 (0.002)] l_pix: 1.5389e-02 
2025-11-25 16:36:02,197 INFO: [IART_..][epoch:  4, iter:  55,790, lr:(2.519e-06,4.013e-07,)] [eta: 3:25:55, time (data): 2.722 (0.002)] l_pix: 2.5493e-02 
2025-11-25 16:36:04,900 INFO: [IART_..][epoch:  4, iter:  55,791, lr:(2.517e-06,4.011e-07,)] [eta: 3:25:50, time (data): 2.722 (0.002)] l_pix: 2.0820e-02 
2025-11-25 16:36:07,664 INFO: [IART_..][epoch:  4, iter:  55,792, lr:(2.516e-06,4.010e-07,)] [eta: 3:25:47, time (data): 2.722 (0.002)] l_pix: 1.7781e-02 
2025-11-25 16:36:10,434 INFO: [IART_..][epoch:  4, iter:  55,793, lr:(2.515e-06,4.008e-07,)] [eta: 3:25:43, time (data): 2.723 (0.002)] l_pix: 4.0897e-02 
2025-11-25 16:36:13,175 INFO: [IART_..][epoch:  4, iter:  55,794, lr:(2.514e-06,4.007e-07,)] [eta: 3:25:39, time (data): 2.723 (0.002)] l_pix: 2.3323e-02 
2025-11-25 16:36:16,045 INFO: [IART_..][epoch:  4, iter:  55,795, lr:(2.513e-06,4.005e-07,)] [eta: 3:25:36, time (data): 2.724 (0.002)] l_pix: 1.4907e-02 
2025-11-25 16:36:18,834 INFO: [IART_..][epoch:  4, iter:  55,796, lr:(2.512e-06,4.004e-07,)] [eta: 3:25:32, time (data): 2.724 (0.002)] l_pix: 2.5347e-02 
2025-11-25 16:36:21,593 INFO: [IART_..][epoch:  4, iter:  55,797, lr:(2.511e-06,4.003e-07,)] [eta: 3:25:28, time (data): 2.724 (0.002)] l_pix: 2.8886e-02 
2025-11-25 16:36:24,399 INFO: [IART_..][epoch:  4, iter:  55,798, lr:(2.509e-06,4.001e-07,)] [eta: 3:25:24, time (data): 2.724 (0.002)] l_pix: 1.7982e-02 
2025-11-25 16:36:27,123 INFO: [IART_..][epoch:  4, iter:  55,799, lr:(2.508e-06,4.000e-07,)] [eta: 3:25:20, time (data): 2.724 (0.002)] l_pix: 1.1474e-02 
2025-11-25 16:36:29,869 INFO: [IART_..][epoch:  4, iter:  55,800, lr:(2.507e-06,3.998e-07,)] [eta: 3:25:16, time (data): 2.725 (0.002)] l_pix: 1.6628e-02 
2025-11-25 16:36:32,667 INFO: [IART_..][epoch:  4, iter:  55,801, lr:(2.506e-06,3.997e-07,)] [eta: 3:25:13, time (data): 2.725 (0.002)] l_pix: 2.7893e-02 
2025-11-25 16:36:35,450 INFO: [IART_..][epoch:  4, iter:  55,802, lr:(2.505e-06,3.996e-07,)] [eta: 3:25:09, time (data): 2.725 (0.002)] l_pix: 3.3976e-02 
2025-11-25 16:36:38,142 INFO: [IART_..][epoch:  4, iter:  55,803, lr:(2.504e-06,3.994e-07,)] [eta: 3:25:05, time (data): 2.725 (0.002)] l_pix: 1.6028e-02 
2025-11-25 16:36:40,949 INFO: [IART_..][epoch:  4, iter:  55,804, lr:(2.503e-06,3.993e-07,)] [eta: 3:25:01, time (data): 2.725 (0.002)] l_pix: 1.8132e-02 
2025-11-25 16:36:43,606 INFO: [IART_..][epoch:  4, iter:  55,805, lr:(2.501e-06,3.991e-07,)] [eta: 3:24:57, time (data): 2.656 (0.001)] l_pix: 1.9882e-02 
2025-11-25 16:36:46,253 INFO: [IART_..][epoch:  4, iter:  55,806, lr:(2.500e-06,3.990e-07,)] [eta: 3:24:53, time (data): 2.651 (0.002)] l_pix: 2.0485e-02 
2025-11-25 16:36:48,949 INFO: [IART_..][epoch:  4, iter:  55,807, lr:(2.499e-06,3.988e-07,)] [eta: 3:24:48, time (data): 2.665 (0.002)] l_pix: 2.0041e-02 
2025-11-25 16:36:51,659 INFO: [IART_..][epoch:  4, iter:  55,808, lr:(2.498e-06,3.987e-07,)] [eta: 3:24:44, time (data): 2.677 (0.001)] l_pix: 1.2485e-02 
2025-11-25 16:36:54,408 INFO: [IART_..][epoch:  4, iter:  55,809, lr:(2.497e-06,3.986e-07,)] [eta: 3:24:40, time (data): 2.691 (0.002)] l_pix: 2.4660e-02 
2025-11-25 16:36:57,119 INFO: [IART_..][epoch:  4, iter:  55,810, lr:(2.496e-06,3.984e-07,)] [eta: 3:24:36, time (data): 2.694 (0.002)] l_pix: 2.3317e-02 
2025-11-25 16:36:59,928 INFO: [IART_..][epoch:  4, iter:  55,811, lr:(2.495e-06,3.983e-07,)] [eta: 3:24:33, time (data): 2.711 (0.002)] l_pix: 1.2505e-02 
2025-11-25 16:37:02,668 INFO: [IART_..][epoch:  4, iter:  55,812, lr:(2.493e-06,3.981e-07,)] [eta: 3:24:29, time (data): 2.714 (0.002)] l_pix: 2.3485e-02 
2025-11-25 16:37:05,432 INFO: [IART_..][epoch:  4, iter:  55,813, lr:(2.492e-06,3.980e-07,)] [eta: 3:24:25, time (data): 2.720 (0.002)] l_pix: 2.9320e-02 
2025-11-25 16:37:08,156 INFO: [IART_..][epoch:  4, iter:  55,814, lr:(2.491e-06,3.978e-07,)] [eta: 3:24:21, time (data): 2.720 (0.002)] l_pix: 1.4723e-02 
2025-11-25 16:37:10,921 INFO: [IART_..][epoch:  4, iter:  55,815, lr:(2.490e-06,3.977e-07,)] [eta: 3:24:17, time (data): 2.724 (0.002)] l_pix: 1.3317e-02 
2025-11-25 16:37:13,624 INFO: [IART_..][epoch:  4, iter:  55,816, lr:(2.489e-06,3.976e-07,)] [eta: 3:24:13, time (data): 2.722 (0.002)] l_pix: 2.5257e-02 
2025-11-25 16:37:16,440 INFO: [IART_..][epoch:  4, iter:  55,817, lr:(2.488e-06,3.974e-07,)] [eta: 3:24:10, time (data): 2.729 (0.002)] l_pix: 2.9940e-02 
2025-11-25 16:37:19,194 INFO: [IART_..][epoch:  4, iter:  55,818, lr:(2.487e-06,3.973e-07,)] [eta: 3:24:06, time (data): 2.731 (0.002)] l_pix: 1.4372e-02 
2025-11-25 16:37:22,016 INFO: [IART_..][epoch:  4, iter:  55,819, lr:(2.485e-06,3.971e-07,)] [eta: 3:24:02, time (data): 2.737 (0.002)] l_pix: 2.9731e-02 
2025-11-25 16:37:24,738 INFO: [IART_..][epoch:  4, iter:  55,820, lr:(2.484e-06,3.970e-07,)] [eta: 3:23:58, time (data): 2.736 (0.002)] l_pix: 1.7734e-02 
2025-11-25 16:37:27,506 INFO: [IART_..][epoch:  4, iter:  55,821, lr:(2.483e-06,3.969e-07,)] [eta: 3:23:55, time (data): 2.738 (0.002)] l_pix: 2.9019e-02 
2025-11-25 16:37:30,202 INFO: [IART_..][epoch:  4, iter:  55,822, lr:(2.482e-06,3.967e-07,)] [eta: 3:23:51, time (data): 2.736 (0.002)] l_pix: 2.0833e-02 
2025-11-25 16:37:32,963 INFO: [IART_..][epoch:  4, iter:  55,823, lr:(2.481e-06,3.966e-07,)] [eta: 3:23:47, time (data): 2.737 (0.002)] l_pix: 2.9291e-02 
2025-11-25 16:37:35,753 INFO: [IART_..][epoch:  4, iter:  55,824, lr:(2.480e-06,3.964e-07,)] [eta: 3:23:43, time (data): 2.740 (0.002)] l_pix: 1.2714e-02 
2025-11-25 16:37:38,400 INFO: [IART_..][epoch:  4, iter:  55,825, lr:(2.479e-06,3.963e-07,)] [eta: 3:23:39, time (data): 2.735 (0.002)] l_pix: 2.5292e-02 
2025-11-25 16:37:41,074 INFO: [IART_..][epoch:  4, iter:  55,826, lr:(2.478e-06,3.962e-07,)] [eta: 3:23:35, time (data): 2.732 (0.002)] l_pix: 1.3042e-02 
2025-11-25 16:37:43,773 INFO: [IART_..][epoch:  4, iter:  55,827, lr:(2.476e-06,3.960e-07,)] [eta: 3:23:31, time (data): 2.731 (0.002)] l_pix: 2.5236e-02 
2025-11-25 16:37:46,424 INFO: [IART_..][epoch:  4, iter:  55,828, lr:(2.475e-06,3.959e-07,)] [eta: 3:23:26, time (data): 2.728 (0.002)] l_pix: 1.7403e-02 
2025-11-25 16:37:49,236 INFO: [IART_..][epoch:  4, iter:  55,829, lr:(2.474e-06,3.957e-07,)] [eta: 3:23:23, time (data): 2.731 (0.002)] l_pix: 1.5985e-02 
2025-11-25 16:37:51,963 INFO: [IART_..][epoch:  4, iter:  55,830, lr:(2.473e-06,3.956e-07,)] [eta: 3:23:19, time (data): 2.731 (0.002)] l_pix: 1.8941e-02 
2025-11-25 16:37:54,689 INFO: [IART_..][epoch:  4, iter:  55,831, lr:(2.472e-06,3.954e-07,)] [eta: 3:23:15, time (data): 2.731 (0.002)] l_pix: 1.5426e-02 
2025-11-25 16:37:57,330 INFO: [IART_..][epoch:  4, iter:  55,832, lr:(2.471e-06,3.953e-07,)] [eta: 3:23:11, time (data): 2.727 (0.002)] l_pix: 1.4555e-02 
2025-11-25 16:37:59,997 INFO: [IART_..][epoch:  4, iter:  55,833, lr:(2.470e-06,3.952e-07,)] [eta: 3:23:06, time (data): 2.725 (0.002)] l_pix: 2.6172e-02 
2025-11-25 16:38:02,726 INFO: [IART_..][epoch:  4, iter:  55,834, lr:(2.468e-06,3.950e-07,)] [eta: 3:23:02, time (data): 2.725 (0.002)] l_pix: 1.8033e-02 
2025-11-25 16:38:05,577 INFO: [IART_..][epoch:  4, iter:  55,835, lr:(2.467e-06,3.949e-07,)] [eta: 3:22:59, time (data): 2.729 (0.002)] l_pix: 2.8564e-02 
2025-11-25 16:38:08,347 INFO: [IART_..][epoch:  4, iter:  55,836, lr:(2.466e-06,3.947e-07,)] [eta: 3:22:55, time (data): 2.731 (0.002)] l_pix: 2.1583e-02 
2025-11-25 16:38:11,119 INFO: [IART_..][epoch:  4, iter:  55,837, lr:(2.465e-06,3.946e-07,)] [eta: 3:22:52, time (data): 2.732 (0.002)] l_pix: 2.1117e-02 
2025-11-25 16:38:13,775 INFO: [IART_..][epoch:  4, iter:  55,838, lr:(2.464e-06,3.945e-07,)] [eta: 3:22:48, time (data): 2.730 (0.002)] l_pix: 1.5683e-02 
2025-11-25 16:38:16,657 INFO: [IART_..][epoch:  4, iter:  55,839, lr:(2.463e-06,3.943e-07,)] [eta: 3:22:44, time (data): 2.734 (0.002)] l_pix: 2.2701e-02 
2025-11-25 16:38:19,269 INFO: [IART_..][epoch:  4, iter:  55,840, lr:(2.462e-06,3.942e-07,)] [eta: 3:22:40, time (data): 2.731 (0.002)] l_pix: 2.4417e-02 
2025-11-25 16:38:22,113 INFO: [IART_..][epoch:  4, iter:  55,841, lr:(2.461e-06,3.940e-07,)] [eta: 3:22:37, time (data): 2.734 (0.002)] l_pix: 2.9707e-02 
2025-11-25 16:38:24,768 INFO: [IART_..][epoch:  4, iter:  55,842, lr:(2.459e-06,3.939e-07,)] [eta: 3:22:32, time (data): 2.732 (0.002)] l_pix: 2.1382e-02 
2025-11-25 16:38:27,442 INFO: [IART_..][epoch:  4, iter:  55,843, lr:(2.458e-06,3.938e-07,)] [eta: 3:22:28, time (data): 2.730 (0.002)] l_pix: 2.4447e-02 
2025-11-25 16:38:30,074 INFO: [IART_..][epoch:  4, iter:  55,844, lr:(2.457e-06,3.936e-07,)] [eta: 3:22:24, time (data): 2.728 (0.002)] l_pix: 9.9074e-03 
2025-11-25 16:38:32,917 INFO: [IART_..][epoch:  4, iter:  55,845, lr:(2.456e-06,3.935e-07,)] [eta: 3:22:21, time (data): 2.730 (0.002)] l_pix: 2.3188e-02 
2025-11-25 16:38:35,616 INFO: [IART_..][epoch:  4, iter:  55,846, lr:(2.455e-06,3.933e-07,)] [eta: 3:22:17, time (data): 2.730 (0.002)] l_pix: 3.6915e-02 
2025-11-25 16:38:38,491 INFO: [IART_..][epoch:  4, iter:  55,847, lr:(2.454e-06,3.932e-07,)] [eta: 3:22:13, time (data): 2.733 (0.002)] l_pix: 2.6778e-02 
2025-11-25 16:38:41,212 INFO: [IART_..][epoch:  4, iter:  55,848, lr:(2.453e-06,3.930e-07,)] [eta: 3:22:09, time (data): 2.733 (0.002)] l_pix: 1.5452e-02 
2025-11-25 16:38:43,893 INFO: [IART_..][epoch:  4, iter:  55,849, lr:(2.452e-06,3.929e-07,)] [eta: 3:22:05, time (data): 2.732 (0.002)] l_pix: 2.1374e-02 
2025-11-25 16:38:46,666 INFO: [IART_..][epoch:  4, iter:  55,850, lr:(2.450e-06,3.928e-07,)] [eta: 3:22:02, time (data): 2.733 (0.002)] l_pix: 2.8663e-02 
2025-11-25 16:38:49,465 INFO: [IART_..][epoch:  4, iter:  55,851, lr:(2.449e-06,3.926e-07,)] [eta: 3:21:58, time (data): 2.734 (0.002)] l_pix: 1.7778e-02 
2025-11-25 16:38:52,305 INFO: [IART_..][epoch:  4, iter:  55,852, lr:(2.448e-06,3.925e-07,)] [eta: 3:21:55, time (data): 2.736 (0.002)] l_pix: 2.4036e-02 
2025-11-25 16:38:55,135 INFO: [IART_..][epoch:  4, iter:  55,853, lr:(2.447e-06,3.923e-07,)] [eta: 3:21:52, time (data): 2.738 (0.002)] l_pix: 1.1044e-02 
2025-11-25 16:38:57,834 INFO: [IART_..][epoch:  4, iter:  55,854, lr:(2.446e-06,3.922e-07,)] [eta: 3:21:48, time (data): 2.737 (0.002)] l_pix: 1.1473e-02 
2025-11-25 16:39:00,686 INFO: [IART_..][epoch:  4, iter:  55,855, lr:(2.445e-06,3.921e-07,)] [eta: 3:21:44, time (data): 2.739 (0.002)] l_pix: 2.1709e-02 
2025-11-25 16:39:03,519 INFO: [IART_..][epoch:  4, iter:  55,856, lr:(2.444e-06,3.919e-07,)] [eta: 3:21:41, time (data): 2.741 (0.002)] l_pix: 2.1245e-02 
2025-11-25 16:39:06,396 INFO: [IART_..][epoch:  4, iter:  55,857, lr:(2.442e-06,3.918e-07,)] [eta: 3:21:38, time (data): 2.744 (0.002)] l_pix: 2.0379e-02 
2025-11-25 16:39:09,096 INFO: [IART_..][epoch:  4, iter:  55,858, lr:(2.441e-06,3.916e-07,)] [eta: 3:21:34, time (data): 2.743 (0.002)] l_pix: 2.1309e-02 
2025-11-25 16:39:11,749 INFO: [IART_..][epoch:  4, iter:  55,859, lr:(2.440e-06,3.915e-07,)] [eta: 3:21:30, time (data): 2.741 (0.002)] l_pix: 2.2669e-02 
2025-11-25 16:39:14,549 INFO: [IART_..][epoch:  4, iter:  55,860, lr:(2.439e-06,3.914e-07,)] [eta: 3:21:26, time (data): 2.742 (0.002)] l_pix: 2.6445e-02 
2025-11-25 16:39:17,261 INFO: [IART_..][epoch:  4, iter:  55,861, lr:(2.438e-06,3.912e-07,)] [eta: 3:21:22, time (data): 2.742 (0.002)] l_pix: 1.7986e-02 
2025-11-25 16:39:20,098 INFO: [IART_..][epoch:  4, iter:  55,862, lr:(2.437e-06,3.911e-07,)] [eta: 3:21:19, time (data): 2.744 (0.002)] l_pix: 1.8360e-02 
2025-11-25 16:39:22,869 INFO: [IART_..][epoch:  4, iter:  55,863, lr:(2.436e-06,3.909e-07,)] [eta: 3:21:15, time (data): 2.744 (0.002)] l_pix: 8.6764e-03 
2025-11-25 16:39:25,614 INFO: [IART_..][epoch:  4, iter:  55,864, lr:(2.435e-06,3.908e-07,)] [eta: 3:21:11, time (data): 2.744 (0.002)] l_pix: 1.4947e-02 
2025-11-25 16:39:28,426 INFO: [IART_..][epoch:  4, iter:  55,865, lr:(2.433e-06,3.907e-07,)] [eta: 3:21:08, time (data): 2.745 (0.002)] l_pix: 1.8884e-02 
2025-11-25 16:39:31,166 INFO: [IART_..][epoch:  4, iter:  55,866, lr:(2.432e-06,3.905e-07,)] [eta: 3:21:04, time (data): 2.745 (0.002)] l_pix: 2.5528e-02 
2025-11-25 16:39:33,917 INFO: [IART_..][epoch:  4, iter:  55,867, lr:(2.431e-06,3.904e-07,)] [eta: 3:21:01, time (data): 2.745 (0.002)] l_pix: 2.7769e-02 
2025-11-25 16:39:36,554 INFO: [IART_..][epoch:  4, iter:  55,868, lr:(2.430e-06,3.902e-07,)] [eta: 3:20:56, time (data): 2.743 (0.002)] l_pix: 1.3342e-02 
2025-11-25 16:39:39,350 INFO: [IART_..][epoch:  4, iter:  55,869, lr:(2.429e-06,3.901e-07,)] [eta: 3:20:53, time (data): 2.744 (0.002)] l_pix: 1.5454e-02 
2025-11-25 16:39:42,043 INFO: [IART_..][epoch:  4, iter:  55,870, lr:(2.428e-06,3.900e-07,)] [eta: 3:20:49, time (data): 2.743 (0.002)] l_pix: 1.4097e-02 
2025-11-25 16:39:44,749 INFO: [IART_..][epoch:  4, iter:  55,871, lr:(2.427e-06,3.898e-07,)] [eta: 3:20:45, time (data): 2.743 (0.002)] l_pix: 2.4751e-02 
2025-11-25 16:39:47,528 INFO: [IART_..][epoch:  4, iter:  55,872, lr:(2.426e-06,3.897e-07,)] [eta: 3:20:41, time (data): 2.743 (0.002)] l_pix: 2.9006e-02 
2025-11-25 16:39:50,387 INFO: [IART_..][epoch:  4, iter:  55,873, lr:(2.424e-06,3.895e-07,)] [eta: 3:20:38, time (data): 2.745 (0.002)] l_pix: 2.4734e-02 
2025-11-25 16:39:53,201 INFO: [IART_..][epoch:  4, iter:  55,874, lr:(2.423e-06,3.894e-07,)] [eta: 3:20:35, time (data): 2.746 (0.002)] l_pix: 1.6463e-02 
2025-11-25 16:39:55,966 INFO: [IART_..][epoch:  4, iter:  55,875, lr:(2.422e-06,3.893e-07,)] [eta: 3:20:31, time (data): 2.746 (0.002)] l_pix: 1.8824e-02 
2025-11-25 16:39:58,811 INFO: [IART_..][epoch:  4, iter:  55,876, lr:(2.421e-06,3.891e-07,)] [eta: 3:20:28, time (data): 2.748 (0.002)] l_pix: 2.0486e-02 
2025-11-25 16:40:01,672 INFO: [IART_..][epoch:  4, iter:  55,877, lr:(2.420e-06,3.890e-07,)] [eta: 3:20:25, time (data): 2.749 (0.002)] l_pix: 1.7482e-02 
2025-11-25 16:40:04,486 INFO: [IART_..][epoch:  4, iter:  55,878, lr:(2.419e-06,3.888e-07,)] [eta: 3:20:21, time (data): 2.750 (0.002)] l_pix: 1.5235e-02 
2025-11-25 16:40:07,270 INFO: [IART_..][epoch:  4, iter:  55,879, lr:(2.418e-06,3.887e-07,)] [eta: 3:20:18, time (data): 2.751 (0.002)] l_pix: 1.7818e-02 
2025-11-25 16:40:10,061 INFO: [IART_..][epoch:  4, iter:  55,880, lr:(2.417e-06,3.886e-07,)] [eta: 3:20:14, time (data): 2.751 (0.002)] l_pix: 2.7611e-02 
2025-11-25 16:40:12,828 INFO: [IART_..][epoch:  4, iter:  55,881, lr:(2.416e-06,3.884e-07,)] [eta: 3:20:11, time (data): 2.751 (0.002)] l_pix: 8.9605e-03 
2025-11-25 16:40:15,484 INFO: [IART_..][epoch:  4, iter:  55,882, lr:(2.414e-06,3.883e-07,)] [eta: 3:20:06, time (data): 2.750 (0.002)] l_pix: 2.7049e-02 
2025-11-25 16:40:18,233 INFO: [IART_..][epoch:  4, iter:  55,883, lr:(2.413e-06,3.881e-07,)] [eta: 3:20:03, time (data): 2.750 (0.002)] l_pix: 1.9910e-02 
2025-11-25 16:40:20,873 INFO: [IART_..][epoch:  4, iter:  55,884, lr:(2.412e-06,3.880e-07,)] [eta: 3:19:59, time (data): 2.749 (0.002)] l_pix: 1.9590e-02 
2025-11-25 16:40:23,628 INFO: [IART_..][epoch:  4, iter:  55,885, lr:(2.411e-06,3.879e-07,)] [eta: 3:19:55, time (data): 2.749 (0.002)] l_pix: 1.2693e-02 
2025-11-25 16:40:26,380 INFO: [IART_..][epoch:  4, iter:  55,886, lr:(2.410e-06,3.877e-07,)] [eta: 3:19:51, time (data): 2.749 (0.002)] l_pix: 7.6288e-03 
2025-11-25 16:40:29,167 INFO: [IART_..][epoch:  4, iter:  55,887, lr:(2.409e-06,3.876e-07,)] [eta: 3:19:48, time (data): 2.749 (0.002)] l_pix: 2.5184e-02 
2025-11-25 16:40:32,000 INFO: [IART_..][epoch:  4, iter:  55,888, lr:(2.408e-06,3.875e-07,)] [eta: 3:19:44, time (data): 2.750 (0.002)] l_pix: 1.5522e-02 
2025-11-25 16:40:34,711 INFO: [IART_..][epoch:  4, iter:  55,889, lr:(2.407e-06,3.873e-07,)] [eta: 3:19:41, time (data): 2.750 (0.002)] l_pix: 2.0315e-02 
2025-11-25 16:40:37,515 INFO: [IART_..][epoch:  4, iter:  55,890, lr:(2.405e-06,3.872e-07,)] [eta: 3:19:37, time (data): 2.750 (0.002)] l_pix: 2.7682e-02 
2025-11-25 16:40:40,246 INFO: [IART_..][epoch:  4, iter:  55,891, lr:(2.404e-06,3.870e-07,)] [eta: 3:19:33, time (data): 2.750 (0.002)] l_pix: 2.1019e-02 
2025-11-25 16:40:43,028 INFO: [IART_..][epoch:  4, iter:  55,892, lr:(2.403e-06,3.869e-07,)] [eta: 3:19:30, time (data): 2.751 (0.002)] l_pix: 2.7724e-02 
2025-11-25 16:40:45,860 INFO: [IART_..][epoch:  4, iter:  55,893, lr:(2.402e-06,3.868e-07,)] [eta: 3:19:27, time (data): 2.752 (0.002)] l_pix: 1.6746e-02 
2025-11-25 16:40:48,757 INFO: [IART_..][epoch:  4, iter:  55,894, lr:(2.401e-06,3.866e-07,)] [eta: 3:19:24, time (data): 2.753 (0.002)] l_pix: 1.5662e-02 
2025-11-25 16:40:51,592 INFO: [IART_..][epoch:  4, iter:  55,895, lr:(2.400e-06,3.865e-07,)] [eta: 3:19:20, time (data): 2.754 (0.002)] l_pix: 2.2615e-02 
2025-11-25 16:40:54,329 INFO: [IART_..][epoch:  4, iter:  55,896, lr:(2.399e-06,3.863e-07,)] [eta: 3:19:17, time (data): 2.754 (0.002)] l_pix: 1.8793e-02 
2025-11-25 16:40:57,213 INFO: [IART_..][epoch:  4, iter:  55,897, lr:(2.398e-06,3.862e-07,)] [eta: 3:19:13, time (data): 2.755 (0.002)] l_pix: 3.2570e-02 
2025-11-25 16:40:59,860 INFO: [IART_..][epoch:  4, iter:  55,898, lr:(2.397e-06,3.861e-07,)] [eta: 3:19:09, time (data): 2.754 (0.002)] l_pix: 3.5900e-02 
2025-11-25 16:41:02,523 INFO: [IART_..][epoch:  4, iter:  55,899, lr:(2.395e-06,3.859e-07,)] [eta: 3:19:05, time (data): 2.753 (0.002)] l_pix: 1.7428e-02 
2025-11-25 16:41:05,261 INFO: [IART_..][epoch:  4, iter:  55,900, lr:(2.394e-06,3.858e-07,)] [eta: 3:19:02, time (data): 2.753 (0.002)] l_pix: 2.7123e-02 
2025-11-25 16:41:08,048 INFO: [IART_..][epoch:  4, iter:  55,901, lr:(2.393e-06,3.856e-07,)] [eta: 3:18:58, time (data): 2.753 (0.002)] l_pix: 1.2480e-02 
2025-11-25 16:41:10,778 INFO: [IART_..][epoch:  4, iter:  55,902, lr:(2.392e-06,3.855e-07,)] [eta: 3:18:54, time (data): 2.753 (0.002)] l_pix: 1.9669e-02 
2025-11-25 16:41:13,532 INFO: [IART_..][epoch:  4, iter:  55,903, lr:(2.391e-06,3.854e-07,)] [eta: 3:18:51, time (data): 2.753 (0.002)] l_pix: 1.7073e-02 
2025-11-25 16:41:16,216 INFO: [IART_..][epoch:  4, iter:  55,904, lr:(2.390e-06,3.852e-07,)] [eta: 3:18:47, time (data): 2.752 (0.002)] l_pix: 2.1743e-02 
2025-11-25 16:41:18,945 INFO: [IART_..][epoch:  4, iter:  55,905, lr:(2.389e-06,3.851e-07,)] [eta: 3:18:43, time (data): 2.752 (0.002)] l_pix: 1.5865e-02 
2025-11-25 16:41:21,669 INFO: [IART_..][epoch:  4, iter:  55,906, lr:(2.388e-06,3.849e-07,)] [eta: 3:18:39, time (data): 2.752 (0.002)] l_pix: 1.0960e-02 
2025-11-25 16:41:24,390 INFO: [IART_..][epoch:  4, iter:  55,907, lr:(2.386e-06,3.848e-07,)] [eta: 3:18:35, time (data): 2.752 (0.002)] l_pix: 3.9222e-02 
2025-11-25 16:41:27,270 INFO: [IART_..][epoch:  4, iter:  55,908, lr:(2.385e-06,3.847e-07,)] [eta: 3:18:32, time (data): 2.753 (0.002)] l_pix: 1.2291e-02 
2025-11-25 16:41:30,082 INFO: [IART_..][epoch:  4, iter:  55,909, lr:(2.384e-06,3.845e-07,)] [eta: 3:18:29, time (data): 2.753 (0.002)] l_pix: 1.9237e-02 
2025-11-25 16:41:33,010 INFO: [IART_..][epoch:  4, iter:  55,910, lr:(2.383e-06,3.844e-07,)] [eta: 3:18:26, time (data): 2.755 (0.002)] l_pix: 3.0953e-02 
2025-11-25 16:41:35,783 INFO: [IART_..][epoch:  4, iter:  55,911, lr:(2.382e-06,3.843e-07,)] [eta: 3:18:23, time (data): 2.755 (0.002)] l_pix: 2.0707e-02 
2025-11-25 16:41:38,691 INFO: [IART_..][epoch:  4, iter:  55,912, lr:(2.381e-06,3.841e-07,)] [eta: 3:18:20, time (data): 2.757 (0.002)] l_pix: 2.5934e-02 
2025-11-25 16:41:41,503 INFO: [IART_..][epoch:  4, iter:  55,913, lr:(2.380e-06,3.840e-07,)] [eta: 3:18:16, time (data): 2.757 (0.002)] l_pix: 2.3275e-02 
2025-11-25 16:41:44,318 INFO: [IART_..][epoch:  4, iter:  55,914, lr:(2.379e-06,3.838e-07,)] [eta: 3:18:13, time (data): 2.758 (0.002)] l_pix: 2.5866e-02 
2025-11-25 16:41:47,015 INFO: [IART_..][epoch:  4, iter:  55,915, lr:(2.378e-06,3.837e-07,)] [eta: 3:18:09, time (data): 2.757 (0.002)] l_pix: 2.1332e-02 
2025-11-25 16:41:49,891 INFO: [IART_..][epoch:  4, iter:  55,916, lr:(2.376e-06,3.836e-07,)] [eta: 3:18:06, time (data): 2.758 (0.002)] l_pix: 3.2783e-02 
2025-11-25 16:41:52,659 INFO: [IART_..][epoch:  4, iter:  55,917, lr:(2.375e-06,3.834e-07,)] [eta: 3:18:03, time (data): 2.758 (0.002)] l_pix: 2.2446e-02 
2025-11-25 16:41:55,398 INFO: [IART_..][epoch:  4, iter:  55,918, lr:(2.374e-06,3.833e-07,)] [eta: 3:17:59, time (data): 2.758 (0.002)] l_pix: 2.5454e-02 
2025-11-25 16:41:58,250 INFO: [IART_..][epoch:  4, iter:  55,919, lr:(2.373e-06,3.832e-07,)] [eta: 3:17:56, time (data): 2.759 (0.002)] l_pix: 2.3698e-02 
2025-11-25 16:42:01,067 INFO: [IART_..][epoch:  4, iter:  55,920, lr:(2.372e-06,3.830e-07,)] [eta: 3:17:52, time (data): 2.759 (0.002)] l_pix: 1.2901e-02 
2025-11-25 16:42:03,787 INFO: [IART_..][epoch:  4, iter:  55,921, lr:(2.371e-06,3.829e-07,)] [eta: 3:17:49, time (data): 2.759 (0.002)] l_pix: 1.1246e-02 
2025-11-25 16:42:06,577 INFO: [IART_..][epoch:  4, iter:  55,922, lr:(2.370e-06,3.827e-07,)] [eta: 3:17:45, time (data): 2.759 (0.002)] l_pix: 1.9848e-02 
2025-11-25 16:42:09,377 INFO: [IART_..][epoch:  4, iter:  55,923, lr:(2.369e-06,3.826e-07,)] [eta: 3:17:42, time (data): 2.760 (0.002)] l_pix: 1.0881e-02 
2025-11-25 16:42:12,184 INFO: [IART_..][epoch:  4, iter:  55,924, lr:(2.368e-06,3.825e-07,)] [eta: 3:17:38, time (data): 2.760 (0.002)] l_pix: 1.4675e-02 
2025-11-25 16:42:14,934 INFO: [IART_..][epoch:  4, iter:  55,925, lr:(2.367e-06,3.823e-07,)] [eta: 3:17:35, time (data): 2.760 (0.002)] l_pix: 2.6046e-02 
2025-11-25 16:42:17,771 INFO: [IART_..][epoch:  4, iter:  55,926, lr:(2.365e-06,3.822e-07,)] [eta: 3:17:32, time (data): 2.761 (0.002)] l_pix: 1.9978e-02 
2025-11-25 16:42:20,516 INFO: [IART_..][epoch:  4, iter:  55,927, lr:(2.364e-06,3.820e-07,)] [eta: 3:17:28, time (data): 2.760 (0.002)] l_pix: 1.4443e-02 
2025-11-25 16:42:23,249 INFO: [IART_..][epoch:  4, iter:  55,928, lr:(2.363e-06,3.819e-07,)] [eta: 3:17:24, time (data): 2.760 (0.002)] l_pix: 2.0125e-02 
2025-11-25 16:42:26,040 INFO: [IART_..][epoch:  4, iter:  55,929, lr:(2.362e-06,3.818e-07,)] [eta: 3:17:21, time (data): 2.760 (0.002)] l_pix: 2.2250e-02 
2025-11-25 16:42:28,824 INFO: [IART_..][epoch:  4, iter:  55,930, lr:(2.361e-06,3.816e-07,)] [eta: 3:17:17, time (data): 2.761 (0.002)] l_pix: 1.0676e-02 
2025-11-25 16:42:31,560 INFO: [IART_..][epoch:  4, iter:  55,931, lr:(2.360e-06,3.815e-07,)] [eta: 3:17:14, time (data): 2.760 (0.002)] l_pix: 3.1299e-02 
2025-11-25 16:42:34,374 INFO: [IART_..][epoch:  4, iter:  55,932, lr:(2.359e-06,3.814e-07,)] [eta: 3:17:10, time (data): 2.761 (0.002)] l_pix: 1.1147e-02 
2025-11-25 16:42:37,084 INFO: [IART_..][epoch:  4, iter:  55,933, lr:(2.358e-06,3.812e-07,)] [eta: 3:17:07, time (data): 2.760 (0.002)] l_pix: 3.5013e-02 
2025-11-25 16:42:39,833 INFO: [IART_..][epoch:  4, iter:  55,934, lr:(2.357e-06,3.811e-07,)] [eta: 3:17:03, time (data): 2.760 (0.002)] l_pix: 2.9463e-02 
2025-11-25 16:42:42,595 INFO: [IART_..][epoch:  4, iter:  55,935, lr:(2.355e-06,3.809e-07,)] [eta: 3:16:59, time (data): 2.760 (0.002)] l_pix: 2.2115e-02 
2025-11-25 16:42:45,439 INFO: [IART_..][epoch:  4, iter:  55,936, lr:(2.354e-06,3.808e-07,)] [eta: 3:16:56, time (data): 2.761 (0.002)] l_pix: 1.3089e-02 
2025-11-25 16:42:48,255 INFO: [IART_..][epoch:  4, iter:  55,937, lr:(2.353e-06,3.807e-07,)] [eta: 3:16:53, time (data): 2.761 (0.002)] l_pix: 1.0789e-02 
2025-11-25 16:42:51,043 INFO: [IART_..][epoch:  4, iter:  55,938, lr:(2.352e-06,3.805e-07,)] [eta: 3:16:50, time (data): 2.762 (0.002)] l_pix: 3.6364e-02 
2025-11-25 16:42:53,751 INFO: [IART_..][epoch:  4, iter:  55,939, lr:(2.351e-06,3.804e-07,)] [eta: 3:16:46, time (data): 2.761 (0.002)] l_pix: 2.4225e-02 
2025-11-25 16:42:56,603 INFO: [IART_..][epoch:  4, iter:  55,940, lr:(2.350e-06,3.803e-07,)] [eta: 3:16:43, time (data): 2.762 (0.002)] l_pix: 2.6138e-02 
2025-11-25 16:42:59,414 INFO: [IART_..][epoch:  4, iter:  55,941, lr:(2.349e-06,3.801e-07,)] [eta: 3:16:39, time (data): 2.762 (0.002)] l_pix: 3.3489e-02 
2025-11-25 16:43:02,273 INFO: [IART_..][epoch:  4, iter:  55,942, lr:(2.348e-06,3.800e-07,)] [eta: 3:16:36, time (data): 2.763 (0.002)] l_pix: 2.5784e-02 
2025-11-25 16:43:04,970 INFO: [IART_..][epoch:  4, iter:  55,943, lr:(2.347e-06,3.798e-07,)] [eta: 3:16:32, time (data): 2.762 (0.002)] l_pix: 1.7489e-02 
2025-11-25 16:43:07,702 INFO: [IART_..][epoch:  4, iter:  55,944, lr:(2.345e-06,3.797e-07,)] [eta: 3:16:29, time (data): 2.762 (0.002)] l_pix: 2.1184e-02 
2025-11-25 16:43:10,487 INFO: [IART_..][epoch:  4, iter:  55,945, lr:(2.344e-06,3.796e-07,)] [eta: 3:16:25, time (data): 2.762 (0.002)] l_pix: 7.2581e-03 
2025-11-25 16:43:13,340 INFO: [IART_..][epoch:  4, iter:  55,946, lr:(2.343e-06,3.794e-07,)] [eta: 3:16:22, time (data): 2.763 (0.002)] l_pix: 3.3524e-02 
2025-11-25 16:43:16,258 INFO: [IART_..][epoch:  4, iter:  55,947, lr:(2.342e-06,3.793e-07,)] [eta: 3:16:19, time (data): 2.764 (0.002)] l_pix: 1.4086e-02 
2025-11-25 16:43:18,998 INFO: [IART_..][epoch:  4, iter:  55,948, lr:(2.341e-06,3.792e-07,)] [eta: 3:16:16, time (data): 2.764 (0.002)] l_pix: 5.4002e-03 
2025-11-25 16:43:21,848 INFO: [IART_..][epoch:  4, iter:  55,949, lr:(2.340e-06,3.790e-07,)] [eta: 3:16:12, time (data): 2.764 (0.002)] l_pix: 2.1668e-02 
2025-11-25 16:43:24,603 INFO: [IART_..][epoch:  4, iter:  55,950, lr:(2.339e-06,3.789e-07,)] [eta: 3:16:09, time (data): 2.764 (0.002)] l_pix: 3.0622e-02 
2025-11-25 16:43:27,457 INFO: [IART_..][epoch:  4, iter:  55,951, lr:(2.338e-06,3.787e-07,)] [eta: 3:16:06, time (data): 2.765 (0.002)] l_pix: 1.5159e-02 
2025-11-25 16:43:30,326 INFO: [IART_..][epoch:  4, iter:  55,952, lr:(2.337e-06,3.786e-07,)] [eta: 3:16:03, time (data): 2.766 (0.002)] l_pix: 4.0946e-02 
2025-11-25 16:43:33,072 INFO: [IART_..][epoch:  4, iter:  55,953, lr:(2.336e-06,3.785e-07,)] [eta: 3:15:59, time (data): 2.766 (0.002)] l_pix: 1.9100e-02 
2025-11-25 16:43:35,841 INFO: [IART_..][epoch:  4, iter:  55,954, lr:(2.334e-06,3.783e-07,)] [eta: 3:15:56, time (data): 2.766 (0.002)] l_pix: 3.1903e-02 
2025-11-25 16:43:38,695 INFO: [IART_..][epoch:  4, iter:  55,955, lr:(2.333e-06,3.782e-07,)] [eta: 3:15:53, time (data): 2.766 (0.002)] l_pix: 2.5924e-02 
2025-11-25 16:43:41,306 INFO: [IART_..][epoch:  4, iter:  55,956, lr:(2.332e-06,3.781e-07,)] [eta: 3:15:48, time (data): 2.765 (0.001)] l_pix: 2.1721e-02 
2025-11-25 16:43:44,046 INFO: [IART_..][epoch:  4, iter:  55,957, lr:(2.331e-06,3.779e-07,)] [eta: 3:15:45, time (data): 2.765 (0.001)] l_pix: 1.8535e-02 
2025-11-25 16:43:46,880 INFO: [IART_..][epoch:  4, iter:  55,958, lr:(2.330e-06,3.778e-07,)] [eta: 3:15:42, time (data): 2.765 (0.002)] l_pix: 2.4035e-02 
2025-11-25 16:43:49,766 INFO: [IART_..][epoch:  4, iter:  55,959, lr:(2.329e-06,3.776e-07,)] [eta: 3:15:39, time (data): 2.766 (0.002)] l_pix: 1.9347e-02 
2025-11-25 16:43:52,622 INFO: [IART_..][epoch:  4, iter:  55,960, lr:(2.328e-06,3.775e-07,)] [eta: 3:15:35, time (data): 2.767 (0.002)] l_pix: 2.2269e-02 
2025-11-25 16:43:55,490 INFO: [IART_..][epoch:  4, iter:  55,961, lr:(2.327e-06,3.774e-07,)] [eta: 3:15:32, time (data): 2.767 (0.002)] l_pix: 1.8333e-02 
2025-11-25 16:43:58,359 INFO: [IART_..][epoch:  4, iter:  55,962, lr:(2.326e-06,3.772e-07,)] [eta: 3:15:29, time (data): 2.768 (0.002)] l_pix: 1.4552e-02 
2025-11-25 16:44:01,211 INFO: [IART_..][epoch:  4, iter:  55,963, lr:(2.325e-06,3.771e-07,)] [eta: 3:15:26, time (data): 2.769 (0.002)] l_pix: 1.7130e-02 
2025-11-25 16:44:04,015 INFO: [IART_..][epoch:  4, iter:  55,964, lr:(2.323e-06,3.770e-07,)] [eta: 3:15:23, time (data): 2.769 (0.002)] l_pix: 2.3964e-02 
2025-11-25 16:44:06,772 INFO: [IART_..][epoch:  4, iter:  55,965, lr:(2.322e-06,3.768e-07,)] [eta: 3:15:19, time (data): 2.769 (0.002)] l_pix: 2.2792e-02 
2025-11-25 16:44:09,480 INFO: [IART_..][epoch:  4, iter:  55,966, lr:(2.321e-06,3.767e-07,)] [eta: 3:15:16, time (data): 2.768 (0.002)] l_pix: 1.2163e-02 
2025-11-25 16:44:12,492 INFO: [IART_..][epoch:  4, iter:  55,967, lr:(2.320e-06,3.766e-07,)] [eta: 3:15:13, time (data): 2.770 (0.002)] l_pix: 1.6110e-02 
2025-11-25 16:44:15,229 INFO: [IART_..][epoch:  4, iter:  55,968, lr:(2.319e-06,3.764e-07,)] [eta: 3:15:10, time (data): 2.770 (0.002)] l_pix: 2.2028e-02 
2025-11-25 16:44:18,098 INFO: [IART_..][epoch:  4, iter:  55,969, lr:(2.318e-06,3.763e-07,)] [eta: 3:15:07, time (data): 2.770 (0.002)] l_pix: 1.9175e-02 
2025-11-25 16:44:20,905 INFO: [IART_..][epoch:  4, iter:  55,970, lr:(2.317e-06,3.761e-07,)] [eta: 3:15:03, time (data): 2.771 (0.002)] l_pix: 2.4980e-02 
2025-11-25 16:44:23,805 INFO: [IART_..][epoch:  4, iter:  55,971, lr:(2.316e-06,3.760e-07,)] [eta: 3:15:00, time (data): 2.771 (0.002)] l_pix: 1.3470e-02 
2025-11-25 16:44:26,613 INFO: [IART_..][epoch:  4, iter:  55,972, lr:(2.315e-06,3.759e-07,)] [eta: 3:14:57, time (data): 2.772 (0.002)] l_pix: 2.1397e-02 
2025-11-25 16:44:29,500 INFO: [IART_..][epoch:  4, iter:  55,973, lr:(2.314e-06,3.757e-07,)] [eta: 3:14:54, time (data): 2.772 (0.002)] l_pix: 2.0936e-02 
2025-11-25 16:44:32,359 INFO: [IART_..][epoch:  4, iter:  55,974, lr:(2.313e-06,3.756e-07,)] [eta: 3:14:51, time (data): 2.773 (0.002)] l_pix: 2.1131e-02 
2025-11-25 16:44:35,191 INFO: [IART_..][epoch:  4, iter:  55,975, lr:(2.311e-06,3.755e-07,)] [eta: 3:14:48, time (data): 2.773 (0.002)] l_pix: 1.6112e-02 
2025-11-25 16:44:37,942 INFO: [IART_..][epoch:  4, iter:  55,976, lr:(2.310e-06,3.753e-07,)] [eta: 3:14:44, time (data): 2.773 (0.002)] l_pix: 3.4661e-02 
2025-11-25 16:44:40,702 INFO: [IART_..][epoch:  4, iter:  55,977, lr:(2.309e-06,3.752e-07,)] [eta: 3:14:41, time (data): 2.773 (0.002)] l_pix: 2.1384e-02 
2025-11-25 16:44:43,428 INFO: [IART_..][epoch:  4, iter:  55,978, lr:(2.308e-06,3.751e-07,)] [eta: 3:14:37, time (data): 2.773 (0.002)] l_pix: 1.6679e-02 
2025-11-25 16:44:46,257 INFO: [IART_..][epoch:  4, iter:  55,979, lr:(2.307e-06,3.749e-07,)] [eta: 3:14:34, time (data): 2.773 (0.002)] l_pix: 1.6825e-02 
2025-11-25 16:44:49,089 INFO: [IART_..][epoch:  4, iter:  55,980, lr:(2.306e-06,3.748e-07,)] [eta: 3:14:31, time (data): 2.773 (0.002)] l_pix: 2.8915e-02 
2025-11-25 16:44:51,879 INFO: [IART_..][epoch:  4, iter:  55,981, lr:(2.305e-06,3.746e-07,)] [eta: 3:14:27, time (data): 2.773 (0.002)] l_pix: 1.7418e-02 
2025-11-25 16:44:54,571 INFO: [IART_..][epoch:  4, iter:  55,982, lr:(2.304e-06,3.745e-07,)] [eta: 3:14:23, time (data): 2.773 (0.002)] l_pix: 1.3147e-02 
2025-11-25 16:44:57,323 INFO: [IART_..][epoch:  4, iter:  55,983, lr:(2.303e-06,3.744e-07,)] [eta: 3:14:20, time (data): 2.773 (0.002)] l_pix: 1.9628e-02 
2025-11-25 16:45:00,066 INFO: [IART_..][epoch:  4, iter:  55,984, lr:(2.302e-06,3.742e-07,)] [eta: 3:14:16, time (data): 2.773 (0.002)] l_pix: 1.3436e-02 
2025-11-25 16:45:02,887 INFO: [IART_..][epoch:  4, iter:  55,985, lr:(2.300e-06,3.741e-07,)] [eta: 3:14:13, time (data): 2.773 (0.002)] l_pix: 2.9420e-02 
2025-11-25 16:45:05,503 INFO: [IART_..][epoch:  4, iter:  55,986, lr:(2.299e-06,3.740e-07,)] [eta: 3:14:09, time (data): 2.772 (0.002)] l_pix: 2.0183e-02 
2025-11-25 16:45:08,197 INFO: [IART_..][epoch:  4, iter:  55,987, lr:(2.298e-06,3.738e-07,)] [eta: 3:14:05, time (data): 2.772 (0.002)] l_pix: 1.9474e-02 
2025-11-25 16:45:10,940 INFO: [IART_..][epoch:  4, iter:  55,988, lr:(2.297e-06,3.737e-07,)] [eta: 3:14:02, time (data): 2.771 (0.002)] l_pix: 1.1717e-02 
2025-11-25 16:45:13,647 INFO: [IART_..][epoch:  4, iter:  55,989, lr:(2.296e-06,3.736e-07,)] [eta: 3:13:58, time (data): 2.771 (0.002)] l_pix: 2.2877e-02 
2025-11-25 16:45:16,412 INFO: [IART_..][epoch:  4, iter:  55,990, lr:(2.295e-06,3.734e-07,)] [eta: 3:13:55, time (data): 2.771 (0.002)] l_pix: 4.0323e-02 
2025-11-25 16:45:19,173 INFO: [IART_..][epoch:  4, iter:  55,991, lr:(2.294e-06,3.733e-07,)] [eta: 3:13:51, time (data): 2.771 (0.002)] l_pix: 1.8173e-02 
2025-11-25 16:45:22,110 INFO: [IART_..][epoch:  4, iter:  55,992, lr:(2.293e-06,3.731e-07,)] [eta: 3:13:48, time (data): 2.772 (0.002)] l_pix: 2.0788e-02 
2025-11-25 16:45:24,911 INFO: [IART_..][epoch:  4, iter:  55,993, lr:(2.292e-06,3.730e-07,)] [eta: 3:13:45, time (data): 2.772 (0.002)] l_pix: 9.4128e-03 
2025-11-25 16:45:27,748 INFO: [IART_..][epoch:  4, iter:  55,994, lr:(2.291e-06,3.729e-07,)] [eta: 3:13:42, time (data): 2.772 (0.002)] l_pix: 1.7279e-02 
2025-11-25 16:45:30,591 INFO: [IART_..][epoch:  4, iter:  55,995, lr:(2.290e-06,3.727e-07,)] [eta: 3:13:39, time (data): 2.773 (0.002)] l_pix: 2.0024e-02 
2025-11-25 16:45:33,419 INFO: [IART_..][epoch:  4, iter:  55,996, lr:(2.289e-06,3.726e-07,)] [eta: 3:13:36, time (data): 2.773 (0.002)] l_pix: 1.2674e-02 
2025-11-25 16:45:36,116 INFO: [IART_..][epoch:  4, iter:  55,997, lr:(2.287e-06,3.725e-07,)] [eta: 3:13:32, time (data): 2.773 (0.002)] l_pix: 1.8347e-02 
2025-11-25 16:45:38,848 INFO: [IART_..][epoch:  4, iter:  55,998, lr:(2.286e-06,3.723e-07,)] [eta: 3:13:28, time (data): 2.772 (0.002)] l_pix: 2.5676e-02 
2025-11-25 16:45:41,594 INFO: [IART_..][epoch:  4, iter:  55,999, lr:(2.285e-06,3.722e-07,)] [eta: 3:13:25, time (data): 2.772 (0.002)] l_pix: 1.9922e-02 
2025-11-25 16:45:44,324 INFO: [IART_..][epoch:  4, iter:  56,000, lr:(2.284e-06,3.721e-07,)] [eta: 3:13:21, time (data): 2.772 (0.002)] l_pix: 3.0640e-02 
2025-11-25 16:45:47,048 INFO: [IART_..][epoch:  4, iter:  56,001, lr:(2.283e-06,3.719e-07,)] [eta: 3:13:18, time (data): 2.772 (0.002)] l_pix: 1.6282e-02 
2025-11-25 16:45:49,902 INFO: [IART_..][epoch:  4, iter:  56,002, lr:(2.282e-06,3.718e-07,)] [eta: 3:13:14, time (data): 2.772 (0.002)] l_pix: 1.7599e-02 
2025-11-25 16:45:52,711 INFO: [IART_..][epoch:  4, iter:  56,003, lr:(2.281e-06,3.717e-07,)] [eta: 3:13:11, time (data): 2.772 (0.002)] l_pix: 2.1214e-02 
2025-11-25 16:45:55,467 INFO: [IART_..][epoch:  4, iter:  56,004, lr:(2.280e-06,3.715e-07,)] [eta: 3:13:08, time (data): 2.772 (0.002)] l_pix: 2.3018e-02 
2025-11-25 16:45:58,262 INFO: [IART_..][epoch:  4, iter:  56,005, lr:(2.279e-06,3.714e-07,)] [eta: 3:13:04, time (data): 2.772 (0.002)] l_pix: 2.8398e-02 
2025-11-25 16:46:01,006 INFO: [IART_..][epoch:  4, iter:  56,006, lr:(2.278e-06,3.712e-07,)] [eta: 3:13:01, time (data): 2.745 (0.002)] l_pix: 1.9740e-02 
2025-11-25 16:46:03,867 INFO: [IART_..][epoch:  4, iter:  56,007, lr:(2.277e-06,3.711e-07,)] [eta: 3:12:58, time (data): 2.802 (0.002)] l_pix: 2.8010e-02 
2025-11-25 16:46:06,582 INFO: [IART_..][epoch:  4, iter:  56,008, lr:(2.275e-06,3.710e-07,)] [eta: 3:12:54, time (data): 2.773 (0.002)] l_pix: 2.6777e-02 
2025-11-25 16:46:09,509 INFO: [IART_..][epoch:  4, iter:  56,009, lr:(2.274e-06,3.708e-07,)] [eta: 3:12:51, time (data): 2.811 (0.002)] l_pix: 2.0677e-02 
2025-11-25 16:46:12,248 INFO: [IART_..][epoch:  4, iter:  56,010, lr:(2.273e-06,3.707e-07,)] [eta: 3:12:48, time (data): 2.797 (0.002)] l_pix: 2.2877e-02 
2025-11-25 16:46:14,992 INFO: [IART_..][epoch:  4, iter:  56,011, lr:(2.272e-06,3.706e-07,)] [eta: 3:12:44, time (data): 2.788 (0.002)] l_pix: 2.0960e-02 
2025-11-25 16:46:17,774 INFO: [IART_..][epoch:  4, iter:  56,012, lr:(2.271e-06,3.704e-07,)] [eta: 3:12:41, time (data): 2.787 (0.002)] l_pix: 1.4837e-02 
2025-11-25 16:46:20,505 INFO: [IART_..][epoch:  4, iter:  56,013, lr:(2.270e-06,3.703e-07,)] [eta: 3:12:37, time (data): 2.780 (0.002)] l_pix: 2.9599e-02 
2025-11-25 16:46:23,223 INFO: [IART_..][epoch:  4, iter:  56,014, lr:(2.269e-06,3.702e-07,)] [eta: 3:12:34, time (data): 2.773 (0.002)] l_pix: 1.8995e-02 
2025-11-25 16:46:25,913 INFO: [IART_..][epoch:  4, iter:  56,015, lr:(2.268e-06,3.700e-07,)] [eta: 3:12:30, time (data): 2.765 (0.002)] l_pix: 2.1308e-02 
2025-11-25 16:46:28,612 INFO: [IART_..][epoch:  4, iter:  56,016, lr:(2.267e-06,3.699e-07,)] [eta: 3:12:26, time (data): 2.759 (0.002)] l_pix: 1.6637e-02 
2025-11-25 16:46:31,383 INFO: [IART_..][epoch:  4, iter:  56,017, lr:(2.266e-06,3.698e-07,)] [eta: 3:12:23, time (data): 2.760 (0.002)] l_pix: 1.7195e-02 
2025-11-25 16:46:34,220 INFO: [IART_..][epoch:  4, iter:  56,018, lr:(2.265e-06,3.696e-07,)] [eta: 3:12:20, time (data): 2.766 (0.002)] l_pix: 2.7804e-02 
2025-11-25 16:46:37,013 INFO: [IART_..][epoch:  4, iter:  56,019, lr:(2.264e-06,3.695e-07,)] [eta: 3:12:17, time (data): 2.768 (0.002)] l_pix: 1.8986e-02 
2025-11-25 16:46:39,666 INFO: [IART_..][epoch:  4, iter:  56,020, lr:(2.262e-06,3.694e-07,)] [eta: 3:12:13, time (data): 2.760 (0.002)] l_pix: 3.3743e-02 
2025-11-25 16:46:42,364 INFO: [IART_..][epoch:  4, iter:  56,021, lr:(2.261e-06,3.692e-07,)] [eta: 3:12:09, time (data): 2.756 (0.002)] l_pix: 2.8284e-02 
2025-11-25 16:46:45,042 INFO: [IART_..][epoch:  4, iter:  56,022, lr:(2.260e-06,3.691e-07,)] [eta: 3:12:05, time (data): 2.751 (0.002)] l_pix: 8.0367e-03 
2025-11-25 16:46:47,724 INFO: [IART_..][epoch:  4, iter:  56,023, lr:(2.259e-06,3.690e-07,)] [eta: 3:12:02, time (data): 2.747 (0.002)] l_pix: 2.4644e-02 
2025-11-25 16:46:50,481 INFO: [IART_..][epoch:  4, iter:  56,024, lr:(2.258e-06,3.688e-07,)] [eta: 3:11:58, time (data): 2.748 (0.002)] l_pix: 2.6355e-02 
2025-11-25 16:46:53,225 INFO: [IART_..][epoch:  4, iter:  56,025, lr:(2.257e-06,3.687e-07,)] [eta: 3:11:55, time (data): 2.748 (0.002)] l_pix: 1.3863e-02 
2025-11-25 16:46:55,973 INFO: [IART_..][epoch:  4, iter:  56,026, lr:(2.256e-06,3.685e-07,)] [eta: 3:11:51, time (data): 2.748 (0.002)] l_pix: 2.0254e-02 
2025-11-25 16:46:58,843 INFO: [IART_..][epoch:  4, iter:  56,027, lr:(2.255e-06,3.684e-07,)] [eta: 3:11:48, time (data): 2.753 (0.002)] l_pix: 2.3933e-02 
2025-11-25 16:47:01,541 INFO: [IART_..][epoch:  4, iter:  56,028, lr:(2.254e-06,3.683e-07,)] [eta: 3:11:44, time (data): 2.751 (0.002)] l_pix: 2.2228e-02 
2025-11-25 16:47:04,345 INFO: [IART_..][epoch:  4, iter:  56,029, lr:(2.253e-06,3.681e-07,)] [eta: 3:11:41, time (data): 2.753 (0.002)] l_pix: 1.4189e-02 
2025-11-25 16:47:07,174 INFO: [IART_..][epoch:  4, iter:  56,030, lr:(2.252e-06,3.680e-07,)] [eta: 3:11:38, time (data): 2.756 (0.002)] l_pix: 2.8130e-02 
2025-11-25 16:47:09,963 INFO: [IART_..][epoch:  4, iter:  56,031, lr:(2.251e-06,3.679e-07,)] [eta: 3:11:35, time (data): 2.757 (0.002)] l_pix: 1.5909e-02 
2025-11-25 16:47:12,783 INFO: [IART_..][epoch:  4, iter:  56,032, lr:(2.249e-06,3.677e-07,)] [eta: 3:11:32, time (data): 2.760 (0.002)] l_pix: 3.2496e-02 
2025-11-25 16:47:15,561 INFO: [IART_..][epoch:  4, iter:  56,033, lr:(2.248e-06,3.676e-07,)] [eta: 3:11:28, time (data): 2.760 (0.002)] l_pix: 2.1397e-02 
2025-11-25 16:47:18,309 INFO: [IART_..][epoch:  4, iter:  56,034, lr:(2.247e-06,3.675e-07,)] [eta: 3:11:25, time (data): 2.760 (0.002)] l_pix: 1.3212e-02 
2025-11-25 16:47:20,954 INFO: [IART_..][epoch:  4, iter:  56,035, lr:(2.246e-06,3.673e-07,)] [eta: 3:11:21, time (data): 2.756 (0.002)] l_pix: 3.2370e-02 
2025-11-25 16:47:23,618 INFO: [IART_..][epoch:  4, iter:  56,036, lr:(2.245e-06,3.672e-07,)] [eta: 3:11:17, time (data): 2.753 (0.002)] l_pix: 2.0882e-02 
2025-11-25 16:47:26,381 INFO: [IART_..][epoch:  4, iter:  56,037, lr:(2.244e-06,3.671e-07,)] [eta: 3:11:14, time (data): 2.753 (0.002)] l_pix: 2.0892e-02 
2025-11-25 16:47:29,313 INFO: [IART_..][epoch:  4, iter:  56,038, lr:(2.243e-06,3.669e-07,)] [eta: 3:11:11, time (data): 2.759 (0.002)] l_pix: 2.0213e-02 
2025-11-25 16:47:32,361 INFO: [IART_..][epoch:  4, iter:  56,039, lr:(2.242e-06,3.668e-07,)] [eta: 3:11:09, time (data): 2.767 (0.002)] l_pix: 1.4649e-02 
2025-11-25 16:47:35,044 INFO: [IART_..][epoch:  4, iter:  56,040, lr:(2.241e-06,3.667e-07,)] [eta: 3:11:05, time (data): 2.765 (0.002)] l_pix: 2.8412e-02 
2025-11-25 16:47:37,956 INFO: [IART_..][epoch:  4, iter:  56,041, lr:(2.240e-06,3.665e-07,)] [eta: 3:11:02, time (data): 2.769 (0.002)] l_pix: 2.8388e-02 
2025-11-25 16:47:40,594 INFO: [IART_..][epoch:  4, iter:  56,042, lr:(2.239e-06,3.664e-07,)] [eta: 3:10:58, time (data): 2.765 (0.002)] l_pix: 2.5632e-02 
2025-11-25 16:47:43,415 INFO: [IART_..][epoch:  4, iter:  56,043, lr:(2.238e-06,3.663e-07,)] [eta: 3:10:55, time (data): 2.767 (0.002)] l_pix: 1.7663e-02 
2025-11-25 16:47:46,276 INFO: [IART_..][epoch:  4, iter:  56,044, lr:(2.237e-06,3.661e-07,)] [eta: 3:10:52, time (data): 2.769 (0.002)] l_pix: 5.6781e-03 
2025-11-25 16:47:48,982 INFO: [IART_..][epoch:  4, iter:  56,045, lr:(2.235e-06,3.660e-07,)] [eta: 3:10:48, time (data): 2.768 (0.002)] l_pix: 2.5404e-02 
2025-11-25 16:47:51,743 INFO: [IART_..][epoch:  4, iter:  56,046, lr:(2.234e-06,3.659e-07,)] [eta: 3:10:45, time (data): 2.767 (0.002)] l_pix: 2.2033e-02 
2025-11-25 16:47:54,464 INFO: [IART_..][epoch:  4, iter:  56,047, lr:(2.233e-06,3.657e-07,)] [eta: 3:10:41, time (data): 2.766 (0.002)] l_pix: 3.1305e-02 
2025-11-25 16:47:57,140 INFO: [IART_..][epoch:  4, iter:  56,048, lr:(2.232e-06,3.656e-07,)] [eta: 3:10:38, time (data): 2.764 (0.002)] l_pix: 1.8010e-02 
2025-11-25 16:47:59,804 INFO: [IART_..][epoch:  4, iter:  56,049, lr:(2.231e-06,3.655e-07,)] [eta: 3:10:34, time (data): 2.762 (0.002)] l_pix: 2.5933e-02 
2025-11-25 16:48:02,535 INFO: [IART_..][epoch:  4, iter:  56,050, lr:(2.230e-06,3.653e-07,)] [eta: 3:10:30, time (data): 2.761 (0.002)] l_pix: 2.4775e-02 
2025-11-25 16:48:05,203 INFO: [IART_..][epoch:  4, iter:  56,051, lr:(2.229e-06,3.652e-07,)] [eta: 3:10:27, time (data): 2.759 (0.002)] l_pix: 2.2807e-02 
2025-11-25 16:48:07,908 INFO: [IART_..][epoch:  4, iter:  56,052, lr:(2.228e-06,3.651e-07,)] [eta: 3:10:23, time (data): 2.758 (0.002)] l_pix: 1.0055e-02 
2025-11-25 16:48:10,666 INFO: [IART_..][epoch:  4, iter:  56,053, lr:(2.227e-06,3.649e-07,)] [eta: 3:10:20, time (data): 2.758 (0.002)] l_pix: 1.8242e-02 
2025-11-25 16:48:13,382 INFO: [IART_..][epoch:  4, iter:  56,054, lr:(2.226e-06,3.648e-07,)] [eta: 3:10:16, time (data): 2.757 (0.002)] l_pix: 1.3842e-02 
2025-11-25 16:48:16,055 INFO: [IART_..][epoch:  4, iter:  56,055, lr:(2.225e-06,3.647e-07,)] [eta: 3:10:12, time (data): 2.755 (0.002)] l_pix: 1.8206e-02 
2025-11-25 16:48:18,801 INFO: [IART_..][epoch:  4, iter:  56,056, lr:(2.224e-06,3.645e-07,)] [eta: 3:10:09, time (data): 2.755 (0.002)] l_pix: 1.2050e-02 
2025-11-25 16:48:21,623 INFO: [IART_..][epoch:  4, iter:  56,057, lr:(2.223e-06,3.644e-07,)] [eta: 3:10:06, time (data): 2.757 (0.002)] l_pix: 1.7943e-02 
2025-11-25 16:48:24,358 INFO: [IART_..][epoch:  4, iter:  56,058, lr:(2.221e-06,3.643e-07,)] [eta: 3:10:02, time (data): 2.756 (0.002)] l_pix: 2.3847e-02 
2025-11-25 16:48:27,009 INFO: [IART_..][epoch:  4, iter:  56,059, lr:(2.220e-06,3.641e-07,)] [eta: 3:09:58, time (data): 2.754 (0.002)] l_pix: 1.4652e-02 
2025-11-25 16:48:29,655 INFO: [IART_..][epoch:  4, iter:  56,060, lr:(2.219e-06,3.640e-07,)] [eta: 3:09:55, time (data): 2.752 (0.002)] l_pix: 2.2065e-02 
2025-11-25 16:48:32,510 INFO: [IART_..][epoch:  4, iter:  56,061, lr:(2.218e-06,3.639e-07,)] [eta: 3:09:52, time (data): 2.754 (0.002)] l_pix: 3.4682e-02 
2025-11-25 16:48:35,240 INFO: [IART_..][epoch:  4, iter:  56,062, lr:(2.217e-06,3.637e-07,)] [eta: 3:09:48, time (data): 2.754 (0.002)] l_pix: 2.4798e-02 
2025-11-25 16:48:37,927 INFO: [IART_..][epoch:  4, iter:  56,063, lr:(2.216e-06,3.636e-07,)] [eta: 3:09:44, time (data): 2.752 (0.002)] l_pix: 1.8955e-02 
2025-11-25 16:48:40,672 INFO: [IART_..][epoch:  4, iter:  56,064, lr:(2.215e-06,3.635e-07,)] [eta: 3:09:41, time (data): 2.752 (0.002)] l_pix: 1.6489e-02 
2025-11-25 16:48:43,411 INFO: [IART_..][epoch:  4, iter:  56,065, lr:(2.214e-06,3.633e-07,)] [eta: 3:09:38, time (data): 2.752 (0.002)] l_pix: 1.0246e-02 
2025-11-25 16:48:46,197 INFO: [IART_..][epoch:  4, iter:  56,066, lr:(2.213e-06,3.632e-07,)] [eta: 3:09:34, time (data): 2.753 (0.002)] l_pix: 1.4066e-02 
2025-11-25 16:48:49,093 INFO: [IART_..][epoch:  4, iter:  56,067, lr:(2.212e-06,3.631e-07,)] [eta: 3:09:31, time (data): 2.755 (0.002)] l_pix: 1.4179e-02 
2025-11-25 16:48:51,728 INFO: [IART_..][epoch:  4, iter:  56,068, lr:(2.211e-06,3.629e-07,)] [eta: 3:09:28, time (data): 2.753 (0.002)] l_pix: 3.2859e-02 
2025-11-25 16:48:54,619 INFO: [IART_..][epoch:  4, iter:  56,069, lr:(2.210e-06,3.628e-07,)] [eta: 3:09:25, time (data): 2.755 (0.002)] l_pix: 3.0178e-02 
2025-11-25 16:48:57,290 INFO: [IART_..][epoch:  4, iter:  56,070, lr:(2.209e-06,3.627e-07,)] [eta: 3:09:21, time (data): 2.754 (0.002)] l_pix: 2.9540e-02 
2025-11-25 16:49:00,015 INFO: [IART_..][epoch:  4, iter:  56,071, lr:(2.208e-06,3.625e-07,)] [eta: 3:09:17, time (data): 2.754 (0.002)] l_pix: 1.9825e-02 
2025-11-25 16:49:02,828 INFO: [IART_..][epoch:  4, iter:  56,072, lr:(2.207e-06,3.624e-07,)] [eta: 3:09:14, time (data): 2.754 (0.002)] l_pix: 1.7663e-02 
2025-11-25 16:49:05,668 INFO: [IART_..][epoch:  4, iter:  56,073, lr:(2.205e-06,3.623e-07,)] [eta: 3:09:11, time (data): 2.756 (0.002)] l_pix: 3.0383e-02 
2025-11-25 16:49:08,473 INFO: [IART_..][epoch:  4, iter:  56,074, lr:(2.204e-06,3.621e-07,)] [eta: 3:09:08, time (data): 2.756 (0.002)] l_pix: 1.4072e-02 
2025-11-25 16:49:11,206 INFO: [IART_..][epoch:  4, iter:  56,075, lr:(2.203e-06,3.620e-07,)] [eta: 3:09:05, time (data): 2.756 (0.002)] l_pix: 1.3305e-02 
2025-11-25 16:49:14,023 INFO: [IART_..][epoch:  4, iter:  56,076, lr:(2.202e-06,3.619e-07,)] [eta: 3:09:01, time (data): 2.757 (0.002)] l_pix: 2.6180e-02 
2025-11-25 16:49:16,745 INFO: [IART_..][epoch:  4, iter:  56,077, lr:(2.201e-06,3.617e-07,)] [eta: 3:08:58, time (data): 2.756 (0.002)] l_pix: 1.9797e-02 
2025-11-25 16:49:19,483 INFO: [IART_..][epoch:  4, iter:  56,078, lr:(2.200e-06,3.616e-07,)] [eta: 3:08:54, time (data): 2.756 (0.002)] l_pix: 1.2496e-02 
2025-11-25 16:49:22,253 INFO: [IART_..][epoch:  4, iter:  56,079, lr:(2.199e-06,3.615e-07,)] [eta: 3:08:51, time (data): 2.756 (0.002)] l_pix: 2.3895e-02 
2025-11-25 16:49:24,891 INFO: [IART_..][epoch:  4, iter:  56,080, lr:(2.198e-06,3.613e-07,)] [eta: 3:08:47, time (data): 2.755 (0.002)] l_pix: 1.6070e-02 
2025-11-25 16:49:27,536 INFO: [IART_..][epoch:  4, iter:  56,081, lr:(2.197e-06,3.612e-07,)] [eta: 3:08:44, time (data): 2.753 (0.002)] l_pix: 1.2000e-02 
2025-11-25 16:49:30,258 INFO: [IART_..][epoch:  4, iter:  56,082, lr:(2.196e-06,3.611e-07,)] [eta: 3:08:40, time (data): 2.753 (0.002)] l_pix: 2.1925e-02 
2025-11-25 16:49:33,016 INFO: [IART_..][epoch:  4, iter:  56,083, lr:(2.195e-06,3.609e-07,)] [eta: 3:08:37, time (data): 2.753 (0.002)] l_pix: 1.7693e-02 
2025-11-25 16:49:35,759 INFO: [IART_..][epoch:  4, iter:  56,084, lr:(2.194e-06,3.608e-07,)] [eta: 3:08:33, time (data): 2.753 (0.002)] l_pix: 9.5864e-03 
2025-11-25 16:49:38,535 INFO: [IART_..][epoch:  4, iter:  56,085, lr:(2.193e-06,3.607e-07,)] [eta: 3:08:30, time (data): 2.753 (0.002)] l_pix: 4.1236e-02 
2025-11-25 16:49:41,247 INFO: [IART_..][epoch:  4, iter:  56,086, lr:(2.192e-06,3.605e-07,)] [eta: 3:08:26, time (data): 2.753 (0.002)] l_pix: 2.7092e-02 
2025-11-25 16:49:44,070 INFO: [IART_..][epoch:  4, iter:  56,087, lr:(2.190e-06,3.604e-07,)] [eta: 3:08:23, time (data): 2.753 (0.002)] l_pix: 2.2775e-02 
2025-11-25 16:49:46,769 INFO: [IART_..][epoch:  4, iter:  56,088, lr:(2.189e-06,3.603e-07,)] [eta: 3:08:20, time (data): 2.753 (0.002)] l_pix: 1.8376e-02 
2025-11-25 16:49:49,442 INFO: [IART_..][epoch:  4, iter:  56,089, lr:(2.188e-06,3.601e-07,)] [eta: 3:08:16, time (data): 2.752 (0.002)] l_pix: 2.0793e-02 
2025-11-25 16:49:52,202 INFO: [IART_..][epoch:  4, iter:  56,090, lr:(2.187e-06,3.600e-07,)] [eta: 3:08:13, time (data): 2.752 (0.002)] l_pix: 2.2677e-02 
2025-11-25 16:49:54,907 INFO: [IART_..][epoch:  4, iter:  56,091, lr:(2.186e-06,3.599e-07,)] [eta: 3:08:09, time (data): 2.751 (0.002)] l_pix: 1.6346e-02 
2025-11-25 16:49:57,748 INFO: [IART_..][epoch:  4, iter:  56,092, lr:(2.185e-06,3.597e-07,)] [eta: 3:08:06, time (data): 2.752 (0.002)] l_pix: 1.5751e-02 
2025-11-25 16:50:00,472 INFO: [IART_..][epoch:  4, iter:  56,093, lr:(2.184e-06,3.596e-07,)] [eta: 3:08:03, time (data): 2.752 (0.002)] l_pix: 1.6123e-02 
2025-11-25 16:50:03,208 INFO: [IART_..][epoch:  4, iter:  56,094, lr:(2.183e-06,3.595e-07,)] [eta: 3:07:59, time (data): 2.752 (0.002)] l_pix: 1.5159e-02 
2025-11-25 16:50:05,859 INFO: [IART_..][epoch:  4, iter:  56,095, lr:(2.182e-06,3.593e-07,)] [eta: 3:07:55, time (data): 2.751 (0.002)] l_pix: 1.9644e-02 
2025-11-25 16:50:08,475 INFO: [IART_..][epoch:  4, iter:  56,096, lr:(2.181e-06,3.592e-07,)] [eta: 3:07:52, time (data): 2.749 (0.002)] l_pix: 2.8432e-02 
2025-11-25 16:50:11,343 INFO: [IART_..][epoch:  4, iter:  56,097, lr:(2.180e-06,3.591e-07,)] [eta: 3:07:49, time (data): 2.751 (0.002)] l_pix: 1.2764e-02 
2025-11-25 16:50:14,128 INFO: [IART_..][epoch:  4, iter:  56,098, lr:(2.179e-06,3.589e-07,)] [eta: 3:07:45, time (data): 2.751 (0.002)] l_pix: 1.9474e-02 
2025-11-25 16:50:16,988 INFO: [IART_..][epoch:  4, iter:  56,099, lr:(2.178e-06,3.588e-07,)] [eta: 3:07:42, time (data): 2.752 (0.002)] l_pix: 1.2063e-02 
2025-11-25 16:50:19,842 INFO: [IART_..][epoch:  4, iter:  56,100, lr:(2.177e-06,3.587e-07,)] [eta: 3:07:39, time (data): 2.753 (0.002)] l_pix: 1.6361e-02 
2025-11-25 16:50:22,584 INFO: [IART_..][epoch:  4, iter:  56,101, lr:(2.176e-06,3.585e-07,)] [eta: 3:07:36, time (data): 2.753 (0.002)] l_pix: 3.9454e-02 
2025-11-25 16:50:25,209 INFO: [IART_..][epoch:  4, iter:  56,102, lr:(2.175e-06,3.584e-07,)] [eta: 3:07:32, time (data): 2.752 (0.002)] l_pix: 2.2236e-02 
2025-11-25 16:50:27,970 INFO: [IART_..][epoch:  4, iter:  56,103, lr:(2.173e-06,3.583e-07,)] [eta: 3:07:29, time (data): 2.752 (0.002)] l_pix: 2.7619e-02 
2025-11-25 16:50:30,740 INFO: [IART_..][epoch:  4, iter:  56,104, lr:(2.172e-06,3.581e-07,)] [eta: 3:07:26, time (data): 2.752 (0.002)] l_pix: 3.4149e-02 
2025-11-25 16:50:33,488 INFO: [IART_..][epoch:  4, iter:  56,105, lr:(2.171e-06,3.580e-07,)] [eta: 3:07:22, time (data): 2.752 (0.002)] l_pix: 2.0588e-02 
2025-11-25 16:50:36,259 INFO: [IART_..][epoch:  4, iter:  56,106, lr:(2.170e-06,3.579e-07,)] [eta: 3:07:19, time (data): 2.752 (0.002)] l_pix: 2.2017e-02 
2025-11-25 16:50:39,105 INFO: [IART_..][epoch:  4, iter:  56,107, lr:(2.169e-06,3.578e-07,)] [eta: 3:07:16, time (data): 2.753 (0.002)] l_pix: 1.4697e-02 
2025-11-25 16:50:41,827 INFO: [IART_..][epoch:  4, iter:  56,108, lr:(2.168e-06,3.576e-07,)] [eta: 3:07:12, time (data): 2.753 (0.002)] l_pix: 2.6949e-02 
2025-11-25 16:50:44,642 INFO: [IART_..][epoch:  4, iter:  56,109, lr:(2.167e-06,3.575e-07,)] [eta: 3:07:09, time (data): 2.753 (0.002)] l_pix: 1.7132e-02 
2025-11-25 16:50:47,421 INFO: [IART_..][epoch:  4, iter:  56,110, lr:(2.166e-06,3.574e-07,)] [eta: 3:07:06, time (data): 2.753 (0.002)] l_pix: 1.5364e-02 
2025-11-25 16:50:50,254 INFO: [IART_..][epoch:  4, iter:  56,111, lr:(2.165e-06,3.572e-07,)] [eta: 3:07:03, time (data): 2.754 (0.002)] l_pix: 2.6871e-02 
2025-11-25 16:50:53,160 INFO: [IART_..][epoch:  4, iter:  56,112, lr:(2.164e-06,3.571e-07,)] [eta: 3:07:00, time (data): 2.756 (0.002)] l_pix: 1.1186e-02 
2025-11-25 16:50:55,892 INFO: [IART_..][epoch:  4, iter:  56,113, lr:(2.163e-06,3.570e-07,)] [eta: 3:06:57, time (data): 2.755 (0.002)] l_pix: 2.6454e-02 
2025-11-25 16:50:58,593 INFO: [IART_..][epoch:  4, iter:  56,114, lr:(2.162e-06,3.568e-07,)] [eta: 3:06:53, time (data): 2.755 (0.002)] l_pix: 2.5299e-02 
2025-11-25 16:51:01,275 INFO: [IART_..][epoch:  4, iter:  56,115, lr:(2.161e-06,3.567e-07,)] [eta: 3:06:49, time (data): 2.754 (0.002)] l_pix: 1.1012e-02 
2025-11-25 16:51:03,893 INFO: [IART_..][epoch:  4, iter:  56,116, lr:(2.160e-06,3.566e-07,)] [eta: 3:06:46, time (data): 2.753 (0.002)] l_pix: 3.5064e-02 
2025-11-25 16:51:06,600 INFO: [IART_..][epoch:  4, iter:  56,117, lr:(2.159e-06,3.564e-07,)] [eta: 3:06:42, time (data): 2.752 (0.002)] l_pix: 1.1565e-02 
2025-11-25 16:51:09,273 INFO: [IART_..][epoch:  4, iter:  56,118, lr:(2.158e-06,3.563e-07,)] [eta: 3:06:39, time (data): 2.752 (0.002)] l_pix: 2.2935e-02 
2025-11-25 16:51:12,101 INFO: [IART_..][epoch:  4, iter:  56,119, lr:(2.157e-06,3.562e-07,)] [eta: 3:06:35, time (data): 2.752 (0.002)] l_pix: 2.8473e-02 
2025-11-25 16:51:15,020 INFO: [IART_..][epoch:  4, iter:  56,120, lr:(2.156e-06,3.560e-07,)] [eta: 3:06:33, time (data): 2.754 (0.002)] l_pix: 2.2519e-02 
2025-11-25 16:51:17,730 INFO: [IART_..][epoch:  4, iter:  56,121, lr:(2.154e-06,3.559e-07,)] [eta: 3:06:29, time (data): 2.754 (0.002)] l_pix: 1.4754e-02 
2025-11-25 16:51:20,482 INFO: [IART_..][epoch:  4, iter:  56,122, lr:(2.153e-06,3.558e-07,)] [eta: 3:06:26, time (data): 2.754 (0.002)] l_pix: 2.1112e-02 
2025-11-25 16:51:23,185 INFO: [IART_..][epoch:  4, iter:  56,123, lr:(2.152e-06,3.556e-07,)] [eta: 3:06:22, time (data): 2.753 (0.002)] l_pix: 2.0517e-02 
2025-11-25 16:51:25,854 INFO: [IART_..][epoch:  4, iter:  56,124, lr:(2.151e-06,3.555e-07,)] [eta: 3:06:19, time (data): 2.752 (0.002)] l_pix: 1.0884e-02 
2025-11-25 16:51:28,619 INFO: [IART_..][epoch:  4, iter:  56,125, lr:(2.150e-06,3.554e-07,)] [eta: 3:06:15, time (data): 2.752 (0.002)] l_pix: 2.0625e-02 
2025-11-25 16:51:31,292 INFO: [IART_..][epoch:  4, iter:  56,126, lr:(2.149e-06,3.553e-07,)] [eta: 3:06:12, time (data): 2.752 (0.002)] l_pix: 1.5594e-02 
2025-11-25 16:51:33,999 INFO: [IART_..][epoch:  4, iter:  56,127, lr:(2.148e-06,3.551e-07,)] [eta: 3:06:08, time (data): 2.751 (0.002)] l_pix: 2.4395e-02 
2025-11-25 16:51:36,801 INFO: [IART_..][epoch:  4, iter:  56,128, lr:(2.147e-06,3.550e-07,)] [eta: 3:06:05, time (data): 2.752 (0.002)] l_pix: 1.4099e-02 
2025-11-25 16:51:39,507 INFO: [IART_..][epoch:  4, iter:  56,129, lr:(2.146e-06,3.549e-07,)] [eta: 3:06:02, time (data): 2.752 (0.002)] l_pix: 1.7624e-02 
2025-11-25 16:51:42,291 INFO: [IART_..][epoch:  4, iter:  56,130, lr:(2.145e-06,3.547e-07,)] [eta: 3:05:58, time (data): 2.752 (0.002)] l_pix: 1.2184e-02 
2025-11-25 16:51:45,138 INFO: [IART_..][epoch:  4, iter:  56,131, lr:(2.144e-06,3.546e-07,)] [eta: 3:05:55, time (data): 2.753 (0.002)] l_pix: 1.7411e-02 
2025-11-25 16:51:47,875 INFO: [IART_..][epoch:  4, iter:  56,132, lr:(2.143e-06,3.545e-07,)] [eta: 3:05:52, time (data): 2.752 (0.002)] l_pix: 1.6881e-02 
2025-11-25 16:51:50,551 INFO: [IART_..][epoch:  4, iter:  56,133, lr:(2.142e-06,3.543e-07,)] [eta: 3:05:48, time (data): 2.752 (0.002)] l_pix: 3.6055e-02 
2025-11-25 16:51:53,207 INFO: [IART_..][epoch:  4, iter:  56,134, lr:(2.141e-06,3.542e-07,)] [eta: 3:05:45, time (data): 2.751 (0.002)] l_pix: 2.6893e-02 
2025-11-25 16:51:55,869 INFO: [IART_..][epoch:  4, iter:  56,135, lr:(2.140e-06,3.541e-07,)] [eta: 3:05:41, time (data): 2.750 (0.002)] l_pix: 2.3151e-02 
2025-11-25 16:51:58,563 INFO: [IART_..][epoch:  4, iter:  56,136, lr:(2.139e-06,3.539e-07,)] [eta: 3:05:38, time (data): 2.750 (0.002)] l_pix: 1.7522e-02 
2025-11-25 16:52:01,276 INFO: [IART_..][epoch:  4, iter:  56,137, lr:(2.138e-06,3.538e-07,)] [eta: 3:05:34, time (data): 2.750 (0.002)] l_pix: 1.4616e-02 
2025-11-25 16:52:04,003 INFO: [IART_..][epoch:  4, iter:  56,138, lr:(2.137e-06,3.537e-07,)] [eta: 3:05:31, time (data): 2.749 (0.002)] l_pix: 1.7256e-02 
2025-11-25 16:52:06,768 INFO: [IART_..][epoch:  4, iter:  56,139, lr:(2.135e-06,3.535e-07,)] [eta: 3:05:27, time (data): 2.750 (0.002)] l_pix: 2.7433e-02 
2025-11-25 16:52:09,471 INFO: [IART_..][epoch:  4, iter:  56,140, lr:(2.134e-06,3.534e-07,)] [eta: 3:05:24, time (data): 2.749 (0.002)] l_pix: 2.7524e-02 
2025-11-25 16:52:12,217 INFO: [IART_..][epoch:  4, iter:  56,141, lr:(2.133e-06,3.533e-07,)] [eta: 3:05:21, time (data): 2.749 (0.002)] l_pix: 1.7552e-02 
2025-11-25 16:52:14,876 INFO: [IART_..][epoch:  4, iter:  56,142, lr:(2.132e-06,3.532e-07,)] [eta: 3:05:17, time (data): 2.749 (0.002)] l_pix: 2.4586e-02 
2025-11-25 16:52:17,783 INFO: [IART_..][epoch:  4, iter:  56,143, lr:(2.131e-06,3.530e-07,)] [eta: 3:05:14, time (data): 2.750 (0.002)] l_pix: 1.5867e-02 
2025-11-25 16:52:20,718 INFO: [IART_..][epoch:  4, iter:  56,144, lr:(2.130e-06,3.529e-07,)] [eta: 3:05:11, time (data): 2.751 (0.002)] l_pix: 1.7247e-02 
2025-11-25 16:52:23,769 INFO: [IART_..][epoch:  4, iter:  56,145, lr:(2.129e-06,3.528e-07,)] [eta: 3:05:09, time (data): 2.753 (0.002)] l_pix: 8.6180e-03 
2025-11-25 16:52:26,548 INFO: [IART_..][epoch:  4, iter:  56,146, lr:(2.128e-06,3.526e-07,)] [eta: 3:05:06, time (data): 2.753 (0.002)] l_pix: 1.9752e-02 
2025-11-25 16:52:29,422 INFO: [IART_..][epoch:  4, iter:  56,147, lr:(2.127e-06,3.525e-07,)] [eta: 3:05:03, time (data): 2.754 (0.002)] l_pix: 1.5282e-02 
2025-11-25 16:52:32,123 INFO: [IART_..][epoch:  4, iter:  56,148, lr:(2.126e-06,3.524e-07,)] [eta: 3:04:59, time (data): 2.754 (0.002)] l_pix: 1.8219e-02 
2025-11-25 16:52:34,855 INFO: [IART_..][epoch:  4, iter:  56,149, lr:(2.125e-06,3.522e-07,)] [eta: 3:04:56, time (data): 2.754 (0.002)] l_pix: 1.8157e-02 
2025-11-25 16:52:37,672 INFO: [IART_..][epoch:  4, iter:  56,150, lr:(2.124e-06,3.521e-07,)] [eta: 3:04:53, time (data): 2.754 (0.002)] l_pix: 8.0067e-03 
2025-11-25 16:52:40,453 INFO: [IART_..][epoch:  4, iter:  56,151, lr:(2.123e-06,3.520e-07,)] [eta: 3:04:50, time (data): 2.754 (0.002)] l_pix: 1.7087e-02 
2025-11-25 16:52:43,126 INFO: [IART_..][epoch:  4, iter:  56,152, lr:(2.122e-06,3.518e-07,)] [eta: 3:04:46, time (data): 2.754 (0.002)] l_pix: 2.1439e-02 
2025-11-25 16:52:45,831 INFO: [IART_..][epoch:  4, iter:  56,153, lr:(2.121e-06,3.517e-07,)] [eta: 3:04:43, time (data): 2.753 (0.002)] l_pix: 2.9492e-02 
2025-11-25 16:52:48,486 INFO: [IART_..][epoch:  4, iter:  56,154, lr:(2.120e-06,3.516e-07,)] [eta: 3:04:39, time (data): 2.753 (0.002)] l_pix: 1.0508e-02 
2025-11-25 16:52:51,097 INFO: [IART_..][epoch:  4, iter:  56,155, lr:(2.119e-06,3.515e-07,)] [eta: 3:04:35, time (data): 2.752 (0.002)] l_pix: 1.6255e-02 
2025-11-25 16:52:53,863 INFO: [IART_..][epoch:  4, iter:  56,156, lr:(2.118e-06,3.513e-07,)] [eta: 3:04:32, time (data): 2.752 (0.002)] l_pix: 1.7359e-02 
2025-11-25 16:52:56,628 INFO: [IART_..][epoch:  4, iter:  56,157, lr:(2.117e-06,3.512e-07,)] [eta: 3:04:29, time (data): 2.752 (0.002)] l_pix: 9.3126e-03 
2025-11-25 16:52:59,346 INFO: [IART_..][epoch:  4, iter:  56,158, lr:(2.116e-06,3.511e-07,)] [eta: 3:04:25, time (data): 2.752 (0.002)] l_pix: 1.4699e-02 
2025-11-25 16:53:02,066 INFO: [IART_..][epoch:  4, iter:  56,159, lr:(2.115e-06,3.509e-07,)] [eta: 3:04:22, time (data): 2.752 (0.002)] l_pix: 3.4568e-02 
2025-11-25 16:53:04,817 INFO: [IART_..][epoch:  4, iter:  56,160, lr:(2.113e-06,3.508e-07,)] [eta: 3:04:19, time (data): 2.752 (0.002)] l_pix: 3.2091e-02 
2025-11-25 16:53:07,441 INFO: [IART_..][epoch:  4, iter:  56,161, lr:(2.112e-06,3.507e-07,)] [eta: 3:04:15, time (data): 2.751 (0.002)] l_pix: 1.9521e-02 
2025-11-25 16:53:10,178 INFO: [IART_..][epoch:  4, iter:  56,162, lr:(2.111e-06,3.505e-07,)] [eta: 3:04:12, time (data): 2.751 (0.002)] l_pix: 3.7793e-02 
2025-11-25 16:53:12,933 INFO: [IART_..][epoch:  4, iter:  56,163, lr:(2.110e-06,3.504e-07,)] [eta: 3:04:08, time (data): 2.751 (0.002)] l_pix: 3.0305e-02 
2025-11-25 16:53:15,630 INFO: [IART_..][epoch:  4, iter:  56,164, lr:(2.109e-06,3.503e-07,)] [eta: 3:04:05, time (data): 2.750 (0.002)] l_pix: 1.7026e-02 
2025-11-25 16:53:18,294 INFO: [IART_..][epoch:  4, iter:  56,165, lr:(2.108e-06,3.502e-07,)] [eta: 3:04:01, time (data): 2.750 (0.002)] l_pix: 1.0209e-02 
2025-11-25 16:53:21,039 INFO: [IART_..][epoch:  4, iter:  56,166, lr:(2.107e-06,3.500e-07,)] [eta: 3:03:58, time (data): 2.750 (0.002)] l_pix: 3.2322e-02 
2025-11-25 16:53:23,717 INFO: [IART_..][epoch:  4, iter:  56,167, lr:(2.106e-06,3.499e-07,)] [eta: 3:03:54, time (data): 2.749 (0.002)] l_pix: 2.7792e-02 
2025-11-25 16:53:26,486 INFO: [IART_..][epoch:  4, iter:  56,168, lr:(2.105e-06,3.498e-07,)] [eta: 3:03:51, time (data): 2.749 (0.002)] l_pix: 9.5780e-03 
2025-11-25 16:53:29,160 INFO: [IART_..][epoch:  4, iter:  56,169, lr:(2.104e-06,3.496e-07,)] [eta: 3:03:48, time (data): 2.749 (0.002)] l_pix: 3.0696e-02 
2025-11-25 16:53:31,880 INFO: [IART_..][epoch:  4, iter:  56,170, lr:(2.103e-06,3.495e-07,)] [eta: 3:03:44, time (data): 2.749 (0.002)] l_pix: 1.0860e-02 
2025-11-25 16:53:34,721 INFO: [IART_..][epoch:  4, iter:  56,171, lr:(2.102e-06,3.494e-07,)] [eta: 3:03:41, time (data): 2.749 (0.002)] l_pix: 2.3880e-02 
2025-11-25 16:53:37,463 INFO: [IART_..][epoch:  4, iter:  56,172, lr:(2.101e-06,3.492e-07,)] [eta: 3:03:38, time (data): 2.749 (0.002)] l_pix: 1.9060e-02 
2025-11-25 16:53:40,165 INFO: [IART_..][epoch:  4, iter:  56,173, lr:(2.100e-06,3.491e-07,)] [eta: 3:03:34, time (data): 2.749 (0.002)] l_pix: 3.2672e-02 
2025-11-25 16:53:42,868 INFO: [IART_..][epoch:  4, iter:  56,174, lr:(2.099e-06,3.490e-07,)] [eta: 3:03:31, time (data): 2.749 (0.002)] l_pix: 9.0194e-03 
2025-11-25 16:53:45,642 INFO: [IART_..][epoch:  4, iter:  56,175, lr:(2.098e-06,3.489e-07,)] [eta: 3:03:28, time (data): 2.749 (0.002)] l_pix: 1.8936e-02 
2025-11-25 16:53:48,399 INFO: [IART_..][epoch:  4, iter:  56,176, lr:(2.097e-06,3.487e-07,)] [eta: 3:03:24, time (data): 2.749 (0.002)] l_pix: 3.3809e-02 
2025-11-25 16:53:51,154 INFO: [IART_..][epoch:  4, iter:  56,177, lr:(2.096e-06,3.486e-07,)] [eta: 3:03:21, time (data): 2.749 (0.002)] l_pix: 2.5424e-02 
2025-11-25 16:53:53,857 INFO: [IART_..][epoch:  4, iter:  56,178, lr:(2.095e-06,3.485e-07,)] [eta: 3:03:18, time (data): 2.749 (0.002)] l_pix: 4.0409e-02 
2025-11-25 16:53:56,533 INFO: [IART_..][epoch:  4, iter:  56,179, lr:(2.094e-06,3.483e-07,)] [eta: 3:03:14, time (data): 2.748 (0.002)] l_pix: 1.4396e-02 
2025-11-25 16:53:59,158 INFO: [IART_..][epoch:  4, iter:  56,180, lr:(2.093e-06,3.482e-07,)] [eta: 3:03:10, time (data): 2.748 (0.002)] l_pix: 2.3720e-02 
2025-11-25 16:54:01,906 INFO: [IART_..][epoch:  4, iter:  56,181, lr:(2.092e-06,3.481e-07,)] [eta: 3:03:07, time (data): 2.748 (0.002)] l_pix: 1.2660e-02 
2025-11-25 16:54:04,606 INFO: [IART_..][epoch:  4, iter:  56,182, lr:(2.091e-06,3.479e-07,)] [eta: 3:03:04, time (data): 2.747 (0.002)] l_pix: 1.5024e-02 
2025-11-25 16:54:07,258 INFO: [IART_..][epoch:  4, iter:  56,183, lr:(2.090e-06,3.478e-07,)] [eta: 3:03:00, time (data): 2.747 (0.002)] l_pix: 2.8171e-02 
2025-11-25 16:54:10,019 INFO: [IART_..][epoch:  4, iter:  56,184, lr:(2.088e-06,3.477e-07,)] [eta: 3:02:57, time (data): 2.747 (0.002)] l_pix: 2.7630e-02 
2025-11-25 16:54:12,773 INFO: [IART_..][epoch:  4, iter:  56,185, lr:(2.087e-06,3.476e-07,)] [eta: 3:02:54, time (data): 2.747 (0.002)] l_pix: 2.4140e-02 
2025-11-25 16:54:15,526 INFO: [IART_..][epoch:  4, iter:  56,186, lr:(2.086e-06,3.474e-07,)] [eta: 3:02:50, time (data): 2.747 (0.002)] l_pix: 1.4665e-02 
2025-11-25 16:54:18,298 INFO: [IART_..][epoch:  4, iter:  56,187, lr:(2.085e-06,3.473e-07,)] [eta: 3:02:47, time (data): 2.747 (0.002)] l_pix: 2.2372e-02 
2025-11-25 16:54:21,065 INFO: [IART_..][epoch:  4, iter:  56,188, lr:(2.084e-06,3.472e-07,)] [eta: 3:02:44, time (data): 2.747 (0.002)] l_pix: 1.7512e-02 
2025-11-25 16:54:23,753 INFO: [IART_..][epoch:  4, iter:  56,189, lr:(2.083e-06,3.470e-07,)] [eta: 3:02:40, time (data): 2.747 (0.002)] l_pix: 2.5690e-02 
2025-11-25 16:54:26,411 INFO: [IART_..][epoch:  4, iter:  56,190, lr:(2.082e-06,3.469e-07,)] [eta: 3:02:37, time (data): 2.746 (0.002)] l_pix: 3.6175e-02 
2025-11-25 16:54:29,180 INFO: [IART_..][epoch:  4, iter:  56,191, lr:(2.081e-06,3.468e-07,)] [eta: 3:02:34, time (data): 2.747 (0.002)] l_pix: 1.2938e-02 
2025-11-25 16:54:32,013 INFO: [IART_..][epoch:  4, iter:  56,192, lr:(2.080e-06,3.467e-07,)] [eta: 3:02:31, time (data): 2.747 (0.002)] l_pix: 4.2523e-02 
2025-11-25 16:54:34,797 INFO: [IART_..][epoch:  4, iter:  56,193, lr:(2.079e-06,3.465e-07,)] [eta: 3:02:27, time (data): 2.747 (0.002)] l_pix: 3.3481e-02 
2025-11-25 16:54:37,490 INFO: [IART_..][epoch:  4, iter:  56,194, lr:(2.078e-06,3.464e-07,)] [eta: 3:02:24, time (data): 2.747 (0.002)] l_pix: 1.8983e-02 
2025-11-25 16:54:40,257 INFO: [IART_..][epoch:  4, iter:  56,195, lr:(2.077e-06,3.463e-07,)] [eta: 3:02:21, time (data): 2.747 (0.002)] l_pix: 2.8485e-02 
2025-11-25 16:54:42,996 INFO: [IART_..][epoch:  4, iter:  56,196, lr:(2.076e-06,3.461e-07,)] [eta: 3:02:17, time (data): 2.747 (0.002)] l_pix: 1.8450e-02 
2025-11-25 16:54:45,766 INFO: [IART_..][epoch:  4, iter:  56,197, lr:(2.075e-06,3.460e-07,)] [eta: 3:02:14, time (data): 2.747 (0.002)] l_pix: 2.5726e-02 
2025-11-25 16:54:48,575 INFO: [IART_..][epoch:  4, iter:  56,198, lr:(2.074e-06,3.459e-07,)] [eta: 3:02:11, time (data): 2.747 (0.002)] l_pix: 2.8996e-02 
2025-11-25 16:54:51,252 INFO: [IART_..][epoch:  4, iter:  56,199, lr:(2.073e-06,3.458e-07,)] [eta: 3:02:08, time (data): 2.747 (0.002)] l_pix: 2.5939e-02 
2025-11-25 16:54:54,067 INFO: [IART_..][epoch:  4, iter:  56,200, lr:(2.072e-06,3.456e-07,)] [eta: 3:02:04, time (data): 2.747 (0.002)] l_pix: 2.1786e-02 
2025-11-25 16:54:56,721 INFO: [IART_..][epoch:  4, iter:  56,201, lr:(2.071e-06,3.455e-07,)] [eta: 3:02:01, time (data): 2.747 (0.002)] l_pix: 1.7919e-02 
2025-11-25 16:54:59,351 INFO: [IART_..][epoch:  4, iter:  56,202, lr:(2.070e-06,3.454e-07,)] [eta: 3:01:57, time (data): 2.746 (0.002)] l_pix: 1.4625e-02 
2025-11-25 16:55:02,083 INFO: [IART_..][epoch:  4, iter:  56,203, lr:(2.069e-06,3.452e-07,)] [eta: 3:01:54, time (data): 2.746 (0.002)] l_pix: 2.5244e-02 
2025-11-25 16:55:04,746 INFO: [IART_..][epoch:  4, iter:  56,204, lr:(2.068e-06,3.451e-07,)] [eta: 3:01:50, time (data): 2.746 (0.002)] l_pix: 1.9489e-02 
2025-11-25 16:55:07,511 INFO: [IART_..][epoch:  4, iter:  56,205, lr:(2.067e-06,3.450e-07,)] [eta: 3:01:47, time (data): 2.746 (0.002)] l_pix: 1.7003e-02 
2025-11-25 16:55:10,233 INFO: [IART_..][epoch:  4, iter:  56,206, lr:(2.066e-06,3.449e-07,)] [eta: 3:01:44, time (data): 2.746 (0.002)] l_pix: 3.1073e-02 
2025-11-25 16:55:12,948 INFO: [IART_..][epoch:  4, iter:  56,207, lr:(2.065e-06,3.447e-07,)] [eta: 3:01:40, time (data): 2.714 (0.000)] l_pix: 2.6915e-02 
2025-11-25 16:55:15,810 INFO: [IART_..][epoch:  4, iter:  56,208, lr:(2.064e-06,3.446e-07,)] [eta: 3:01:38, time (data): 2.788 (0.000)] l_pix: 2.7134e-02 
2025-11-25 16:55:18,597 INFO: [IART_..][epoch:  4, iter:  56,209, lr:(2.063e-06,3.445e-07,)] [eta: 3:01:34, time (data): 2.788 (0.001)] l_pix: 1.6644e-02 
2025-11-25 16:55:21,322 INFO: [IART_..][epoch:  4, iter:  56,210, lr:(2.062e-06,3.443e-07,)] [eta: 3:01:31, time (data): 2.772 (0.001)] l_pix: 1.9296e-02 
2025-11-25 16:55:24,087 INFO: [IART_..][epoch:  4, iter:  56,211, lr:(2.061e-06,3.442e-07,)] [eta: 3:01:28, time (data): 2.771 (0.000)] l_pix: 1.8237e-02 
2025-11-25 16:55:26,759 INFO: [IART_..][epoch:  4, iter:  56,212, lr:(2.060e-06,3.441e-07,)] [eta: 3:01:24, time (data): 2.754 (0.000)] l_pix: 1.1975e-02 
2025-11-25 16:55:29,454 INFO: [IART_..][epoch:  4, iter:  56,213, lr:(2.058e-06,3.440e-07,)] [eta: 3:01:21, time (data): 2.746 (0.000)] l_pix: 2.2122e-02 
2025-11-25 16:55:32,275 INFO: [IART_..][epoch:  4, iter:  56,214, lr:(2.057e-06,3.438e-07,)] [eta: 3:01:18, time (data): 2.755 (0.000)] l_pix: 2.3909e-02 
2025-11-25 16:55:35,000 INFO: [IART_..][epoch:  4, iter:  56,215, lr:(2.056e-06,3.437e-07,)] [eta: 3:01:15, time (data): 2.752 (0.000)] l_pix: 1.4073e-02 
2025-11-25 16:55:37,752 INFO: [IART_..][epoch:  4, iter:  56,216, lr:(2.055e-06,3.436e-07,)] [eta: 3:01:11, time (data): 2.752 (0.000)] l_pix: 3.3258e-02 
2025-11-25 16:55:40,521 INFO: [IART_..][epoch:  4, iter:  56,217, lr:(2.054e-06,3.434e-07,)] [eta: 3:01:08, time (data): 2.753 (0.000)] l_pix: 2.3863e-02 
2025-11-25 16:55:43,226 INFO: [IART_..][epoch:  4, iter:  56,218, lr:(2.053e-06,3.433e-07,)] [eta: 3:01:05, time (data): 2.749 (0.000)] l_pix: 1.1609e-02 
2025-11-25 16:55:45,924 INFO: [IART_..][epoch:  4, iter:  56,219, lr:(2.052e-06,3.432e-07,)] [eta: 3:01:01, time (data): 2.745 (0.000)] l_pix: 2.2467e-02 
2025-11-25 16:55:48,682 INFO: [IART_..][epoch:  4, iter:  56,220, lr:(2.051e-06,3.431e-07,)] [eta: 3:00:58, time (data): 2.746 (0.000)] l_pix: 2.6448e-02 
2025-11-25 16:55:51,388 INFO: [IART_..][epoch:  4, iter:  56,221, lr:(2.050e-06,3.429e-07,)] [eta: 3:00:55, time (data): 2.744 (0.000)] l_pix: 1.5588e-02 
2025-11-25 16:55:54,174 INFO: [IART_..][epoch:  4, iter:  56,222, lr:(2.049e-06,3.428e-07,)] [eta: 3:00:51, time (data): 2.746 (0.000)] l_pix: 2.6354e-02 
2025-11-25 16:55:56,977 INFO: [IART_..][epoch:  4, iter:  56,223, lr:(2.048e-06,3.427e-07,)] [eta: 3:00:48, time (data): 2.749 (0.000)] l_pix: 1.9520e-02 
2025-11-25 16:55:59,682 INFO: [IART_..][epoch:  4, iter:  56,224, lr:(2.047e-06,3.425e-07,)] [eta: 3:00:45, time (data): 2.746 (0.000)] l_pix: 1.4649e-02 
2025-11-25 16:56:02,483 INFO: [IART_..][epoch:  4, iter:  56,225, lr:(2.046e-06,3.424e-07,)] [eta: 3:00:42, time (data): 2.749 (0.000)] l_pix: 2.3843e-02 
2025-11-25 16:56:05,292 INFO: [IART_..][epoch:  4, iter:  56,226, lr:(2.045e-06,3.423e-07,)] [eta: 3:00:39, time (data): 2.752 (0.000)] l_pix: 2.2475e-02 
2025-11-25 16:56:08,058 INFO: [IART_..][epoch:  4, iter:  56,227, lr:(2.044e-06,3.422e-07,)] [eta: 3:00:36, time (data): 2.753 (0.000)] l_pix: 2.1195e-02 
2025-11-25 16:56:10,702 INFO: [IART_..][epoch:  4, iter:  56,228, lr:(2.043e-06,3.420e-07,)] [eta: 3:00:32, time (data): 2.748 (0.000)] l_pix: 2.7967e-02 
2025-11-25 16:56:13,454 INFO: [IART_..][epoch:  4, iter:  56,229, lr:(2.042e-06,3.419e-07,)] [eta: 3:00:29, time (data): 2.748 (0.000)] l_pix: 1.5934e-02 
2025-11-25 16:56:16,129 INFO: [IART_..][epoch:  4, iter:  56,230, lr:(2.041e-06,3.418e-07,)] [eta: 3:00:25, time (data): 2.745 (0.000)] l_pix: 2.9591e-02 
2025-11-25 16:56:18,977 INFO: [IART_..][epoch:  4, iter:  56,231, lr:(2.040e-06,3.416e-07,)] [eta: 3:00:22, time (data): 2.749 (0.000)] l_pix: 1.8946e-02 
2025-11-25 16:56:21,632 INFO: [IART_..][epoch:  4, iter:  56,232, lr:(2.039e-06,3.415e-07,)] [eta: 3:00:19, time (data): 2.745 (0.000)] l_pix: 2.3198e-02 
2025-11-25 16:56:24,367 INFO: [IART_..][epoch:  4, iter:  56,233, lr:(2.038e-06,3.414e-07,)] [eta: 3:00:16, time (data): 2.745 (0.000)] l_pix: 2.0042e-02 
2025-11-25 16:56:27,008 INFO: [IART_..][epoch:  4, iter:  56,234, lr:(2.037e-06,3.413e-07,)] [eta: 3:00:12, time (data): 2.741 (0.000)] l_pix: 2.5859e-02 
2025-11-25 16:56:29,650 INFO: [IART_..][epoch:  4, iter:  56,235, lr:(2.036e-06,3.411e-07,)] [eta: 3:00:08, time (data): 2.738 (0.001)] l_pix: 1.6616e-02 
2025-11-25 16:56:32,419 INFO: [IART_..][epoch:  4, iter:  56,236, lr:(2.035e-06,3.410e-07,)] [eta: 3:00:05, time (data): 2.739 (0.001)] l_pix: 9.3013e-03 
2025-11-25 16:56:35,031 INFO: [IART_..][epoch:  4, iter:  56,237, lr:(2.034e-06,3.409e-07,)] [eta: 3:00:02, time (data): 2.735 (0.001)] l_pix: 1.3128e-02 
2025-11-25 16:56:37,791 INFO: [IART_..][epoch:  4, iter:  56,238, lr:(2.033e-06,3.408e-07,)] [eta: 2:59:58, time (data): 2.736 (0.001)] l_pix: 3.1736e-02 
2025-11-25 16:56:40,489 INFO: [IART_..][epoch:  4, iter:  56,239, lr:(2.032e-06,3.406e-07,)] [eta: 2:59:55, time (data): 2.734 (0.001)] l_pix: 2.5016e-02 
2025-11-25 16:56:43,126 INFO: [IART_..][epoch:  4, iter:  56,240, lr:(2.031e-06,3.405e-07,)] [eta: 2:59:51, time (data): 2.732 (0.001)] l_pix: 2.6851e-02 
2025-11-25 16:56:45,806 INFO: [IART_..][epoch:  4, iter:  56,241, lr:(2.030e-06,3.404e-07,)] [eta: 2:59:48, time (data): 2.730 (0.001)] l_pix: 2.8282e-02 
2025-11-25 16:56:48,534 INFO: [IART_..][epoch:  4, iter:  56,242, lr:(2.029e-06,3.402e-07,)] [eta: 2:59:45, time (data): 2.730 (0.001)] l_pix: 1.4162e-02 
2025-11-25 16:56:51,265 INFO: [IART_..][epoch:  4, iter:  56,243, lr:(2.028e-06,3.401e-07,)] [eta: 2:59:41, time (data): 2.730 (0.001)] l_pix: 3.1618e-02 
2025-11-25 16:56:53,982 INFO: [IART_..][epoch:  4, iter:  56,244, lr:(2.027e-06,3.400e-07,)] [eta: 2:59:38, time (data): 2.730 (0.001)] l_pix: 2.7151e-02 
2025-11-25 16:56:56,755 INFO: [IART_..][epoch:  4, iter:  56,245, lr:(2.026e-06,3.399e-07,)] [eta: 2:59:35, time (data): 2.731 (0.001)] l_pix: 1.2658e-02 
2025-11-25 16:56:59,420 INFO: [IART_..][epoch:  4, iter:  56,246, lr:(2.025e-06,3.397e-07,)] [eta: 2:59:31, time (data): 2.729 (0.001)] l_pix: 1.6654e-02 
2025-11-25 16:57:02,112 INFO: [IART_..][epoch:  4, iter:  56,247, lr:(2.024e-06,3.396e-07,)] [eta: 2:59:28, time (data): 2.728 (0.001)] l_pix: 2.2352e-02 
2025-11-25 16:57:04,765 INFO: [IART_..][epoch:  4, iter:  56,248, lr:(2.023e-06,3.395e-07,)] [eta: 2:59:24, time (data): 2.726 (0.001)] l_pix: 1.7398e-02 
2025-11-25 16:57:07,531 INFO: [IART_..][epoch:  4, iter:  56,249, lr:(2.022e-06,3.394e-07,)] [eta: 2:59:21, time (data): 2.727 (0.001)] l_pix: 1.8846e-02 
2025-11-25 16:57:10,190 INFO: [IART_..][epoch:  4, iter:  56,250, lr:(2.021e-06,3.392e-07,)] [eta: 2:59:18, time (data): 2.726 (0.001)] l_pix: 4.6912e-02 
2025-11-25 16:57:12,869 INFO: [IART_..][epoch:  4, iter:  56,251, lr:(2.019e-06,3.391e-07,)] [eta: 2:59:14, time (data): 2.725 (0.001)] l_pix: 3.3604e-02 
2025-11-25 16:57:15,625 INFO: [IART_..][epoch:  4, iter:  56,252, lr:(2.018e-06,3.390e-07,)] [eta: 2:59:11, time (data): 2.725 (0.001)] l_pix: 2.1933e-02 
2025-11-25 16:57:18,270 INFO: [IART_..][epoch:  4, iter:  56,253, lr:(2.017e-06,3.388e-07,)] [eta: 2:59:08, time (data): 2.724 (0.001)] l_pix: 2.2739e-02 
2025-11-25 16:57:21,007 INFO: [IART_..][epoch:  4, iter:  56,254, lr:(2.016e-06,3.387e-07,)] [eta: 2:59:04, time (data): 2.724 (0.001)] l_pix: 1.4053e-02 
2025-11-25 16:57:23,772 INFO: [IART_..][epoch:  4, iter:  56,255, lr:(2.015e-06,3.386e-07,)] [eta: 2:59:01, time (data): 2.725 (0.001)] l_pix: 3.3271e-02 
2025-11-25 16:57:26,416 INFO: [IART_..][epoch:  4, iter:  56,256, lr:(2.014e-06,3.385e-07,)] [eta: 2:58:58, time (data): 2.723 (0.001)] l_pix: 2.3754e-02 
2025-11-25 16:57:29,201 INFO: [IART_..][epoch:  4, iter:  56,257, lr:(2.013e-06,3.383e-07,)] [eta: 2:58:54, time (data): 2.724 (0.001)] l_pix: 2.2895e-02 
2025-11-25 16:57:32,043 INFO: [IART_..][epoch:  4, iter:  56,258, lr:(2.012e-06,3.382e-07,)] [eta: 2:58:52, time (data): 2.727 (0.001)] l_pix: 1.7062e-02 
2025-11-25 16:57:34,737 INFO: [IART_..][epoch:  4, iter:  56,259, lr:(2.011e-06,3.381e-07,)] [eta: 2:58:48, time (data): 2.726 (0.001)] l_pix: 1.5216e-02 
2025-11-25 16:57:37,440 INFO: [IART_..][epoch:  4, iter:  56,260, lr:(2.010e-06,3.380e-07,)] [eta: 2:58:45, time (data): 2.726 (0.001)] l_pix: 3.2950e-02 
2025-11-25 16:57:40,225 INFO: [IART_..][epoch:  4, iter:  56,261, lr:(2.009e-06,3.378e-07,)] [eta: 2:58:42, time (data): 2.727 (0.001)] l_pix: 1.7282e-02 
2025-11-25 16:57:42,912 INFO: [IART_..][epoch:  4, iter:  56,262, lr:(2.008e-06,3.377e-07,)] [eta: 2:58:38, time (data): 2.726 (0.001)] l_pix: 2.5360e-02 
2025-11-25 16:57:45,638 INFO: [IART_..][epoch:  4, iter:  56,263, lr:(2.007e-06,3.376e-07,)] [eta: 2:58:35, time (data): 2.726 (0.001)] l_pix: 2.7143e-02 
2025-11-25 16:57:48,393 INFO: [IART_..][epoch:  4, iter:  56,264, lr:(2.006e-06,3.374e-07,)] [eta: 2:58:32, time (data): 2.727 (0.001)] l_pix: 1.4890e-02 
2025-11-25 16:57:51,243 INFO: [IART_..][epoch:  4, iter:  56,265, lr:(2.005e-06,3.373e-07,)] [eta: 2:58:29, time (data): 2.729 (0.001)] l_pix: 2.6067e-02 
2025-11-25 16:57:54,075 INFO: [IART_..][epoch:  4, iter:  56,266, lr:(2.004e-06,3.372e-07,)] [eta: 2:58:26, time (data): 2.730 (0.001)] l_pix: 1.6417e-02 
2025-11-25 16:57:56,886 INFO: [IART_..][epoch:  4, iter:  56,267, lr:(2.003e-06,3.371e-07,)] [eta: 2:58:23, time (data): 2.732 (0.001)] l_pix: 1.6272e-02 
2025-11-25 16:57:59,588 INFO: [IART_..][epoch:  4, iter:  56,268, lr:(2.002e-06,3.369e-07,)] [eta: 2:58:19, time (data): 2.731 (0.001)] l_pix: 2.5143e-02 
2025-11-25 16:58:02,294 INFO: [IART_..][epoch:  4, iter:  56,269, lr:(2.001e-06,3.368e-07,)] [eta: 2:58:16, time (data): 2.731 (0.001)] l_pix: 4.5263e-02 
2025-11-25 16:58:04,968 INFO: [IART_..][epoch:  4, iter:  56,270, lr:(2.000e-06,3.367e-07,)] [eta: 2:58:13, time (data): 2.730 (0.001)] l_pix: 1.7195e-02 
2025-11-25 16:58:07,817 INFO: [IART_..][epoch:  4, iter:  56,271, lr:(1.999e-06,3.366e-07,)] [eta: 2:58:10, time (data): 2.732 (0.001)] l_pix: 2.8509e-02 
2025-11-25 16:58:10,493 INFO: [IART_..][epoch:  4, iter:  56,272, lr:(1.998e-06,3.364e-07,)] [eta: 2:58:06, time (data): 2.731 (0.001)] l_pix: 1.9833e-02 
2025-11-25 16:58:13,200 INFO: [IART_..][epoch:  4, iter:  56,273, lr:(1.997e-06,3.363e-07,)] [eta: 2:58:03, time (data): 2.731 (0.001)] l_pix: 2.7499e-02 
2025-11-25 16:58:15,858 INFO: [IART_..][epoch:  4, iter:  56,274, lr:(1.996e-06,3.362e-07,)] [eta: 2:58:00, time (data): 2.729 (0.001)] l_pix: 3.4361e-02 
2025-11-25 16:58:18,613 INFO: [IART_..][epoch:  4, iter:  56,275, lr:(1.995e-06,3.361e-07,)] [eta: 2:57:56, time (data): 2.730 (0.001)] l_pix: 1.2591e-02 
2025-11-25 16:58:21,289 INFO: [IART_..][epoch:  4, iter:  56,276, lr:(1.994e-06,3.359e-07,)] [eta: 2:57:53, time (data): 2.729 (0.001)] l_pix: 6.3158e-03 
2025-11-25 16:58:24,026 INFO: [IART_..][epoch:  4, iter:  56,277, lr:(1.993e-06,3.358e-07,)] [eta: 2:57:50, time (data): 2.729 (0.001)] l_pix: 1.7613e-02 
2025-11-25 16:58:26,701 INFO: [IART_..][epoch:  4, iter:  56,278, lr:(1.992e-06,3.357e-07,)] [eta: 2:57:46, time (data): 2.728 (0.001)] l_pix: 2.6882e-02 
2025-11-25 16:58:29,531 INFO: [IART_..][epoch:  4, iter:  56,279, lr:(1.991e-06,3.355e-07,)] [eta: 2:57:43, time (data): 2.730 (0.001)] l_pix: 2.5801e-02 
2025-11-25 16:58:32,292 INFO: [IART_..][epoch:  4, iter:  56,280, lr:(1.990e-06,3.354e-07,)] [eta: 2:57:40, time (data): 2.730 (0.001)] l_pix: 4.0501e-02 
2025-11-25 16:58:35,154 INFO: [IART_..][epoch:  4, iter:  56,281, lr:(1.989e-06,3.353e-07,)] [eta: 2:57:37, time (data): 2.732 (0.001)] l_pix: 5.1107e-03 
2025-11-25 16:58:38,040 INFO: [IART_..][epoch:  4, iter:  56,282, lr:(1.988e-06,3.352e-07,)] [eta: 2:57:34, time (data): 2.734 (0.001)] l_pix: 2.0513e-02 
2025-11-25 16:58:40,881 INFO: [IART_..][epoch:  4, iter:  56,283, lr:(1.987e-06,3.350e-07,)] [eta: 2:57:31, time (data): 2.735 (0.001)] l_pix: 2.9739e-02 
2025-11-25 16:58:43,568 INFO: [IART_..][epoch:  4, iter:  56,284, lr:(1.986e-06,3.349e-07,)] [eta: 2:57:28, time (data): 2.735 (0.001)] l_pix: 2.8521e-02 
2025-11-25 16:58:46,289 INFO: [IART_..][epoch:  4, iter:  56,285, lr:(1.985e-06,3.348e-07,)] [eta: 2:57:25, time (data): 2.735 (0.001)] l_pix: 1.3834e-02 
2025-11-25 16:58:49,012 INFO: [IART_..][epoch:  4, iter:  56,286, lr:(1.984e-06,3.347e-07,)] [eta: 2:57:21, time (data): 2.734 (0.001)] l_pix: 2.0513e-02 
2025-11-25 16:58:51,798 INFO: [IART_..][epoch:  4, iter:  56,287, lr:(1.983e-06,3.345e-07,)] [eta: 2:57:18, time (data): 2.735 (0.001)] l_pix: 2.6074e-02 
2025-11-25 16:58:54,506 INFO: [IART_..][epoch:  4, iter:  56,288, lr:(1.982e-06,3.344e-07,)] [eta: 2:57:15, time (data): 2.735 (0.001)] l_pix: 1.1964e-02 
2025-11-25 16:58:57,321 INFO: [IART_..][epoch:  4, iter:  56,289, lr:(1.981e-06,3.343e-07,)] [eta: 2:57:12, time (data): 2.736 (0.001)] l_pix: 2.2501e-02 
2025-11-25 16:59:00,058 INFO: [IART_..][epoch:  4, iter:  56,290, lr:(1.980e-06,3.342e-07,)] [eta: 2:57:09, time (data): 2.736 (0.001)] l_pix: 3.7766e-02 
2025-11-25 16:59:02,800 INFO: [IART_..][epoch:  4, iter:  56,291, lr:(1.979e-06,3.340e-07,)] [eta: 2:57:06, time (data): 2.736 (0.001)] l_pix: 3.6443e-02 
2025-11-25 16:59:05,543 INFO: [IART_..][epoch:  4, iter:  56,292, lr:(1.978e-06,3.339e-07,)] [eta: 2:57:02, time (data): 2.736 (0.001)] l_pix: 2.4009e-02 
2025-11-25 16:59:08,206 INFO: [IART_..][epoch:  4, iter:  56,293, lr:(1.977e-06,3.338e-07,)] [eta: 2:56:59, time (data): 2.735 (0.001)] l_pix: 2.6074e-02 
2025-11-25 16:59:10,868 INFO: [IART_..][epoch:  4, iter:  56,294, lr:(1.976e-06,3.337e-07,)] [eta: 2:56:55, time (data): 2.734 (0.001)] l_pix: 2.1505e-02 
2025-11-25 16:59:13,672 INFO: [IART_..][epoch:  4, iter:  56,295, lr:(1.975e-06,3.335e-07,)] [eta: 2:56:52, time (data): 2.735 (0.001)] l_pix: 2.2742e-02 
2025-11-25 16:59:16,393 INFO: [IART_..][epoch:  4, iter:  56,296, lr:(1.974e-06,3.334e-07,)] [eta: 2:56:49, time (data): 2.735 (0.001)] l_pix: 2.6961e-02 
2025-11-25 16:59:19,179 INFO: [IART_..][epoch:  4, iter:  56,297, lr:(1.973e-06,3.333e-07,)] [eta: 2:56:46, time (data): 2.735 (0.001)] l_pix: 3.6901e-02 
2025-11-25 16:59:22,044 INFO: [IART_..][epoch:  4, iter:  56,298, lr:(1.972e-06,3.332e-07,)] [eta: 2:56:43, time (data): 2.737 (0.001)] l_pix: 1.6192e-02 
2025-11-25 16:59:24,814 INFO: [IART_..][epoch:  4, iter:  56,299, lr:(1.971e-06,3.330e-07,)] [eta: 2:56:40, time (data): 2.737 (0.001)] l_pix: 2.0174e-02 
2025-11-25 16:59:27,584 INFO: [IART_..][epoch:  4, iter:  56,300, lr:(1.970e-06,3.329e-07,)] [eta: 2:56:37, time (data): 2.737 (0.001)] l_pix: 3.1546e-02 
2025-11-25 16:59:30,351 INFO: [IART_..][epoch:  4, iter:  56,301, lr:(1.969e-06,3.328e-07,)] [eta: 2:56:34, time (data): 2.738 (0.001)] l_pix: 1.2100e-02 
2025-11-25 16:59:33,182 INFO: [IART_..][epoch:  4, iter:  56,302, lr:(1.968e-06,3.327e-07,)] [eta: 2:56:31, time (data): 2.739 (0.001)] l_pix: 1.2428e-02 
2025-11-25 16:59:35,887 INFO: [IART_..][epoch:  4, iter:  56,303, lr:(1.967e-06,3.325e-07,)] [eta: 2:56:28, time (data): 2.738 (0.001)] l_pix: 1.5591e-02 
2025-11-25 16:59:38,672 INFO: [IART_..][epoch:  4, iter:  56,304, lr:(1.966e-06,3.324e-07,)] [eta: 2:56:24, time (data): 2.739 (0.001)] l_pix: 3.1532e-02 
2025-11-25 16:59:41,340 INFO: [IART_..][epoch:  4, iter:  56,305, lr:(1.965e-06,3.323e-07,)] [eta: 2:56:21, time (data): 2.738 (0.001)] l_pix: 2.4379e-02 
2025-11-25 16:59:44,047 INFO: [IART_..][epoch:  4, iter:  56,306, lr:(1.964e-06,3.322e-07,)] [eta: 2:56:18, time (data): 2.738 (0.001)] l_pix: 1.7513e-02 
2025-11-25 16:59:46,784 INFO: [IART_..][epoch:  4, iter:  56,307, lr:(1.963e-06,3.320e-07,)] [eta: 2:56:14, time (data): 2.738 (0.001)] l_pix: 2.6869e-02 
2025-11-25 16:59:49,633 INFO: [IART_..][epoch:  4, iter:  56,308, lr:(1.962e-06,3.319e-07,)] [eta: 2:56:12, time (data): 2.739 (0.001)] l_pix: 3.1969e-02 
2025-11-25 16:59:52,303 INFO: [IART_..][epoch:  4, iter:  56,309, lr:(1.961e-06,3.318e-07,)] [eta: 2:56:08, time (data): 2.738 (0.001)] l_pix: 2.5652e-02 
2025-11-25 16:59:55,022 INFO: [IART_..][epoch:  4, iter:  56,310, lr:(1.960e-06,3.317e-07,)] [eta: 2:56:05, time (data): 2.738 (0.001)] l_pix: 1.5042e-02 
2025-11-25 16:59:57,839 INFO: [IART_..][epoch:  4, iter:  56,311, lr:(1.959e-06,3.315e-07,)] [eta: 2:56:02, time (data): 2.739 (0.001)] l_pix: 2.7684e-02 
2025-11-25 17:00:00,578 INFO: [IART_..][epoch:  4, iter:  56,312, lr:(1.958e-06,3.314e-07,)] [eta: 2:55:59, time (data): 2.739 (0.001)] l_pix: 1.4937e-02 
2025-11-25 17:00:03,257 INFO: [IART_..][epoch:  4, iter:  56,313, lr:(1.957e-06,3.313e-07,)] [eta: 2:55:55, time (data): 2.738 (0.001)] l_pix: 1.2379e-02 
2025-11-25 17:00:05,911 INFO: [IART_..][epoch:  4, iter:  56,314, lr:(1.956e-06,3.312e-07,)] [eta: 2:55:52, time (data): 2.737 (0.001)] l_pix: 1.2348e-02 
2025-11-25 17:00:08,663 INFO: [IART_..][epoch:  4, iter:  56,315, lr:(1.955e-06,3.310e-07,)] [eta: 2:55:49, time (data): 2.738 (0.001)] l_pix: 2.3932e-02 
2025-11-25 17:00:11,350 INFO: [IART_..][epoch:  4, iter:  56,316, lr:(1.954e-06,3.309e-07,)] [eta: 2:55:45, time (data): 2.737 (0.001)] l_pix: 1.6717e-02 
2025-11-25 17:00:14,088 INFO: [IART_..][epoch:  4, iter:  56,317, lr:(1.953e-06,3.308e-07,)] [eta: 2:55:42, time (data): 2.737 (0.001)] l_pix: 3.2381e-02 
2025-11-25 17:00:16,914 INFO: [IART_..][epoch:  4, iter:  56,318, lr:(1.952e-06,3.307e-07,)] [eta: 2:55:39, time (data): 2.738 (0.001)] l_pix: 1.0259e-02 
2025-11-25 17:00:19,564 INFO: [IART_..][epoch:  4, iter:  56,319, lr:(1.951e-06,3.305e-07,)] [eta: 2:55:36, time (data): 2.737 (0.001)] l_pix: 1.2472e-02 
2025-11-25 17:00:22,412 INFO: [IART_..][epoch:  4, iter:  56,320, lr:(1.950e-06,3.304e-07,)] [eta: 2:55:33, time (data): 2.738 (0.001)] l_pix: 1.9674e-02 
2025-11-25 17:00:25,074 INFO: [IART_..][epoch:  4, iter:  56,321, lr:(1.949e-06,3.303e-07,)] [eta: 2:55:29, time (data): 2.737 (0.001)] l_pix: 3.2481e-02 
2025-11-25 17:00:27,762 INFO: [IART_..][epoch:  4, iter:  56,322, lr:(1.948e-06,3.302e-07,)] [eta: 2:55:26, time (data): 2.737 (0.001)] l_pix: 2.0262e-02 
2025-11-25 17:00:30,459 INFO: [IART_..][epoch:  4, iter:  56,323, lr:(1.947e-06,3.300e-07,)] [eta: 2:55:23, time (data): 2.737 (0.001)] l_pix: 4.5099e-02 
2025-11-25 17:00:33,225 INFO: [IART_..][epoch:  4, iter:  56,324, lr:(1.946e-06,3.299e-07,)] [eta: 2:55:20, time (data): 2.737 (0.001)] l_pix: 3.0300e-02 
2025-11-25 17:00:36,075 INFO: [IART_..][epoch:  4, iter:  56,325, lr:(1.945e-06,3.298e-07,)] [eta: 2:55:17, time (data): 2.738 (0.001)] l_pix: 1.1047e-02 
2025-11-25 17:00:38,843 INFO: [IART_..][epoch:  4, iter:  56,326, lr:(1.944e-06,3.297e-07,)] [eta: 2:55:14, time (data): 2.738 (0.001)] l_pix: 2.4251e-02 
2025-11-25 17:00:41,565 INFO: [IART_..][epoch:  4, iter:  56,327, lr:(1.943e-06,3.295e-07,)] [eta: 2:55:10, time (data): 2.738 (0.001)] l_pix: 2.3581e-02 
2025-11-25 17:00:44,234 INFO: [IART_..][epoch:  4, iter:  56,328, lr:(1.942e-06,3.294e-07,)] [eta: 2:55:07, time (data): 2.737 (0.001)] l_pix: 1.5523e-02 
2025-11-25 17:00:46,980 INFO: [IART_..][epoch:  4, iter:  56,329, lr:(1.941e-06,3.293e-07,)] [eta: 2:55:04, time (data): 2.737 (0.001)] l_pix: 1.7277e-02 
2025-11-25 17:00:49,770 INFO: [IART_..][epoch:  4, iter:  56,330, lr:(1.940e-06,3.292e-07,)] [eta: 2:55:01, time (data): 2.738 (0.001)] l_pix: 2.3867e-02 
2025-11-25 17:00:52,529 INFO: [IART_..][epoch:  4, iter:  56,331, lr:(1.939e-06,3.290e-07,)] [eta: 2:54:57, time (data): 2.738 (0.001)] l_pix: 2.1968e-02 
2025-11-25 17:00:55,263 INFO: [IART_..][epoch:  4, iter:  56,332, lr:(1.938e-06,3.289e-07,)] [eta: 2:54:54, time (data): 2.738 (0.001)] l_pix: 6.8459e-03 
2025-11-25 17:00:58,084 INFO: [IART_..][epoch:  4, iter:  56,333, lr:(1.937e-06,3.288e-07,)] [eta: 2:54:51, time (data): 2.739 (0.001)] l_pix: 2.6820e-02 
2025-11-25 17:01:00,878 INFO: [IART_..][epoch:  4, iter:  56,334, lr:(1.936e-06,3.287e-07,)] [eta: 2:54:48, time (data): 2.739 (0.001)] l_pix: 1.6750e-02 
2025-11-25 17:01:03,662 INFO: [IART_..][epoch:  4, iter:  56,335, lr:(1.935e-06,3.285e-07,)] [eta: 2:54:45, time (data): 2.739 (0.001)] l_pix: 2.0651e-02 
2025-11-25 17:01:06,496 INFO: [IART_..][epoch:  4, iter:  56,336, lr:(1.934e-06,3.284e-07,)] [eta: 2:54:42, time (data): 2.740 (0.001)] l_pix: 2.7733e-02 
2025-11-25 17:01:09,212 INFO: [IART_..][epoch:  4, iter:  56,337, lr:(1.933e-06,3.283e-07,)] [eta: 2:54:39, time (data): 2.740 (0.001)] l_pix: 2.2755e-02 
2025-11-25 17:01:11,908 INFO: [IART_..][epoch:  4, iter:  56,338, lr:(1.932e-06,3.282e-07,)] [eta: 2:54:36, time (data): 2.740 (0.001)] l_pix: 2.3824e-02 
2025-11-25 17:01:14,632 INFO: [IART_..][epoch:  4, iter:  56,339, lr:(1.931e-06,3.280e-07,)] [eta: 2:54:32, time (data): 2.740 (0.001)] l_pix: 2.6220e-02 
2025-11-25 17:01:17,368 INFO: [IART_..][epoch:  4, iter:  56,340, lr:(1.930e-06,3.279e-07,)] [eta: 2:54:29, time (data): 2.739 (0.001)] l_pix: 2.6038e-02 
2025-11-25 17:01:20,251 INFO: [IART_..][epoch:  4, iter:  56,341, lr:(1.929e-06,3.278e-07,)] [eta: 2:54:26, time (data): 2.741 (0.001)] l_pix: 2.1125e-02 
2025-11-25 17:01:23,053 INFO: [IART_..][epoch:  4, iter:  56,342, lr:(1.928e-06,3.277e-07,)] [eta: 2:54:23, time (data): 2.741 (0.001)] l_pix: 1.3888e-02 
2025-11-25 17:01:25,759 INFO: [IART_..][epoch:  4, iter:  56,343, lr:(1.927e-06,3.275e-07,)] [eta: 2:54:20, time (data): 2.741 (0.001)] l_pix: 1.4805e-02 
2025-11-25 17:01:28,449 INFO: [IART_..][epoch:  4, iter:  56,344, lr:(1.926e-06,3.274e-07,)] [eta: 2:54:17, time (data): 2.740 (0.001)] l_pix: 2.5924e-02 
2025-11-25 17:01:31,215 INFO: [IART_..][epoch:  4, iter:  56,345, lr:(1.925e-06,3.273e-07,)] [eta: 2:54:14, time (data): 2.741 (0.001)] l_pix: 1.6309e-02 
2025-11-25 17:01:33,890 INFO: [IART_..][epoch:  4, iter:  56,346, lr:(1.924e-06,3.272e-07,)] [eta: 2:54:10, time (data): 2.740 (0.001)] l_pix: 2.1303e-02 
2025-11-25 17:01:36,598 INFO: [IART_..][epoch:  4, iter:  56,347, lr:(1.923e-06,3.270e-07,)] [eta: 2:54:07, time (data): 2.740 (0.001)] l_pix: 2.0135e-02 
2025-11-25 17:01:39,320 INFO: [IART_..][epoch:  4, iter:  56,348, lr:(1.922e-06,3.269e-07,)] [eta: 2:54:04, time (data): 2.740 (0.001)] l_pix: 2.6888e-02 
2025-11-25 17:01:42,092 INFO: [IART_..][epoch:  4, iter:  56,349, lr:(1.921e-06,3.268e-07,)] [eta: 2:54:01, time (data): 2.740 (0.001)] l_pix: 1.2008e-02 
2025-11-25 17:01:44,718 INFO: [IART_..][epoch:  4, iter:  56,350, lr:(1.920e-06,3.267e-07,)] [eta: 2:53:57, time (data): 2.739 (0.001)] l_pix: 1.3250e-02 
2025-11-25 17:01:47,457 INFO: [IART_..][epoch:  4, iter:  56,351, lr:(1.919e-06,3.265e-07,)] [eta: 2:53:54, time (data): 2.739 (0.001)] l_pix: 1.9512e-02 
2025-11-25 17:01:50,192 INFO: [IART_..][epoch:  4, iter:  56,352, lr:(1.918e-06,3.264e-07,)] [eta: 2:53:51, time (data): 2.739 (0.001)] l_pix: 1.3605e-02 
2025-11-25 17:01:52,960 INFO: [IART_..][epoch:  4, iter:  56,353, lr:(1.917e-06,3.263e-07,)] [eta: 2:53:48, time (data): 2.739 (0.001)] l_pix: 8.7115e-03 
2025-11-25 17:01:55,760 INFO: [IART_..][epoch:  4, iter:  56,354, lr:(1.916e-06,3.262e-07,)] [eta: 2:53:45, time (data): 2.740 (0.001)] l_pix: 9.1536e-03 
2025-11-25 17:01:58,509 INFO: [IART_..][epoch:  4, iter:  56,355, lr:(1.915e-06,3.261e-07,)] [eta: 2:53:42, time (data): 2.740 (0.001)] l_pix: 1.8099e-02 
2025-11-25 17:02:01,269 INFO: [IART_..][epoch:  4, iter:  56,356, lr:(1.914e-06,3.259e-07,)] [eta: 2:53:38, time (data): 2.740 (0.001)] l_pix: 1.5908e-02 
2025-11-25 17:02:04,114 INFO: [IART_..][epoch:  4, iter:  56,357, lr:(1.913e-06,3.258e-07,)] [eta: 2:53:35, time (data): 2.741 (0.001)] l_pix: 1.3374e-02 
2025-11-25 17:02:06,935 INFO: [IART_..][epoch:  4, iter:  56,358, lr:(1.912e-06,3.257e-07,)] [eta: 2:53:33, time (data): 2.741 (0.001)] l_pix: 1.8088e-02 
2025-11-25 17:02:09,543 INFO: [IART_..][epoch:  4, iter:  56,359, lr:(1.911e-06,3.256e-07,)] [eta: 2:53:29, time (data): 2.740 (0.001)] l_pix: 1.5510e-02 
2025-11-25 17:02:12,290 INFO: [IART_..][epoch:  4, iter:  56,360, lr:(1.910e-06,3.254e-07,)] [eta: 2:53:26, time (data): 2.740 (0.001)] l_pix: 2.5571e-02 
2025-11-25 17:02:14,989 INFO: [IART_..][epoch:  4, iter:  56,361, lr:(1.909e-06,3.253e-07,)] [eta: 2:53:23, time (data): 2.740 (0.001)] l_pix: 1.6898e-02 
2025-11-25 17:02:17,830 INFO: [IART_..][epoch:  4, iter:  56,362, lr:(1.908e-06,3.252e-07,)] [eta: 2:53:20, time (data): 2.741 (0.001)] l_pix: 3.7184e-02 
2025-11-25 17:02:20,543 INFO: [IART_..][epoch:  4, iter:  56,363, lr:(1.907e-06,3.251e-07,)] [eta: 2:53:16, time (data): 2.741 (0.001)] l_pix: 3.4498e-02 
2025-11-25 17:02:23,486 INFO: [IART_..][epoch:  4, iter:  56,364, lr:(1.906e-06,3.249e-07,)] [eta: 2:53:14, time (data): 2.742 (0.001)] l_pix: 1.9709e-02 
2025-11-25 17:02:26,286 INFO: [IART_..][epoch:  4, iter:  56,365, lr:(1.905e-06,3.248e-07,)] [eta: 2:53:11, time (data): 2.742 (0.001)] l_pix: 1.9854e-02 
2025-11-25 17:02:29,101 INFO: [IART_..][epoch:  4, iter:  56,366, lr:(1.904e-06,3.247e-07,)] [eta: 2:53:08, time (data): 2.743 (0.001)] l_pix: 1.4515e-02 
2025-11-25 17:02:31,762 INFO: [IART_..][epoch:  4, iter:  56,367, lr:(1.903e-06,3.246e-07,)] [eta: 2:53:04, time (data): 2.742 (0.001)] l_pix: 2.3831e-02 
2025-11-25 17:02:34,530 INFO: [IART_..][epoch:  4, iter:  56,368, lr:(1.902e-06,3.244e-07,)] [eta: 2:53:01, time (data): 2.742 (0.001)] l_pix: 1.9807e-02 
2025-11-25 17:02:37,251 INFO: [IART_..][epoch:  4, iter:  56,369, lr:(1.901e-06,3.243e-07,)] [eta: 2:52:58, time (data): 2.742 (0.001)] l_pix: 1.6358e-02 
2025-11-25 17:02:39,923 INFO: [IART_..][epoch:  4, iter:  56,370, lr:(1.900e-06,3.242e-07,)] [eta: 2:52:55, time (data): 2.742 (0.001)] l_pix: 2.1144e-02 
2025-11-25 17:02:42,604 INFO: [IART_..][epoch:  4, iter:  56,371, lr:(1.899e-06,3.241e-07,)] [eta: 2:52:51, time (data): 2.741 (0.001)] l_pix: 5.7909e-02 
2025-11-25 17:02:45,354 INFO: [IART_..][epoch:  4, iter:  56,372, lr:(1.898e-06,3.240e-07,)] [eta: 2:52:48, time (data): 2.741 (0.001)] l_pix: 1.8032e-02 
2025-11-25 17:02:48,062 INFO: [IART_..][epoch:  4, iter:  56,373, lr:(1.897e-06,3.238e-07,)] [eta: 2:52:45, time (data): 2.741 (0.001)] l_pix: 2.7757e-02 
2025-11-25 17:02:50,755 INFO: [IART_..][epoch:  4, iter:  56,374, lr:(1.896e-06,3.237e-07,)] [eta: 2:52:42, time (data): 2.741 (0.001)] l_pix: 1.9059e-02 
2025-11-25 17:02:53,613 INFO: [IART_..][epoch:  4, iter:  56,375, lr:(1.895e-06,3.236e-07,)] [eta: 2:52:39, time (data): 2.742 (0.001)] l_pix: 2.4027e-02 
2025-11-25 17:02:56,336 INFO: [IART_..][epoch:  4, iter:  56,376, lr:(1.894e-06,3.235e-07,)] [eta: 2:52:36, time (data): 2.742 (0.001)] l_pix: 2.6591e-02 
2025-11-25 17:02:59,104 INFO: [IART_..][epoch:  4, iter:  56,377, lr:(1.893e-06,3.233e-07,)] [eta: 2:52:32, time (data): 2.742 (0.001)] l_pix: 2.3792e-02 
2025-11-25 17:03:01,812 INFO: [IART_..][epoch:  4, iter:  56,378, lr:(1.892e-06,3.232e-07,)] [eta: 2:52:29, time (data): 2.741 (0.001)] l_pix: 1.6138e-02 
2025-11-25 17:03:04,519 INFO: [IART_..][epoch:  4, iter:  56,379, lr:(1.891e-06,3.231e-07,)] [eta: 2:52:26, time (data): 2.741 (0.001)] l_pix: 1.5901e-02 
2025-11-25 17:03:07,203 INFO: [IART_..][epoch:  4, iter:  56,380, lr:(1.890e-06,3.230e-07,)] [eta: 2:52:23, time (data): 2.741 (0.001)] l_pix: 2.7004e-02 
2025-11-25 17:03:09,939 INFO: [IART_..][epoch:  4, iter:  56,381, lr:(1.889e-06,3.229e-07,)] [eta: 2:52:19, time (data): 2.741 (0.001)] l_pix: 9.8296e-03 
2025-11-25 17:03:12,645 INFO: [IART_..][epoch:  4, iter:  56,382, lr:(1.888e-06,3.227e-07,)] [eta: 2:52:16, time (data): 2.741 (0.001)] l_pix: 1.9553e-02 
2025-11-25 17:03:15,332 INFO: [IART_..][epoch:  4, iter:  56,383, lr:(1.887e-06,3.226e-07,)] [eta: 2:52:13, time (data): 2.740 (0.001)] l_pix: 2.7440e-02 
2025-11-25 17:03:18,165 INFO: [IART_..][epoch:  4, iter:  56,384, lr:(1.886e-06,3.225e-07,)] [eta: 2:52:10, time (data): 2.741 (0.001)] l_pix: 2.3956e-02 
2025-11-25 17:03:20,902 INFO: [IART_..][epoch:  4, iter:  56,385, lr:(1.885e-06,3.224e-07,)] [eta: 2:52:07, time (data): 2.741 (0.001)] l_pix: 2.5952e-02 
2025-11-25 17:03:23,559 INFO: [IART_..][epoch:  4, iter:  56,386, lr:(1.884e-06,3.222e-07,)] [eta: 2:52:03, time (data): 2.740 (0.001)] l_pix: 3.2983e-02 
2025-11-25 17:03:26,309 INFO: [IART_..][epoch:  4, iter:  56,387, lr:(1.883e-06,3.221e-07,)] [eta: 2:52:00, time (data): 2.741 (0.001)] l_pix: 2.0342e-02 
2025-11-25 17:03:29,075 INFO: [IART_..][epoch:  4, iter:  56,388, lr:(1.882e-06,3.220e-07,)] [eta: 2:51:57, time (data): 2.741 (0.001)] l_pix: 2.4007e-02 
2025-11-25 17:03:31,792 INFO: [IART_..][epoch:  4, iter:  56,389, lr:(1.881e-06,3.219e-07,)] [eta: 2:51:54, time (data): 2.741 (0.001)] l_pix: 1.4525e-02 
2025-11-25 17:03:34,578 INFO: [IART_..][epoch:  4, iter:  56,390, lr:(1.880e-06,3.217e-07,)] [eta: 2:51:51, time (data): 2.741 (0.001)] l_pix: 3.4324e-02 
2025-11-25 17:03:37,283 INFO: [IART_..][epoch:  4, iter:  56,391, lr:(1.879e-06,3.216e-07,)] [eta: 2:51:48, time (data): 2.741 (0.001)] l_pix: 2.2505e-02 
2025-11-25 17:03:39,986 INFO: [IART_..][epoch:  4, iter:  56,392, lr:(1.878e-06,3.215e-07,)] [eta: 2:51:44, time (data): 2.740 (0.001)] l_pix: 2.8328e-02 
2025-11-25 17:03:42,723 INFO: [IART_..][epoch:  4, iter:  56,393, lr:(1.877e-06,3.214e-07,)] [eta: 2:51:41, time (data): 2.740 (0.001)] l_pix: 1.9970e-02 
2025-11-25 17:03:45,521 INFO: [IART_..][epoch:  4, iter:  56,394, lr:(1.876e-06,3.213e-07,)] [eta: 2:51:38, time (data): 2.741 (0.001)] l_pix: 2.3914e-02 
2025-11-25 17:03:48,241 INFO: [IART_..][epoch:  4, iter:  56,395, lr:(1.875e-06,3.211e-07,)] [eta: 2:51:35, time (data): 2.741 (0.001)] l_pix: 1.9951e-02 
2025-11-25 17:03:50,996 INFO: [IART_..][epoch:  4, iter:  56,396, lr:(1.874e-06,3.210e-07,)] [eta: 2:51:32, time (data): 2.741 (0.001)] l_pix: 1.9464e-02 
2025-11-25 17:03:53,791 INFO: [IART_..][epoch:  4, iter:  56,397, lr:(1.873e-06,3.209e-07,)] [eta: 2:51:29, time (data): 2.741 (0.001)] l_pix: 1.4973e-02 
2025-11-25 17:03:56,528 INFO: [IART_..][epoch:  4, iter:  56,398, lr:(1.872e-06,3.208e-07,)] [eta: 2:51:26, time (data): 2.741 (0.001)] l_pix: 3.1058e-02 
2025-11-25 17:03:59,219 INFO: [IART_..][epoch:  4, iter:  56,399, lr:(1.871e-06,3.206e-07,)] [eta: 2:51:22, time (data): 2.741 (0.001)] l_pix: 1.5943e-02 
2025-11-25 17:04:02,146 INFO: [IART_..][epoch:  4, iter:  56,400, lr:(1.870e-06,3.205e-07,)] [eta: 2:51:20, time (data): 2.742 (0.001)] l_pix: 9.9166e-03 
2025-11-25 17:04:04,869 INFO: [IART_..][epoch:  4, iter:  56,401, lr:(1.869e-06,3.204e-07,)] [eta: 2:51:17, time (data): 2.741 (0.001)] l_pix: 2.1020e-02 
2025-11-25 17:04:07,576 INFO: [IART_..][epoch:  4, iter:  56,402, lr:(1.868e-06,3.203e-07,)] [eta: 2:51:13, time (data): 2.741 (0.001)] l_pix: 2.2659e-02 
2025-11-25 17:04:10,311 INFO: [IART_..][epoch:  4, iter:  56,403, lr:(1.867e-06,3.202e-07,)] [eta: 2:51:10, time (data): 2.741 (0.001)] l_pix: 2.0093e-02 
2025-11-25 17:04:13,158 INFO: [IART_..][epoch:  4, iter:  56,404, lr:(1.866e-06,3.200e-07,)] [eta: 2:51:07, time (data): 2.742 (0.001)] l_pix: 2.6882e-02 
2025-11-25 17:04:15,895 INFO: [IART_..][epoch:  4, iter:  56,405, lr:(1.865e-06,3.199e-07,)] [eta: 2:51:04, time (data): 2.742 (0.001)] l_pix: 1.6134e-02 
2025-11-25 17:04:18,660 INFO: [IART_..][epoch:  4, iter:  56,406, lr:(1.865e-06,3.198e-07,)] [eta: 2:51:01, time (data): 2.742 (0.001)] l_pix: 2.4431e-02 
2025-11-25 17:04:21,309 INFO: [IART_..][epoch:  4, iter:  56,407, lr:(1.864e-06,3.197e-07,)] [eta: 2:50:58, time (data): 2.741 (0.001)] l_pix: 3.4621e-02 
2025-11-25 17:04:24,071 INFO: [IART_..][epoch:  4, iter:  56,408, lr:(1.863e-06,3.195e-07,)] [eta: 2:50:55, time (data): 2.762 (0.000)] l_pix: 2.0031e-02 
2025-11-25 17:04:26,686 INFO: [IART_..][epoch:  4, iter:  56,409, lr:(1.862e-06,3.194e-07,)] [eta: 2:50:51, time (data): 2.689 (0.000)] l_pix: 1.7316e-02 
2025-11-25 17:04:29,407 INFO: [IART_..][epoch:  4, iter:  56,410, lr:(1.861e-06,3.193e-07,)] [eta: 2:50:48, time (data): 2.699 (0.000)] l_pix: 1.8042e-02 
2025-11-25 17:04:32,275 INFO: [IART_..][epoch:  4, iter:  56,411, lr:(1.860e-06,3.192e-07,)] [eta: 2:50:45, time (data): 2.742 (0.000)] l_pix: 1.9147e-02 
2025-11-25 17:04:35,001 INFO: [IART_..][epoch:  4, iter:  56,412, lr:(1.859e-06,3.191e-07,)] [eta: 2:50:42, time (data): 2.738 (0.000)] l_pix: 1.4240e-02 
2025-11-25 17:04:37,786 INFO: [IART_..][epoch:  4, iter:  56,413, lr:(1.858e-06,3.189e-07,)] [eta: 2:50:39, time (data): 2.746 (0.000)] l_pix: 2.9323e-02 
2025-11-25 17:04:40,620 INFO: [IART_..][epoch:  4, iter:  56,414, lr:(1.857e-06,3.188e-07,)] [eta: 2:50:36, time (data): 2.759 (0.000)] l_pix: 1.8383e-02 
2025-11-25 17:04:43,250 INFO: [IART_..][epoch:  4, iter:  56,415, lr:(1.856e-06,3.187e-07,)] [eta: 2:50:33, time (data): 2.743 (0.000)] l_pix: 2.3380e-02 
2025-11-25 17:04:46,019 INFO: [IART_..][epoch:  4, iter:  56,416, lr:(1.855e-06,3.186e-07,)] [eta: 2:50:29, time (data): 2.746 (0.000)] l_pix: 3.2497e-02 
2025-11-25 17:04:48,821 INFO: [IART_..][epoch:  4, iter:  56,417, lr:(1.854e-06,3.185e-07,)] [eta: 2:50:26, time (data): 2.751 (0.000)] l_pix: 1.5295e-02 
2025-11-25 17:04:51,481 INFO: [IART_..][epoch:  4, iter:  56,418, lr:(1.853e-06,3.183e-07,)] [eta: 2:50:23, time (data): 2.743 (0.000)] l_pix: 1.9864e-02 
2025-11-25 17:04:54,200 INFO: [IART_..][epoch:  4, iter:  56,419, lr:(1.852e-06,3.182e-07,)] [eta: 2:50:20, time (data): 2.741 (0.000)] l_pix: 1.7905e-02 
2025-11-25 17:04:57,031 INFO: [IART_..][epoch:  4, iter:  56,420, lr:(1.851e-06,3.181e-07,)] [eta: 2:50:17, time (data): 2.748 (0.000)] l_pix: 2.2815e-02 
2025-11-25 17:04:59,799 INFO: [IART_..][epoch:  4, iter:  56,421, lr:(1.850e-06,3.180e-07,)] [eta: 2:50:14, time (data): 2.749 (0.000)] l_pix: 2.7317e-02 
2025-11-25 17:05:02,538 INFO: [IART_..][epoch:  4, iter:  56,422, lr:(1.849e-06,3.178e-07,)] [eta: 2:50:11, time (data): 2.749 (0.000)] l_pix: 1.5543e-02 
2025-11-25 17:05:05,254 INFO: [IART_..][epoch:  4, iter:  56,423, lr:(1.848e-06,3.177e-07,)] [eta: 2:50:08, time (data): 2.747 (0.000)] l_pix: 1.7502e-02 
2025-11-25 17:05:07,889 INFO: [IART_..][epoch:  4, iter:  56,424, lr:(1.847e-06,3.176e-07,)] [eta: 2:50:04, time (data): 2.740 (0.000)] l_pix: 1.3363e-02 
2025-11-25 17:05:10,587 INFO: [IART_..][epoch:  4, iter:  56,425, lr:(1.846e-06,3.175e-07,)] [eta: 2:50:01, time (data): 2.738 (0.000)] l_pix: 1.7646e-02 
2025-11-25 17:05:13,290 INFO: [IART_..][epoch:  4, iter:  56,426, lr:(1.845e-06,3.174e-07,)] [eta: 2:49:58, time (data): 2.736 (0.000)] l_pix: 2.6225e-02 
2025-11-25 17:05:15,952 INFO: [IART_..][epoch:  4, iter:  56,427, lr:(1.844e-06,3.172e-07,)] [eta: 2:49:54, time (data): 2.732 (0.000)] l_pix: 2.4388e-02 
2025-11-25 17:05:18,621 INFO: [IART_..][epoch:  4, iter:  56,428, lr:(1.843e-06,3.171e-07,)] [eta: 2:49:51, time (data): 2.729 (0.000)] l_pix: 2.1262e-02 
2025-11-25 17:05:21,332 INFO: [IART_..][epoch:  4, iter:  56,429, lr:(1.842e-06,3.170e-07,)] [eta: 2:49:48, time (data): 2.728 (0.000)] l_pix: 2.5754e-02 
2025-11-25 17:05:23,989 INFO: [IART_..][epoch:  4, iter:  56,430, lr:(1.841e-06,3.169e-07,)] [eta: 2:49:45, time (data): 2.725 (0.000)] l_pix: 2.1306e-02 
2025-11-25 17:05:26,688 INFO: [IART_..][epoch:  4, iter:  56,431, lr:(1.840e-06,3.168e-07,)] [eta: 2:49:41, time (data): 2.724 (0.000)] l_pix: 2.5954e-02 
2025-11-25 17:05:29,330 INFO: [IART_..][epoch:  4, iter:  56,432, lr:(1.839e-06,3.166e-07,)] [eta: 2:49:38, time (data): 2.721 (0.000)] l_pix: 1.8605e-02 
2025-11-25 17:05:31,974 INFO: [IART_..][epoch:  4, iter:  56,433, lr:(1.838e-06,3.165e-07,)] [eta: 2:49:35, time (data): 2.718 (0.000)] l_pix: 2.6932e-02 
2025-11-25 17:05:34,712 INFO: [IART_..][epoch:  4, iter:  56,434, lr:(1.837e-06,3.164e-07,)] [eta: 2:49:31, time (data): 2.719 (0.000)] l_pix: 3.0339e-02 
2025-11-25 17:05:37,483 INFO: [IART_..][epoch:  4, iter:  56,435, lr:(1.836e-06,3.163e-07,)] [eta: 2:49:28, time (data): 2.720 (0.000)] l_pix: 1.3717e-02 
2025-11-25 17:05:40,170 INFO: [IART_..][epoch:  4, iter:  56,436, lr:(1.835e-06,3.161e-07,)] [eta: 2:49:25, time (data): 2.719 (0.000)] l_pix: 1.3909e-02 
2025-11-25 17:05:42,937 INFO: [IART_..][epoch:  4, iter:  56,437, lr:(1.834e-06,3.160e-07,)] [eta: 2:49:22, time (data): 2.721 (0.000)] l_pix: 1.5136e-02 
2025-11-25 17:05:45,689 INFO: [IART_..][epoch:  4, iter:  56,438, lr:(1.833e-06,3.159e-07,)] [eta: 2:49:19, time (data): 2.722 (0.000)] l_pix: 1.0527e-02 
2025-11-25 17:05:48,408 INFO: [IART_..][epoch:  4, iter:  56,439, lr:(1.832e-06,3.158e-07,)] [eta: 2:49:16, time (data): 2.722 (0.000)] l_pix: 2.7364e-02 
2025-11-25 17:05:51,051 INFO: [IART_..][epoch:  4, iter:  56,440, lr:(1.831e-06,3.157e-07,)] [eta: 2:49:12, time (data): 2.719 (0.000)] l_pix: 1.8805e-02 
2025-11-25 17:05:53,779 INFO: [IART_..][epoch:  4, iter:  56,441, lr:(1.830e-06,3.155e-07,)] [eta: 2:49:09, time (data): 2.720 (0.000)] l_pix: 2.4974e-02 
2025-11-25 17:05:56,547 INFO: [IART_..][epoch:  4, iter:  56,442, lr:(1.829e-06,3.154e-07,)] [eta: 2:49:06, time (data): 2.721 (0.000)] l_pix: 1.9425e-02 
2025-11-25 17:05:59,376 INFO: [IART_..][epoch:  4, iter:  56,443, lr:(1.828e-06,3.153e-07,)] [eta: 2:49:03, time (data): 2.724 (0.000)] l_pix: 2.9333e-02 
2025-11-25 17:06:02,084 INFO: [IART_..][epoch:  4, iter:  56,444, lr:(1.828e-06,3.152e-07,)] [eta: 2:49:00, time (data): 2.724 (0.000)] l_pix: 3.6471e-02 
2025-11-25 17:06:04,760 INFO: [IART_..][epoch:  4, iter:  56,445, lr:(1.827e-06,3.151e-07,)] [eta: 2:48:57, time (data): 2.722 (0.000)] l_pix: 2.8661e-02 
2025-11-25 17:06:07,443 INFO: [IART_..][epoch:  4, iter:  56,446, lr:(1.826e-06,3.149e-07,)] [eta: 2:48:53, time (data): 2.721 (0.000)] l_pix: 3.0881e-02 
2025-11-25 17:06:10,122 INFO: [IART_..][epoch:  4, iter:  56,447, lr:(1.825e-06,3.148e-07,)] [eta: 2:48:50, time (data): 2.720 (0.000)] l_pix: 2.8488e-02 
2025-11-25 17:06:12,876 INFO: [IART_..][epoch:  4, iter:  56,448, lr:(1.824e-06,3.147e-07,)] [eta: 2:48:47, time (data): 2.721 (0.000)] l_pix: 1.8998e-02 
2025-11-25 17:06:15,548 INFO: [IART_..][epoch:  4, iter:  56,449, lr:(1.823e-06,3.146e-07,)] [eta: 2:48:44, time (data): 2.720 (0.000)] l_pix: 1.1776e-02 
2025-11-25 17:06:18,311 INFO: [IART_..][epoch:  4, iter:  56,450, lr:(1.822e-06,3.145e-07,)] [eta: 2:48:41, time (data): 2.721 (0.000)] l_pix: 2.6075e-02 
2025-11-25 17:06:21,095 INFO: [IART_..][epoch:  4, iter:  56,451, lr:(1.821e-06,3.143e-07,)] [eta: 2:48:38, time (data): 2.722 (0.001)] l_pix: 8.9502e-03 
2025-11-25 17:06:23,836 INFO: [IART_..][epoch:  4, iter:  56,452, lr:(1.820e-06,3.142e-07,)] [eta: 2:48:35, time (data): 2.723 (0.001)] l_pix: 8.5636e-03 
2025-11-25 17:06:26,638 INFO: [IART_..][epoch:  4, iter:  56,453, lr:(1.819e-06,3.141e-07,)] [eta: 2:48:32, time (data): 2.724 (0.000)] l_pix: 9.0645e-03 
2025-11-25 17:06:29,434 INFO: [IART_..][epoch:  4, iter:  56,454, lr:(1.818e-06,3.140e-07,)] [eta: 2:48:29, time (data): 2.726 (0.001)] l_pix: 2.8888e-02 
2025-11-25 17:06:32,209 INFO: [IART_..][epoch:  4, iter:  56,455, lr:(1.817e-06,3.139e-07,)] [eta: 2:48:26, time (data): 2.727 (0.001)] l_pix: 2.4920e-02 
2025-11-25 17:06:34,888 INFO: [IART_..][epoch:  4, iter:  56,456, lr:(1.816e-06,3.137e-07,)] [eta: 2:48:22, time (data): 2.726 (0.001)] l_pix: 2.2622e-02 
2025-11-25 17:06:37,641 INFO: [IART_..][epoch:  4, iter:  56,457, lr:(1.815e-06,3.136e-07,)] [eta: 2:48:19, time (data): 2.727 (0.001)] l_pix: 1.0157e-02 
2025-11-25 17:06:40,490 INFO: [IART_..][epoch:  4, iter:  56,458, lr:(1.814e-06,3.135e-07,)] [eta: 2:48:16, time (data): 2.729 (0.001)] l_pix: 2.2716e-02 
2025-11-25 17:06:43,246 INFO: [IART_..][epoch:  4, iter:  56,459, lr:(1.813e-06,3.134e-07,)] [eta: 2:48:13, time (data): 2.729 (0.001)] l_pix: 1.7733e-02 
2025-11-25 17:06:45,952 INFO: [IART_..][epoch:  4, iter:  56,460, lr:(1.812e-06,3.133e-07,)] [eta: 2:48:10, time (data): 2.729 (0.001)] l_pix: 6.8122e-03 
2025-11-25 17:06:48,628 INFO: [IART_..][epoch:  4, iter:  56,461, lr:(1.811e-06,3.131e-07,)] [eta: 2:48:07, time (data): 2.728 (0.001)] l_pix: 4.0795e-02 
2025-11-25 17:06:51,225 INFO: [IART_..][epoch:  4, iter:  56,462, lr:(1.810e-06,3.130e-07,)] [eta: 2:48:03, time (data): 2.726 (0.001)] l_pix: 2.4012e-02 
2025-11-25 17:06:53,901 INFO: [IART_..][epoch:  4, iter:  56,463, lr:(1.809e-06,3.129e-07,)] [eta: 2:48:00, time (data): 2.725 (0.001)] l_pix: 8.3516e-03 
2025-11-25 17:06:56,704 INFO: [IART_..][epoch:  4, iter:  56,464, lr:(1.808e-06,3.128e-07,)] [eta: 2:47:57, time (data): 2.726 (0.001)] l_pix: 2.3349e-02 
2025-11-25 17:06:59,407 INFO: [IART_..][epoch:  4, iter:  56,465, lr:(1.807e-06,3.127e-07,)] [eta: 2:47:54, time (data): 2.726 (0.001)] l_pix: 4.1022e-02 
2025-11-25 17:07:02,115 INFO: [IART_..][epoch:  4, iter:  56,466, lr:(1.806e-06,3.125e-07,)] [eta: 2:47:51, time (data): 2.725 (0.001)] l_pix: 2.7017e-02 
2025-11-25 17:07:04,808 INFO: [IART_..][epoch:  4, iter:  56,467, lr:(1.805e-06,3.124e-07,)] [eta: 2:47:47, time (data): 2.725 (0.001)] l_pix: 1.3996e-02 
2025-11-25 17:07:07,592 INFO: [IART_..][epoch:  4, iter:  56,468, lr:(1.804e-06,3.123e-07,)] [eta: 2:47:44, time (data): 2.726 (0.001)] l_pix: 2.9714e-02 
2025-11-25 17:07:10,344 INFO: [IART_..][epoch:  4, iter:  56,469, lr:(1.803e-06,3.122e-07,)] [eta: 2:47:41, time (data): 2.726 (0.001)] l_pix: 3.5179e-02 
2025-11-25 17:07:13,044 INFO: [IART_..][epoch:  4, iter:  56,470, lr:(1.802e-06,3.121e-07,)] [eta: 2:47:38, time (data): 2.726 (0.001)] l_pix: 1.3705e-02 
2025-11-25 17:07:15,736 INFO: [IART_..][epoch:  4, iter:  56,471, lr:(1.801e-06,3.119e-07,)] [eta: 2:47:35, time (data): 2.725 (0.001)] l_pix: 3.9695e-02 
2025-11-25 17:07:18,431 INFO: [IART_..][epoch:  4, iter:  56,472, lr:(1.800e-06,3.118e-07,)] [eta: 2:47:32, time (data): 2.725 (0.001)] l_pix: 1.8448e-02 
2025-11-25 17:07:21,216 INFO: [IART_..][epoch:  4, iter:  56,473, lr:(1.800e-06,3.117e-07,)] [eta: 2:47:29, time (data): 2.726 (0.001)] l_pix: 2.5498e-02 
2025-11-25 17:07:23,838 INFO: [IART_..][epoch:  4, iter:  56,474, lr:(1.799e-06,3.116e-07,)] [eta: 2:47:25, time (data): 2.724 (0.001)] l_pix: 1.1101e-02 
2025-11-25 17:07:26,511 INFO: [IART_..][epoch:  4, iter:  56,475, lr:(1.798e-06,3.115e-07,)] [eta: 2:47:22, time (data): 2.723 (0.001)] l_pix: 2.1584e-02 
2025-11-25 17:07:29,159 INFO: [IART_..][epoch:  4, iter:  56,476, lr:(1.797e-06,3.113e-07,)] [eta: 2:47:19, time (data): 2.722 (0.001)] l_pix: 1.8062e-02 
2025-11-25 17:07:32,015 INFO: [IART_..][epoch:  4, iter:  56,477, lr:(1.796e-06,3.112e-07,)] [eta: 2:47:16, time (data): 2.724 (0.001)] l_pix: 8.0405e-03 
2025-11-25 17:07:34,718 INFO: [IART_..][epoch:  4, iter:  56,478, lr:(1.795e-06,3.111e-07,)] [eta: 2:47:13, time (data): 2.724 (0.001)] l_pix: 6.1547e-03 
2025-11-25 17:07:37,454 INFO: [IART_..][epoch:  4, iter:  56,479, lr:(1.794e-06,3.110e-07,)] [eta: 2:47:10, time (data): 2.724 (0.001)] l_pix: 1.3116e-02 
2025-11-25 17:07:40,229 INFO: [IART_..][epoch:  4, iter:  56,480, lr:(1.793e-06,3.109e-07,)] [eta: 2:47:07, time (data): 2.725 (0.001)] l_pix: 2.8830e-02 
2025-11-25 17:07:42,918 INFO: [IART_..][epoch:  4, iter:  56,481, lr:(1.792e-06,3.107e-07,)] [eta: 2:47:03, time (data): 2.724 (0.001)] l_pix: 2.1494e-02 
2025-11-25 17:07:45,577 INFO: [IART_..][epoch:  4, iter:  56,482, lr:(1.791e-06,3.106e-07,)] [eta: 2:47:00, time (data): 2.723 (0.001)] l_pix: 1.7359e-02 
2025-11-25 17:07:48,382 INFO: [IART_..][epoch:  4, iter:  56,483, lr:(1.790e-06,3.105e-07,)] [eta: 2:46:57, time (data): 2.725 (0.001)] l_pix: 2.1886e-02 
2025-11-25 17:07:51,136 INFO: [IART_..][epoch:  4, iter:  56,484, lr:(1.789e-06,3.104e-07,)] [eta: 2:46:54, time (data): 2.725 (0.001)] l_pix: 2.6497e-02 
2025-11-25 17:07:53,875 INFO: [IART_..][epoch:  4, iter:  56,485, lr:(1.788e-06,3.103e-07,)] [eta: 2:46:51, time (data): 2.725 (0.001)] l_pix: 1.5998e-02 
2025-11-25 17:07:56,550 INFO: [IART_..][epoch:  4, iter:  56,486, lr:(1.787e-06,3.101e-07,)] [eta: 2:46:48, time (data): 2.724 (0.001)] l_pix: 2.5441e-02 
2025-11-25 17:07:59,292 INFO: [IART_..][epoch:  4, iter:  56,487, lr:(1.786e-06,3.100e-07,)] [eta: 2:46:44, time (data): 2.725 (0.001)] l_pix: 1.7281e-02 
2025-11-25 17:08:02,064 INFO: [IART_..][epoch:  4, iter:  56,488, lr:(1.785e-06,3.099e-07,)] [eta: 2:46:41, time (data): 2.725 (0.001)] l_pix: 2.9592e-02 
2025-11-25 17:08:04,889 INFO: [IART_..][epoch:  4, iter:  56,489, lr:(1.784e-06,3.098e-07,)] [eta: 2:46:39, time (data): 2.727 (0.001)] l_pix: 3.1218e-02 
2025-11-25 17:08:07,682 INFO: [IART_..][epoch:  4, iter:  56,490, lr:(1.783e-06,3.097e-07,)] [eta: 2:46:36, time (data): 2.727 (0.001)] l_pix: 1.2877e-02 
2025-11-25 17:08:10,404 INFO: [IART_..][epoch:  4, iter:  56,491, lr:(1.782e-06,3.095e-07,)] [eta: 2:46:32, time (data): 2.727 (0.001)] l_pix: 2.6786e-02 
2025-11-25 17:08:13,112 INFO: [IART_..][epoch:  4, iter:  56,492, lr:(1.781e-06,3.094e-07,)] [eta: 2:46:29, time (data): 2.727 (0.001)] l_pix: 1.4421e-02 
2025-11-25 17:08:15,913 INFO: [IART_..][epoch:  4, iter:  56,493, lr:(1.780e-06,3.093e-07,)] [eta: 2:46:26, time (data): 2.728 (0.001)] l_pix: 1.3847e-02 
2025-11-25 17:08:18,662 INFO: [IART_..][epoch:  4, iter:  56,494, lr:(1.779e-06,3.092e-07,)] [eta: 2:46:23, time (data): 2.728 (0.001)] l_pix: 2.5670e-02 
2025-11-25 17:08:21,463 INFO: [IART_..][epoch:  4, iter:  56,495, lr:(1.778e-06,3.091e-07,)] [eta: 2:46:20, time (data): 2.729 (0.001)] l_pix: 1.5845e-02 
2025-11-25 17:08:24,185 INFO: [IART_..][epoch:  4, iter:  56,496, lr:(1.777e-06,3.090e-07,)] [eta: 2:46:17, time (data): 2.729 (0.001)] l_pix: 3.4354e-02 
2025-11-25 17:08:26,891 INFO: [IART_..][epoch:  4, iter:  56,497, lr:(1.777e-06,3.088e-07,)] [eta: 2:46:14, time (data): 2.729 (0.001)] l_pix: 1.6441e-02 
2025-11-25 17:08:29,646 INFO: [IART_..][epoch:  4, iter:  56,498, lr:(1.776e-06,3.087e-07,)] [eta: 2:46:11, time (data): 2.729 (0.001)] l_pix: 1.7053e-02 
2025-11-25 17:08:32,364 INFO: [IART_..][epoch:  4, iter:  56,499, lr:(1.775e-06,3.086e-07,)] [eta: 2:46:08, time (data): 2.729 (0.001)] l_pix: 1.1244e-02 
2025-11-25 17:08:35,071 INFO: [IART_..][epoch:  4, iter:  56,500, lr:(1.774e-06,3.085e-07,)] [eta: 2:46:05, time (data): 2.729 (0.001)] l_pix: 1.3601e-02 
2025-11-25 17:08:37,755 INFO: [IART_..][epoch:  4, iter:  56,501, lr:(1.773e-06,3.084e-07,)] [eta: 2:46:01, time (data): 2.728 (0.001)] l_pix: 1.3984e-02 
2025-11-25 17:08:40,673 INFO: [IART_..][epoch:  4, iter:  56,502, lr:(1.772e-06,3.082e-07,)] [eta: 2:45:59, time (data): 2.730 (0.001)] l_pix: 2.2485e-02 
2025-11-25 17:08:43,379 INFO: [IART_..][epoch:  4, iter:  56,503, lr:(1.771e-06,3.081e-07,)] [eta: 2:45:55, time (data): 2.730 (0.001)] l_pix: 1.7983e-02 
2025-11-25 17:08:46,216 INFO: [IART_..][epoch:  4, iter:  56,504, lr:(1.770e-06,3.080e-07,)] [eta: 2:45:53, time (data): 2.731 (0.001)] l_pix: 3.6109e-02 
2025-11-25 17:08:48,916 INFO: [IART_..][epoch:  4, iter:  56,505, lr:(1.769e-06,3.079e-07,)] [eta: 2:45:49, time (data): 2.731 (0.001)] l_pix: 1.9979e-02 
2025-11-25 17:08:51,576 INFO: [IART_..][epoch:  4, iter:  56,506, lr:(1.768e-06,3.078e-07,)] [eta: 2:45:46, time (data): 2.730 (0.001)] l_pix: 2.4582e-02 
2025-11-25 17:08:54,358 INFO: [IART_..][epoch:  4, iter:  56,507, lr:(1.767e-06,3.076e-07,)] [eta: 2:45:43, time (data): 2.730 (0.001)] l_pix: 1.9063e-02 
2025-11-25 17:08:57,081 INFO: [IART_..][epoch:  4, iter:  56,508, lr:(1.766e-06,3.075e-07,)] [eta: 2:45:40, time (data): 2.730 (0.001)] l_pix: 2.1861e-02 
2025-11-25 17:08:59,802 INFO: [IART_..][epoch:  4, iter:  56,509, lr:(1.765e-06,3.074e-07,)] [eta: 2:45:37, time (data): 2.730 (0.001)] l_pix: 2.3531e-02 
2025-11-25 17:09:02,538 INFO: [IART_..][epoch:  4, iter:  56,510, lr:(1.764e-06,3.073e-07,)] [eta: 2:45:34, time (data): 2.730 (0.001)] l_pix: 1.1806e-02 
2025-11-25 17:09:05,370 INFO: [IART_..][epoch:  4, iter:  56,511, lr:(1.763e-06,3.072e-07,)] [eta: 2:45:31, time (data): 2.731 (0.001)] l_pix: 3.7270e-02 
2025-11-25 17:09:08,113 INFO: [IART_..][epoch:  4, iter:  56,512, lr:(1.762e-06,3.071e-07,)] [eta: 2:45:28, time (data): 2.731 (0.001)] l_pix: 8.2538e-03 
2025-11-25 17:09:10,834 INFO: [IART_..][epoch:  4, iter:  56,513, lr:(1.761e-06,3.069e-07,)] [eta: 2:45:25, time (data): 2.731 (0.001)] l_pix: 2.1796e-02 
2025-11-25 17:09:13,599 INFO: [IART_..][epoch:  4, iter:  56,514, lr:(1.760e-06,3.068e-07,)] [eta: 2:45:22, time (data): 2.731 (0.001)] l_pix: 2.3743e-02 
2025-11-25 17:09:16,262 INFO: [IART_..][epoch:  4, iter:  56,515, lr:(1.759e-06,3.067e-07,)] [eta: 2:45:18, time (data): 2.731 (0.001)] l_pix: 2.2206e-02 
2025-11-25 17:09:19,033 INFO: [IART_..][epoch:  4, iter:  56,516, lr:(1.758e-06,3.066e-07,)] [eta: 2:45:15, time (data): 2.731 (0.001)] l_pix: 2.5215e-02 
2025-11-25 17:09:21,758 INFO: [IART_..][epoch:  4, iter:  56,517, lr:(1.757e-06,3.065e-07,)] [eta: 2:45:12, time (data): 2.731 (0.001)] l_pix: 1.4909e-02 
2025-11-25 17:09:24,481 INFO: [IART_..][epoch:  4, iter:  56,518, lr:(1.757e-06,3.063e-07,)] [eta: 2:45:09, time (data): 2.731 (0.001)] l_pix: 8.3028e-03 
2025-11-25 17:09:27,221 INFO: [IART_..][epoch:  4, iter:  56,519, lr:(1.756e-06,3.062e-07,)] [eta: 2:45:06, time (data): 2.731 (0.001)] l_pix: 1.8215e-02 
2025-11-25 17:09:30,041 INFO: [IART_..][epoch:  4, iter:  56,520, lr:(1.755e-06,3.061e-07,)] [eta: 2:45:03, time (data): 2.732 (0.001)] l_pix: 4.1755e-02 
2025-11-25 17:09:32,751 INFO: [IART_..][epoch:  4, iter:  56,521, lr:(1.754e-06,3.060e-07,)] [eta: 2:45:00, time (data): 2.732 (0.001)] l_pix: 3.9380e-02 
2025-11-25 17:09:35,537 INFO: [IART_..][epoch:  4, iter:  56,522, lr:(1.753e-06,3.059e-07,)] [eta: 2:44:57, time (data): 2.732 (0.001)] l_pix: 1.9827e-02 
2025-11-25 17:09:38,180 INFO: [IART_..][epoch:  4, iter:  56,523, lr:(1.752e-06,3.058e-07,)] [eta: 2:44:54, time (data): 2.731 (0.001)] l_pix: 2.8516e-02 
2025-11-25 17:09:40,935 INFO: [IART_..][epoch:  4, iter:  56,524, lr:(1.751e-06,3.056e-07,)] [eta: 2:44:50, time (data): 2.732 (0.001)] l_pix: 3.2320e-02 
2025-11-25 17:09:43,628 INFO: [IART_..][epoch:  4, iter:  56,525, lr:(1.750e-06,3.055e-07,)] [eta: 2:44:47, time (data): 2.731 (0.001)] l_pix: 1.7145e-02 
2025-11-25 17:09:46,302 INFO: [IART_..][epoch:  4, iter:  56,526, lr:(1.749e-06,3.054e-07,)] [eta: 2:44:44, time (data): 2.731 (0.001)] l_pix: 1.5479e-02 
2025-11-25 17:09:49,025 INFO: [IART_..][epoch:  4, iter:  56,527, lr:(1.748e-06,3.053e-07,)] [eta: 2:44:41, time (data): 2.731 (0.001)] l_pix: 1.7270e-02 
2025-11-25 17:09:51,808 INFO: [IART_..][epoch:  4, iter:  56,528, lr:(1.747e-06,3.052e-07,)] [eta: 2:44:38, time (data): 2.731 (0.001)] l_pix: 2.8890e-02 
2025-11-25 17:09:54,550 INFO: [IART_..][epoch:  4, iter:  56,529, lr:(1.746e-06,3.050e-07,)] [eta: 2:44:35, time (data): 2.731 (0.001)] l_pix: 1.5203e-02 
2025-11-25 17:09:57,288 INFO: [IART_..][epoch:  4, iter:  56,530, lr:(1.745e-06,3.049e-07,)] [eta: 2:44:32, time (data): 2.731 (0.001)] l_pix: 2.6499e-02 
2025-11-25 17:09:59,943 INFO: [IART_..][epoch:  4, iter:  56,531, lr:(1.744e-06,3.048e-07,)] [eta: 2:44:28, time (data): 2.731 (0.001)] l_pix: 2.0090e-02 
2025-11-25 17:10:02,727 INFO: [IART_..][epoch:  4, iter:  56,532, lr:(1.743e-06,3.047e-07,)] [eta: 2:44:26, time (data): 2.731 (0.001)] l_pix: 2.3293e-02 
2025-11-25 17:10:05,499 INFO: [IART_..][epoch:  4, iter:  56,533, lr:(1.742e-06,3.046e-07,)] [eta: 2:44:22, time (data): 2.731 (0.001)] l_pix: 2.3074e-02 
2025-11-25 17:10:08,180 INFO: [IART_..][epoch:  4, iter:  56,534, lr:(1.741e-06,3.045e-07,)] [eta: 2:44:19, time (data): 2.731 (0.001)] l_pix: 2.7073e-02 
2025-11-25 17:10:10,900 INFO: [IART_..][epoch:  4, iter:  56,535, lr:(1.740e-06,3.043e-07,)] [eta: 2:44:16, time (data): 2.731 (0.001)] l_pix: 2.5430e-02 
2025-11-25 17:10:13,630 INFO: [IART_..][epoch:  4, iter:  56,536, lr:(1.740e-06,3.042e-07,)] [eta: 2:44:13, time (data): 2.731 (0.001)] l_pix: 2.3646e-02 
2025-11-25 17:10:16,295 INFO: [IART_..][epoch:  4, iter:  56,537, lr:(1.739e-06,3.041e-07,)] [eta: 2:44:10, time (data): 2.730 (0.001)] l_pix: 1.1526e-02 
2025-11-25 17:10:19,044 INFO: [IART_..][epoch:  4, iter:  56,538, lr:(1.738e-06,3.040e-07,)] [eta: 2:44:07, time (data): 2.731 (0.001)] l_pix: 3.7645e-02 
2025-11-25 17:10:21,781 INFO: [IART_..][epoch:  4, iter:  56,539, lr:(1.737e-06,3.039e-07,)] [eta: 2:44:04, time (data): 2.731 (0.001)] l_pix: 1.7788e-02 
2025-11-25 17:10:24,517 INFO: [IART_..][epoch:  4, iter:  56,540, lr:(1.736e-06,3.038e-07,)] [eta: 2:44:01, time (data): 2.731 (0.001)] l_pix: 2.8461e-02 
2025-11-25 17:10:27,242 INFO: [IART_..][epoch:  4, iter:  56,541, lr:(1.735e-06,3.036e-07,)] [eta: 2:43:57, time (data): 2.731 (0.001)] l_pix: 1.5310e-02 
2025-11-25 17:10:30,078 INFO: [IART_..][epoch:  4, iter:  56,542, lr:(1.734e-06,3.035e-07,)] [eta: 2:43:55, time (data): 2.731 (0.001)] l_pix: 2.4134e-02 
2025-11-25 17:10:32,877 INFO: [IART_..][epoch:  4, iter:  56,543, lr:(1.733e-06,3.034e-07,)] [eta: 2:43:52, time (data): 2.732 (0.001)] l_pix: 1.6419e-02 
2025-11-25 17:10:35,710 INFO: [IART_..][epoch:  4, iter:  56,544, lr:(1.732e-06,3.033e-07,)] [eta: 2:43:49, time (data): 2.733 (0.001)] l_pix: 2.7819e-02 
2025-11-25 17:10:38,415 INFO: [IART_..][epoch:  4, iter:  56,545, lr:(1.731e-06,3.032e-07,)] [eta: 2:43:46, time (data): 2.732 (0.001)] l_pix: 2.7064e-02 
2025-11-25 17:10:41,185 INFO: [IART_..][epoch:  4, iter:  56,546, lr:(1.730e-06,3.030e-07,)] [eta: 2:43:43, time (data): 2.733 (0.001)] l_pix: 1.5317e-02 
2025-11-25 17:10:43,939 INFO: [IART_..][epoch:  4, iter:  56,547, lr:(1.729e-06,3.029e-07,)] [eta: 2:43:40, time (data): 2.733 (0.001)] l_pix: 2.7495e-02 
2025-11-25 17:10:46,649 INFO: [IART_..][epoch:  4, iter:  56,548, lr:(1.728e-06,3.028e-07,)] [eta: 2:43:36, time (data): 2.733 (0.001)] l_pix: 3.1246e-02 
2025-11-25 17:10:49,478 INFO: [IART_..][epoch:  4, iter:  56,549, lr:(1.727e-06,3.027e-07,)] [eta: 2:43:34, time (data): 2.733 (0.001)] l_pix: 2.6229e-02 
2025-11-25 17:10:52,154 INFO: [IART_..][epoch:  4, iter:  56,550, lr:(1.726e-06,3.026e-07,)] [eta: 2:43:30, time (data): 2.733 (0.001)] l_pix: 3.1515e-02 
2025-11-25 17:10:54,892 INFO: [IART_..][epoch:  4, iter:  56,551, lr:(1.725e-06,3.025e-07,)] [eta: 2:43:27, time (data): 2.733 (0.001)] l_pix: 3.5923e-02 
2025-11-25 17:10:57,691 INFO: [IART_..][epoch:  4, iter:  56,552, lr:(1.724e-06,3.023e-07,)] [eta: 2:43:24, time (data): 2.733 (0.001)] l_pix: 2.8985e-02 
2025-11-25 17:11:00,509 INFO: [IART_..][epoch:  4, iter:  56,553, lr:(1.724e-06,3.022e-07,)] [eta: 2:43:21, time (data): 2.734 (0.001)] l_pix: 1.8940e-02 
2025-11-25 17:11:03,167 INFO: [IART_..][epoch:  4, iter:  56,554, lr:(1.723e-06,3.021e-07,)] [eta: 2:43:18, time (data): 2.733 (0.001)] l_pix: 1.9982e-02 
2025-11-25 17:11:05,824 INFO: [IART_..][epoch:  4, iter:  56,555, lr:(1.722e-06,3.020e-07,)] [eta: 2:43:15, time (data): 2.733 (0.001)] l_pix: 2.6726e-02 
2025-11-25 17:11:08,603 INFO: [IART_..][epoch:  4, iter:  56,556, lr:(1.721e-06,3.019e-07,)] [eta: 2:43:12, time (data): 2.733 (0.001)] l_pix: 2.4784e-02 
2025-11-25 17:11:11,330 INFO: [IART_..][epoch:  4, iter:  56,557, lr:(1.720e-06,3.018e-07,)] [eta: 2:43:09, time (data): 2.733 (0.001)] l_pix: 3.0278e-02 
2025-11-25 17:11:14,050 INFO: [IART_..][epoch:  4, iter:  56,558, lr:(1.719e-06,3.016e-07,)] [eta: 2:43:06, time (data): 2.733 (0.001)] l_pix: 1.8925e-02 
2025-11-25 17:11:16,831 INFO: [IART_..][epoch:  4, iter:  56,559, lr:(1.718e-06,3.015e-07,)] [eta: 2:43:03, time (data): 2.733 (0.001)] l_pix: 1.1571e-02 
2025-11-25 17:11:19,568 INFO: [IART_..][epoch:  4, iter:  56,560, lr:(1.717e-06,3.014e-07,)] [eta: 2:43:00, time (data): 2.733 (0.001)] l_pix: 2.3117e-02 
2025-11-25 17:11:22,352 INFO: [IART_..][epoch:  4, iter:  56,561, lr:(1.716e-06,3.013e-07,)] [eta: 2:42:57, time (data): 2.734 (0.001)] l_pix: 7.2637e-03 
2025-11-25 17:11:25,073 INFO: [IART_..][epoch:  4, iter:  56,562, lr:(1.715e-06,3.012e-07,)] [eta: 2:42:53, time (data): 2.734 (0.001)] l_pix: 1.9770e-02 
2025-11-25 17:11:27,761 INFO: [IART_..][epoch:  4, iter:  56,563, lr:(1.714e-06,3.011e-07,)] [eta: 2:42:50, time (data): 2.733 (0.001)] l_pix: 3.4993e-02 
2025-11-25 17:11:30,518 INFO: [IART_..][epoch:  4, iter:  56,564, lr:(1.713e-06,3.009e-07,)] [eta: 2:42:47, time (data): 2.734 (0.001)] l_pix: 2.5566e-02 
2025-11-25 17:11:33,297 INFO: [IART_..][epoch:  4, iter:  56,565, lr:(1.712e-06,3.008e-07,)] [eta: 2:42:44, time (data): 2.734 (0.001)] l_pix: 1.9533e-02 
2025-11-25 17:11:36,242 INFO: [IART_..][epoch:  4, iter:  56,566, lr:(1.711e-06,3.007e-07,)] [eta: 2:42:42, time (data): 2.735 (0.001)] l_pix: 1.8672e-02 
2025-11-25 17:11:39,025 INFO: [IART_..][epoch:  4, iter:  56,567, lr:(1.710e-06,3.006e-07,)] [eta: 2:42:39, time (data): 2.735 (0.001)] l_pix: 3.3210e-02 
2025-11-25 17:11:41,760 INFO: [IART_..][epoch:  4, iter:  56,568, lr:(1.709e-06,3.005e-07,)] [eta: 2:42:36, time (data): 2.735 (0.001)] l_pix: 2.5601e-02 
2025-11-25 17:11:44,588 INFO: [IART_..][epoch:  4, iter:  56,569, lr:(1.709e-06,3.004e-07,)] [eta: 2:42:33, time (data): 2.736 (0.001)] l_pix: 1.6278e-02 
2025-11-25 17:11:47,359 INFO: [IART_..][epoch:  4, iter:  56,570, lr:(1.708e-06,3.002e-07,)] [eta: 2:42:30, time (data): 2.736 (0.001)] l_pix: 3.5171e-02 
2025-11-25 17:11:49,985 INFO: [IART_..][epoch:  4, iter:  56,571, lr:(1.707e-06,3.001e-07,)] [eta: 2:42:26, time (data): 2.736 (0.001)] l_pix: 2.1299e-02 
2025-11-25 17:11:52,777 INFO: [IART_..][epoch:  4, iter:  56,572, lr:(1.706e-06,3.000e-07,)] [eta: 2:42:23, time (data): 2.736 (0.001)] l_pix: 2.8826e-02 
2025-11-25 17:11:55,505 INFO: [IART_..][epoch:  4, iter:  56,573, lr:(1.705e-06,2.999e-07,)] [eta: 2:42:20, time (data): 2.736 (0.001)] l_pix: 1.7154e-02 
2025-11-25 17:11:58,217 INFO: [IART_..][epoch:  4, iter:  56,574, lr:(1.704e-06,2.998e-07,)] [eta: 2:42:17, time (data): 2.736 (0.001)] l_pix: 2.2831e-02 
2025-11-25 17:12:00,942 INFO: [IART_..][epoch:  4, iter:  56,575, lr:(1.703e-06,2.997e-07,)] [eta: 2:42:14, time (data): 2.736 (0.001)] l_pix: 1.4542e-02 
2025-11-25 17:12:03,711 INFO: [IART_..][epoch:  4, iter:  56,576, lr:(1.702e-06,2.995e-07,)] [eta: 2:42:11, time (data): 2.736 (0.001)] l_pix: 1.2316e-02 
2025-11-25 17:12:06,416 INFO: [IART_..][epoch:  4, iter:  56,577, lr:(1.701e-06,2.994e-07,)] [eta: 2:42:08, time (data): 2.736 (0.001)] l_pix: 2.5376e-02 
2025-11-25 17:12:09,198 INFO: [IART_..][epoch:  4, iter:  56,578, lr:(1.700e-06,2.993e-07,)] [eta: 2:42:05, time (data): 2.736 (0.001)] l_pix: 3.0681e-02 
2025-11-25 17:12:12,044 INFO: [IART_..][epoch:  4, iter:  56,579, lr:(1.699e-06,2.992e-07,)] [eta: 2:42:02, time (data): 2.737 (0.001)] l_pix: 1.8863e-02 
2025-11-25 17:12:14,768 INFO: [IART_..][epoch:  4, iter:  56,580, lr:(1.698e-06,2.991e-07,)] [eta: 2:41:59, time (data): 2.737 (0.001)] l_pix: 2.0845e-02 
2025-11-25 17:12:17,523 INFO: [IART_..][epoch:  4, iter:  56,581, lr:(1.697e-06,2.990e-07,)] [eta: 2:41:56, time (data): 2.737 (0.001)] l_pix: 2.2497e-02 
2025-11-25 17:12:20,286 INFO: [IART_..][epoch:  4, iter:  56,582, lr:(1.696e-06,2.988e-07,)] [eta: 2:41:53, time (data): 2.737 (0.001)] l_pix: 2.3028e-02 
2025-11-25 17:12:23,094 INFO: [IART_..][epoch:  4, iter:  56,583, lr:(1.695e-06,2.987e-07,)] [eta: 2:41:50, time (data): 2.737 (0.001)] l_pix: 2.9083e-02 
2025-11-25 17:12:25,893 INFO: [IART_..][epoch:  4, iter:  56,584, lr:(1.695e-06,2.986e-07,)] [eta: 2:41:47, time (data): 2.738 (0.001)] l_pix: 2.6975e-02 
2025-11-25 17:12:28,686 INFO: [IART_..][epoch:  4, iter:  56,585, lr:(1.694e-06,2.985e-07,)] [eta: 2:41:44, time (data): 2.738 (0.001)] l_pix: 2.8598e-02 
2025-11-25 17:12:31,381 INFO: [IART_..][epoch:  4, iter:  56,586, lr:(1.693e-06,2.984e-07,)] [eta: 2:41:41, time (data): 2.738 (0.001)] l_pix: 7.9322e-03 
2025-11-25 17:12:34,116 INFO: [IART_..][epoch:  4, iter:  56,587, lr:(1.692e-06,2.983e-07,)] [eta: 2:41:38, time (data): 2.738 (0.001)] l_pix: 2.0696e-02 
2025-11-25 17:12:36,918 INFO: [IART_..][epoch:  4, iter:  56,588, lr:(1.691e-06,2.982e-07,)] [eta: 2:41:35, time (data): 2.738 (0.001)] l_pix: 5.5262e-03 
2025-11-25 17:12:39,623 INFO: [IART_..][epoch:  4, iter:  56,589, lr:(1.690e-06,2.980e-07,)] [eta: 2:41:32, time (data): 2.738 (0.001)] l_pix: 1.0934e-02 
2025-11-25 17:12:42,362 INFO: [IART_..][epoch:  4, iter:  56,590, lr:(1.689e-06,2.979e-07,)] [eta: 2:41:29, time (data): 2.738 (0.001)] l_pix: 2.0435e-02 
2025-11-25 17:12:45,131 INFO: [IART_..][epoch:  4, iter:  56,591, lr:(1.688e-06,2.978e-07,)] [eta: 2:41:26, time (data): 2.738 (0.001)] l_pix: 3.9842e-02 
2025-11-25 17:12:47,912 INFO: [IART_..][epoch:  4, iter:  56,592, lr:(1.687e-06,2.977e-07,)] [eta: 2:41:23, time (data): 2.738 (0.001)] l_pix: 2.7031e-02 
2025-11-25 17:12:50,550 INFO: [IART_..][epoch:  4, iter:  56,593, lr:(1.686e-06,2.976e-07,)] [eta: 2:41:20, time (data): 2.738 (0.001)] l_pix: 2.9412e-02 
2025-11-25 17:12:53,316 INFO: [IART_..][epoch:  4, iter:  56,594, lr:(1.685e-06,2.975e-07,)] [eta: 2:41:17, time (data): 2.738 (0.001)] l_pix: 2.3190e-02 
2025-11-25 17:12:56,052 INFO: [IART_..][epoch:  4, iter:  56,595, lr:(1.684e-06,2.973e-07,)] [eta: 2:41:14, time (data): 2.738 (0.001)] l_pix: 2.9719e-02 
2025-11-25 17:12:58,786 INFO: [IART_..][epoch:  4, iter:  56,596, lr:(1.683e-06,2.972e-07,)] [eta: 2:41:10, time (data): 2.738 (0.001)] l_pix: 1.4435e-02 
2025-11-25 17:13:01,510 INFO: [IART_..][epoch:  4, iter:  56,597, lr:(1.682e-06,2.971e-07,)] [eta: 2:41:07, time (data): 2.738 (0.001)] l_pix: 2.1387e-02 
2025-11-25 17:13:04,232 INFO: [IART_..][epoch:  4, iter:  56,598, lr:(1.682e-06,2.970e-07,)] [eta: 2:41:04, time (data): 2.738 (0.001)] l_pix: 2.4764e-02 
2025-11-25 17:13:06,936 INFO: [IART_..][epoch:  4, iter:  56,599, lr:(1.681e-06,2.969e-07,)] [eta: 2:41:01, time (data): 2.737 (0.001)] l_pix: 1.6311e-02 
2025-11-25 17:13:09,662 INFO: [IART_..][epoch:  4, iter:  56,600, lr:(1.680e-06,2.968e-07,)] [eta: 2:40:58, time (data): 2.737 (0.001)] l_pix: 2.4718e-02 
2025-11-25 17:13:12,411 INFO: [IART_..][epoch:  4, iter:  56,601, lr:(1.679e-06,2.966e-07,)] [eta: 2:40:55, time (data): 2.737 (0.001)] l_pix: 1.4620e-02 
2025-11-25 17:13:15,197 INFO: [IART_..][epoch:  4, iter:  56,602, lr:(1.678e-06,2.965e-07,)] [eta: 2:40:52, time (data): 2.738 (0.001)] l_pix: 1.7900e-02 
2025-11-25 17:13:18,043 INFO: [IART_..][epoch:  4, iter:  56,603, lr:(1.677e-06,2.964e-07,)] [eta: 2:40:49, time (data): 2.738 (0.001)] l_pix: 2.0008e-02 
2025-11-25 17:13:20,796 INFO: [IART_..][epoch:  4, iter:  56,604, lr:(1.676e-06,2.963e-07,)] [eta: 2:40:46, time (data): 2.738 (0.001)] l_pix: 3.8264e-02 
2025-11-25 17:13:23,632 INFO: [IART_..][epoch:  4, iter:  56,605, lr:(1.675e-06,2.962e-07,)] [eta: 2:40:43, time (data): 2.739 (0.001)] l_pix: 2.4315e-02 
2025-11-25 17:13:26,256 INFO: [IART_..][epoch:  4, iter:  56,606, lr:(1.674e-06,2.961e-07,)] [eta: 2:40:40, time (data): 2.738 (0.001)] l_pix: 2.2938e-02 
2025-11-25 17:13:29,120 INFO: [IART_..][epoch:  4, iter:  56,607, lr:(1.673e-06,2.960e-07,)] [eta: 2:40:37, time (data): 2.739 (0.001)] l_pix: 1.8164e-02 
2025-11-25 17:13:31,994 INFO: [IART_..][epoch:  4, iter:  56,608, lr:(1.672e-06,2.958e-07,)] [eta: 2:40:34, time (data): 2.740 (0.001)] l_pix: 3.2645e-02 
2025-11-25 17:13:34,789 INFO: [IART_..][epoch:  4, iter:  56,609, lr:(1.671e-06,2.957e-07,)] [eta: 2:40:32, time (data): 2.795 (0.002)] l_pix: 3.0712e-02 
2025-11-25 17:13:37,590 INFO: [IART_..][epoch:  4, iter:  56,610, lr:(1.670e-06,2.956e-07,)] [eta: 2:40:29, time (data): 2.798 (0.001)] l_pix: 2.8612e-02 
2025-11-25 17:13:40,405 INFO: [IART_..][epoch:  4, iter:  56,611, lr:(1.669e-06,2.955e-07,)] [eta: 2:40:26, time (data): 2.804 (0.001)] l_pix: 2.6989e-02 
2025-11-25 17:13:43,192 INFO: [IART_..][epoch:  4, iter:  56,612, lr:(1.669e-06,2.954e-07,)] [eta: 2:40:23, time (data): 2.800 (0.001)] l_pix: 1.4190e-02 
2025-11-25 17:13:45,997 INFO: [IART_..][epoch:  4, iter:  56,613, lr:(1.668e-06,2.953e-07,)] [eta: 2:40:20, time (data): 2.801 (0.004)] l_pix: 2.6328e-02 
2025-11-25 17:13:48,718 INFO: [IART_..][epoch:  4, iter:  56,614, lr:(1.667e-06,2.952e-07,)] [eta: 2:40:17, time (data): 2.787 (0.003)] l_pix: 1.7219e-02 
2025-11-25 17:13:51,453 INFO: [IART_..][epoch:  4, iter:  56,615, lr:(1.666e-06,2.950e-07,)] [eta: 2:40:14, time (data): 2.780 (0.003)] l_pix: 1.8557e-02 
2025-11-25 17:13:54,237 INFO: [IART_..][epoch:  4, iter:  56,616, lr:(1.665e-06,2.949e-07,)] [eta: 2:40:11, time (data): 2.780 (0.002)] l_pix: 9.5310e-03 
2025-11-25 17:13:57,020 INFO: [IART_..][epoch:  4, iter:  56,617, lr:(1.664e-06,2.948e-07,)] [eta: 2:40:08, time (data): 2.781 (0.002)] l_pix: 2.2077e-02 
2025-11-25 17:13:59,910 INFO: [IART_..][epoch:  4, iter:  56,618, lr:(1.663e-06,2.947e-07,)] [eta: 2:40:05, time (data): 2.791 (0.002)] l_pix: 1.4962e-02 
2025-11-25 17:14:02,631 INFO: [IART_..][epoch:  4, iter:  56,619, lr:(1.662e-06,2.946e-07,)] [eta: 2:40:02, time (data): 2.785 (0.002)] l_pix: 8.8296e-03 
2025-11-25 17:14:05,384 INFO: [IART_..][epoch:  4, iter:  56,620, lr:(1.661e-06,2.945e-07,)] [eta: 2:39:59, time (data): 2.782 (0.003)] l_pix: 2.9208e-02 
2025-11-25 17:14:08,185 INFO: [IART_..][epoch:  4, iter:  56,621, lr:(1.660e-06,2.943e-07,)] [eta: 2:39:56, time (data): 2.784 (0.003)] l_pix: 2.6349e-02 
2025-11-25 17:14:11,011 INFO: [IART_..][epoch:  4, iter:  56,622, lr:(1.659e-06,2.942e-07,)] [eta: 2:39:53, time (data): 2.787 (0.003)] l_pix: 1.4665e-02 
2025-11-25 17:14:13,731 INFO: [IART_..][epoch:  4, iter:  56,623, lr:(1.658e-06,2.941e-07,)] [eta: 2:39:50, time (data): 2.782 (0.002)] l_pix: 2.7963e-02 
2025-11-25 17:14:16,451 INFO: [IART_..][epoch:  4, iter:  56,624, lr:(1.657e-06,2.940e-07,)] [eta: 2:39:47, time (data): 2.778 (0.002)] l_pix: 1.4183e-02 
2025-11-25 17:14:19,171 INFO: [IART_..][epoch:  4, iter:  56,625, lr:(1.657e-06,2.939e-07,)] [eta: 2:39:44, time (data): 2.775 (0.002)] l_pix: 2.6769e-02 
2025-11-25 17:14:21,813 INFO: [IART_..][epoch:  4, iter:  56,626, lr:(1.656e-06,2.938e-07,)] [eta: 2:39:41, time (data): 2.768 (0.002)] l_pix: 2.1255e-02 
2025-11-25 17:14:24,340 INFO: [IART_..][epoch:  4, iter:  56,627, lr:(1.655e-06,2.937e-07,)] [eta: 2:39:37, time (data): 2.755 (0.002)] l_pix: 2.2578e-02 
2025-11-25 17:14:27,168 INFO: [IART_..][epoch:  4, iter:  56,628, lr:(1.654e-06,2.935e-07,)] [eta: 2:39:34, time (data): 2.759 (0.002)] l_pix: 1.7054e-02 
2025-11-25 17:14:29,807 INFO: [IART_..][epoch:  4, iter:  56,629, lr:(1.653e-06,2.934e-07,)] [eta: 2:39:31, time (data): 2.753 (0.002)] l_pix: 2.4426e-02 
2025-11-25 17:14:32,620 INFO: [IART_..][epoch:  4, iter:  56,630, lr:(1.652e-06,2.933e-07,)] [eta: 2:39:28, time (data): 2.755 (0.003)] l_pix: 1.6609e-02 
2025-11-25 17:14:35,299 INFO: [IART_..][epoch:  4, iter:  56,631, lr:(1.651e-06,2.932e-07,)] [eta: 2:39:25, time (data): 2.752 (0.002)] l_pix: 2.8582e-02 
2025-11-25 17:14:38,051 INFO: [IART_..][epoch:  4, iter:  56,632, lr:(1.650e-06,2.931e-07,)] [eta: 2:39:22, time (data): 2.752 (0.002)] l_pix: 2.0507e-02 
2025-11-25 17:14:40,736 INFO: [IART_..][epoch:  4, iter:  56,633, lr:(1.649e-06,2.930e-07,)] [eta: 2:39:19, time (data): 2.749 (0.002)] l_pix: 9.5404e-03 
2025-11-25 17:14:43,506 INFO: [IART_..][epoch:  4, iter:  56,634, lr:(1.648e-06,2.929e-07,)] [eta: 2:39:16, time (data): 2.750 (0.003)] l_pix: 2.3094e-02 
2025-11-25 17:14:46,180 INFO: [IART_..][epoch:  4, iter:  56,635, lr:(1.647e-06,2.927e-07,)] [eta: 2:39:13, time (data): 2.747 (0.003)] l_pix: 1.4634e-02 
2025-11-25 17:14:49,008 INFO: [IART_..][epoch:  4, iter:  56,636, lr:(1.646e-06,2.926e-07,)] [eta: 2:39:10, time (data): 2.750 (0.003)] l_pix: 3.0998e-02 
2025-11-25 17:14:51,705 INFO: [IART_..][epoch:  4, iter:  56,637, lr:(1.646e-06,2.925e-07,)] [eta: 2:39:07, time (data): 2.748 (0.003)] l_pix: 3.1139e-02 
2025-11-25 17:14:54,355 INFO: [IART_..][epoch:  4, iter:  56,638, lr:(1.645e-06,2.924e-07,)] [eta: 2:39:03, time (data): 2.745 (0.003)] l_pix: 9.9297e-03 
2025-11-25 17:14:57,083 INFO: [IART_..][epoch:  4, iter:  56,639, lr:(1.644e-06,2.923e-07,)] [eta: 2:39:00, time (data): 2.744 (0.002)] l_pix: 1.3277e-02 
2025-11-25 17:14:59,732 INFO: [IART_..][epoch:  4, iter:  56,640, lr:(1.643e-06,2.922e-07,)] [eta: 2:38:57, time (data): 2.741 (0.002)] l_pix: 2.3301e-02 
2025-11-25 17:15:02,408 INFO: [IART_..][epoch:  4, iter:  56,641, lr:(1.642e-06,2.921e-07,)] [eta: 2:38:54, time (data): 2.739 (0.002)] l_pix: 3.1037e-02 
2025-11-25 17:15:05,082 INFO: [IART_..][epoch:  4, iter:  56,642, lr:(1.641e-06,2.919e-07,)] [eta: 2:38:51, time (data): 2.737 (0.002)] l_pix: 2.5627e-02 
2025-11-25 17:15:07,950 INFO: [IART_..][epoch:  4, iter:  56,643, lr:(1.640e-06,2.918e-07,)] [eta: 2:38:48, time (data): 2.741 (0.002)] l_pix: 2.1164e-02 
2025-11-25 17:15:10,680 INFO: [IART_..][epoch:  4, iter:  56,644, lr:(1.639e-06,2.917e-07,)] [eta: 2:38:45, time (data): 2.741 (0.002)] l_pix: 1.0936e-02 
2025-11-25 17:15:13,378 INFO: [IART_..][epoch:  4, iter:  56,645, lr:(1.638e-06,2.916e-07,)] [eta: 2:38:42, time (data): 2.740 (0.002)] l_pix: 2.3115e-02 
2025-11-25 17:15:16,072 INFO: [IART_..][epoch:  4, iter:  56,646, lr:(1.637e-06,2.915e-07,)] [eta: 2:38:39, time (data): 2.738 (0.003)] l_pix: 3.2634e-02 
2025-11-25 17:15:18,705 INFO: [IART_..][epoch:  4, iter:  56,647, lr:(1.636e-06,2.914e-07,)] [eta: 2:38:35, time (data): 2.735 (0.003)] l_pix: 9.4948e-03 
2025-11-25 17:15:21,442 INFO: [IART_..][epoch:  4, iter:  56,648, lr:(1.635e-06,2.913e-07,)] [eta: 2:38:32, time (data): 2.735 (0.003)] l_pix: 2.0347e-02 
2025-11-25 17:15:24,208 INFO: [IART_..][epoch:  4, iter:  56,649, lr:(1.635e-06,2.911e-07,)] [eta: 2:38:29, time (data): 2.736 (0.002)] l_pix: 3.0965e-02 
2025-11-25 17:15:26,843 INFO: [IART_..][epoch:  4, iter:  56,650, lr:(1.634e-06,2.910e-07,)] [eta: 2:38:26, time (data): 2.734 (0.002)] l_pix: 1.5589e-02 
2025-11-25 17:15:29,589 INFO: [IART_..][epoch:  4, iter:  56,651, lr:(1.633e-06,2.909e-07,)] [eta: 2:38:23, time (data): 2.734 (0.002)] l_pix: 1.5244e-02 
2025-11-25 17:15:32,220 INFO: [IART_..][epoch:  4, iter:  56,652, lr:(1.632e-06,2.908e-07,)] [eta: 2:38:20, time (data): 2.732 (0.002)] l_pix: 2.0923e-02 
2025-11-25 17:15:34,993 INFO: [IART_..][epoch:  4, iter:  56,653, lr:(1.631e-06,2.907e-07,)] [eta: 2:38:17, time (data): 2.733 (0.002)] l_pix: 1.1309e-02 
2025-11-25 17:15:37,658 INFO: [IART_..][epoch:  4, iter:  56,654, lr:(1.630e-06,2.906e-07,)] [eta: 2:38:14, time (data): 2.731 (0.002)] l_pix: 2.7517e-02 
2025-11-25 17:15:40,397 INFO: [IART_..][epoch:  4, iter:  56,655, lr:(1.629e-06,2.905e-07,)] [eta: 2:38:11, time (data): 2.731 (0.002)] l_pix: 2.8999e-02 
2025-11-25 17:15:43,153 INFO: [IART_..][epoch:  4, iter:  56,656, lr:(1.628e-06,2.904e-07,)] [eta: 2:38:08, time (data): 2.732 (0.002)] l_pix: 2.4766e-02 
2025-11-25 17:15:45,791 INFO: [IART_..][epoch:  4, iter:  56,657, lr:(1.627e-06,2.902e-07,)] [eta: 2:38:04, time (data): 2.730 (0.002)] l_pix: 1.2222e-02 
2025-11-25 17:15:48,521 INFO: [IART_..][epoch:  4, iter:  56,658, lr:(1.626e-06,2.901e-07,)] [eta: 2:38:01, time (data): 2.730 (0.002)] l_pix: 2.2016e-02 
2025-11-25 17:15:51,250 INFO: [IART_..][epoch:  4, iter:  56,659, lr:(1.625e-06,2.900e-07,)] [eta: 2:37:58, time (data): 2.730 (0.002)] l_pix: 1.3018e-02 
2025-11-25 17:15:53,933 INFO: [IART_..][epoch:  4, iter:  56,660, lr:(1.625e-06,2.899e-07,)] [eta: 2:37:55, time (data): 2.729 (0.002)] l_pix: 2.3445e-02 
2025-11-25 17:15:56,598 INFO: [IART_..][epoch:  4, iter:  56,661, lr:(1.624e-06,2.898e-07,)] [eta: 2:37:52, time (data): 2.728 (0.002)] l_pix: 9.7217e-03 
2025-11-25 17:15:59,320 INFO: [IART_..][epoch:  4, iter:  56,662, lr:(1.623e-06,2.897e-07,)] [eta: 2:37:49, time (data): 2.728 (0.002)] l_pix: 1.8177e-02 
2025-11-25 17:16:02,024 INFO: [IART_..][epoch:  4, iter:  56,663, lr:(1.622e-06,2.896e-07,)] [eta: 2:37:46, time (data): 2.727 (0.002)] l_pix: 2.3750e-02 
2025-11-25 17:16:04,660 INFO: [IART_..][epoch:  4, iter:  56,664, lr:(1.621e-06,2.894e-07,)] [eta: 2:37:42, time (data): 2.726 (0.002)] l_pix: 2.3962e-02 
2025-11-25 17:16:07,364 INFO: [IART_..][epoch:  4, iter:  56,665, lr:(1.620e-06,2.893e-07,)] [eta: 2:37:39, time (data): 2.725 (0.002)] l_pix: 1.4841e-02 
2025-11-25 17:16:10,014 INFO: [IART_..][epoch:  4, iter:  56,666, lr:(1.619e-06,2.892e-07,)] [eta: 2:37:36, time (data): 2.724 (0.002)] l_pix: 2.2941e-02 
2025-11-25 17:16:12,618 INFO: [IART_..][epoch:  4, iter:  56,667, lr:(1.618e-06,2.891e-07,)] [eta: 2:37:33, time (data): 2.722 (0.002)] l_pix: 7.7931e-03 
2025-11-25 17:16:15,175 INFO: [IART_..][epoch:  4, iter:  56,668, lr:(1.617e-06,2.890e-07,)] [eta: 2:37:29, time (data): 2.719 (0.002)] l_pix: 9.1754e-03 
2025-11-25 17:16:17,874 INFO: [IART_..][epoch:  4, iter:  56,669, lr:(1.616e-06,2.889e-07,)] [eta: 2:37:26, time (data): 2.719 (0.002)] l_pix: 2.5658e-02 
2025-11-25 17:16:20,586 INFO: [IART_..][epoch:  4, iter:  56,670, lr:(1.615e-06,2.888e-07,)] [eta: 2:37:23, time (data): 2.719 (0.002)] l_pix: 2.6772e-02 
2025-11-25 17:16:23,225 INFO: [IART_..][epoch:  4, iter:  56,671, lr:(1.615e-06,2.887e-07,)] [eta: 2:37:20, time (data): 2.717 (0.002)] l_pix: 2.1811e-02 
2025-11-25 17:16:25,950 INFO: [IART_..][epoch:  4, iter:  56,672, lr:(1.614e-06,2.885e-07,)] [eta: 2:37:17, time (data): 2.717 (0.002)] l_pix: 2.4838e-02 
2025-11-25 17:16:28,537 INFO: [IART_..][epoch:  4, iter:  56,673, lr:(1.613e-06,2.884e-07,)] [eta: 2:37:14, time (data): 2.715 (0.002)] l_pix: 1.9020e-02 
2025-11-25 17:16:31,196 INFO: [IART_..][epoch:  4, iter:  56,674, lr:(1.612e-06,2.883e-07,)] [eta: 2:37:10, time (data): 2.715 (0.002)] l_pix: 2.0048e-02 
2025-11-25 17:16:33,830 INFO: [IART_..][epoch:  4, iter:  56,675, lr:(1.611e-06,2.882e-07,)] [eta: 2:37:07, time (data): 2.713 (0.002)] l_pix: 1.7345e-02 
2025-11-25 17:16:36,502 INFO: [IART_..][epoch:  4, iter:  56,676, lr:(1.610e-06,2.881e-07,)] [eta: 2:37:04, time (data): 2.713 (0.002)] l_pix: 2.2066e-02 
2025-11-25 17:16:39,124 INFO: [IART_..][epoch:  4, iter:  56,677, lr:(1.609e-06,2.880e-07,)] [eta: 2:37:01, time (data): 2.711 (0.002)] l_pix: 3.0197e-02 
2025-11-25 17:16:41,726 INFO: [IART_..][epoch:  4, iter:  56,678, lr:(1.608e-06,2.879e-07,)] [eta: 2:36:57, time (data): 2.710 (0.002)] l_pix: 1.4522e-02 
2025-11-25 17:16:44,376 INFO: [IART_..][epoch:  4, iter:  56,679, lr:(1.607e-06,2.877e-07,)] [eta: 2:36:54, time (data): 2.709 (0.002)] l_pix: 1.0925e-02 
2025-11-25 17:16:46,995 INFO: [IART_..][epoch:  4, iter:  56,680, lr:(1.606e-06,2.876e-07,)] [eta: 2:36:51, time (data): 2.708 (0.002)] l_pix: 2.8412e-02 
2025-11-25 17:16:49,693 INFO: [IART_..][epoch:  4, iter:  56,681, lr:(1.605e-06,2.875e-07,)] [eta: 2:36:48, time (data): 2.708 (0.002)] l_pix: 2.2948e-02 
2025-11-25 17:16:52,343 INFO: [IART_..][epoch:  4, iter:  56,682, lr:(1.605e-06,2.874e-07,)] [eta: 2:36:45, time (data): 2.707 (0.002)] l_pix: 1.7222e-02 
2025-11-25 17:16:55,004 INFO: [IART_..][epoch:  4, iter:  56,683, lr:(1.604e-06,2.873e-07,)] [eta: 2:36:42, time (data): 2.706 (0.002)] l_pix: 1.3108e-02 
2025-11-25 17:16:57,664 INFO: [IART_..][epoch:  4, iter:  56,684, lr:(1.603e-06,2.872e-07,)] [eta: 2:36:38, time (data): 2.706 (0.002)] l_pix: 2.5482e-02 
2025-11-25 17:17:00,395 INFO: [IART_..][epoch:  4, iter:  56,685, lr:(1.602e-06,2.871e-07,)] [eta: 2:36:35, time (data): 2.706 (0.002)] l_pix: 2.5994e-02 
2025-11-25 17:17:03,171 INFO: [IART_..][epoch:  4, iter:  56,686, lr:(1.601e-06,2.870e-07,)] [eta: 2:36:32, time (data): 2.707 (0.002)] l_pix: 1.9435e-02 
2025-11-25 17:17:05,831 INFO: [IART_..][epoch:  4, iter:  56,687, lr:(1.600e-06,2.868e-07,)] [eta: 2:36:29, time (data): 2.706 (0.002)] l_pix: 2.1150e-02 
2025-11-25 17:17:08,582 INFO: [IART_..][epoch:  4, iter:  56,688, lr:(1.599e-06,2.867e-07,)] [eta: 2:36:26, time (data): 2.707 (0.002)] l_pix: 2.2137e-02 
2025-11-25 17:17:11,302 INFO: [IART_..][epoch:  4, iter:  56,689, lr:(1.598e-06,2.866e-07,)] [eta: 2:36:23, time (data): 2.707 (0.002)] l_pix: 2.2638e-02 
2025-11-25 17:17:13,929 INFO: [IART_..][epoch:  4, iter:  56,690, lr:(1.597e-06,2.865e-07,)] [eta: 2:36:20, time (data): 2.706 (0.002)] l_pix: 2.2371e-02 
2025-11-25 17:17:16,605 INFO: [IART_..][epoch:  4, iter:  56,691, lr:(1.596e-06,2.864e-07,)] [eta: 2:36:17, time (data): 2.706 (0.002)] l_pix: 1.3506e-02 
2025-11-25 17:17:19,285 INFO: [IART_..][epoch:  4, iter:  56,692, lr:(1.596e-06,2.863e-07,)] [eta: 2:36:14, time (data): 2.705 (0.002)] l_pix: 2.6051e-02 
2025-11-25 17:17:22,009 INFO: [IART_..][epoch:  4, iter:  56,693, lr:(1.595e-06,2.862e-07,)] [eta: 2:36:11, time (data): 2.706 (0.002)] l_pix: 1.7170e-02 
2025-11-25 17:17:24,759 INFO: [IART_..][epoch:  4, iter:  56,694, lr:(1.594e-06,2.861e-07,)] [eta: 2:36:08, time (data): 2.706 (0.002)] l_pix: 2.3415e-02 
2025-11-25 17:17:27,508 INFO: [IART_..][epoch:  4, iter:  56,695, lr:(1.593e-06,2.859e-07,)] [eta: 2:36:05, time (data): 2.706 (0.002)] l_pix: 2.3334e-02 
2025-11-25 17:17:30,213 INFO: [IART_..][epoch:  4, iter:  56,696, lr:(1.592e-06,2.858e-07,)] [eta: 2:36:01, time (data): 2.706 (0.002)] l_pix: 1.0697e-02 
2025-11-25 17:17:32,899 INFO: [IART_..][epoch:  4, iter:  56,697, lr:(1.591e-06,2.857e-07,)] [eta: 2:35:58, time (data): 2.706 (0.002)] l_pix: 1.3230e-02 
2025-11-25 17:17:35,692 INFO: [IART_..][epoch:  4, iter:  56,698, lr:(1.590e-06,2.856e-07,)] [eta: 2:35:55, time (data): 2.707 (0.002)] l_pix: 2.7506e-02 
2025-11-25 17:17:38,379 INFO: [IART_..][epoch:  4, iter:  56,699, lr:(1.589e-06,2.855e-07,)] [eta: 2:35:52, time (data): 2.707 (0.002)] l_pix: 2.9411e-02 
2025-11-25 17:17:41,066 INFO: [IART_..][epoch:  4, iter:  56,700, lr:(1.588e-06,2.854e-07,)] [eta: 2:35:49, time (data): 2.707 (0.002)] l_pix: 2.3828e-02 
2025-11-25 17:17:43,768 INFO: [IART_..][epoch:  4, iter:  56,701, lr:(1.587e-06,2.853e-07,)] [eta: 2:35:46, time (data): 2.707 (0.002)] l_pix: 1.8163e-02 
2025-11-25 17:17:46,487 INFO: [IART_..][epoch:  4, iter:  56,702, lr:(1.587e-06,2.852e-07,)] [eta: 2:35:43, time (data): 2.707 (0.002)] l_pix: 3.4949e-02 
2025-11-25 17:17:49,102 INFO: [IART_..][epoch:  4, iter:  56,703, lr:(1.586e-06,2.851e-07,)] [eta: 2:35:40, time (data): 2.706 (0.002)] l_pix: 1.7292e-02 
2025-11-25 17:17:51,815 INFO: [IART_..][epoch:  4, iter:  56,704, lr:(1.585e-06,2.849e-07,)] [eta: 2:35:37, time (data): 2.706 (0.002)] l_pix: 3.0315e-02 
2025-11-25 17:17:54,585 INFO: [IART_..][epoch:  4, iter:  56,705, lr:(1.584e-06,2.848e-07,)] [eta: 2:35:34, time (data): 2.707 (0.002)] l_pix: 2.5817e-02 
2025-11-25 17:17:57,211 INFO: [IART_..][epoch:  4, iter:  56,706, lr:(1.583e-06,2.847e-07,)] [eta: 2:35:30, time (data): 2.706 (0.002)] l_pix: 1.2337e-02 
2025-11-25 17:17:59,899 INFO: [IART_..][epoch:  4, iter:  56,707, lr:(1.582e-06,2.846e-07,)] [eta: 2:35:27, time (data): 2.706 (0.002)] l_pix: 2.1964e-02 
2025-11-25 17:18:02,635 INFO: [IART_..][epoch:  4, iter:  56,708, lr:(1.581e-06,2.845e-07,)] [eta: 2:35:24, time (data): 2.706 (0.002)] l_pix: 3.4757e-02 
2025-11-25 17:18:05,291 INFO: [IART_..][epoch:  4, iter:  56,709, lr:(1.580e-06,2.844e-07,)] [eta: 2:35:21, time (data): 2.705 (0.002)] l_pix: 2.2005e-02 
2025-11-25 17:18:08,043 INFO: [IART_..][epoch:  4, iter:  56,710, lr:(1.579e-06,2.843e-07,)] [eta: 2:35:18, time (data): 2.706 (0.002)] l_pix: 4.0270e-02 
2025-11-25 17:18:10,764 INFO: [IART_..][epoch:  4, iter:  56,711, lr:(1.578e-06,2.842e-07,)] [eta: 2:35:15, time (data): 2.706 (0.002)] l_pix: 2.9897e-02 
2025-11-25 17:18:13,419 INFO: [IART_..][epoch:  4, iter:  56,712, lr:(1.578e-06,2.840e-07,)] [eta: 2:35:12, time (data): 2.705 (0.002)] l_pix: 1.1663e-02 
2025-11-25 17:18:16,105 INFO: [IART_..][epoch:  4, iter:  56,713, lr:(1.577e-06,2.839e-07,)] [eta: 2:35:09, time (data): 2.705 (0.003)] l_pix: 1.1648e-02 
2025-11-25 17:18:18,700 INFO: [IART_..][epoch:  4, iter:  56,714, lr:(1.576e-06,2.838e-07,)] [eta: 2:35:06, time (data): 2.704 (0.002)] l_pix: 2.8548e-02 
2025-11-25 17:18:21,384 INFO: [IART_..][epoch:  4, iter:  56,715, lr:(1.575e-06,2.837e-07,)] [eta: 2:35:02, time (data): 2.704 (0.003)] l_pix: 3.0972e-02 
2025-11-25 17:18:23,980 INFO: [IART_..][epoch:  4, iter:  56,716, lr:(1.574e-06,2.836e-07,)] [eta: 2:34:59, time (data): 2.703 (0.003)] l_pix: 1.7075e-02 
2025-11-25 17:18:26,714 INFO: [IART_..][epoch:  4, iter:  56,717, lr:(1.573e-06,2.835e-07,)] [eta: 2:34:56, time (data): 2.703 (0.003)] l_pix: 1.3708e-02 
2025-11-25 17:18:29,311 INFO: [IART_..][epoch:  4, iter:  56,718, lr:(1.572e-06,2.834e-07,)] [eta: 2:34:53, time (data): 2.702 (0.003)] l_pix: 1.6399e-02 
2025-11-25 17:18:31,964 INFO: [IART_..][epoch:  4, iter:  56,719, lr:(1.571e-06,2.833e-07,)] [eta: 2:34:50, time (data): 2.702 (0.003)] l_pix: 1.6595e-02 
2025-11-25 17:18:34,572 INFO: [IART_..][epoch:  4, iter:  56,720, lr:(1.570e-06,2.832e-07,)] [eta: 2:34:46, time (data): 2.701 (0.002)] l_pix: 2.4042e-02 
2025-11-25 17:18:37,306 INFO: [IART_..][epoch:  4, iter:  56,721, lr:(1.569e-06,2.830e-07,)] [eta: 2:34:43, time (data): 2.701 (0.002)] l_pix: 2.0972e-02 
2025-11-25 17:18:39,962 INFO: [IART_..][epoch:  4, iter:  56,722, lr:(1.569e-06,2.829e-07,)] [eta: 2:34:40, time (data): 2.701 (0.002)] l_pix: 1.5037e-02 
2025-11-25 17:18:42,649 INFO: [IART_..][epoch:  4, iter:  56,723, lr:(1.568e-06,2.828e-07,)] [eta: 2:34:37, time (data): 2.701 (0.002)] l_pix: 2.1568e-02 
2025-11-25 17:18:45,509 INFO: [IART_..][epoch:  4, iter:  56,724, lr:(1.567e-06,2.827e-07,)] [eta: 2:34:34, time (data): 2.702 (0.002)] l_pix: 1.4062e-02 
2025-11-25 17:18:48,232 INFO: [IART_..][epoch:  4, iter:  56,725, lr:(1.566e-06,2.826e-07,)] [eta: 2:34:31, time (data): 2.702 (0.002)] l_pix: 1.7272e-02 
2025-11-25 17:18:50,938 INFO: [IART_..][epoch:  4, iter:  56,726, lr:(1.565e-06,2.825e-07,)] [eta: 2:34:28, time (data): 2.702 (0.002)] l_pix: 7.9524e-03 
2025-11-25 17:18:53,689 INFO: [IART_..][epoch:  4, iter:  56,727, lr:(1.564e-06,2.824e-07,)] [eta: 2:34:25, time (data): 2.703 (0.002)] l_pix: 2.5467e-02 
2025-11-25 17:18:56,475 INFO: [IART_..][epoch:  4, iter:  56,728, lr:(1.563e-06,2.823e-07,)] [eta: 2:34:22, time (data): 2.703 (0.002)] l_pix: 2.8496e-02 
2025-11-25 17:18:59,210 INFO: [IART_..][epoch:  4, iter:  56,729, lr:(1.562e-06,2.822e-07,)] [eta: 2:34:19, time (data): 2.704 (0.002)] l_pix: 1.4831e-02 
2025-11-25 17:19:01,930 INFO: [IART_..][epoch:  4, iter:  56,730, lr:(1.561e-06,2.820e-07,)] [eta: 2:34:16, time (data): 2.704 (0.002)] l_pix: 1.3899e-02 
2025-11-25 17:19:04,555 INFO: [IART_..][epoch:  4, iter:  56,731, lr:(1.561e-06,2.819e-07,)] [eta: 2:34:13, time (data): 2.703 (0.003)] l_pix: 2.0972e-02 
2025-11-25 17:19:07,344 INFO: [IART_..][epoch:  4, iter:  56,732, lr:(1.560e-06,2.818e-07,)] [eta: 2:34:10, time (data): 2.704 (0.003)] l_pix: 1.9476e-02 
2025-11-25 17:19:10,024 INFO: [IART_..][epoch:  4, iter:  56,733, lr:(1.559e-06,2.817e-07,)] [eta: 2:34:07, time (data): 2.704 (0.003)] l_pix: 1.1585e-02 
2025-11-25 17:19:12,634 INFO: [IART_..][epoch:  4, iter:  56,734, lr:(1.558e-06,2.816e-07,)] [eta: 2:34:04, time (data): 2.703 (0.003)] l_pix: 2.1907e-02 
2025-11-25 17:19:15,338 INFO: [IART_..][epoch:  4, iter:  56,735, lr:(1.557e-06,2.815e-07,)] [eta: 2:34:01, time (data): 2.703 (0.003)] l_pix: 2.3565e-02 
2025-11-25 17:19:17,999 INFO: [IART_..][epoch:  4, iter:  56,736, lr:(1.556e-06,2.814e-07,)] [eta: 2:33:58, time (data): 2.703 (0.003)] l_pix: 2.3989e-02 
2025-11-25 17:19:20,607 INFO: [IART_..][epoch:  4, iter:  56,737, lr:(1.555e-06,2.813e-07,)] [eta: 2:33:54, time (data): 2.702 (0.003)] l_pix: 2.1361e-02 
2025-11-25 17:19:23,171 INFO: [IART_..][epoch:  4, iter:  56,738, lr:(1.554e-06,2.812e-07,)] [eta: 2:33:51, time (data): 2.701 (0.003)] l_pix: 2.1046e-02 
2025-11-25 17:19:25,813 INFO: [IART_..][epoch:  4, iter:  56,739, lr:(1.553e-06,2.810e-07,)] [eta: 2:33:48, time (data): 2.700 (0.003)] l_pix: 2.5996e-02 
2025-11-25 17:19:28,407 INFO: [IART_..][epoch:  4, iter:  56,740, lr:(1.553e-06,2.809e-07,)] [eta: 2:33:45, time (data): 2.700 (0.003)] l_pix: 3.0899e-02 
2025-11-25 17:19:31,129 INFO: [IART_..][epoch:  4, iter:  56,741, lr:(1.552e-06,2.808e-07,)] [eta: 2:33:41, time (data): 2.700 (0.003)] l_pix: 2.0416e-02 
2025-11-25 17:19:33,762 INFO: [IART_..][epoch:  4, iter:  56,742, lr:(1.551e-06,2.807e-07,)] [eta: 2:33:38, time (data): 2.699 (0.003)] l_pix: 2.1251e-02 
2025-11-25 17:19:36,557 INFO: [IART_..][epoch:  4, iter:  56,743, lr:(1.550e-06,2.806e-07,)] [eta: 2:33:35, time (data): 2.700 (0.003)] l_pix: 4.3101e-02 
2025-11-25 17:19:39,357 INFO: [IART_..][epoch:  4, iter:  56,744, lr:(1.549e-06,2.805e-07,)] [eta: 2:33:32, time (data): 2.701 (0.003)] l_pix: 2.4533e-02 
2025-11-25 17:19:42,058 INFO: [IART_..][epoch:  4, iter:  56,745, lr:(1.548e-06,2.804e-07,)] [eta: 2:33:29, time (data): 2.701 (0.003)] l_pix: 2.1208e-02 
2025-11-25 17:19:44,745 INFO: [IART_..][epoch:  4, iter:  56,746, lr:(1.547e-06,2.803e-07,)] [eta: 2:33:26, time (data): 2.701 (0.003)] l_pix: 2.4006e-02 
2025-11-25 17:19:47,336 INFO: [IART_..][epoch:  4, iter:  56,747, lr:(1.546e-06,2.802e-07,)] [eta: 2:33:23, time (data): 2.700 (0.003)] l_pix: 3.1260e-02 
2025-11-25 17:19:49,961 INFO: [IART_..][epoch:  4, iter:  56,748, lr:(1.545e-06,2.800e-07,)] [eta: 2:33:20, time (data): 2.699 (0.003)] l_pix: 2.5306e-02 
2025-11-25 17:19:52,661 INFO: [IART_..][epoch:  4, iter:  56,749, lr:(1.545e-06,2.799e-07,)] [eta: 2:33:17, time (data): 2.699 (0.003)] l_pix: 5.1625e-02 
2025-11-25 17:19:55,372 INFO: [IART_..][epoch:  4, iter:  56,750, lr:(1.544e-06,2.798e-07,)] [eta: 2:33:14, time (data): 2.699 (0.003)] l_pix: 2.5083e-02 
2025-11-25 17:19:58,072 INFO: [IART_..][epoch:  4, iter:  56,751, lr:(1.543e-06,2.797e-07,)] [eta: 2:33:11, time (data): 2.699 (0.003)] l_pix: 1.3936e-02 
2025-11-25 17:20:00,756 INFO: [IART_..][epoch:  4, iter:  56,752, lr:(1.542e-06,2.796e-07,)] [eta: 2:33:08, time (data): 2.699 (0.003)] l_pix: 1.0766e-02 
2025-11-25 17:20:03,341 INFO: [IART_..][epoch:  4, iter:  56,753, lr:(1.541e-06,2.795e-07,)] [eta: 2:33:04, time (data): 2.698 (0.003)] l_pix: 1.5356e-02 
2025-11-25 17:20:06,142 INFO: [IART_..][epoch:  4, iter:  56,754, lr:(1.540e-06,2.794e-07,)] [eta: 2:33:01, time (data): 2.699 (0.003)] l_pix: 2.1860e-02 
2025-11-25 17:20:08,750 INFO: [IART_..][epoch:  4, iter:  56,755, lr:(1.539e-06,2.793e-07,)] [eta: 2:32:58, time (data): 2.699 (0.003)] l_pix: 1.5115e-02 
2025-11-25 17:20:11,324 INFO: [IART_..][epoch:  4, iter:  56,756, lr:(1.538e-06,2.792e-07,)] [eta: 2:32:55, time (data): 2.698 (0.003)] l_pix: 3.4647e-02 
2025-11-25 17:20:14,112 INFO: [IART_..][epoch:  4, iter:  56,757, lr:(1.537e-06,2.791e-07,)] [eta: 2:32:52, time (data): 2.698 (0.003)] l_pix: 1.3565e-02 
2025-11-25 17:20:16,865 INFO: [IART_..][epoch:  4, iter:  56,758, lr:(1.537e-06,2.789e-07,)] [eta: 2:32:49, time (data): 2.699 (0.003)] l_pix: 2.0361e-02 
2025-11-25 17:20:19,575 INFO: [IART_..][epoch:  4, iter:  56,759, lr:(1.536e-06,2.788e-07,)] [eta: 2:32:46, time (data): 2.699 (0.002)] l_pix: 1.1799e-02 
2025-11-25 17:20:22,229 INFO: [IART_..][epoch:  4, iter:  56,760, lr:(1.535e-06,2.787e-07,)] [eta: 2:32:43, time (data): 2.698 (0.002)] l_pix: 1.4996e-02 
2025-11-25 17:20:24,949 INFO: [IART_..][epoch:  4, iter:  56,761, lr:(1.534e-06,2.786e-07,)] [eta: 2:32:40, time (data): 2.699 (0.002)] l_pix: 2.9952e-02 
2025-11-25 17:20:27,541 INFO: [IART_..][epoch:  4, iter:  56,762, lr:(1.533e-06,2.785e-07,)] [eta: 2:32:36, time (data): 2.698 (0.002)] l_pix: 3.0976e-02 
2025-11-25 17:20:30,292 INFO: [IART_..][epoch:  4, iter:  56,763, lr:(1.532e-06,2.784e-07,)] [eta: 2:32:34, time (data): 2.698 (0.002)] l_pix: 2.3002e-02 
2025-11-25 17:20:32,977 INFO: [IART_..][epoch:  4, iter:  56,764, lr:(1.531e-06,2.783e-07,)] [eta: 2:32:30, time (data): 2.698 (0.002)] l_pix: 1.2653e-02 
2025-11-25 17:20:35,739 INFO: [IART_..][epoch:  4, iter:  56,765, lr:(1.530e-06,2.782e-07,)] [eta: 2:32:27, time (data): 2.699 (0.002)] l_pix: 2.8025e-02 
2025-11-25 17:20:38,443 INFO: [IART_..][epoch:  4, iter:  56,766, lr:(1.530e-06,2.781e-07,)] [eta: 2:32:24, time (data): 2.699 (0.002)] l_pix: 1.9096e-02 
2025-11-25 17:20:41,131 INFO: [IART_..][epoch:  4, iter:  56,767, lr:(1.529e-06,2.780e-07,)] [eta: 2:32:21, time (data): 2.698 (0.002)] l_pix: 1.0304e-02 
2025-11-25 17:20:43,771 INFO: [IART_..][epoch:  4, iter:  56,768, lr:(1.528e-06,2.778e-07,)] [eta: 2:32:18, time (data): 2.698 (0.002)] l_pix: 1.3333e-02 
2025-11-25 17:20:46,446 INFO: [IART_..][epoch:  4, iter:  56,769, lr:(1.527e-06,2.777e-07,)] [eta: 2:32:15, time (data): 2.698 (0.002)] l_pix: 3.4254e-02 
2025-11-25 17:20:49,165 INFO: [IART_..][epoch:  4, iter:  56,770, lr:(1.526e-06,2.776e-07,)] [eta: 2:32:12, time (data): 2.698 (0.003)] l_pix: 1.8730e-02 
2025-11-25 17:20:51,848 INFO: [IART_..][epoch:  4, iter:  56,771, lr:(1.525e-06,2.775e-07,)] [eta: 2:32:09, time (data): 2.698 (0.003)] l_pix: 4.2787e-02 
2025-11-25 17:20:54,539 INFO: [IART_..][epoch:  4, iter:  56,772, lr:(1.524e-06,2.774e-07,)] [eta: 2:32:06, time (data): 2.698 (0.003)] l_pix: 1.9972e-02 
2025-11-25 17:20:57,132 INFO: [IART_..][epoch:  4, iter:  56,773, lr:(1.523e-06,2.773e-07,)] [eta: 2:32:03, time (data): 2.697 (0.003)] l_pix: 2.2219e-02 
2025-11-25 17:20:59,783 INFO: [IART_..][epoch:  4, iter:  56,774, lr:(1.522e-06,2.772e-07,)] [eta: 2:31:59, time (data): 2.697 (0.003)] l_pix: 1.4587e-02 
2025-11-25 17:21:02,477 INFO: [IART_..][epoch:  4, iter:  56,775, lr:(1.522e-06,2.771e-07,)] [eta: 2:31:56, time (data): 2.697 (0.003)] l_pix: 1.6780e-02 
2025-11-25 17:21:05,136 INFO: [IART_..][epoch:  4, iter:  56,776, lr:(1.521e-06,2.770e-07,)] [eta: 2:31:53, time (data): 2.697 (0.003)] l_pix: 3.5602e-02 
2025-11-25 17:21:07,743 INFO: [IART_..][epoch:  4, iter:  56,777, lr:(1.520e-06,2.769e-07,)] [eta: 2:31:50, time (data): 2.696 (0.003)] l_pix: 2.5573e-02 
2025-11-25 17:21:10,372 INFO: [IART_..][epoch:  4, iter:  56,778, lr:(1.519e-06,2.767e-07,)] [eta: 2:31:47, time (data): 2.696 (0.002)] l_pix: 6.8460e-03 
2025-11-25 17:21:12,933 INFO: [IART_..][epoch:  4, iter:  56,779, lr:(1.518e-06,2.766e-07,)] [eta: 2:31:44, time (data): 2.695 (0.002)] l_pix: 2.6367e-02 
2025-11-25 17:21:15,584 INFO: [IART_..][epoch:  4, iter:  56,780, lr:(1.517e-06,2.765e-07,)] [eta: 2:31:40, time (data): 2.695 (0.002)] l_pix: 2.7235e-02 
2025-11-25 17:21:18,280 INFO: [IART_..][epoch:  4, iter:  56,781, lr:(1.516e-06,2.764e-07,)] [eta: 2:31:37, time (data): 2.695 (0.002)] l_pix: 2.4966e-02 
2025-11-25 17:21:21,006 INFO: [IART_..][epoch:  4, iter:  56,782, lr:(1.515e-06,2.763e-07,)] [eta: 2:31:34, time (data): 2.695 (0.002)] l_pix: 2.3687e-02 
2025-11-25 17:21:23,850 INFO: [IART_..][epoch:  4, iter:  56,783, lr:(1.515e-06,2.762e-07,)] [eta: 2:31:31, time (data): 2.696 (0.002)] l_pix: 2.1834e-02 
2025-11-25 17:21:26,438 INFO: [IART_..][epoch:  4, iter:  56,784, lr:(1.514e-06,2.761e-07,)] [eta: 2:31:28, time (data): 2.695 (0.002)] l_pix: 1.4629e-02 
2025-11-25 17:21:29,068 INFO: [IART_..][epoch:  4, iter:  56,785, lr:(1.513e-06,2.760e-07,)] [eta: 2:31:25, time (data): 2.695 (0.002)] l_pix: 3.3924e-02 
2025-11-25 17:21:31,811 INFO: [IART_..][epoch:  4, iter:  56,786, lr:(1.512e-06,2.759e-07,)] [eta: 2:31:22, time (data): 2.695 (0.002)] l_pix: 3.5807e-02 
2025-11-25 17:21:34,534 INFO: [IART_..][epoch:  4, iter:  56,787, lr:(1.511e-06,2.758e-07,)] [eta: 2:31:19, time (data): 2.695 (0.002)] l_pix: 1.7077e-02 
2025-11-25 17:21:37,128 INFO: [IART_..][epoch:  4, iter:  56,788, lr:(1.510e-06,2.757e-07,)] [eta: 2:31:16, time (data): 2.695 (0.002)] l_pix: 2.5463e-02 
2025-11-25 17:21:39,762 INFO: [IART_..][epoch:  4, iter:  56,789, lr:(1.509e-06,2.755e-07,)] [eta: 2:31:13, time (data): 2.694 (0.002)] l_pix: 1.1983e-02 
2025-11-25 17:21:42,382 INFO: [IART_..][epoch:  4, iter:  56,790, lr:(1.508e-06,2.754e-07,)] [eta: 2:31:09, time (data): 2.694 (0.002)] l_pix: 2.2033e-02 
2025-11-25 17:21:45,084 INFO: [IART_..][epoch:  4, iter:  56,791, lr:(1.508e-06,2.753e-07,)] [eta: 2:31:06, time (data): 2.694 (0.002)] l_pix: 1.8000e-02 
2025-11-25 17:21:47,726 INFO: [IART_..][epoch:  4, iter:  56,792, lr:(1.507e-06,2.752e-07,)] [eta: 2:31:03, time (data): 2.694 (0.002)] l_pix: 1.3689e-02 
2025-11-25 17:21:50,527 INFO: [IART_..][epoch:  4, iter:  56,793, lr:(1.506e-06,2.751e-07,)] [eta: 2:31:00, time (data): 2.694 (0.002)] l_pix: 2.5515e-02 
2025-11-25 17:21:53,183 INFO: [IART_..][epoch:  4, iter:  56,794, lr:(1.505e-06,2.750e-07,)] [eta: 2:30:57, time (data): 2.694 (0.002)] l_pix: 2.5928e-02 
2025-11-25 17:21:55,870 INFO: [IART_..][epoch:  4, iter:  56,795, lr:(1.504e-06,2.749e-07,)] [eta: 2:30:54, time (data): 2.694 (0.002)] l_pix: 2.9520e-02 
2025-11-25 17:21:58,495 INFO: [IART_..][epoch:  4, iter:  56,796, lr:(1.503e-06,2.748e-07,)] [eta: 2:30:51, time (data): 2.694 (0.002)] l_pix: 1.3728e-02 
2025-11-25 17:22:01,118 INFO: [IART_..][epoch:  4, iter:  56,797, lr:(1.502e-06,2.747e-07,)] [eta: 2:30:48, time (data): 2.693 (0.002)] l_pix: 1.4256e-02 
2025-11-25 17:22:03,789 INFO: [IART_..][epoch:  4, iter:  56,798, lr:(1.501e-06,2.746e-07,)] [eta: 2:30:45, time (data): 2.693 (0.002)] l_pix: 2.4075e-02 
2025-11-25 17:22:06,382 INFO: [IART_..][epoch:  4, iter:  56,799, lr:(1.501e-06,2.745e-07,)] [eta: 2:30:41, time (data): 2.693 (0.002)] l_pix: 1.8265e-02 
2025-11-25 17:22:09,103 INFO: [IART_..][epoch:  4, iter:  56,800, lr:(1.500e-06,2.743e-07,)] [eta: 2:30:38, time (data): 2.693 (0.002)] l_pix: 2.6730e-02 
2025-11-25 17:22:11,760 INFO: [IART_..][epoch:  4, iter:  56,801, lr:(1.499e-06,2.742e-07,)] [eta: 2:30:35, time (data): 2.693 (0.002)] l_pix: 1.0878e-02 
2025-11-25 17:22:14,450 INFO: [IART_..][epoch:  4, iter:  56,802, lr:(1.498e-06,2.741e-07,)] [eta: 2:30:32, time (data): 2.693 (0.002)] l_pix: 1.6367e-02 
2025-11-25 17:22:17,184 INFO: [IART_..][epoch:  4, iter:  56,803, lr:(1.497e-06,2.740e-07,)] [eta: 2:30:29, time (data): 2.693 (0.002)] l_pix: 2.6568e-02 
2025-11-25 17:22:19,886 INFO: [IART_..][epoch:  4, iter:  56,804, lr:(1.496e-06,2.739e-07,)] [eta: 2:30:26, time (data): 2.693 (0.002)] l_pix: 2.2313e-02 
2025-11-25 17:22:22,678 INFO: [IART_..][epoch:  4, iter:  56,805, lr:(1.495e-06,2.738e-07,)] [eta: 2:30:23, time (data): 2.693 (0.002)] l_pix: 1.3508e-02 
2025-11-25 17:22:25,231 INFO: [IART_..][epoch:  4, iter:  56,806, lr:(1.494e-06,2.737e-07,)] [eta: 2:30:20, time (data): 2.693 (0.002)] l_pix: 1.4368e-02 
2025-11-25 17:22:27,842 INFO: [IART_..][epoch:  4, iter:  56,807, lr:(1.494e-06,2.736e-07,)] [eta: 2:30:17, time (data): 2.692 (0.002)] l_pix: 2.7252e-02 
2025-11-25 17:22:30,562 INFO: [IART_..][epoch:  4, iter:  56,808, lr:(1.493e-06,2.735e-07,)] [eta: 2:30:14, time (data): 2.692 (0.002)] l_pix: 2.7637e-02 
2025-11-25 17:22:33,261 INFO: [IART_..][epoch:  4, iter:  56,809, lr:(1.492e-06,2.734e-07,)] [eta: 2:30:11, time (data): 2.692 (0.002)] l_pix: 1.5911e-02 
2025-11-25 17:22:35,934 INFO: [IART_..][epoch:  4, iter:  56,810, lr:(1.491e-06,2.733e-07,)] [eta: 2:30:08, time (data): 2.673 (0.000)] l_pix: 2.5159e-02 
2025-11-25 17:22:38,582 INFO: [IART_..][epoch:  4, iter:  56,811, lr:(1.490e-06,2.732e-07,)] [eta: 2:30:05, time (data): 2.661 (0.000)] l_pix: 8.8661e-03 
2025-11-25 17:22:41,302 INFO: [IART_..][epoch:  4, iter:  56,812, lr:(1.489e-06,2.730e-07,)] [eta: 2:30:02, time (data): 2.680 (0.000)] l_pix: 3.5754e-02 
2025-11-25 17:22:43,943 INFO: [IART_..][epoch:  4, iter:  56,813, lr:(1.488e-06,2.729e-07,)] [eta: 2:29:58, time (data): 2.671 (0.000)] l_pix: 2.9597e-02 
2025-11-25 17:22:46,844 INFO: [IART_..][epoch:  4, iter:  56,814, lr:(1.488e-06,2.728e-07,)] [eta: 2:29:56, time (data): 2.717 (0.003)] l_pix: 2.4577e-02 
2025-11-25 17:22:49,447 INFO: [IART_..][epoch:  4, iter:  56,815, lr:(1.487e-06,2.727e-07,)] [eta: 2:29:52, time (data): 2.697 (0.003)] l_pix: 2.6554e-02 
2025-11-25 17:22:52,240 INFO: [IART_..][epoch:  4, iter:  56,816, lr:(1.486e-06,2.726e-07,)] [eta: 2:29:50, time (data): 2.711 (0.002)] l_pix: 2.0975e-02 
2025-11-25 17:22:54,873 INFO: [IART_..][epoch:  4, iter:  56,817, lr:(1.485e-06,2.725e-07,)] [eta: 2:29:46, time (data): 2.701 (0.002)] l_pix: 2.2212e-02 
2025-11-25 17:22:57,608 INFO: [IART_..][epoch:  4, iter:  56,818, lr:(1.484e-06,2.724e-07,)] [eta: 2:29:43, time (data): 2.705 (0.002)] l_pix: 2.1278e-02 
2025-11-25 17:23:00,169 INFO: [IART_..][epoch:  4, iter:  56,819, lr:(1.483e-06,2.723e-07,)] [eta: 2:29:40, time (data): 2.691 (0.002)] l_pix: 2.9074e-02 
2025-11-25 17:23:02,823 INFO: [IART_..][epoch:  4, iter:  56,820, lr:(1.482e-06,2.722e-07,)] [eta: 2:29:37, time (data): 2.687 (0.003)] l_pix: 3.4120e-02 
2025-11-25 17:23:05,609 INFO: [IART_..][epoch:  4, iter:  56,821, lr:(1.481e-06,2.721e-07,)] [eta: 2:29:34, time (data): 2.696 (0.003)] l_pix: 1.0338e-02 
2025-11-25 17:23:08,213 INFO: [IART_..][epoch:  4, iter:  56,822, lr:(1.481e-06,2.720e-07,)] [eta: 2:29:31, time (data): 2.689 (0.002)] l_pix: 1.9922e-02 
2025-11-25 17:23:10,958 INFO: [IART_..][epoch:  4, iter:  56,823, lr:(1.480e-06,2.719e-07,)] [eta: 2:29:28, time (data): 2.693 (0.002)] l_pix: 1.5163e-02 
2025-11-25 17:23:13,630 INFO: [IART_..][epoch:  4, iter:  56,824, lr:(1.479e-06,2.717e-07,)] [eta: 2:29:25, time (data): 2.691 (0.002)] l_pix: 1.7369e-02 
2025-11-25 17:23:16,377 INFO: [IART_..][epoch:  4, iter:  56,825, lr:(1.478e-06,2.716e-07,)] [eta: 2:29:22, time (data): 2.695 (0.002)] l_pix: 2.7553e-02 
2025-11-25 17:23:19,076 INFO: [IART_..][epoch:  4, iter:  56,826, lr:(1.477e-06,2.715e-07,)] [eta: 2:29:19, time (data): 2.695 (0.003)] l_pix: 1.8549e-02 
2025-11-25 17:23:21,879 INFO: [IART_..][epoch:  4, iter:  56,827, lr:(1.476e-06,2.714e-07,)] [eta: 2:29:16, time (data): 2.701 (0.003)] l_pix: 1.8605e-02 
2025-11-25 17:23:24,588 INFO: [IART_..][epoch:  4, iter:  56,828, lr:(1.475e-06,2.713e-07,)] [eta: 2:29:13, time (data): 2.701 (0.002)] l_pix: 2.5011e-02 
2025-11-25 17:23:27,368 INFO: [IART_..][epoch:  4, iter:  56,829, lr:(1.474e-06,2.712e-07,)] [eta: 2:29:10, time (data): 2.705 (0.002)] l_pix: 1.8737e-02 
2025-11-25 17:23:30,338 INFO: [IART_..][epoch:  4, iter:  56,830, lr:(1.474e-06,2.711e-07,)] [eta: 2:29:08, time (data): 2.718 (0.002)] l_pix: 2.1431e-02 
2025-11-25 17:23:33,086 INFO: [IART_..][epoch:  4, iter:  56,831, lr:(1.473e-06,2.710e-07,)] [eta: 2:29:05, time (data): 2.719 (0.002)] l_pix: 1.6366e-02 
2025-11-25 17:23:35,928 INFO: [IART_..][epoch:  4, iter:  56,832, lr:(1.472e-06,2.709e-07,)] [eta: 2:29:02, time (data): 2.724 (0.002)] l_pix: 1.9769e-02 
2025-11-25 17:23:38,723 INFO: [IART_..][epoch:  4, iter:  56,833, lr:(1.471e-06,2.708e-07,)] [eta: 2:28:59, time (data): 2.727 (0.002)] l_pix: 2.2031e-02 
2025-11-25 17:23:41,527 INFO: [IART_..][epoch:  4, iter:  56,834, lr:(1.470e-06,2.707e-07,)] [eta: 2:28:56, time (data): 2.730 (0.002)] l_pix: 3.3470e-02 
2025-11-25 17:23:44,102 INFO: [IART_..][epoch:  4, iter:  56,835, lr:(1.469e-06,2.706e-07,)] [eta: 2:28:53, time (data): 2.725 (0.002)] l_pix: 2.6406e-02 
2025-11-25 17:23:46,736 INFO: [IART_..][epoch:  4, iter:  56,836, lr:(1.468e-06,2.705e-07,)] [eta: 2:28:50, time (data): 2.721 (0.002)] l_pix: 1.1065e-02 
2025-11-25 17:23:49,325 INFO: [IART_..][epoch:  4, iter:  56,837, lr:(1.468e-06,2.703e-07,)] [eta: 2:28:46, time (data): 2.716 (0.002)] l_pix: 3.3108e-02 
2025-11-25 17:23:52,036 INFO: [IART_..][epoch:  4, iter:  56,838, lr:(1.467e-06,2.702e-07,)] [eta: 2:28:43, time (data): 2.716 (0.002)] l_pix: 2.5114e-02 
2025-11-25 17:23:54,730 INFO: [IART_..][epoch:  4, iter:  56,839, lr:(1.466e-06,2.701e-07,)] [eta: 2:28:40, time (data): 2.715 (0.002)] l_pix: 2.1715e-02 
2025-11-25 17:23:57,370 INFO: [IART_..][epoch:  4, iter:  56,840, lr:(1.465e-06,2.700e-07,)] [eta: 2:28:37, time (data): 2.713 (0.002)] l_pix: 1.6826e-02 
2025-11-25 17:24:00,003 INFO: [IART_..][epoch:  4, iter:  56,841, lr:(1.464e-06,2.699e-07,)] [eta: 2:28:34, time (data): 2.711 (0.002)] l_pix: 2.6648e-02 
2025-11-25 17:24:02,630 INFO: [IART_..][epoch:  4, iter:  56,842, lr:(1.463e-06,2.698e-07,)] [eta: 2:28:31, time (data): 2.708 (0.002)] l_pix: 2.0582e-02 
2025-11-25 17:24:05,232 INFO: [IART_..][epoch:  4, iter:  56,843, lr:(1.462e-06,2.697e-07,)] [eta: 2:28:28, time (data): 2.705 (0.002)] l_pix: 1.9083e-02 
2025-11-25 17:24:07,870 INFO: [IART_..][epoch:  4, iter:  56,844, lr:(1.462e-06,2.696e-07,)] [eta: 2:28:25, time (data): 2.703 (0.002)] l_pix: 1.7019e-02 
2025-11-25 17:24:10,537 INFO: [IART_..][epoch:  4, iter:  56,845, lr:(1.461e-06,2.695e-07,)] [eta: 2:28:22, time (data): 2.702 (0.002)] l_pix: 1.4110e-02 
2025-11-25 17:24:13,326 INFO: [IART_..][epoch:  4, iter:  56,846, lr:(1.460e-06,2.694e-07,)] [eta: 2:28:19, time (data): 2.704 (0.002)] l_pix: 9.2416e-03 
2025-11-25 17:24:15,945 INFO: [IART_..][epoch:  4, iter:  56,847, lr:(1.459e-06,2.693e-07,)] [eta: 2:28:15, time (data): 2.702 (0.002)] l_pix: 1.7479e-02 
2025-11-25 17:24:18,581 INFO: [IART_..][epoch:  4, iter:  56,848, lr:(1.458e-06,2.692e-07,)] [eta: 2:28:12, time (data): 2.700 (0.002)] l_pix: 1.5605e-02 
2025-11-25 17:24:21,267 INFO: [IART_..][epoch:  4, iter:  56,849, lr:(1.457e-06,2.691e-07,)] [eta: 2:28:09, time (data): 2.700 (0.002)] l_pix: 2.3623e-02 
2025-11-25 17:24:24,021 INFO: [IART_..][epoch:  4, iter:  56,850, lr:(1.456e-06,2.690e-07,)] [eta: 2:28:06, time (data): 2.701 (0.002)] l_pix: 1.5262e-02 
2025-11-25 17:24:26,706 INFO: [IART_..][epoch:  4, iter:  56,851, lr:(1.456e-06,2.688e-07,)] [eta: 2:28:03, time (data): 2.701 (0.002)] l_pix: 2.2428e-02 
2025-11-25 17:24:29,361 INFO: [IART_..][epoch:  4, iter:  56,852, lr:(1.455e-06,2.687e-07,)] [eta: 2:28:00, time (data): 2.700 (0.002)] l_pix: 2.1535e-02 
2025-11-25 17:24:32,018 INFO: [IART_..][epoch:  4, iter:  56,853, lr:(1.454e-06,2.686e-07,)] [eta: 2:27:57, time (data): 2.699 (0.002)] l_pix: 1.1717e-02 
2025-11-25 17:24:34,737 INFO: [IART_..][epoch:  4, iter:  56,854, lr:(1.453e-06,2.685e-07,)] [eta: 2:27:54, time (data): 2.699 (0.002)] l_pix: 1.7194e-02 
2025-11-25 17:24:37,372 INFO: [IART_..][epoch:  4, iter:  56,855, lr:(1.452e-06,2.684e-07,)] [eta: 2:27:51, time (data): 2.698 (0.002)] l_pix: 3.4793e-02 
2025-11-25 17:24:40,076 INFO: [IART_..][epoch:  4, iter:  56,856, lr:(1.451e-06,2.683e-07,)] [eta: 2:27:48, time (data): 2.698 (0.002)] l_pix: 2.8135e-02 
2025-11-25 17:24:42,865 INFO: [IART_..][epoch:  4, iter:  56,857, lr:(1.450e-06,2.682e-07,)] [eta: 2:27:45, time (data): 2.700 (0.002)] l_pix: 1.4795e-02 
2025-11-25 17:24:45,533 INFO: [IART_..][epoch:  4, iter:  56,858, lr:(1.450e-06,2.681e-07,)] [eta: 2:27:42, time (data): 2.699 (0.002)] l_pix: 8.8763e-03 
2025-11-25 17:24:48,296 INFO: [IART_..][epoch:  4, iter:  56,859, lr:(1.449e-06,2.680e-07,)] [eta: 2:27:39, time (data): 2.701 (0.002)] l_pix: 3.0413e-02 
2025-11-25 17:24:50,971 INFO: [IART_..][epoch:  4, iter:  56,860, lr:(1.448e-06,2.679e-07,)] [eta: 2:27:36, time (data): 2.700 (0.002)] l_pix: 1.5304e-02 
2025-11-25 17:24:53,672 INFO: [IART_..][epoch:  4, iter:  56,861, lr:(1.447e-06,2.678e-07,)] [eta: 2:27:33, time (data): 2.700 (0.002)] l_pix: 2.8350e-02 
2025-11-25 17:24:56,440 INFO: [IART_..][epoch:  4, iter:  56,862, lr:(1.446e-06,2.677e-07,)] [eta: 2:27:30, time (data): 2.701 (0.002)] l_pix: 1.7916e-02 
2025-11-25 17:24:59,079 INFO: [IART_..][epoch:  4, iter:  56,863, lr:(1.445e-06,2.676e-07,)] [eta: 2:27:27, time (data): 2.700 (0.002)] l_pix: 1.7462e-02 
2025-11-25 17:25:01,870 INFO: [IART_..][epoch:  4, iter:  56,864, lr:(1.444e-06,2.675e-07,)] [eta: 2:27:24, time (data): 2.702 (0.002)] l_pix: 2.4920e-02 
2025-11-25 17:25:04,644 INFO: [IART_..][epoch:  4, iter:  56,865, lr:(1.444e-06,2.674e-07,)] [eta: 2:27:21, time (data): 2.703 (0.002)] l_pix: 1.6483e-02 
2025-11-25 17:25:07,366 INFO: [IART_..][epoch:  4, iter:  56,866, lr:(1.443e-06,2.672e-07,)] [eta: 2:27:18, time (data): 2.704 (0.002)] l_pix: 1.9131e-02 
2025-11-25 17:25:10,086 INFO: [IART_..][epoch:  4, iter:  56,867, lr:(1.442e-06,2.671e-07,)] [eta: 2:27:15, time (data): 2.704 (0.002)] l_pix: 2.1776e-02 
2025-11-25 17:25:12,726 INFO: [IART_..][epoch:  4, iter:  56,868, lr:(1.441e-06,2.670e-07,)] [eta: 2:27:12, time (data): 2.703 (0.002)] l_pix: 1.7434e-02 
2025-11-25 17:25:15,533 INFO: [IART_..][epoch:  4, iter:  56,869, lr:(1.440e-06,2.669e-07,)] [eta: 2:27:09, time (data): 2.704 (0.002)] l_pix: 1.9933e-02 
2025-11-25 17:25:18,242 INFO: [IART_..][epoch:  4, iter:  56,870, lr:(1.439e-06,2.668e-07,)] [eta: 2:27:06, time (data): 2.705 (0.002)] l_pix: 7.1117e-03 
2025-11-25 17:25:20,844 INFO: [IART_..][epoch:  4, iter:  56,871, lr:(1.438e-06,2.667e-07,)] [eta: 2:27:03, time (data): 2.703 (0.002)] l_pix: 1.6096e-02 
2025-11-25 17:25:23,687 INFO: [IART_..][epoch:  4, iter:  56,872, lr:(1.438e-06,2.666e-07,)] [eta: 2:27:00, time (data): 2.705 (0.002)] l_pix: 3.4506e-02 
2025-11-25 17:25:26,345 INFO: [IART_..][epoch:  4, iter:  56,873, lr:(1.437e-06,2.665e-07,)] [eta: 2:26:57, time (data): 2.704 (0.002)] l_pix: 2.1563e-02 
2025-11-25 17:25:28,964 INFO: [IART_..][epoch:  4, iter:  56,874, lr:(1.436e-06,2.664e-07,)] [eta: 2:26:54, time (data): 2.703 (0.002)] l_pix: 3.1051e-02 
2025-11-25 17:25:31,577 INFO: [IART_..][epoch:  4, iter:  56,875, lr:(1.435e-06,2.663e-07,)] [eta: 2:26:51, time (data): 2.702 (0.002)] l_pix: 1.5457e-02 
2025-11-25 17:25:34,218 INFO: [IART_..][epoch:  4, iter:  56,876, lr:(1.434e-06,2.662e-07,)] [eta: 2:26:48, time (data): 2.701 (0.002)] l_pix: 2.0657e-02 
2025-11-25 17:25:36,912 INFO: [IART_..][epoch:  4, iter:  56,877, lr:(1.433e-06,2.661e-07,)] [eta: 2:26:45, time (data): 2.701 (0.002)] l_pix: 1.5062e-02 
2025-11-25 17:25:39,494 INFO: [IART_..][epoch:  4, iter:  56,878, lr:(1.432e-06,2.660e-07,)] [eta: 2:26:41, time (data): 2.699 (0.002)] l_pix: 1.3375e-02 
2025-11-25 17:25:42,198 INFO: [IART_..][epoch:  4, iter:  56,879, lr:(1.432e-06,2.659e-07,)] [eta: 2:26:38, time (data): 2.699 (0.002)] l_pix: 2.2411e-02 
2025-11-25 17:25:45,028 INFO: [IART_..][epoch:  4, iter:  56,880, lr:(1.431e-06,2.658e-07,)] [eta: 2:26:36, time (data): 2.701 (0.002)] l_pix: 1.6118e-02 
2025-11-25 17:25:47,714 INFO: [IART_..][epoch:  4, iter:  56,881, lr:(1.430e-06,2.657e-07,)] [eta: 2:26:33, time (data): 2.701 (0.002)] l_pix: 1.5635e-02 
2025-11-25 17:25:50,337 INFO: [IART_..][epoch:  4, iter:  56,882, lr:(1.429e-06,2.655e-07,)] [eta: 2:26:29, time (data): 2.700 (0.002)] l_pix: 2.4002e-02 
2025-11-25 17:25:53,072 INFO: [IART_..][epoch:  4, iter:  56,883, lr:(1.428e-06,2.654e-07,)] [eta: 2:26:26, time (data): 2.700 (0.002)] l_pix: 2.2367e-02 
2025-11-25 17:25:55,681 INFO: [IART_..][epoch:  4, iter:  56,884, lr:(1.427e-06,2.653e-07,)] [eta: 2:26:23, time (data): 2.699 (0.002)] l_pix: 2.8805e-02 
2025-11-25 17:25:58,398 INFO: [IART_..][epoch:  4, iter:  56,885, lr:(1.426e-06,2.652e-07,)] [eta: 2:26:20, time (data): 2.699 (0.002)] l_pix: 2.1777e-02 
2025-11-25 17:26:01,083 INFO: [IART_..][epoch:  4, iter:  56,886, lr:(1.426e-06,2.651e-07,)] [eta: 2:26:17, time (data): 2.699 (0.002)] l_pix: 2.7510e-02 
2025-11-25 17:26:03,832 INFO: [IART_..][epoch:  4, iter:  56,887, lr:(1.425e-06,2.650e-07,)] [eta: 2:26:14, time (data): 2.700 (0.002)] l_pix: 2.2717e-02 
2025-11-25 17:26:06,486 INFO: [IART_..][epoch:  4, iter:  56,888, lr:(1.424e-06,2.649e-07,)] [eta: 2:26:11, time (data): 2.699 (0.002)] l_pix: 1.8032e-02 
2025-11-25 17:26:09,095 INFO: [IART_..][epoch:  4, iter:  56,889, lr:(1.423e-06,2.648e-07,)] [eta: 2:26:08, time (data): 2.698 (0.002)] l_pix: 2.6515e-02 
2025-11-25 17:26:11,829 INFO: [IART_..][epoch:  4, iter:  56,890, lr:(1.422e-06,2.647e-07,)] [eta: 2:26:05, time (data): 2.698 (0.002)] l_pix: 1.6210e-02 
2025-11-25 17:26:14,562 INFO: [IART_..][epoch:  4, iter:  56,891, lr:(1.421e-06,2.646e-07,)] [eta: 2:26:02, time (data): 2.699 (0.002)] l_pix: 3.0669e-02 
2025-11-25 17:26:17,111 INFO: [IART_..][epoch:  4, iter:  56,892, lr:(1.421e-06,2.645e-07,)] [eta: 2:25:59, time (data): 2.697 (0.002)] l_pix: 2.2103e-02 
2025-11-25 17:26:19,772 INFO: [IART_..][epoch:  4, iter:  56,893, lr:(1.420e-06,2.644e-07,)] [eta: 2:25:56, time (data): 2.696 (0.002)] l_pix: 2.7786e-02 
2025-11-25 17:26:22,495 INFO: [IART_..][epoch:  4, iter:  56,894, lr:(1.419e-06,2.643e-07,)] [eta: 2:25:53, time (data): 2.697 (0.002)] l_pix: 7.3999e-03 
2025-11-25 17:26:25,169 INFO: [IART_..][epoch:  4, iter:  56,895, lr:(1.418e-06,2.642e-07,)] [eta: 2:25:50, time (data): 2.696 (0.002)] l_pix: 3.4218e-02 
2025-11-25 17:26:27,872 INFO: [IART_..][epoch:  4, iter:  56,896, lr:(1.417e-06,2.641e-07,)] [eta: 2:25:47, time (data): 2.697 (0.002)] l_pix: 2.5800e-02 
2025-11-25 17:26:30,567 INFO: [IART_..][epoch:  4, iter:  56,897, lr:(1.416e-06,2.640e-07,)] [eta: 2:25:44, time (data): 2.697 (0.002)] l_pix: 2.0208e-02 
2025-11-25 17:26:33,218 INFO: [IART_..][epoch:  4, iter:  56,898, lr:(1.415e-06,2.639e-07,)] [eta: 2:25:41, time (data): 2.696 (0.002)] l_pix: 2.0925e-02 
2025-11-25 17:26:35,935 INFO: [IART_..][epoch:  4, iter:  56,899, lr:(1.415e-06,2.638e-07,)] [eta: 2:25:38, time (data): 2.696 (0.002)] l_pix: 1.7775e-02 
2025-11-25 17:26:38,510 INFO: [IART_..][epoch:  4, iter:  56,900, lr:(1.414e-06,2.636e-07,)] [eta: 2:25:34, time (data): 2.695 (0.002)] l_pix: 1.9529e-02 
2025-11-25 17:26:41,172 INFO: [IART_..][epoch:  4, iter:  56,901, lr:(1.413e-06,2.635e-07,)] [eta: 2:25:31, time (data): 2.695 (0.002)] l_pix: 2.6233e-02 
2025-11-25 17:26:43,982 INFO: [IART_..][epoch:  4, iter:  56,902, lr:(1.412e-06,2.634e-07,)] [eta: 2:25:29, time (data): 2.696 (0.002)] l_pix: 2.3158e-02 
2025-11-25 17:26:46,528 INFO: [IART_..][epoch:  4, iter:  56,903, lr:(1.411e-06,2.633e-07,)] [eta: 2:25:25, time (data): 2.694 (0.002)] l_pix: 3.7598e-02 
2025-11-25 17:26:49,137 INFO: [IART_..][epoch:  4, iter:  56,904, lr:(1.410e-06,2.632e-07,)] [eta: 2:25:22, time (data): 2.693 (0.002)] l_pix: 2.0420e-02 
2025-11-25 17:26:51,870 INFO: [IART_..][epoch:  4, iter:  56,905, lr:(1.410e-06,2.631e-07,)] [eta: 2:25:19, time (data): 2.694 (0.002)] l_pix: 1.9405e-02 
2025-11-25 17:26:54,526 INFO: [IART_..][epoch:  4, iter:  56,906, lr:(1.409e-06,2.630e-07,)] [eta: 2:25:16, time (data): 2.693 (0.002)] l_pix: 2.6271e-02 
2025-11-25 17:26:57,212 INFO: [IART_..][epoch:  4, iter:  56,907, lr:(1.408e-06,2.629e-07,)] [eta: 2:25:13, time (data): 2.693 (0.002)] l_pix: 2.1736e-02 
2025-11-25 17:26:59,854 INFO: [IART_..][epoch:  4, iter:  56,908, lr:(1.407e-06,2.628e-07,)] [eta: 2:25:10, time (data): 2.693 (0.002)] l_pix: 2.1763e-02 
2025-11-25 17:27:02,481 INFO: [IART_..][epoch:  4, iter:  56,909, lr:(1.406e-06,2.627e-07,)] [eta: 2:25:07, time (data): 2.692 (0.003)] l_pix: 2.6141e-02 
2025-11-25 17:27:05,229 INFO: [IART_..][epoch:  4, iter:  56,910, lr:(1.405e-06,2.626e-07,)] [eta: 2:25:04, time (data): 2.693 (0.003)] l_pix: 1.9466e-02 
2025-11-25 17:27:07,900 INFO: [IART_..][epoch:  4, iter:  56,911, lr:(1.404e-06,2.625e-07,)] [eta: 2:25:01, time (data): 2.692 (0.003)] l_pix: 1.1006e-02 
2025-11-25 17:27:10,621 INFO: [IART_..][epoch:  4, iter:  56,912, lr:(1.404e-06,2.624e-07,)] [eta: 2:24:58, time (data): 2.693 (0.003)] l_pix: 2.0916e-02 
2025-11-25 17:27:13,326 INFO: [IART_..][epoch:  4, iter:  56,913, lr:(1.403e-06,2.623e-07,)] [eta: 2:24:55, time (data): 2.693 (0.003)] l_pix: 2.8796e-02 
2025-11-25 17:27:15,969 INFO: [IART_..][epoch:  4, iter:  56,914, lr:(1.402e-06,2.622e-07,)] [eta: 2:24:52, time (data): 2.692 (0.002)] l_pix: 2.6914e-02 
2025-11-25 17:27:18,647 INFO: [IART_..][epoch:  4, iter:  56,915, lr:(1.401e-06,2.621e-07,)] [eta: 2:24:49, time (data): 2.692 (0.002)] l_pix: 7.7835e-03 
2025-11-25 17:27:21,381 INFO: [IART_..][epoch:  4, iter:  56,916, lr:(1.400e-06,2.620e-07,)] [eta: 2:24:46, time (data): 2.693 (0.003)] l_pix: 1.5753e-02 
2025-11-25 17:27:24,065 INFO: [IART_..][epoch:  4, iter:  56,917, lr:(1.399e-06,2.619e-07,)] [eta: 2:24:43, time (data): 2.693 (0.003)] l_pix: 2.5463e-02 
2025-11-25 17:27:26,804 INFO: [IART_..][epoch:  4, iter:  56,918, lr:(1.399e-06,2.618e-07,)] [eta: 2:24:40, time (data): 2.693 (0.003)] l_pix: 1.4774e-02 
2025-11-25 17:27:29,494 INFO: [IART_..][epoch:  4, iter:  56,919, lr:(1.398e-06,2.617e-07,)] [eta: 2:24:37, time (data): 2.693 (0.003)] l_pix: 2.3617e-02 
2025-11-25 17:27:32,053 INFO: [IART_..][epoch:  4, iter:  56,920, lr:(1.397e-06,2.615e-07,)] [eta: 2:24:34, time (data): 2.692 (0.003)] l_pix: 2.9231e-02 
2025-11-25 17:27:34,630 INFO: [IART_..][epoch:  4, iter:  56,921, lr:(1.396e-06,2.614e-07,)] [eta: 2:24:30, time (data): 2.691 (0.003)] l_pix: 1.5418e-02 
2025-11-25 17:27:37,316 INFO: [IART_..][epoch:  4, iter:  56,922, lr:(1.395e-06,2.613e-07,)] [eta: 2:24:27, time (data): 2.691 (0.002)] l_pix: 2.2354e-02 
2025-11-25 17:27:40,038 INFO: [IART_..][epoch:  4, iter:  56,923, lr:(1.394e-06,2.612e-07,)] [eta: 2:24:24, time (data): 2.691 (0.002)] l_pix: 1.4980e-02 
2025-11-25 17:27:42,712 INFO: [IART_..][epoch:  4, iter:  56,924, lr:(1.394e-06,2.611e-07,)] [eta: 2:24:21, time (data): 2.691 (0.002)] l_pix: 1.5295e-02 
2025-11-25 17:27:45,369 INFO: [IART_..][epoch:  4, iter:  56,925, lr:(1.393e-06,2.610e-07,)] [eta: 2:24:18, time (data): 2.690 (0.002)] l_pix: 1.0791e-02 
2025-11-25 17:27:47,949 INFO: [IART_..][epoch:  4, iter:  56,926, lr:(1.392e-06,2.609e-07,)] [eta: 2:24:15, time (data): 2.690 (0.002)] l_pix: 2.3826e-02 
2025-11-25 17:27:50,608 INFO: [IART_..][epoch:  4, iter:  56,927, lr:(1.391e-06,2.608e-07,)] [eta: 2:24:12, time (data): 2.689 (0.002)] l_pix: 1.7622e-02 
2025-11-25 17:27:53,294 INFO: [IART_..][epoch:  4, iter:  56,928, lr:(1.390e-06,2.607e-07,)] [eta: 2:24:09, time (data): 2.689 (0.002)] l_pix: 1.2850e-02 
2025-11-25 17:27:55,940 INFO: [IART_..][epoch:  4, iter:  56,929, lr:(1.389e-06,2.606e-07,)] [eta: 2:24:06, time (data): 2.689 (0.002)] l_pix: 3.2694e-02 
2025-11-25 17:27:58,619 INFO: [IART_..][epoch:  4, iter:  56,930, lr:(1.389e-06,2.605e-07,)] [eta: 2:24:03, time (data): 2.689 (0.002)] l_pix: 1.7290e-02 
2025-11-25 17:28:01,367 INFO: [IART_..][epoch:  4, iter:  56,931, lr:(1.388e-06,2.604e-07,)] [eta: 2:24:00, time (data): 2.689 (0.002)] l_pix: 2.3450e-02 
2025-11-25 17:28:04,024 INFO: [IART_..][epoch:  4, iter:  56,932, lr:(1.387e-06,2.603e-07,)] [eta: 2:23:57, time (data): 2.689 (0.002)] l_pix: 1.1197e-02 
2025-11-25 17:28:06,616 INFO: [IART_..][epoch:  4, iter:  56,933, lr:(1.386e-06,2.602e-07,)] [eta: 2:23:54, time (data): 2.688 (0.002)] l_pix: 1.1413e-02 
2025-11-25 17:28:09,274 INFO: [IART_..][epoch:  4, iter:  56,934, lr:(1.385e-06,2.601e-07,)] [eta: 2:23:51, time (data): 2.688 (0.002)] l_pix: 2.8369e-02 
2025-11-25 17:28:11,851 INFO: [IART_..][epoch:  4, iter:  56,935, lr:(1.384e-06,2.600e-07,)] [eta: 2:23:47, time (data): 2.687 (0.002)] l_pix: 2.2086e-02 
2025-11-25 17:28:14,695 INFO: [IART_..][epoch:  4, iter:  56,936, lr:(1.384e-06,2.599e-07,)] [eta: 2:23:45, time (data): 2.688 (0.002)] l_pix: 2.3401e-02 
2025-11-25 17:28:17,351 INFO: [IART_..][epoch:  4, iter:  56,937, lr:(1.383e-06,2.598e-07,)] [eta: 2:23:42, time (data): 2.688 (0.002)] l_pix: 2.3009e-02 
2025-11-25 17:28:20,008 INFO: [IART_..][epoch:  4, iter:  56,938, lr:(1.382e-06,2.597e-07,)] [eta: 2:23:38, time (data): 2.688 (0.002)] l_pix: 1.3954e-02 
2025-11-25 17:28:22,748 INFO: [IART_..][epoch:  4, iter:  56,939, lr:(1.381e-06,2.596e-07,)] [eta: 2:23:36, time (data): 2.688 (0.002)] l_pix: 1.0412e-02 
2025-11-25 17:28:25,305 INFO: [IART_..][epoch:  4, iter:  56,940, lr:(1.380e-06,2.595e-07,)] [eta: 2:23:32, time (data): 2.687 (0.002)] l_pix: 3.4365e-02 
2025-11-25 17:28:28,056 INFO: [IART_..][epoch:  4, iter:  56,941, lr:(1.379e-06,2.594e-07,)] [eta: 2:23:29, time (data): 2.688 (0.002)] l_pix: 2.3683e-02 
2025-11-25 17:28:30,791 INFO: [IART_..][epoch:  4, iter:  56,942, lr:(1.378e-06,2.593e-07,)] [eta: 2:23:26, time (data): 2.688 (0.002)] l_pix: 4.1800e-02 
2025-11-25 17:28:33,458 INFO: [IART_..][epoch:  4, iter:  56,943, lr:(1.378e-06,2.591e-07,)] [eta: 2:23:23, time (data): 2.688 (0.002)] l_pix: 2.0198e-02 
2025-11-25 17:28:36,144 INFO: [IART_..][epoch:  4, iter:  56,944, lr:(1.377e-06,2.590e-07,)] [eta: 2:23:20, time (data): 2.688 (0.002)] l_pix: 2.9844e-02 
2025-11-25 17:28:38,747 INFO: [IART_..][epoch:  4, iter:  56,945, lr:(1.376e-06,2.589e-07,)] [eta: 2:23:17, time (data): 2.687 (0.002)] l_pix: 2.4163e-02 
2025-11-25 17:28:41,488 INFO: [IART_..][epoch:  4, iter:  56,946, lr:(1.375e-06,2.588e-07,)] [eta: 2:23:14, time (data): 2.688 (0.002)] l_pix: 1.8956e-02 
2025-11-25 17:28:44,230 INFO: [IART_..][epoch:  4, iter:  56,947, lr:(1.374e-06,2.587e-07,)] [eta: 2:23:11, time (data): 2.688 (0.002)] l_pix: 2.3492e-02 
2025-11-25 17:28:46,899 INFO: [IART_..][epoch:  4, iter:  56,948, lr:(1.373e-06,2.586e-07,)] [eta: 2:23:08, time (data): 2.688 (0.002)] l_pix: 1.2915e-02 
2025-11-25 17:28:49,521 INFO: [IART_..][epoch:  4, iter:  56,949, lr:(1.373e-06,2.585e-07,)] [eta: 2:23:05, time (data): 2.687 (0.002)] l_pix: 1.7225e-02 
2025-11-25 17:28:52,268 INFO: [IART_..][epoch:  4, iter:  56,950, lr:(1.372e-06,2.584e-07,)] [eta: 2:23:02, time (data): 2.688 (0.002)] l_pix: 1.8518e-02 
2025-11-25 17:28:54,858 INFO: [IART_..][epoch:  4, iter:  56,951, lr:(1.371e-06,2.583e-07,)] [eta: 2:22:59, time (data): 2.687 (0.002)] l_pix: 2.9715e-02 
2025-11-25 17:28:57,540 INFO: [IART_..][epoch:  4, iter:  56,952, lr:(1.370e-06,2.582e-07,)] [eta: 2:22:56, time (data): 2.687 (0.002)] l_pix: 2.0327e-02 
2025-11-25 17:29:00,196 INFO: [IART_..][epoch:  4, iter:  56,953, lr:(1.369e-06,2.581e-07,)] [eta: 2:22:53, time (data): 2.687 (0.002)] l_pix: 2.6330e-02 
2025-11-25 17:29:02,870 INFO: [IART_..][epoch:  4, iter:  56,954, lr:(1.368e-06,2.580e-07,)] [eta: 2:22:50, time (data): 2.687 (0.002)] l_pix: 2.1419e-02 
2025-11-25 17:29:05,570 INFO: [IART_..][epoch:  4, iter:  56,955, lr:(1.368e-06,2.579e-07,)] [eta: 2:22:47, time (data): 2.687 (0.002)] l_pix: 1.5601e-02 
2025-11-25 17:29:08,200 INFO: [IART_..][epoch:  4, iter:  56,956, lr:(1.367e-06,2.578e-07,)] [eta: 2:22:44, time (data): 2.687 (0.002)] l_pix: 8.2287e-03 
2025-11-25 17:29:10,796 INFO: [IART_..][epoch:  4, iter:  56,957, lr:(1.366e-06,2.577e-07,)] [eta: 2:22:41, time (data): 2.686 (0.002)] l_pix: 1.7677e-02 
2025-11-25 17:29:13,570 INFO: [IART_..][epoch:  4, iter:  56,958, lr:(1.365e-06,2.576e-07,)] [eta: 2:22:38, time (data): 2.687 (0.002)] l_pix: 2.0758e-02 
2025-11-25 17:29:16,316 INFO: [IART_..][epoch:  4, iter:  56,959, lr:(1.364e-06,2.575e-07,)] [eta: 2:22:35, time (data): 2.687 (0.002)] l_pix: 2.6200e-02 
2025-11-25 17:29:19,008 INFO: [IART_..][epoch:  4, iter:  56,960, lr:(1.364e-06,2.574e-07,)] [eta: 2:22:32, time (data): 2.687 (0.002)] l_pix: 2.4036e-02 
2025-11-25 17:29:21,708 INFO: [IART_..][epoch:  4, iter:  56,961, lr:(1.363e-06,2.573e-07,)] [eta: 2:22:29, time (data): 2.687 (0.002)] l_pix: 3.0522e-02 
2025-11-25 17:29:24,404 INFO: [IART_..][epoch:  4, iter:  56,962, lr:(1.362e-06,2.572e-07,)] [eta: 2:22:26, time (data): 2.687 (0.002)] l_pix: 2.2382e-02 
2025-11-25 17:29:27,038 INFO: [IART_..][epoch:  4, iter:  56,963, lr:(1.361e-06,2.571e-07,)] [eta: 2:22:23, time (data): 2.687 (0.002)] l_pix: 2.4057e-02 
2025-11-25 17:29:29,598 INFO: [IART_..][epoch:  4, iter:  56,964, lr:(1.360e-06,2.570e-07,)] [eta: 2:22:20, time (data): 2.686 (0.002)] l_pix: 1.9130e-02 
2025-11-25 17:29:32,310 INFO: [IART_..][epoch:  4, iter:  56,965, lr:(1.359e-06,2.569e-07,)] [eta: 2:22:17, time (data): 2.686 (0.002)] l_pix: 2.2156e-02 
2025-11-25 17:29:34,916 INFO: [IART_..][epoch:  4, iter:  56,966, lr:(1.359e-06,2.568e-07,)] [eta: 2:22:14, time (data): 2.686 (0.002)] l_pix: 2.6319e-02 
2025-11-25 17:29:37,619 INFO: [IART_..][epoch:  4, iter:  56,967, lr:(1.358e-06,2.567e-07,)] [eta: 2:22:11, time (data): 2.686 (0.002)] l_pix: 2.0282e-02 
2025-11-25 17:29:40,389 INFO: [IART_..][epoch:  4, iter:  56,968, lr:(1.357e-06,2.566e-07,)] [eta: 2:22:08, time (data): 2.686 (0.002)] l_pix: 2.8370e-02 
2025-11-25 17:29:43,086 INFO: [IART_..][epoch:  4, iter:  56,969, lr:(1.356e-06,2.565e-07,)] [eta: 2:22:05, time (data): 2.686 (0.002)] l_pix: 3.3916e-02 
2025-11-25 17:29:45,721 INFO: [IART_..][epoch:  4, iter:  56,970, lr:(1.355e-06,2.564e-07,)] [eta: 2:22:02, time (data): 2.686 (0.002)] l_pix: 1.9304e-02 
2025-11-25 17:29:48,326 INFO: [IART_..][epoch:  4, iter:  56,971, lr:(1.354e-06,2.563e-07,)] [eta: 2:21:59, time (data): 2.686 (0.002)] l_pix: 2.6220e-02 
2025-11-25 17:29:51,100 INFO: [IART_..][epoch:  4, iter:  56,972, lr:(1.354e-06,2.561e-07,)] [eta: 2:21:56, time (data): 2.686 (0.002)] l_pix: 1.2806e-02 
2025-11-25 17:29:53,904 INFO: [IART_..][epoch:  4, iter:  56,973, lr:(1.353e-06,2.560e-07,)] [eta: 2:21:53, time (data): 2.687 (0.002)] l_pix: 2.2978e-02 
2025-11-25 17:29:56,540 INFO: [IART_..][epoch:  4, iter:  56,974, lr:(1.352e-06,2.559e-07,)] [eta: 2:21:50, time (data): 2.686 (0.002)] l_pix: 9.7773e-03 
2025-11-25 17:29:59,190 INFO: [IART_..][epoch:  4, iter:  56,975, lr:(1.351e-06,2.558e-07,)] [eta: 2:21:47, time (data): 2.686 (0.002)] l_pix: 1.7979e-02 
2025-11-25 17:30:01,826 INFO: [IART_..][epoch:  4, iter:  56,976, lr:(1.350e-06,2.557e-07,)] [eta: 2:21:44, time (data): 2.686 (0.002)] l_pix: 3.5589e-02 
2025-11-25 17:30:04,518 INFO: [IART_..][epoch:  4, iter:  56,977, lr:(1.349e-06,2.556e-07,)] [eta: 2:21:41, time (data): 2.686 (0.002)] l_pix: 2.6761e-02 
2025-11-25 17:30:07,276 INFO: [IART_..][epoch:  4, iter:  56,978, lr:(1.349e-06,2.555e-07,)] [eta: 2:21:38, time (data): 2.686 (0.002)] l_pix: 2.0675e-02 
2025-11-25 17:30:09,934 INFO: [IART_..][epoch:  4, iter:  56,979, lr:(1.348e-06,2.554e-07,)] [eta: 2:21:35, time (data): 2.686 (0.002)] l_pix: 1.4635e-02 
2025-11-25 17:30:12,586 INFO: [IART_..][epoch:  4, iter:  56,980, lr:(1.347e-06,2.553e-07,)] [eta: 2:21:32, time (data): 2.686 (0.002)] l_pix: 1.5660e-02 
2025-11-25 17:30:15,206 INFO: [IART_..][epoch:  4, iter:  56,981, lr:(1.346e-06,2.552e-07,)] [eta: 2:21:28, time (data): 2.686 (0.002)] l_pix: 1.9920e-02 
2025-11-25 17:30:17,962 INFO: [IART_..][epoch:  4, iter:  56,982, lr:(1.345e-06,2.551e-07,)] [eta: 2:21:26, time (data): 2.686 (0.002)] l_pix: 8.5007e-03 
2025-11-25 17:30:20,618 INFO: [IART_..][epoch:  4, iter:  56,983, lr:(1.345e-06,2.550e-07,)] [eta: 2:21:23, time (data): 2.686 (0.002)] l_pix: 2.4210e-02 
2025-11-25 17:30:23,237 INFO: [IART_..][epoch:  4, iter:  56,984, lr:(1.344e-06,2.549e-07,)] [eta: 2:21:19, time (data): 2.685 (0.002)] l_pix: 1.6987e-02 
2025-11-25 17:30:26,013 INFO: [IART_..][epoch:  4, iter:  56,985, lr:(1.343e-06,2.548e-07,)] [eta: 2:21:17, time (data): 2.686 (0.002)] l_pix: 1.1343e-02 
2025-11-25 17:30:28,708 INFO: [IART_..][epoch:  4, iter:  56,986, lr:(1.342e-06,2.547e-07,)] [eta: 2:21:14, time (data): 2.686 (0.002)] l_pix: 2.1604e-02 
2025-11-25 17:30:31,485 INFO: [IART_..][epoch:  4, iter:  56,987, lr:(1.341e-06,2.546e-07,)] [eta: 2:21:11, time (data): 2.687 (0.002)] l_pix: 2.4639e-02 
2025-11-25 17:30:34,216 INFO: [IART_..][epoch:  4, iter:  56,988, lr:(1.340e-06,2.545e-07,)] [eta: 2:21:08, time (data): 2.687 (0.002)] l_pix: 3.2353e-02 
2025-11-25 17:30:36,869 INFO: [IART_..][epoch:  4, iter:  56,989, lr:(1.340e-06,2.544e-07,)] [eta: 2:21:05, time (data): 2.687 (0.002)] l_pix: 1.5721e-02 
2025-11-25 17:30:39,585 INFO: [IART_..][epoch:  4, iter:  56,990, lr:(1.339e-06,2.543e-07,)] [eta: 2:21:02, time (data): 2.687 (0.002)] l_pix: 1.1221e-02 
2025-11-25 17:30:42,231 INFO: [IART_..][epoch:  4, iter:  56,991, lr:(1.338e-06,2.542e-07,)] [eta: 2:20:59, time (data): 2.687 (0.002)] l_pix: 1.3751e-02 
2025-11-25 17:30:44,943 INFO: [IART_..][epoch:  4, iter:  56,992, lr:(1.337e-06,2.541e-07,)] [eta: 2:20:56, time (data): 2.687 (0.002)] l_pix: 1.0354e-02 
2025-11-25 17:30:47,531 INFO: [IART_..][epoch:  4, iter:  56,993, lr:(1.336e-06,2.540e-07,)] [eta: 2:20:53, time (data): 2.686 (0.002)] l_pix: 1.2556e-02 
2025-11-25 17:30:50,152 INFO: [IART_..][epoch:  4, iter:  56,994, lr:(1.335e-06,2.539e-07,)] [eta: 2:20:49, time (data): 2.686 (0.002)] l_pix: 2.6758e-02 
2025-11-25 17:30:52,835 INFO: [IART_..][epoch:  4, iter:  56,995, lr:(1.335e-06,2.538e-07,)] [eta: 2:20:46, time (data): 2.686 (0.002)] l_pix: 2.0748e-02 
2025-11-25 17:30:55,501 INFO: [IART_..][epoch:  4, iter:  56,996, lr:(1.334e-06,2.537e-07,)] [eta: 2:20:43, time (data): 2.686 (0.002)] l_pix: 1.8871e-02 
2025-11-25 17:30:58,121 INFO: [IART_..][epoch:  4, iter:  56,997, lr:(1.333e-06,2.536e-07,)] [eta: 2:20:40, time (data): 2.685 (0.002)] l_pix: 3.0411e-02 
2025-11-25 17:31:00,724 INFO: [IART_..][epoch:  4, iter:  56,998, lr:(1.332e-06,2.535e-07,)] [eta: 2:20:37, time (data): 2.685 (0.002)] l_pix: 3.4235e-02 
2025-11-25 17:31:03,428 INFO: [IART_..][epoch:  4, iter:  56,999, lr:(1.331e-06,2.534e-07,)] [eta: 2:20:34, time (data): 2.685 (0.002)] l_pix: 2.0624e-02 
2025-11-25 17:31:06,004 INFO: [IART_..][epoch:  4, iter:  57,000, lr:(1.331e-06,2.533e-07,)] [eta: 2:20:31, time (data): 2.684 (0.002)] l_pix: 2.0878e-02 
2025-11-25 17:31:08,715 INFO: [IART_..][epoch:  4, iter:  57,001, lr:(1.330e-06,2.532e-07,)] [eta: 2:20:28, time (data): 2.685 (0.002)] l_pix: 2.2061e-02 
2025-11-25 17:31:11,460 INFO: [IART_..][epoch:  4, iter:  57,002, lr:(1.329e-06,2.531e-07,)] [eta: 2:20:25, time (data): 2.685 (0.002)] l_pix: 2.5735e-02 
2025-11-25 17:31:14,154 INFO: [IART_..][epoch:  4, iter:  57,003, lr:(1.328e-06,2.530e-07,)] [eta: 2:20:22, time (data): 2.685 (0.002)] l_pix: 1.8435e-02 
2025-11-25 17:31:16,792 INFO: [IART_..][epoch:  4, iter:  57,004, lr:(1.327e-06,2.529e-07,)] [eta: 2:20:19, time (data): 2.685 (0.002)] l_pix: 2.5592e-02 
2025-11-25 17:31:19,586 INFO: [IART_..][epoch:  4, iter:  57,005, lr:(1.326e-06,2.528e-07,)] [eta: 2:20:16, time (data): 2.685 (0.002)] l_pix: 2.3123e-02 
2025-11-25 17:31:22,300 INFO: [IART_..][epoch:  4, iter:  57,006, lr:(1.326e-06,2.527e-07,)] [eta: 2:20:13, time (data): 2.685 (0.002)] l_pix: 1.4978e-02 
2025-11-25 17:31:24,980 INFO: [IART_..][epoch:  4, iter:  57,007, lr:(1.325e-06,2.526e-07,)] [eta: 2:20:10, time (data): 2.685 (0.002)] l_pix: 2.4879e-02 
2025-11-25 17:31:27,662 INFO: [IART_..][epoch:  4, iter:  57,008, lr:(1.324e-06,2.525e-07,)] [eta: 2:20:07, time (data): 2.685 (0.002)] l_pix: 2.2527e-02 
2025-11-25 17:31:30,305 INFO: [IART_..][epoch:  4, iter:  57,009, lr:(1.323e-06,2.524e-07,)] [eta: 2:20:04, time (data): 2.685 (0.002)] l_pix: 2.0220e-02 
2025-11-25 17:31:33,008 INFO: [IART_..][epoch:  4, iter:  57,010, lr:(1.322e-06,2.523e-07,)] [eta: 2:20:01, time (data): 2.685 (0.002)] l_pix: 9.6742e-03 
2025-11-25 17:31:35,649 INFO: [IART_..][epoch:  4, iter:  57,011, lr:(1.322e-06,2.522e-07,)] [eta: 2:19:58, time (data): 2.639 (0.000)] l_pix: 3.6469e-02 
2025-11-25 17:31:38,579 INFO: [IART_..][epoch:  4, iter:  57,012, lr:(1.321e-06,2.521e-07,)] [eta: 2:19:56, time (data): 2.785 (0.000)] l_pix: 2.1137e-02 
2025-11-25 17:31:41,297 INFO: [IART_..][epoch:  4, iter:  57,013, lr:(1.320e-06,2.520e-07,)] [eta: 2:19:53, time (data): 2.763 (0.000)] l_pix: 1.2315e-02 
2025-11-25 17:31:43,884 INFO: [IART_..][epoch:  4, iter:  57,014, lr:(1.319e-06,2.519e-07,)] [eta: 2:19:49, time (data): 2.718 (0.000)] l_pix: 2.7182e-02 
2025-11-25 17:31:46,535 INFO: [IART_..][epoch:  4, iter:  57,015, lr:(1.318e-06,2.518e-07,)] [eta: 2:19:46, time (data): 2.705 (0.000)] l_pix: 1.7722e-02 
2025-11-25 17:31:49,217 INFO: [IART_..][epoch:  4, iter:  57,016, lr:(1.317e-06,2.517e-07,)] [eta: 2:19:43, time (data): 2.701 (0.003)] l_pix: 2.9708e-02 
2025-11-25 17:31:51,843 INFO: [IART_..][epoch:  4, iter:  57,017, lr:(1.317e-06,2.516e-07,)] [eta: 2:19:40, time (data): 2.691 (0.002)] l_pix: 1.1754e-02 
2025-11-25 17:31:54,418 INFO: [IART_..][epoch:  4, iter:  57,018, lr:(1.316e-06,2.515e-07,)] [eta: 2:19:37, time (data): 2.676 (0.002)] l_pix: 1.0955e-02 
2025-11-25 17:31:57,190 INFO: [IART_..][epoch:  4, iter:  57,019, lr:(1.315e-06,2.513e-07,)] [eta: 2:19:34, time (data): 2.687 (0.002)] l_pix: 2.8051e-02 
2025-11-25 17:31:59,892 INFO: [IART_..][epoch:  4, iter:  57,020, lr:(1.314e-06,2.512e-07,)] [eta: 2:19:31, time (data): 2.688 (0.002)] l_pix: 1.6067e-02 
2025-11-25 17:32:02,444 INFO: [IART_..][epoch:  4, iter:  57,021, lr:(1.313e-06,2.511e-07,)] [eta: 2:19:28, time (data): 2.676 (0.001)] l_pix: 1.1807e-02 
2025-11-25 17:32:05,110 INFO: [IART_..][epoch:  4, iter:  57,022, lr:(1.313e-06,2.510e-07,)] [eta: 2:19:25, time (data): 2.675 (0.001)] l_pix: 2.5570e-02 
2025-11-25 17:32:07,828 INFO: [IART_..][epoch:  4, iter:  57,023, lr:(1.312e-06,2.509e-07,)] [eta: 2:19:22, time (data): 2.678 (0.001)] l_pix: 2.6148e-02 
2025-11-25 17:32:10,398 INFO: [IART_..][epoch:  4, iter:  57,024, lr:(1.311e-06,2.508e-07,)] [eta: 2:19:19, time (data): 2.671 (0.001)] l_pix: 3.5721e-02 
2025-11-25 17:32:13,261 INFO: [IART_..][epoch:  4, iter:  57,025, lr:(1.310e-06,2.507e-07,)] [eta: 2:19:16, time (data): 2.683 (0.001)] l_pix: 1.9509e-02 
2025-11-25 17:32:15,965 INFO: [IART_..][epoch:  4, iter:  57,026, lr:(1.309e-06,2.506e-07,)] [eta: 2:19:13, time (data): 2.685 (0.001)] l_pix: 2.6830e-02 
2025-11-25 17:32:18,685 INFO: [IART_..][epoch:  4, iter:  57,027, lr:(1.309e-06,2.505e-07,)] [eta: 2:19:10, time (data): 2.687 (0.001)] l_pix: 2.2628e-02 
2025-11-25 17:32:21,303 INFO: [IART_..][epoch:  4, iter:  57,028, lr:(1.308e-06,2.504e-07,)] [eta: 2:19:07, time (data): 2.683 (0.001)] l_pix: 1.1956e-02 
2025-11-25 17:32:24,013 INFO: [IART_..][epoch:  4, iter:  57,029, lr:(1.307e-06,2.503e-07,)] [eta: 2:19:04, time (data): 2.684 (0.001)] l_pix: 2.1400e-02 
2025-11-25 17:32:26,731 INFO: [IART_..][epoch:  4, iter:  57,030, lr:(1.306e-06,2.502e-07,)] [eta: 2:19:01, time (data): 2.686 (0.001)] l_pix: 2.0241e-02 
2025-11-25 17:32:29,373 INFO: [IART_..][epoch:  4, iter:  57,031, lr:(1.305e-06,2.501e-07,)] [eta: 2:18:58, time (data): 2.684 (0.001)] l_pix: 1.0748e-02 
2025-11-25 17:32:32,092 INFO: [IART_..][epoch:  4, iter:  57,032, lr:(1.304e-06,2.500e-07,)] [eta: 2:18:55, time (data): 2.685 (0.001)] l_pix: 1.3634e-02 
2025-11-25 17:32:34,762 INFO: [IART_..][epoch:  4, iter:  57,033, lr:(1.304e-06,2.499e-07,)] [eta: 2:18:52, time (data): 2.685 (0.001)] l_pix: 2.9685e-02 
2025-11-25 17:32:37,632 INFO: [IART_..][epoch:  4, iter:  57,034, lr:(1.303e-06,2.498e-07,)] [eta: 2:18:50, time (data): 2.693 (0.001)] l_pix: 1.3984e-02 
2025-11-25 17:32:40,234 INFO: [IART_..][epoch:  4, iter:  57,035, lr:(1.302e-06,2.497e-07,)] [eta: 2:18:47, time (data): 2.689 (0.001)] l_pix: 2.0512e-02 
2025-11-25 17:32:42,901 INFO: [IART_..][epoch:  4, iter:  57,036, lr:(1.301e-06,2.496e-07,)] [eta: 2:18:44, time (data): 2.688 (0.001)] l_pix: 2.6382e-02 
2025-11-25 17:32:45,568 INFO: [IART_..][epoch:  4, iter:  57,037, lr:(1.300e-06,2.495e-07,)] [eta: 2:18:41, time (data): 2.687 (0.001)] l_pix: 2.5927e-02 
2025-11-25 17:32:48,238 INFO: [IART_..][epoch:  4, iter:  57,038, lr:(1.300e-06,2.494e-07,)] [eta: 2:18:38, time (data): 2.687 (0.001)] l_pix: 2.4437e-02 
2025-11-25 17:32:50,827 INFO: [IART_..][epoch:  4, iter:  57,039, lr:(1.299e-06,2.493e-07,)] [eta: 2:18:34, time (data): 2.683 (0.001)] l_pix: 1.4043e-02 
2025-11-25 17:32:53,493 INFO: [IART_..][epoch:  4, iter:  57,040, lr:(1.298e-06,2.492e-07,)] [eta: 2:18:31, time (data): 2.683 (0.001)] l_pix: 1.4809e-02 
2025-11-25 17:32:56,084 INFO: [IART_..][epoch:  4, iter:  57,041, lr:(1.297e-06,2.491e-07,)] [eta: 2:18:28, time (data): 2.680 (0.001)] l_pix: 1.8969e-02 
2025-11-25 17:32:58,784 INFO: [IART_..][epoch:  4, iter:  57,042, lr:(1.296e-06,2.490e-07,)] [eta: 2:18:25, time (data): 2.680 (0.001)] l_pix: 1.2679e-02 
2025-11-25 17:33:01,402 INFO: [IART_..][epoch:  4, iter:  57,043, lr:(1.296e-06,2.489e-07,)] [eta: 2:18:22, time (data): 2.678 (0.001)] l_pix: 1.9205e-02 
2025-11-25 17:33:03,992 INFO: [IART_..][epoch:  4, iter:  57,044, lr:(1.295e-06,2.488e-07,)] [eta: 2:18:19, time (data): 2.676 (0.001)] l_pix: 1.5610e-02 
2025-11-25 17:33:06,754 INFO: [IART_..][epoch:  4, iter:  57,045, lr:(1.294e-06,2.487e-07,)] [eta: 2:18:16, time (data): 2.678 (0.001)] l_pix: 1.4821e-02 
2025-11-25 17:33:09,391 INFO: [IART_..][epoch:  4, iter:  57,046, lr:(1.293e-06,2.486e-07,)] [eta: 2:18:13, time (data): 2.677 (0.001)] l_pix: 2.1086e-02 
2025-11-25 17:33:11,996 INFO: [IART_..][epoch:  4, iter:  57,047, lr:(1.292e-06,2.485e-07,)] [eta: 2:18:10, time (data): 2.675 (0.001)] l_pix: 2.1426e-02 
2025-11-25 17:33:14,652 INFO: [IART_..][epoch:  4, iter:  57,048, lr:(1.292e-06,2.484e-07,)] [eta: 2:18:07, time (data): 2.675 (0.001)] l_pix: 2.8745e-02 
2025-11-25 17:33:17,369 INFO: [IART_..][epoch:  4, iter:  57,049, lr:(1.291e-06,2.483e-07,)] [eta: 2:18:04, time (data): 2.676 (0.001)] l_pix: 1.8694e-02 
2025-11-25 17:33:20,026 INFO: [IART_..][epoch:  4, iter:  57,050, lr:(1.290e-06,2.482e-07,)] [eta: 2:18:01, time (data): 2.675 (0.001)] l_pix: 2.2165e-02 
2025-11-25 17:33:22,791 INFO: [IART_..][epoch:  4, iter:  57,051, lr:(1.289e-06,2.481e-07,)] [eta: 2:17:58, time (data): 2.678 (0.001)] l_pix: 3.3024e-02 
2025-11-25 17:33:25,340 INFO: [IART_..][epoch:  4, iter:  57,052, lr:(1.288e-06,2.480e-07,)] [eta: 2:17:55, time (data): 2.674 (0.001)] l_pix: 8.7963e-03 
2025-11-25 17:33:28,073 INFO: [IART_..][epoch:  4, iter:  57,053, lr:(1.288e-06,2.479e-07,)] [eta: 2:17:52, time (data): 2.676 (0.001)] l_pix: 2.0303e-02 
2025-11-25 17:33:30,776 INFO: [IART_..][epoch:  4, iter:  57,054, lr:(1.287e-06,2.478e-07,)] [eta: 2:17:49, time (data): 2.676 (0.001)] l_pix: 2.2843e-02 
2025-11-25 17:33:33,430 INFO: [IART_..][epoch:  4, iter:  57,055, lr:(1.286e-06,2.477e-07,)] [eta: 2:17:46, time (data): 2.676 (0.001)] l_pix: 2.6343e-02 
2025-11-25 17:33:36,039 INFO: [IART_..][epoch:  4, iter:  57,056, lr:(1.285e-06,2.476e-07,)] [eta: 2:17:43, time (data): 2.675 (0.001)] l_pix: 2.4239e-02 
2025-11-25 17:33:38,700 INFO: [IART_..][epoch:  4, iter:  57,057, lr:(1.284e-06,2.475e-07,)] [eta: 2:17:40, time (data): 2.674 (0.001)] l_pix: 1.2772e-02 
2025-11-25 17:33:41,335 INFO: [IART_..][epoch:  4, iter:  57,058, lr:(1.284e-06,2.474e-07,)] [eta: 2:17:37, time (data): 2.673 (0.001)] l_pix: 4.7578e-02 
2025-11-25 17:33:44,089 INFO: [IART_..][epoch:  4, iter:  57,059, lr:(1.283e-06,2.473e-07,)] [eta: 2:17:34, time (data): 2.675 (0.001)] l_pix: 1.2975e-02 
2025-11-25 17:33:46,812 INFO: [IART_..][epoch:  4, iter:  57,060, lr:(1.282e-06,2.472e-07,)] [eta: 2:17:31, time (data): 2.676 (0.001)] l_pix: 1.1668e-02 
2025-11-25 17:33:49,484 INFO: [IART_..][epoch:  4, iter:  57,061, lr:(1.281e-06,2.471e-07,)] [eta: 2:17:28, time (data): 2.676 (0.001)] l_pix: 1.8740e-02 
2025-11-25 17:33:52,184 INFO: [IART_..][epoch:  4, iter:  57,062, lr:(1.280e-06,2.470e-07,)] [eta: 2:17:25, time (data): 2.676 (0.001)] l_pix: 2.1927e-02 
2025-11-25 17:33:54,949 INFO: [IART_..][epoch:  4, iter:  57,063, lr:(1.280e-06,2.469e-07,)] [eta: 2:17:22, time (data): 2.678 (0.001)] l_pix: 2.2916e-02 
2025-11-25 17:33:57,638 INFO: [IART_..][epoch:  4, iter:  57,064, lr:(1.279e-06,2.468e-07,)] [eta: 2:17:19, time (data): 2.678 (0.001)] l_pix: 1.6133e-02 
2025-11-25 17:34:00,333 INFO: [IART_..][epoch:  4, iter:  57,065, lr:(1.278e-06,2.467e-07,)] [eta: 2:17:16, time (data): 2.679 (0.001)] l_pix: 3.8680e-02 
2025-11-25 17:34:03,019 INFO: [IART_..][epoch:  4, iter:  57,066, lr:(1.277e-06,2.466e-07,)] [eta: 2:17:13, time (data): 2.679 (0.001)] l_pix: 1.7581e-02 
2025-11-25 17:34:05,692 INFO: [IART_..][epoch:  4, iter:  57,067, lr:(1.276e-06,2.465e-07,)] [eta: 2:17:10, time (data): 2.679 (0.001)] l_pix: 1.3220e-02 
2025-11-25 17:34:08,412 INFO: [IART_..][epoch:  4, iter:  57,068, lr:(1.276e-06,2.464e-07,)] [eta: 2:17:07, time (data): 2.679 (0.001)] l_pix: 1.9539e-02 
2025-11-25 17:34:11,209 INFO: [IART_..][epoch:  4, iter:  57,069, lr:(1.275e-06,2.463e-07,)] [eta: 2:17:05, time (data): 2.681 (0.001)] l_pix: 3.7010e-02 
2025-11-25 17:34:13,834 INFO: [IART_..][epoch:  4, iter:  57,070, lr:(1.274e-06,2.462e-07,)] [eta: 2:17:02, time (data): 2.680 (0.001)] l_pix: 3.0017e-02 
2025-11-25 17:34:16,588 INFO: [IART_..][epoch:  4, iter:  57,071, lr:(1.273e-06,2.461e-07,)] [eta: 2:16:59, time (data): 2.682 (0.001)] l_pix: 1.6610e-02 
2025-11-25 17:34:19,215 INFO: [IART_..][epoch:  4, iter:  57,072, lr:(1.272e-06,2.460e-07,)] [eta: 2:16:56, time (data): 2.681 (0.001)] l_pix: 2.5149e-02 
2025-11-25 17:34:21,793 INFO: [IART_..][epoch:  4, iter:  57,073, lr:(1.272e-06,2.459e-07,)] [eta: 2:16:52, time (data): 2.679 (0.001)] l_pix: 1.7684e-02 
2025-11-25 17:34:24,480 INFO: [IART_..][epoch:  4, iter:  57,074, lr:(1.271e-06,2.458e-07,)] [eta: 2:16:50, time (data): 2.679 (0.001)] l_pix: 2.9363e-02 
2025-11-25 17:34:27,151 INFO: [IART_..][epoch:  4, iter:  57,075, lr:(1.270e-06,2.457e-07,)] [eta: 2:16:47, time (data): 2.679 (0.001)] l_pix: 1.7715e-02 
2025-11-25 17:34:29,824 INFO: [IART_..][epoch:  4, iter:  57,076, lr:(1.269e-06,2.456e-07,)] [eta: 2:16:44, time (data): 2.679 (0.001)] l_pix: 2.2988e-02 
2025-11-25 17:34:32,448 INFO: [IART_..][epoch:  4, iter:  57,077, lr:(1.268e-06,2.455e-07,)] [eta: 2:16:40, time (data): 2.678 (0.001)] l_pix: 1.9168e-02 
2025-11-25 17:34:35,136 INFO: [IART_..][epoch:  4, iter:  57,078, lr:(1.268e-06,2.454e-07,)] [eta: 2:16:37, time (data): 2.678 (0.001)] l_pix: 1.3780e-02 
2025-11-25 17:34:37,778 INFO: [IART_..][epoch:  4, iter:  57,079, lr:(1.267e-06,2.453e-07,)] [eta: 2:16:34, time (data): 2.678 (0.001)] l_pix: 1.1345e-02 
2025-11-25 17:34:40,355 INFO: [IART_..][epoch:  4, iter:  57,080, lr:(1.266e-06,2.452e-07,)] [eta: 2:16:31, time (data): 2.676 (0.001)] l_pix: 3.1936e-02 
2025-11-25 17:34:42,980 INFO: [IART_..][epoch:  4, iter:  57,081, lr:(1.265e-06,2.451e-07,)] [eta: 2:16:28, time (data): 2.676 (0.001)] l_pix: 1.1238e-02 
2025-11-25 17:34:45,717 INFO: [IART_..][epoch:  4, iter:  57,082, lr:(1.264e-06,2.450e-07,)] [eta: 2:16:25, time (data): 2.676 (0.001)] l_pix: 2.6051e-02 
2025-11-25 17:34:48,350 INFO: [IART_..][epoch:  4, iter:  57,083, lr:(1.264e-06,2.449e-07,)] [eta: 2:16:22, time (data): 2.676 (0.001)] l_pix: 4.3352e-02 
2025-11-25 17:34:51,050 INFO: [IART_..][epoch:  4, iter:  57,084, lr:(1.263e-06,2.448e-07,)] [eta: 2:16:19, time (data): 2.676 (0.001)] l_pix: 2.4509e-02 
2025-11-25 17:34:53,705 INFO: [IART_..][epoch:  4, iter:  57,085, lr:(1.262e-06,2.447e-07,)] [eta: 2:16:16, time (data): 2.676 (0.001)] l_pix: 8.2605e-03 
2025-11-25 17:34:56,436 INFO: [IART_..][epoch:  4, iter:  57,086, lr:(1.261e-06,2.446e-07,)] [eta: 2:16:13, time (data): 2.677 (0.001)] l_pix: 1.6466e-02 
2025-11-25 17:34:59,062 INFO: [IART_..][epoch:  4, iter:  57,087, lr:(1.260e-06,2.445e-07,)] [eta: 2:16:10, time (data): 2.676 (0.001)] l_pix: 1.6527e-02 
2025-11-25 17:35:01,676 INFO: [IART_..][epoch:  4, iter:  57,088, lr:(1.260e-06,2.444e-07,)] [eta: 2:16:07, time (data): 2.675 (0.001)] l_pix: 1.9509e-02 
2025-11-25 17:35:04,403 INFO: [IART_..][epoch:  4, iter:  57,089, lr:(1.259e-06,2.443e-07,)] [eta: 2:16:04, time (data): 2.676 (0.001)] l_pix: 3.3108e-02 
2025-11-25 17:35:07,044 INFO: [IART_..][epoch:  4, iter:  57,090, lr:(1.258e-06,2.442e-07,)] [eta: 2:16:01, time (data): 2.675 (0.001)] l_pix: 3.3349e-02 
2025-11-25 17:35:09,775 INFO: [IART_..][epoch:  4, iter:  57,091, lr:(1.257e-06,2.441e-07,)] [eta: 2:15:58, time (data): 2.676 (0.001)] l_pix: 1.3959e-02 
2025-11-25 17:35:12,443 INFO: [IART_..][epoch:  4, iter:  57,092, lr:(1.256e-06,2.440e-07,)] [eta: 2:15:55, time (data): 2.676 (0.001)] l_pix: 2.1679e-02 
2025-11-25 17:35:15,176 INFO: [IART_..][epoch:  4, iter:  57,093, lr:(1.256e-06,2.439e-07,)] [eta: 2:15:53, time (data): 2.677 (0.001)] l_pix: 1.9963e-02 
2025-11-25 17:35:17,813 INFO: [IART_..][epoch:  4, iter:  57,094, lr:(1.255e-06,2.438e-07,)] [eta: 2:15:49, time (data): 2.676 (0.001)] l_pix: 2.3643e-02 
2025-11-25 17:35:20,552 INFO: [IART_..][epoch:  4, iter:  57,095, lr:(1.254e-06,2.437e-07,)] [eta: 2:15:47, time (data): 2.677 (0.001)] l_pix: 2.0098e-02 
2025-11-25 17:35:23,466 INFO: [IART_..][epoch:  4, iter:  57,096, lr:(1.253e-06,2.436e-07,)] [eta: 2:15:44, time (data): 2.680 (0.001)] l_pix: 2.8027e-02 
2025-11-25 17:35:26,156 INFO: [IART_..][epoch:  4, iter:  57,097, lr:(1.252e-06,2.435e-07,)] [eta: 2:15:41, time (data): 2.680 (0.001)] l_pix: 2.2330e-02 
2025-11-25 17:35:28,922 INFO: [IART_..][epoch:  4, iter:  57,098, lr:(1.252e-06,2.434e-07,)] [eta: 2:15:38, time (data): 2.681 (0.001)] l_pix: 8.8956e-03 
2025-11-25 17:35:31,528 INFO: [IART_..][epoch:  4, iter:  57,099, lr:(1.251e-06,2.433e-07,)] [eta: 2:15:35, time (data): 2.680 (0.001)] l_pix: 2.3741e-02 
2025-11-25 17:35:34,234 INFO: [IART_..][epoch:  4, iter:  57,100, lr:(1.250e-06,2.433e-07,)] [eta: 2:15:32, time (data): 2.680 (0.002)] l_pix: 1.9637e-02 
2025-11-25 17:35:37,125 INFO: [IART_..][epoch:  4, iter:  57,101, lr:(1.249e-06,2.432e-07,)] [eta: 2:15:29, time (data): 2.682 (0.002)] l_pix: 1.6910e-02 
2025-11-25 17:35:39,904 INFO: [IART_..][epoch:  4, iter:  57,102, lr:(1.248e-06,2.431e-07,)] [eta: 2:15:27, time (data): 2.684 (0.002)] l_pix: 1.3707e-02 
2025-11-25 17:35:42,714 INFO: [IART_..][epoch:  4, iter:  57,103, lr:(1.248e-06,2.430e-07,)] [eta: 2:15:24, time (data): 2.685 (0.001)] l_pix: 2.7648e-02 
2025-11-25 17:35:45,478 INFO: [IART_..][epoch:  4, iter:  57,104, lr:(1.247e-06,2.429e-07,)] [eta: 2:15:21, time (data): 2.686 (0.001)] l_pix: 1.9306e-02 
2025-11-25 17:35:48,131 INFO: [IART_..][epoch:  4, iter:  57,105, lr:(1.246e-06,2.428e-07,)] [eta: 2:15:18, time (data): 2.685 (0.001)] l_pix: 3.5977e-02 
2025-11-25 17:35:50,686 INFO: [IART_..][epoch:  4, iter:  57,106, lr:(1.245e-06,2.427e-07,)] [eta: 2:15:15, time (data): 2.684 (0.002)] l_pix: 1.5074e-02 
2025-11-25 17:35:53,481 INFO: [IART_..][epoch:  4, iter:  57,107, lr:(1.245e-06,2.426e-07,)] [eta: 2:15:12, time (data): 2.685 (0.002)] l_pix: 1.5023e-02 
2025-11-25 17:35:56,235 INFO: [IART_..][epoch:  4, iter:  57,108, lr:(1.244e-06,2.425e-07,)] [eta: 2:15:09, time (data): 2.686 (0.002)] l_pix: 2.9093e-02 
2025-11-25 17:35:58,843 INFO: [IART_..][epoch:  4, iter:  57,109, lr:(1.243e-06,2.424e-07,)] [eta: 2:15:06, time (data): 2.685 (0.002)] l_pix: 7.9374e-03 
2025-11-25 17:36:01,546 INFO: [IART_..][epoch:  4, iter:  57,110, lr:(1.242e-06,2.423e-07,)] [eta: 2:15:03, time (data): 2.685 (0.002)] l_pix: 1.6774e-02 
2025-11-25 17:36:04,169 INFO: [IART_..][epoch:  4, iter:  57,111, lr:(1.241e-06,2.422e-07,)] [eta: 2:15:00, time (data): 2.685 (0.002)] l_pix: 9.0001e-03 
2025-11-25 17:36:06,809 INFO: [IART_..][epoch:  4, iter:  57,112, lr:(1.241e-06,2.421e-07,)] [eta: 2:14:57, time (data): 2.684 (0.002)] l_pix: 2.5263e-02 
2025-11-25 17:36:09,434 INFO: [IART_..][epoch:  4, iter:  57,113, lr:(1.240e-06,2.420e-07,)] [eta: 2:14:54, time (data): 2.684 (0.002)] l_pix: 3.5669e-02 
2025-11-25 17:36:12,168 INFO: [IART_..][epoch:  4, iter:  57,114, lr:(1.239e-06,2.419e-07,)] [eta: 2:14:51, time (data): 2.684 (0.002)] l_pix: 1.2719e-02 
2025-11-25 17:36:14,917 INFO: [IART_..][epoch:  4, iter:  57,115, lr:(1.238e-06,2.418e-07,)] [eta: 2:14:48, time (data): 2.685 (0.002)] l_pix: 8.3399e-03 
2025-11-25 17:36:17,634 INFO: [IART_..][epoch:  4, iter:  57,116, lr:(1.237e-06,2.417e-07,)] [eta: 2:14:45, time (data): 2.685 (0.002)] l_pix: 3.5275e-02 
2025-11-25 17:36:20,259 INFO: [IART_..][epoch:  4, iter:  57,117, lr:(1.237e-06,2.416e-07,)] [eta: 2:14:42, time (data): 2.684 (0.002)] l_pix: 1.4521e-02 
2025-11-25 17:36:23,035 INFO: [IART_..][epoch:  4, iter:  57,118, lr:(1.236e-06,2.415e-07,)] [eta: 2:14:39, time (data): 2.685 (0.002)] l_pix: 2.7069e-02 
2025-11-25 17:36:25,811 INFO: [IART_..][epoch:  4, iter:  57,119, lr:(1.235e-06,2.414e-07,)] [eta: 2:14:36, time (data): 2.686 (0.002)] l_pix: 1.6147e-02 
2025-11-25 17:36:28,522 INFO: [IART_..][epoch:  4, iter:  57,120, lr:(1.234e-06,2.413e-07,)] [eta: 2:14:34, time (data): 2.686 (0.002)] l_pix: 1.6005e-02 
2025-11-25 17:36:31,212 INFO: [IART_..][epoch:  4, iter:  57,121, lr:(1.233e-06,2.412e-07,)] [eta: 2:14:31, time (data): 2.686 (0.002)] l_pix: 2.4502e-02 
2025-11-25 17:36:33,885 INFO: [IART_..][epoch:  4, iter:  57,122, lr:(1.233e-06,2.411e-07,)] [eta: 2:14:28, time (data): 2.686 (0.002)] l_pix: 1.2519e-02 
2025-11-25 17:36:36,533 INFO: [IART_..][epoch:  4, iter:  57,123, lr:(1.232e-06,2.410e-07,)] [eta: 2:14:25, time (data): 2.686 (0.002)] l_pix: 2.1828e-02 
2025-11-25 17:36:39,240 INFO: [IART_..][epoch:  4, iter:  57,124, lr:(1.231e-06,2.409e-07,)] [eta: 2:14:22, time (data): 2.686 (0.002)] l_pix: 2.3883e-02 
2025-11-25 17:36:41,948 INFO: [IART_..][epoch:  4, iter:  57,125, lr:(1.230e-06,2.408e-07,)] [eta: 2:14:19, time (data): 2.686 (0.002)] l_pix: 3.3354e-02 
2025-11-25 17:36:44,614 INFO: [IART_..][epoch:  4, iter:  57,126, lr:(1.230e-06,2.407e-07,)] [eta: 2:14:16, time (data): 2.686 (0.002)] l_pix: 2.4314e-02 
2025-11-25 17:36:47,300 INFO: [IART_..][epoch:  4, iter:  57,127, lr:(1.229e-06,2.406e-07,)] [eta: 2:14:13, time (data): 2.686 (0.002)] l_pix: 9.7067e-03 
2025-11-25 17:36:49,987 INFO: [IART_..][epoch:  4, iter:  57,128, lr:(1.228e-06,2.405e-07,)] [eta: 2:14:10, time (data): 2.686 (0.002)] l_pix: 1.7504e-02 
2025-11-25 17:36:52,645 INFO: [IART_..][epoch:  4, iter:  57,129, lr:(1.227e-06,2.404e-07,)] [eta: 2:14:07, time (data): 2.686 (0.002)] l_pix: 9.8142e-03 
2025-11-25 17:36:55,382 INFO: [IART_..][epoch:  4, iter:  57,130, lr:(1.226e-06,2.403e-07,)] [eta: 2:14:04, time (data): 2.686 (0.002)] l_pix: 4.7183e-02 
2025-11-25 17:36:58,120 INFO: [IART_..][epoch:  4, iter:  57,131, lr:(1.226e-06,2.402e-07,)] [eta: 2:14:01, time (data): 2.687 (0.002)] l_pix: 2.5393e-02 
2025-11-25 17:37:00,774 INFO: [IART_..][epoch:  4, iter:  57,132, lr:(1.225e-06,2.401e-07,)] [eta: 2:13:58, time (data): 2.686 (0.002)] l_pix: 3.7669e-02 
2025-11-25 17:37:03,444 INFO: [IART_..][epoch:  4, iter:  57,133, lr:(1.224e-06,2.400e-07,)] [eta: 2:13:55, time (data): 2.686 (0.002)] l_pix: 3.1211e-02 
2025-11-25 17:37:06,178 INFO: [IART_..][epoch:  4, iter:  57,134, lr:(1.223e-06,2.399e-07,)] [eta: 2:13:52, time (data): 2.687 (0.002)] l_pix: 2.6379e-02 
2025-11-25 17:37:08,836 INFO: [IART_..][epoch:  4, iter:  57,135, lr:(1.222e-06,2.398e-07,)] [eta: 2:13:49, time (data): 2.686 (0.002)] l_pix: 1.7736e-02 
2025-11-25 17:37:11,656 INFO: [IART_..][epoch:  4, iter:  57,136, lr:(1.222e-06,2.397e-07,)] [eta: 2:13:46, time (data): 2.687 (0.002)] l_pix: 1.4768e-02 
2025-11-25 17:37:14,311 INFO: [IART_..][epoch:  4, iter:  57,137, lr:(1.221e-06,2.396e-07,)] [eta: 2:13:43, time (data): 2.687 (0.002)] l_pix: 2.3062e-02 
2025-11-25 17:37:17,059 INFO: [IART_..][epoch:  4, iter:  57,138, lr:(1.220e-06,2.395e-07,)] [eta: 2:13:40, time (data): 2.688 (0.002)] l_pix: 4.0143e-02 
2025-11-25 17:37:19,694 INFO: [IART_..][epoch:  4, iter:  57,139, lr:(1.219e-06,2.394e-07,)] [eta: 2:13:37, time (data): 2.687 (0.002)] l_pix: 2.2963e-02 
2025-11-25 17:37:22,573 INFO: [IART_..][epoch:  4, iter:  57,140, lr:(1.219e-06,2.393e-07,)] [eta: 2:13:35, time (data): 2.689 (0.002)] l_pix: 2.7791e-02 
2025-11-25 17:37:25,261 INFO: [IART_..][epoch:  4, iter:  57,141, lr:(1.218e-06,2.392e-07,)] [eta: 2:13:32, time (data): 2.689 (0.002)] l_pix: 3.6442e-02 
2025-11-25 17:37:27,791 INFO: [IART_..][epoch:  4, iter:  57,142, lr:(1.217e-06,2.391e-07,)] [eta: 2:13:29, time (data): 2.688 (0.002)] l_pix: 2.3748e-02 
2025-11-25 17:37:30,573 INFO: [IART_..][epoch:  4, iter:  57,143, lr:(1.216e-06,2.390e-07,)] [eta: 2:13:26, time (data): 2.688 (0.002)] l_pix: 2.3209e-02 
2025-11-25 17:37:33,299 INFO: [IART_..][epoch:  4, iter:  57,144, lr:(1.215e-06,2.389e-07,)] [eta: 2:13:23, time (data): 2.689 (0.002)] l_pix: 2.9760e-02 
2025-11-25 17:37:35,979 INFO: [IART_..][epoch:  4, iter:  57,145, lr:(1.215e-06,2.388e-07,)] [eta: 2:13:20, time (data): 2.688 (0.002)] l_pix: 2.7317e-02 
2025-11-25 17:37:38,681 INFO: [IART_..][epoch:  4, iter:  57,146, lr:(1.214e-06,2.388e-07,)] [eta: 2:13:17, time (data): 2.689 (0.002)] l_pix: 2.7544e-02 
2025-11-25 17:37:41,368 INFO: [IART_..][epoch:  4, iter:  57,147, lr:(1.213e-06,2.387e-07,)] [eta: 2:13:14, time (data): 2.689 (0.002)] l_pix: 1.9796e-02 
2025-11-25 17:37:44,170 INFO: [IART_..][epoch:  4, iter:  57,148, lr:(1.212e-06,2.386e-07,)] [eta: 2:13:11, time (data): 2.689 (0.002)] l_pix: 2.3787e-02 
2025-11-25 17:37:46,837 INFO: [IART_..][epoch:  4, iter:  57,149, lr:(1.212e-06,2.385e-07,)] [eta: 2:13:08, time (data): 2.689 (0.002)] l_pix: 2.3873e-02 
2025-11-25 17:37:49,476 INFO: [IART_..][epoch:  4, iter:  57,150, lr:(1.211e-06,2.384e-07,)] [eta: 2:13:05, time (data): 2.689 (0.002)] l_pix: 1.8278e-02 
2025-11-25 17:37:52,243 INFO: [IART_..][epoch:  4, iter:  57,151, lr:(1.210e-06,2.383e-07,)] [eta: 2:13:02, time (data): 2.689 (0.002)] l_pix: 2.7445e-02 
2025-11-25 17:37:54,867 INFO: [IART_..][epoch:  4, iter:  57,152, lr:(1.209e-06,2.382e-07,)] [eta: 2:12:59, time (data): 2.689 (0.002)] l_pix: 1.8065e-02 
2025-11-25 17:37:57,491 INFO: [IART_..][epoch:  4, iter:  57,153, lr:(1.208e-06,2.381e-07,)] [eta: 2:12:56, time (data): 2.688 (0.002)] l_pix: 1.8149e-02 
2025-11-25 17:38:00,221 INFO: [IART_..][epoch:  4, iter:  57,154, lr:(1.208e-06,2.380e-07,)] [eta: 2:12:53, time (data): 2.689 (0.002)] l_pix: 2.6037e-02 
2025-11-25 17:38:02,959 INFO: [IART_..][epoch:  4, iter:  57,155, lr:(1.207e-06,2.379e-07,)] [eta: 2:12:50, time (data): 2.689 (0.002)] l_pix: 1.3494e-02 
2025-11-25 17:38:05,535 INFO: [IART_..][epoch:  4, iter:  57,156, lr:(1.206e-06,2.378e-07,)] [eta: 2:12:47, time (data): 2.688 (0.002)] l_pix: 1.8508e-02 
2025-11-25 17:38:08,146 INFO: [IART_..][epoch:  4, iter:  57,157, lr:(1.205e-06,2.377e-07,)] [eta: 2:12:44, time (data): 2.688 (0.002)] l_pix: 2.9167e-02 
2025-11-25 17:38:10,787 INFO: [IART_..][epoch:  4, iter:  57,158, lr:(1.205e-06,2.376e-07,)] [eta: 2:12:41, time (data): 2.688 (0.001)] l_pix: 1.3915e-02 
2025-11-25 17:38:13,427 INFO: [IART_..][epoch:  4, iter:  57,159, lr:(1.204e-06,2.375e-07,)] [eta: 2:12:38, time (data): 2.687 (0.001)] l_pix: 1.9679e-02 
2025-11-25 17:38:16,145 INFO: [IART_..][epoch:  4, iter:  57,160, lr:(1.203e-06,2.374e-07,)] [eta: 2:12:35, time (data): 2.687 (0.001)] l_pix: 2.2929e-02 
2025-11-25 17:38:18,912 INFO: [IART_..][epoch:  4, iter:  57,161, lr:(1.202e-06,2.373e-07,)] [eta: 2:12:33, time (data): 2.688 (0.001)] l_pix: 2.6965e-02 
2025-11-25 17:38:21,598 INFO: [IART_..][epoch:  4, iter:  57,162, lr:(1.201e-06,2.372e-07,)] [eta: 2:12:30, time (data): 2.688 (0.001)] l_pix: 1.9571e-02 
2025-11-25 17:38:24,285 INFO: [IART_..][epoch:  4, iter:  57,163, lr:(1.201e-06,2.371e-07,)] [eta: 2:12:27, time (data): 2.688 (0.001)] l_pix: 1.0404e-02 
2025-11-25 17:38:27,085 INFO: [IART_..][epoch:  4, iter:  57,164, lr:(1.200e-06,2.370e-07,)] [eta: 2:12:24, time (data): 2.689 (0.002)] l_pix: 2.1910e-02 
2025-11-25 17:38:29,712 INFO: [IART_..][epoch:  4, iter:  57,165, lr:(1.199e-06,2.369e-07,)] [eta: 2:12:21, time (data): 2.688 (0.002)] l_pix: 3.5995e-02 
2025-11-25 17:38:32,545 INFO: [IART_..][epoch:  4, iter:  57,166, lr:(1.198e-06,2.368e-07,)] [eta: 2:12:18, time (data): 2.689 (0.002)] l_pix: 1.2669e-02 
2025-11-25 17:38:35,248 INFO: [IART_..][epoch:  4, iter:  57,167, lr:(1.198e-06,2.367e-07,)] [eta: 2:12:15, time (data): 2.689 (0.002)] l_pix: 2.3454e-02 
2025-11-25 17:38:37,888 INFO: [IART_..][epoch:  4, iter:  57,168, lr:(1.197e-06,2.366e-07,)] [eta: 2:12:12, time (data): 2.689 (0.002)] l_pix: 1.9050e-02 
2025-11-25 17:38:40,578 INFO: [IART_..][epoch:  4, iter:  57,169, lr:(1.196e-06,2.365e-07,)] [eta: 2:12:09, time (data): 2.689 (0.002)] l_pix: 3.1727e-02 
2025-11-25 17:38:43,361 INFO: [IART_..][epoch:  4, iter:  57,170, lr:(1.195e-06,2.364e-07,)] [eta: 2:12:06, time (data): 2.690 (0.002)] l_pix: 1.0835e-02 
2025-11-25 17:38:46,084 INFO: [IART_..][epoch:  4, iter:  57,171, lr:(1.195e-06,2.363e-07,)] [eta: 2:12:03, time (data): 2.690 (0.002)] l_pix: 1.5496e-02 
2025-11-25 17:38:48,687 INFO: [IART_..][epoch:  4, iter:  57,172, lr:(1.194e-06,2.362e-07,)] [eta: 2:12:00, time (data): 2.689 (0.002)] l_pix: 1.2159e-02 
2025-11-25 17:38:51,341 INFO: [IART_..][epoch:  4, iter:  57,173, lr:(1.193e-06,2.361e-07,)] [eta: 2:11:57, time (data): 2.689 (0.002)] l_pix: 2.5300e-02 
2025-11-25 17:38:54,044 INFO: [IART_..][epoch:  4, iter:  57,174, lr:(1.192e-06,2.360e-07,)] [eta: 2:11:54, time (data): 2.689 (0.002)] l_pix: 4.1049e-02 
2025-11-25 17:38:56,809 INFO: [IART_..][epoch:  4, iter:  57,175, lr:(1.191e-06,2.360e-07,)] [eta: 2:11:52, time (data): 2.690 (0.002)] l_pix: 2.9011e-02 
2025-11-25 17:38:59,442 INFO: [IART_..][epoch:  4, iter:  57,176, lr:(1.191e-06,2.359e-07,)] [eta: 2:11:49, time (data): 2.689 (0.002)] l_pix: 2.2327e-02 
2025-11-25 17:39:02,115 INFO: [IART_..][epoch:  4, iter:  57,177, lr:(1.190e-06,2.358e-07,)] [eta: 2:11:46, time (data): 2.689 (0.002)] l_pix: 2.0875e-02 
2025-11-25 17:39:04,710 INFO: [IART_..][epoch:  4, iter:  57,178, lr:(1.189e-06,2.357e-07,)] [eta: 2:11:42, time (data): 2.688 (0.002)] l_pix: 4.3128e-02 
2025-11-25 17:39:07,357 INFO: [IART_..][epoch:  4, iter:  57,179, lr:(1.188e-06,2.356e-07,)] [eta: 2:11:39, time (data): 2.688 (0.002)] l_pix: 1.4316e-02 
2025-11-25 17:39:09,931 INFO: [IART_..][epoch:  4, iter:  57,180, lr:(1.188e-06,2.355e-07,)] [eta: 2:11:36, time (data): 2.688 (0.001)] l_pix: 1.6543e-02 
2025-11-25 17:39:12,548 INFO: [IART_..][epoch:  4, iter:  57,181, lr:(1.187e-06,2.354e-07,)] [eta: 2:11:33, time (data): 2.687 (0.001)] l_pix: 4.0426e-02 
2025-11-25 17:39:15,170 INFO: [IART_..][epoch:  4, iter:  57,182, lr:(1.186e-06,2.353e-07,)] [eta: 2:11:30, time (data): 2.687 (0.001)] l_pix: 2.7407e-02 
2025-11-25 17:39:17,876 INFO: [IART_..][epoch:  4, iter:  57,183, lr:(1.185e-06,2.352e-07,)] [eta: 2:11:27, time (data): 2.687 (0.001)] l_pix: 1.9030e-02 
2025-11-25 17:39:20,550 INFO: [IART_..][epoch:  4, iter:  57,184, lr:(1.184e-06,2.351e-07,)] [eta: 2:11:24, time (data): 2.687 (0.002)] l_pix: 2.4205e-02 
2025-11-25 17:39:23,184 INFO: [IART_..][epoch:  4, iter:  57,185, lr:(1.184e-06,2.350e-07,)] [eta: 2:11:21, time (data): 2.686 (0.002)] l_pix: 1.5000e-02 
2025-11-25 17:39:25,817 INFO: [IART_..][epoch:  4, iter:  57,186, lr:(1.183e-06,2.349e-07,)] [eta: 2:11:18, time (data): 2.686 (0.002)] l_pix: 2.5307e-02 
2025-11-25 17:39:28,648 INFO: [IART_..][epoch:  4, iter:  57,187, lr:(1.182e-06,2.348e-07,)] [eta: 2:11:16, time (data): 2.687 (0.002)] l_pix: 1.4497e-02 
2025-11-25 17:39:31,306 INFO: [IART_..][epoch:  4, iter:  57,188, lr:(1.181e-06,2.347e-07,)] [eta: 2:11:13, time (data): 2.687 (0.002)] l_pix: 2.7573e-02 
2025-11-25 17:39:33,994 INFO: [IART_..][epoch:  4, iter:  57,189, lr:(1.181e-06,2.346e-07,)] [eta: 2:11:10, time (data): 2.687 (0.002)] l_pix: 1.8249e-02 
2025-11-25 17:39:36,669 INFO: [IART_..][epoch:  4, iter:  57,190, lr:(1.180e-06,2.345e-07,)] [eta: 2:11:07, time (data): 2.687 (0.002)] l_pix: 1.9600e-02 
2025-11-25 17:39:39,424 INFO: [IART_..][epoch:  4, iter:  57,191, lr:(1.179e-06,2.344e-07,)] [eta: 2:11:04, time (data): 2.687 (0.002)] l_pix: 2.3371e-02 
2025-11-25 17:39:42,113 INFO: [IART_..][epoch:  4, iter:  57,192, lr:(1.178e-06,2.343e-07,)] [eta: 2:11:01, time (data): 2.687 (0.002)] l_pix: 2.8681e-02 
2025-11-25 17:39:44,808 INFO: [IART_..][epoch:  4, iter:  57,193, lr:(1.178e-06,2.342e-07,)] [eta: 2:10:58, time (data): 2.687 (0.002)] l_pix: 1.3105e-02 
2025-11-25 17:39:47,473 INFO: [IART_..][epoch:  4, iter:  57,194, lr:(1.177e-06,2.341e-07,)] [eta: 2:10:55, time (data): 2.687 (0.002)] l_pix: 2.8744e-02 
2025-11-25 17:39:50,146 INFO: [IART_..][epoch:  4, iter:  57,195, lr:(1.176e-06,2.340e-07,)] [eta: 2:10:52, time (data): 2.687 (0.002)] l_pix: 2.3825e-02 
2025-11-25 17:39:52,824 INFO: [IART_..][epoch:  4, iter:  57,196, lr:(1.175e-06,2.339e-07,)] [eta: 2:10:49, time (data): 2.687 (0.002)] l_pix: 1.2547e-02 
2025-11-25 17:39:55,402 INFO: [IART_..][epoch:  4, iter:  57,197, lr:(1.175e-06,2.338e-07,)] [eta: 2:10:46, time (data): 2.686 (0.002)] l_pix: 2.3430e-02 
2025-11-25 17:39:58,056 INFO: [IART_..][epoch:  4, iter:  57,198, lr:(1.174e-06,2.337e-07,)] [eta: 2:10:43, time (data): 2.686 (0.002)] l_pix: 1.2091e-02 
2025-11-25 17:40:00,733 INFO: [IART_..][epoch:  4, iter:  57,199, lr:(1.173e-06,2.337e-07,)] [eta: 2:10:40, time (data): 2.686 (0.002)] l_pix: 1.2470e-02 
2025-11-25 17:40:03,417 INFO: [IART_..][epoch:  4, iter:  57,200, lr:(1.172e-06,2.336e-07,)] [eta: 2:10:37, time (data): 2.686 (0.002)] l_pix: 2.0172e-02 
2025-11-25 17:40:06,040 INFO: [IART_..][epoch:  4, iter:  57,201, lr:(1.171e-06,2.335e-07,)] [eta: 2:10:34, time (data): 2.686 (0.002)] l_pix: 3.0909e-02 
2025-11-25 17:40:08,880 INFO: [IART_..][epoch:  4, iter:  57,202, lr:(1.171e-06,2.334e-07,)] [eta: 2:10:31, time (data): 2.687 (0.002)] l_pix: 1.4667e-02 
2025-11-25 17:40:11,579 INFO: [IART_..][epoch:  4, iter:  57,203, lr:(1.170e-06,2.333e-07,)] [eta: 2:10:28, time (data): 2.687 (0.002)] l_pix: 2.5285e-02 
2025-11-25 17:40:14,169 INFO: [IART_..][epoch:  4, iter:  57,204, lr:(1.169e-06,2.332e-07,)] [eta: 2:10:25, time (data): 2.686 (0.002)] l_pix: 2.0934e-02 
2025-11-25 17:40:16,809 INFO: [IART_..][epoch:  4, iter:  57,205, lr:(1.168e-06,2.331e-07,)] [eta: 2:10:22, time (data): 2.686 (0.002)] l_pix: 2.1847e-02 
2025-11-25 17:40:19,435 INFO: [IART_..][epoch:  4, iter:  57,206, lr:(1.168e-06,2.330e-07,)] [eta: 2:10:19, time (data): 2.686 (0.002)] l_pix: 1.7073e-02 
2025-11-25 17:40:22,062 INFO: [IART_..][epoch:  4, iter:  57,207, lr:(1.167e-06,2.329e-07,)] [eta: 2:10:16, time (data): 2.685 (0.001)] l_pix: 2.5076e-02 
2025-11-25 17:40:24,720 INFO: [IART_..][epoch:  4, iter:  57,208, lr:(1.166e-06,2.328e-07,)] [eta: 2:10:13, time (data): 2.685 (0.001)] l_pix: 9.8122e-03 
2025-11-25 17:40:27,330 INFO: [IART_..][epoch:  4, iter:  57,209, lr:(1.165e-06,2.327e-07,)] [eta: 2:10:10, time (data): 2.685 (0.001)] l_pix: 2.1415e-02 
2025-11-25 17:40:30,035 INFO: [IART_..][epoch:  4, iter:  57,210, lr:(1.165e-06,2.326e-07,)] [eta: 2:10:07, time (data): 2.685 (0.001)] l_pix: 2.8153e-02 
2025-11-25 17:40:32,671 INFO: [IART_..][epoch:  4, iter:  57,211, lr:(1.164e-06,2.325e-07,)] [eta: 2:10:04, time (data): 2.685 (0.001)] l_pix: 1.9256e-02 
2025-11-25 17:40:35,318 INFO: [IART_..][epoch:  4, iter:  57,212, lr:(1.163e-06,2.324e-07,)] [eta: 2:10:01, time (data): 2.647 (0.000)] l_pix: 3.0355e-02 
2025-11-25 17:40:38,052 INFO: [IART_..][epoch:  4, iter:  57,213, lr:(1.162e-06,2.323e-07,)] [eta: 2:09:58, time (data): 2.691 (0.000)] l_pix: 1.3525e-02 
2025-11-25 17:40:40,647 INFO: [IART_..][epoch:  4, iter:  57,214, lr:(1.162e-06,2.322e-07,)] [eta: 2:09:55, time (data): 2.659 (0.000)] l_pix: 1.9716e-02 
2025-11-25 17:40:43,412 INFO: [IART_..][epoch:  4, iter:  57,215, lr:(1.161e-06,2.321e-07,)] [eta: 2:09:53, time (data): 2.685 (0.000)] l_pix: 2.3507e-02 
2025-11-25 17:40:46,208 INFO: [IART_..][epoch:  4, iter:  57,216, lr:(1.160e-06,2.320e-07,)] [eta: 2:09:50, time (data): 2.708 (0.000)] l_pix: 1.4412e-02 
2025-11-25 17:40:48,860 INFO: [IART_..][epoch:  4, iter:  57,217, lr:(1.159e-06,2.319e-07,)] [eta: 2:09:47, time (data): 2.698 (0.000)] l_pix: 1.7906e-02 
2025-11-25 17:40:51,479 INFO: [IART_..][epoch:  4, iter:  57,218, lr:(1.159e-06,2.319e-07,)] [eta: 2:09:44, time (data): 2.687 (0.000)] l_pix: 1.2360e-02 
2025-11-25 17:40:54,113 INFO: [IART_..][epoch:  4, iter:  57,219, lr:(1.158e-06,2.318e-07,)] [eta: 2:09:41, time (data): 2.680 (0.000)] l_pix: 1.7477e-02 
2025-11-25 17:40:56,701 INFO: [IART_..][epoch:  4, iter:  57,220, lr:(1.157e-06,2.317e-07,)] [eta: 2:09:38, time (data): 2.670 (0.002)] l_pix: 2.5597e-02 
2025-11-25 17:40:59,366 INFO: [IART_..][epoch:  4, iter:  57,221, lr:(1.156e-06,2.316e-07,)] [eta: 2:09:35, time (data): 2.670 (0.002)] l_pix: 1.9189e-02 
2025-11-25 17:41:02,016 INFO: [IART_..][epoch:  4, iter:  57,222, lr:(1.155e-06,2.315e-07,)] [eta: 2:09:32, time (data): 2.668 (0.001)] l_pix: 4.1914e-02 
2025-11-25 17:41:04,684 INFO: [IART_..][epoch:  4, iter:  57,223, lr:(1.155e-06,2.314e-07,)] [eta: 2:09:29, time (data): 2.668 (0.002)] l_pix: 3.7658e-02 
2025-11-25 17:41:07,334 INFO: [IART_..][epoch:  4, iter:  57,224, lr:(1.154e-06,2.313e-07,)] [eta: 2:09:26, time (data): 2.666 (0.002)] l_pix: 3.0887e-02 
2025-11-25 17:41:10,094 INFO: [IART_..][epoch:  4, iter:  57,225, lr:(1.153e-06,2.312e-07,)] [eta: 2:09:23, time (data): 2.673 (0.002)] l_pix: 2.1428e-02 
2025-11-25 17:41:12,823 INFO: [IART_..][epoch:  4, iter:  57,226, lr:(1.152e-06,2.311e-07,)] [eta: 2:09:20, time (data): 2.677 (0.002)] l_pix: 2.8540e-02 
2025-11-25 17:41:15,476 INFO: [IART_..][epoch:  4, iter:  57,227, lr:(1.152e-06,2.310e-07,)] [eta: 2:09:17, time (data): 2.675 (0.002)] l_pix: 3.0440e-02 
2025-11-25 17:41:18,218 INFO: [IART_..][epoch:  4, iter:  57,228, lr:(1.151e-06,2.309e-07,)] [eta: 2:09:14, time (data): 2.679 (0.002)] l_pix: 1.9557e-02 
2025-11-25 17:41:20,812 INFO: [IART_..][epoch:  4, iter:  57,229, lr:(1.150e-06,2.308e-07,)] [eta: 2:09:11, time (data): 2.674 (0.001)] l_pix: 2.0035e-02 
2025-11-25 17:41:23,502 INFO: [IART_..][epoch:  4, iter:  57,230, lr:(1.149e-06,2.307e-07,)] [eta: 2:09:08, time (data): 2.675 (0.001)] l_pix: 1.7579e-02 
2025-11-25 17:41:26,204 INFO: [IART_..][epoch:  4, iter:  57,231, lr:(1.149e-06,2.306e-07,)] [eta: 2:09:05, time (data): 2.676 (0.001)] l_pix: 2.4689e-02 
2025-11-25 17:41:29,017 INFO: [IART_..][epoch:  4, iter:  57,232, lr:(1.148e-06,2.305e-07,)] [eta: 2:09:03, time (data): 2.683 (0.001)] l_pix: 1.3652e-02 
2025-11-25 17:41:31,644 INFO: [IART_..][epoch:  4, iter:  57,233, lr:(1.147e-06,2.304e-07,)] [eta: 2:09:00, time (data): 2.680 (0.002)] l_pix: 3.5830e-02 
2025-11-25 17:41:34,360 INFO: [IART_..][epoch:  4, iter:  57,234, lr:(1.146e-06,2.303e-07,)] [eta: 2:08:57, time (data): 2.682 (0.002)] l_pix: 1.8190e-02 
2025-11-25 17:41:37,158 INFO: [IART_..][epoch:  4, iter:  57,235, lr:(1.146e-06,2.302e-07,)] [eta: 2:08:54, time (data): 2.686 (0.002)] l_pix: 2.5834e-02 
2025-11-25 17:41:39,892 INFO: [IART_..][epoch:  4, iter:  57,236, lr:(1.145e-06,2.302e-07,)] [eta: 2:08:51, time (data): 2.688 (0.002)] l_pix: 1.8771e-02 
2025-11-25 17:41:42,579 INFO: [IART_..][epoch:  4, iter:  57,237, lr:(1.144e-06,2.301e-07,)] [eta: 2:08:48, time (data): 2.688 (0.002)] l_pix: 7.7310e-03 
2025-11-25 17:41:45,351 INFO: [IART_..][epoch:  4, iter:  57,238, lr:(1.143e-06,2.300e-07,)] [eta: 2:08:45, time (data): 2.691 (0.002)] l_pix: 1.5329e-02 
2025-11-25 17:41:48,163 INFO: [IART_..][epoch:  4, iter:  57,239, lr:(1.143e-06,2.299e-07,)] [eta: 2:08:42, time (data): 2.695 (0.002)] l_pix: 2.2157e-02 
2025-11-25 17:41:50,914 INFO: [IART_..][epoch:  4, iter:  57,240, lr:(1.142e-06,2.298e-07,)] [eta: 2:08:40, time (data): 2.697 (0.002)] l_pix: 3.5801e-02 
2025-11-25 17:41:53,619 INFO: [IART_..][epoch:  4, iter:  57,241, lr:(1.141e-06,2.297e-07,)] [eta: 2:08:37, time (data): 2.698 (0.002)] l_pix: 1.0330e-02 
2025-11-25 17:41:56,257 INFO: [IART_..][epoch:  4, iter:  57,242, lr:(1.140e-06,2.296e-07,)] [eta: 2:08:34, time (data): 2.696 (0.002)] l_pix: 2.1366e-02 
2025-11-25 17:41:58,973 INFO: [IART_..][epoch:  4, iter:  57,243, lr:(1.140e-06,2.295e-07,)] [eta: 2:08:31, time (data): 2.696 (0.002)] l_pix: 1.8080e-02 
2025-11-25 17:42:01,643 INFO: [IART_..][epoch:  4, iter:  57,244, lr:(1.139e-06,2.294e-07,)] [eta: 2:08:28, time (data): 2.696 (0.002)] l_pix: 2.7722e-02 
2025-11-25 17:42:04,346 INFO: [IART_..][epoch:  4, iter:  57,245, lr:(1.138e-06,2.293e-07,)] [eta: 2:08:25, time (data): 2.696 (0.001)] l_pix: 3.0078e-02 
2025-11-25 17:42:06,999 INFO: [IART_..][epoch:  4, iter:  57,246, lr:(1.137e-06,2.292e-07,)] [eta: 2:08:22, time (data): 2.695 (0.001)] l_pix: 1.8133e-02 
2025-11-25 17:42:09,891 INFO: [IART_..][epoch:  4, iter:  57,247, lr:(1.137e-06,2.291e-07,)] [eta: 2:08:19, time (data): 2.700 (0.002)] l_pix: 2.8721e-02 
2025-11-25 17:42:12,654 INFO: [IART_..][epoch:  4, iter:  57,248, lr:(1.136e-06,2.290e-07,)] [eta: 2:08:16, time (data): 2.702 (0.002)] l_pix: 2.5600e-02 
2025-11-25 17:42:15,354 INFO: [IART_..][epoch:  4, iter:  57,249, lr:(1.135e-06,2.289e-07,)] [eta: 2:08:13, time (data): 2.702 (0.002)] l_pix: 2.8303e-02 
2025-11-25 17:42:18,076 INFO: [IART_..][epoch:  4, iter:  57,250, lr:(1.134e-06,2.288e-07,)] [eta: 2:08:11, time (data): 2.702 (0.002)] l_pix: 2.1190e-02 
2025-11-25 17:42:20,766 INFO: [IART_..][epoch:  4, iter:  57,251, lr:(1.134e-06,2.287e-07,)] [eta: 2:08:08, time (data): 2.702 (0.002)] l_pix: 1.5615e-02 
2025-11-25 17:42:23,358 INFO: [IART_..][epoch:  4, iter:  57,252, lr:(1.133e-06,2.287e-07,)] [eta: 2:08:05, time (data): 2.699 (0.002)] l_pix: 2.7541e-02 
2025-11-25 17:42:26,046 INFO: [IART_..][epoch:  4, iter:  57,253, lr:(1.132e-06,2.286e-07,)] [eta: 2:08:02, time (data): 2.699 (0.002)] l_pix: 2.6749e-02 
2025-11-25 17:42:28,768 INFO: [IART_..][epoch:  4, iter:  57,254, lr:(1.131e-06,2.285e-07,)] [eta: 2:07:59, time (data): 2.699 (0.002)] l_pix: 2.1179e-02 
2025-11-25 17:42:31,568 INFO: [IART_..][epoch:  4, iter:  57,255, lr:(1.131e-06,2.284e-07,)] [eta: 2:07:56, time (data): 2.701 (0.002)] l_pix: 2.3986e-02 
2025-11-25 17:42:34,183 INFO: [IART_..][epoch:  4, iter:  57,256, lr:(1.130e-06,2.283e-07,)] [eta: 2:07:53, time (data): 2.699 (0.002)] l_pix: 3.2425e-02 
2025-11-25 17:42:36,848 INFO: [IART_..][epoch:  4, iter:  57,257, lr:(1.129e-06,2.282e-07,)] [eta: 2:07:50, time (data): 2.699 (0.002)] l_pix: 2.6756e-02 
2025-11-25 17:42:39,487 INFO: [IART_..][epoch:  4, iter:  57,258, lr:(1.128e-06,2.281e-07,)] [eta: 2:07:47, time (data): 2.697 (0.002)] l_pix: 2.2747e-02 
2025-11-25 17:42:42,193 INFO: [IART_..][epoch:  4, iter:  57,259, lr:(1.128e-06,2.280e-07,)] [eta: 2:07:44, time (data): 2.698 (0.002)] l_pix: 1.8100e-02 
2025-11-25 17:42:44,929 INFO: [IART_..][epoch:  4, iter:  57,260, lr:(1.127e-06,2.279e-07,)] [eta: 2:07:41, time (data): 2.698 (0.002)] l_pix: 1.1276e-02 
2025-11-25 17:42:47,600 INFO: [IART_..][epoch:  4, iter:  57,261, lr:(1.126e-06,2.278e-07,)] [eta: 2:07:38, time (data): 2.698 (0.002)] l_pix: 2.1407e-02 
2025-11-25 17:42:50,224 INFO: [IART_..][epoch:  4, iter:  57,262, lr:(1.125e-06,2.277e-07,)] [eta: 2:07:35, time (data): 2.696 (0.002)] l_pix: 1.4513e-02 
2025-11-25 17:42:53,006 INFO: [IART_..][epoch:  4, iter:  57,263, lr:(1.125e-06,2.276e-07,)] [eta: 2:07:32, time (data): 2.698 (0.002)] l_pix: 3.1136e-02 
2025-11-25 17:42:55,629 INFO: [IART_..][epoch:  4, iter:  57,264, lr:(1.124e-06,2.275e-07,)] [eta: 2:07:29, time (data): 2.697 (0.002)] l_pix: 1.4306e-02 
2025-11-25 17:42:58,284 INFO: [IART_..][epoch:  4, iter:  57,265, lr:(1.123e-06,2.274e-07,)] [eta: 2:07:26, time (data): 2.696 (0.002)] l_pix: 1.5084e-02 
2025-11-25 17:43:01,057 INFO: [IART_..][epoch:  4, iter:  57,266, lr:(1.122e-06,2.273e-07,)] [eta: 2:07:24, time (data): 2.697 (0.002)] l_pix: 1.3500e-02 
2025-11-25 17:43:03,787 INFO: [IART_..][epoch:  4, iter:  57,267, lr:(1.122e-06,2.273e-07,)] [eta: 2:07:21, time (data): 2.698 (0.002)] l_pix: 1.0796e-02 
2025-11-25 17:43:06,475 INFO: [IART_..][epoch:  4, iter:  57,268, lr:(1.121e-06,2.272e-07,)] [eta: 2:07:18, time (data): 2.698 (0.002)] l_pix: 1.1122e-02 
2025-11-25 17:43:09,115 INFO: [IART_..][epoch:  4, iter:  57,269, lr:(1.120e-06,2.271e-07,)] [eta: 2:07:15, time (data): 2.697 (0.002)] l_pix: 2.1058e-02 
2025-11-25 17:43:11,928 INFO: [IART_..][epoch:  4, iter:  57,270, lr:(1.119e-06,2.270e-07,)] [eta: 2:07:12, time (data): 2.699 (0.002)] l_pix: 3.1109e-02 
2025-11-25 17:43:14,689 INFO: [IART_..][epoch:  4, iter:  57,271, lr:(1.119e-06,2.269e-07,)] [eta: 2:07:09, time (data): 2.700 (0.002)] l_pix: 1.3815e-02 
2025-11-25 17:43:17,324 INFO: [IART_..][epoch:  4, iter:  57,272, lr:(1.118e-06,2.268e-07,)] [eta: 2:07:06, time (data): 2.699 (0.002)] l_pix: 3.1324e-02 
2025-11-25 17:43:20,006 INFO: [IART_..][epoch:  4, iter:  57,273, lr:(1.117e-06,2.267e-07,)] [eta: 2:07:03, time (data): 2.698 (0.002)] l_pix: 2.0742e-02 
2025-11-25 17:43:22,672 INFO: [IART_..][epoch:  4, iter:  57,274, lr:(1.116e-06,2.266e-07,)] [eta: 2:07:00, time (data): 2.698 (0.002)] l_pix: 1.7159e-02 
2025-11-25 17:43:25,418 INFO: [IART_..][epoch:  4, iter:  57,275, lr:(1.116e-06,2.265e-07,)] [eta: 2:06:58, time (data): 2.699 (0.002)] l_pix: 2.4949e-02 
2025-11-25 17:43:28,163 INFO: [IART_..][epoch:  4, iter:  57,276, lr:(1.115e-06,2.264e-07,)] [eta: 2:06:55, time (data): 2.699 (0.002)] l_pix: 2.4146e-02 
2025-11-25 17:43:30,848 INFO: [IART_..][epoch:  4, iter:  57,277, lr:(1.114e-06,2.263e-07,)] [eta: 2:06:52, time (data): 2.699 (0.002)] l_pix: 1.3143e-02 
2025-11-25 17:43:33,551 INFO: [IART_..][epoch:  4, iter:  57,278, lr:(1.113e-06,2.262e-07,)] [eta: 2:06:49, time (data): 2.699 (0.002)] l_pix: 2.5787e-02 
2025-11-25 17:43:36,425 INFO: [IART_..][epoch:  4, iter:  57,279, lr:(1.113e-06,2.261e-07,)] [eta: 2:06:46, time (data): 2.702 (0.002)] l_pix: 4.7707e-03 
2025-11-25 17:43:39,058 INFO: [IART_..][epoch:  4, iter:  57,280, lr:(1.112e-06,2.260e-07,)] [eta: 2:06:43, time (data): 2.701 (0.002)] l_pix: 1.9575e-02 
2025-11-25 17:43:41,693 INFO: [IART_..][epoch:  4, iter:  57,281, lr:(1.111e-06,2.260e-07,)] [eta: 2:06:40, time (data): 2.700 (0.002)] l_pix: 1.3433e-02 
2025-11-25 17:43:44,546 INFO: [IART_..][epoch:  4, iter:  57,282, lr:(1.110e-06,2.259e-07,)] [eta: 2:06:37, time (data): 2.702 (0.002)] l_pix: 9.5159e-03 
2025-11-25 17:43:47,198 INFO: [IART_..][epoch:  4, iter:  57,283, lr:(1.110e-06,2.258e-07,)] [eta: 2:06:34, time (data): 2.701 (0.002)] l_pix: 2.0735e-02 
2025-11-25 17:43:49,964 INFO: [IART_..][epoch:  4, iter:  57,284, lr:(1.109e-06,2.257e-07,)] [eta: 2:06:32, time (data): 2.702 (0.002)] l_pix: 4.7790e-02 
2025-11-25 17:43:52,644 INFO: [IART_..][epoch:  4, iter:  57,285, lr:(1.108e-06,2.256e-07,)] [eta: 2:06:29, time (data): 2.702 (0.002)] l_pix: 1.4865e-02 
2025-11-25 17:43:55,186 INFO: [IART_..][epoch:  4, iter:  57,286, lr:(1.107e-06,2.255e-07,)] [eta: 2:06:26, time (data): 2.700 (0.002)] l_pix: 4.4408e-02 
2025-11-25 17:43:57,845 INFO: [IART_..][epoch:  4, iter:  57,287, lr:(1.107e-06,2.254e-07,)] [eta: 2:06:23, time (data): 2.699 (0.002)] l_pix: 1.6297e-02 
2025-11-25 17:44:00,504 INFO: [IART_..][epoch:  4, iter:  57,288, lr:(1.106e-06,2.253e-07,)] [eta: 2:06:20, time (data): 2.699 (0.002)] l_pix: 2.8158e-02 
2025-11-25 17:44:03,131 INFO: [IART_..][epoch:  4, iter:  57,289, lr:(1.105e-06,2.252e-07,)] [eta: 2:06:17, time (data): 2.698 (0.002)] l_pix: 1.8255e-02 
2025-11-25 17:44:05,745 INFO: [IART_..][epoch:  4, iter:  57,290, lr:(1.105e-06,2.251e-07,)] [eta: 2:06:14, time (data): 2.697 (0.002)] l_pix: 2.8712e-02 
2025-11-25 17:44:08,411 INFO: [IART_..][epoch:  4, iter:  57,291, lr:(1.104e-06,2.250e-07,)] [eta: 2:06:11, time (data): 2.696 (0.002)] l_pix: 2.2656e-02 
2025-11-25 17:44:11,155 INFO: [IART_..][epoch:  4, iter:  57,292, lr:(1.103e-06,2.249e-07,)] [eta: 2:06:08, time (data): 2.697 (0.002)] l_pix: 5.0227e-02 
2025-11-25 17:44:13,922 INFO: [IART_..][epoch:  4, iter:  57,293, lr:(1.102e-06,2.248e-07,)] [eta: 2:06:05, time (data): 2.698 (0.002)] l_pix: 3.1679e-02 
2025-11-25 17:44:16,672 INFO: [IART_..][epoch:  4, iter:  57,294, lr:(1.102e-06,2.248e-07,)] [eta: 2:06:02, time (data): 2.698 (0.002)] l_pix: 2.0706e-02 
2025-11-25 17:44:19,273 INFO: [IART_..][epoch:  4, iter:  57,295, lr:(1.101e-06,2.247e-07,)] [eta: 2:05:59, time (data): 2.697 (0.002)] l_pix: 3.0338e-02 
2025-11-25 17:44:22,117 INFO: [IART_..][epoch:  4, iter:  57,296, lr:(1.100e-06,2.246e-07,)] [eta: 2:05:56, time (data): 2.699 (0.002)] l_pix: 1.9104e-02 
2025-11-25 17:44:24,913 INFO: [IART_..][epoch:  4, iter:  57,297, lr:(1.099e-06,2.245e-07,)] [eta: 2:05:54, time (data): 2.700 (0.002)] l_pix: 3.1016e-02 
2025-11-25 17:44:27,600 INFO: [IART_..][epoch:  4, iter:  57,298, lr:(1.099e-06,2.244e-07,)] [eta: 2:05:51, time (data): 2.700 (0.002)] l_pix: 1.6822e-02 
2025-11-25 17:44:30,247 INFO: [IART_..][epoch:  4, iter:  57,299, lr:(1.098e-06,2.243e-07,)] [eta: 2:05:48, time (data): 2.699 (0.002)] l_pix: 3.6642e-02 
2025-11-25 17:44:33,020 INFO: [IART_..][epoch:  4, iter:  57,300, lr:(1.097e-06,2.242e-07,)] [eta: 2:05:45, time (data): 2.700 (0.002)] l_pix: 3.0653e-02 
2025-11-25 17:44:35,768 INFO: [IART_..][epoch:  4, iter:  57,301, lr:(1.096e-06,2.241e-07,)] [eta: 2:05:42, time (data): 2.701 (0.002)] l_pix: 1.9108e-02 
2025-11-25 17:44:38,348 INFO: [IART_..][epoch:  4, iter:  57,302, lr:(1.096e-06,2.240e-07,)] [eta: 2:05:39, time (data): 2.699 (0.002)] l_pix: 2.5547e-02 
2025-11-25 17:44:40,954 INFO: [IART_..][epoch:  4, iter:  57,303, lr:(1.095e-06,2.239e-07,)] [eta: 2:05:36, time (data): 2.698 (0.002)] l_pix: 2.4457e-02 
2025-11-25 17:44:43,621 INFO: [IART_..][epoch:  4, iter:  57,304, lr:(1.094e-06,2.238e-07,)] [eta: 2:05:33, time (data): 2.698 (0.002)] l_pix: 1.0637e-02 
2025-11-25 17:44:46,233 INFO: [IART_..][epoch:  4, iter:  57,305, lr:(1.093e-06,2.237e-07,)] [eta: 2:05:30, time (data): 2.697 (0.002)] l_pix: 1.1027e-02 
2025-11-25 17:44:48,807 INFO: [IART_..][epoch:  4, iter:  57,306, lr:(1.093e-06,2.237e-07,)] [eta: 2:05:27, time (data): 2.696 (0.002)] l_pix: 1.1993e-02 
2025-11-25 17:44:51,491 INFO: [IART_..][epoch:  4, iter:  57,307, lr:(1.092e-06,2.236e-07,)] [eta: 2:05:24, time (data): 2.696 (0.002)] l_pix: 1.2188e-02 
2025-11-25 17:44:54,114 INFO: [IART_..][epoch:  4, iter:  57,308, lr:(1.091e-06,2.235e-07,)] [eta: 2:05:21, time (data): 2.695 (0.002)] l_pix: 7.2685e-03 
2025-11-25 17:44:56,770 INFO: [IART_..][epoch:  4, iter:  57,309, lr:(1.091e-06,2.234e-07,)] [eta: 2:05:18, time (data): 2.694 (0.002)] l_pix: 2.3787e-02 
2025-11-25 17:44:59,470 INFO: [IART_..][epoch:  4, iter:  57,310, lr:(1.090e-06,2.233e-07,)] [eta: 2:05:15, time (data): 2.695 (0.002)] l_pix: 5.4212e-03 
2025-11-25 17:45:02,186 INFO: [IART_..][epoch:  4, iter:  57,311, lr:(1.089e-06,2.232e-07,)] [eta: 2:05:12, time (data): 2.695 (0.002)] l_pix: 2.3513e-02 
2025-11-25 17:45:05,044 INFO: [IART_..][epoch:  4, iter:  57,312, lr:(1.088e-06,2.231e-07,)] [eta: 2:05:10, time (data): 2.696 (0.002)] l_pix: 1.7844e-02 
2025-11-25 17:45:07,634 INFO: [IART_..][epoch:  4, iter:  57,313, lr:(1.088e-06,2.230e-07,)] [eta: 2:05:07, time (data): 2.695 (0.002)] l_pix: 2.4358e-02 
2025-11-25 17:45:10,260 INFO: [IART_..][epoch:  4, iter:  57,314, lr:(1.087e-06,2.229e-07,)] [eta: 2:05:04, time (data): 2.695 (0.002)] l_pix: 2.1422e-02 
2025-11-25 17:45:12,972 INFO: [IART_..][epoch:  4, iter:  57,315, lr:(1.086e-06,2.228e-07,)] [eta: 2:05:01, time (data): 2.695 (0.002)] l_pix: 2.7859e-02 
2025-11-25 17:45:15,540 INFO: [IART_..][epoch:  4, iter:  57,316, lr:(1.085e-06,2.227e-07,)] [eta: 2:04:58, time (data): 2.694 (0.002)] l_pix: 9.8084e-03 
2025-11-25 17:45:18,277 INFO: [IART_..][epoch:  4, iter:  57,317, lr:(1.085e-06,2.226e-07,)] [eta: 2:04:55, time (data): 2.694 (0.002)] l_pix: 2.4659e-02 
2025-11-25 17:45:20,962 INFO: [IART_..][epoch:  4, iter:  57,318, lr:(1.084e-06,2.226e-07,)] [eta: 2:04:52, time (data): 2.694 (0.002)] l_pix: 2.2089e-02 
2025-11-25 17:45:23,634 INFO: [IART_..][epoch:  4, iter:  57,319, lr:(1.083e-06,2.225e-07,)] [eta: 2:04:49, time (data): 2.694 (0.002)] l_pix: 2.4687e-02 
2025-11-25 17:45:26,272 INFO: [IART_..][epoch:  4, iter:  57,320, lr:(1.082e-06,2.224e-07,)] [eta: 2:04:46, time (data): 2.693 (0.002)] l_pix: 1.5916e-02 
2025-11-25 17:45:28,941 INFO: [IART_..][epoch:  4, iter:  57,321, lr:(1.082e-06,2.223e-07,)] [eta: 2:04:43, time (data): 2.693 (0.002)] l_pix: 2.9702e-02 
2025-11-25 17:45:31,591 INFO: [IART_..][epoch:  4, iter:  57,322, lr:(1.081e-06,2.222e-07,)] [eta: 2:04:40, time (data): 2.693 (0.002)] l_pix: 1.4503e-02 
2025-11-25 17:45:34,188 INFO: [IART_..][epoch:  4, iter:  57,323, lr:(1.080e-06,2.221e-07,)] [eta: 2:04:37, time (data): 2.692 (0.002)] l_pix: 2.2988e-02 
2025-11-25 17:45:36,798 INFO: [IART_..][epoch:  4, iter:  57,324, lr:(1.080e-06,2.220e-07,)] [eta: 2:04:34, time (data): 2.691 (0.002)] l_pix: 1.4846e-02 
2025-11-25 17:45:39,337 INFO: [IART_..][epoch:  4, iter:  57,325, lr:(1.079e-06,2.219e-07,)] [eta: 2:04:31, time (data): 2.690 (0.002)] l_pix: 2.2139e-02 
2025-11-25 17:45:41,993 INFO: [IART_..][epoch:  4, iter:  57,326, lr:(1.078e-06,2.218e-07,)] [eta: 2:04:28, time (data): 2.689 (0.002)] l_pix: 1.9668e-02 
2025-11-25 17:45:44,718 INFO: [IART_..][epoch:  4, iter:  57,327, lr:(1.077e-06,2.217e-07,)] [eta: 2:04:25, time (data): 2.690 (0.002)] l_pix: 1.1872e-02 
2025-11-25 17:45:47,364 INFO: [IART_..][epoch:  4, iter:  57,328, lr:(1.077e-06,2.216e-07,)] [eta: 2:04:22, time (data): 2.689 (0.002)] l_pix: 2.8715e-02 
2025-11-25 17:45:50,070 INFO: [IART_..][epoch:  4, iter:  57,329, lr:(1.076e-06,2.216e-07,)] [eta: 2:04:19, time (data): 2.689 (0.002)] l_pix: 3.5089e-02 
2025-11-25 17:45:52,710 INFO: [IART_..][epoch:  4, iter:  57,330, lr:(1.075e-06,2.215e-07,)] [eta: 2:04:16, time (data): 2.689 (0.002)] l_pix: 2.9983e-02 
2025-11-25 17:45:55,334 INFO: [IART_..][epoch:  4, iter:  57,331, lr:(1.074e-06,2.214e-07,)] [eta: 2:04:13, time (data): 2.688 (0.002)] l_pix: 3.0989e-02 
2025-11-25 17:45:57,963 INFO: [IART_..][epoch:  4, iter:  57,332, lr:(1.074e-06,2.213e-07,)] [eta: 2:04:10, time (data): 2.688 (0.002)] l_pix: 9.0294e-03 
2025-11-25 17:46:00,628 INFO: [IART_..][epoch:  4, iter:  57,333, lr:(1.073e-06,2.212e-07,)] [eta: 2:04:07, time (data): 2.688 (0.002)] l_pix: 1.3960e-02 
2025-11-25 17:46:03,370 INFO: [IART_..][epoch:  4, iter:  57,334, lr:(1.072e-06,2.211e-07,)] [eta: 2:04:04, time (data): 2.688 (0.002)] l_pix: 1.6801e-02 
2025-11-25 17:46:05,931 INFO: [IART_..][epoch:  4, iter:  57,335, lr:(1.071e-06,2.210e-07,)] [eta: 2:04:01, time (data): 2.687 (0.002)] l_pix: 1.6761e-02 
2025-11-25 17:46:08,615 INFO: [IART_..][epoch:  4, iter:  57,336, lr:(1.071e-06,2.209e-07,)] [eta: 2:03:59, time (data): 2.687 (0.002)] l_pix: 2.3647e-02 
2025-11-25 17:46:11,240 INFO: [IART_..][epoch:  4, iter:  57,337, lr:(1.070e-06,2.208e-07,)] [eta: 2:03:56, time (data): 2.687 (0.002)] l_pix: 1.9610e-02 
2025-11-25 17:46:13,813 INFO: [IART_..][epoch:  4, iter:  57,338, lr:(1.069e-06,2.207e-07,)] [eta: 2:03:52, time (data): 2.686 (0.002)] l_pix: 2.1482e-02 
2025-11-25 17:46:16,480 INFO: [IART_..][epoch:  4, iter:  57,339, lr:(1.069e-06,2.206e-07,)] [eta: 2:03:50, time (data): 2.686 (0.002)] l_pix: 1.6842e-02 
2025-11-25 17:46:19,094 INFO: [IART_..][epoch:  4, iter:  57,340, lr:(1.068e-06,2.206e-07,)] [eta: 2:03:47, time (data): 2.685 (0.002)] l_pix: 4.2467e-02 
2025-11-25 17:46:21,760 INFO: [IART_..][epoch:  4, iter:  57,341, lr:(1.067e-06,2.205e-07,)] [eta: 2:03:44, time (data): 2.685 (0.002)] l_pix: 1.7726e-02 
2025-11-25 17:46:24,505 INFO: [IART_..][epoch:  4, iter:  57,342, lr:(1.066e-06,2.204e-07,)] [eta: 2:03:41, time (data): 2.685 (0.002)] l_pix: 1.0831e-02 
2025-11-25 17:46:27,165 INFO: [IART_..][epoch:  4, iter:  57,343, lr:(1.066e-06,2.203e-07,)] [eta: 2:03:38, time (data): 2.685 (0.002)] l_pix: 2.8302e-02 
2025-11-25 17:46:29,845 INFO: [IART_..][epoch:  4, iter:  57,344, lr:(1.065e-06,2.202e-07,)] [eta: 2:03:35, time (data): 2.685 (0.002)] l_pix: 1.8862e-02 
2025-11-25 17:46:32,666 INFO: [IART_..][epoch:  4, iter:  57,345, lr:(1.064e-06,2.201e-07,)] [eta: 2:03:32, time (data): 2.686 (0.002)] l_pix: 2.5126e-02 
2025-11-25 17:46:35,355 INFO: [IART_..][epoch:  4, iter:  57,346, lr:(1.064e-06,2.200e-07,)] [eta: 2:03:29, time (data): 2.686 (0.002)] l_pix: 2.1592e-02 
2025-11-25 17:46:38,099 INFO: [IART_..][epoch:  4, iter:  57,347, lr:(1.063e-06,2.199e-07,)] [eta: 2:03:26, time (data): 2.687 (0.002)] l_pix: 3.3987e-02 
2025-11-25 17:46:40,732 INFO: [IART_..][epoch:  4, iter:  57,348, lr:(1.062e-06,2.198e-07,)] [eta: 2:03:23, time (data): 2.686 (0.002)] l_pix: 1.2366e-02 
2025-11-25 17:46:43,332 INFO: [IART_..][epoch:  4, iter:  57,349, lr:(1.061e-06,2.197e-07,)] [eta: 2:03:20, time (data): 2.686 (0.002)] l_pix: 2.0782e-02 
2025-11-25 17:46:45,965 INFO: [IART_..][epoch:  4, iter:  57,350, lr:(1.061e-06,2.197e-07,)] [eta: 2:03:17, time (data): 2.685 (0.002)] l_pix: 1.9252e-02 
2025-11-25 17:46:48,696 INFO: [IART_..][epoch:  4, iter:  57,351, lr:(1.060e-06,2.196e-07,)] [eta: 2:03:15, time (data): 2.686 (0.002)] l_pix: 4.0494e-02 
2025-11-25 17:46:51,331 INFO: [IART_..][epoch:  4, iter:  57,352, lr:(1.059e-06,2.195e-07,)] [eta: 2:03:12, time (data): 2.685 (0.002)] l_pix: 1.5201e-02 
2025-11-25 17:46:54,056 INFO: [IART_..][epoch:  4, iter:  57,353, lr:(1.058e-06,2.194e-07,)] [eta: 2:03:09, time (data): 2.685 (0.002)] l_pix: 2.3601e-02 
2025-11-25 17:46:56,643 INFO: [IART_..][epoch:  4, iter:  57,354, lr:(1.058e-06,2.193e-07,)] [eta: 2:03:06, time (data): 2.685 (0.002)] l_pix: 1.6051e-02 
2025-11-25 17:46:59,247 INFO: [IART_..][epoch:  4, iter:  57,355, lr:(1.057e-06,2.192e-07,)] [eta: 2:03:03, time (data): 2.684 (0.002)] l_pix: 1.8852e-02 
2025-11-25 17:47:01,851 INFO: [IART_..][epoch:  4, iter:  57,356, lr:(1.056e-06,2.191e-07,)] [eta: 2:03:00, time (data): 2.684 (0.002)] l_pix: 3.4934e-02 
2025-11-25 17:47:04,456 INFO: [IART_..][epoch:  4, iter:  57,357, lr:(1.056e-06,2.190e-07,)] [eta: 2:02:57, time (data): 2.683 (0.002)] l_pix: 2.8864e-02 
2025-11-25 17:47:07,019 INFO: [IART_..][epoch:  4, iter:  57,358, lr:(1.055e-06,2.189e-07,)] [eta: 2:02:54, time (data): 2.682 (0.002)] l_pix: 1.9657e-02 
2025-11-25 17:47:09,598 INFO: [IART_..][epoch:  4, iter:  57,359, lr:(1.054e-06,2.188e-07,)] [eta: 2:02:51, time (data): 2.682 (0.002)] l_pix: 2.2325e-02 
2025-11-25 17:47:12,226 INFO: [IART_..][epoch:  4, iter:  57,360, lr:(1.053e-06,2.188e-07,)] [eta: 2:02:48, time (data): 2.681 (0.002)] l_pix: 2.3383e-02 
2025-11-25 17:47:15,037 INFO: [IART_..][epoch:  4, iter:  57,361, lr:(1.053e-06,2.187e-07,)] [eta: 2:02:45, time (data): 2.682 (0.002)] l_pix: 1.7388e-02 
2025-11-25 17:47:17,778 INFO: [IART_..][epoch:  4, iter:  57,362, lr:(1.052e-06,2.186e-07,)] [eta: 2:02:42, time (data): 2.682 (0.002)] l_pix: 1.4730e-02 
2025-11-25 17:47:20,480 INFO: [IART_..][epoch:  4, iter:  57,363, lr:(1.051e-06,2.185e-07,)] [eta: 2:02:39, time (data): 2.683 (0.002)] l_pix: 1.6433e-02 
2025-11-25 17:47:23,049 INFO: [IART_..][epoch:  4, iter:  57,364, lr:(1.050e-06,2.184e-07,)] [eta: 2:02:36, time (data): 2.682 (0.002)] l_pix: 2.0937e-02 
2025-11-25 17:47:25,645 INFO: [IART_..][epoch:  4, iter:  57,365, lr:(1.050e-06,2.183e-07,)] [eta: 2:02:33, time (data): 2.681 (0.002)] l_pix: 2.7951e-02 
2025-11-25 17:47:28,274 INFO: [IART_..][epoch:  4, iter:  57,366, lr:(1.049e-06,2.182e-07,)] [eta: 2:02:30, time (data): 2.681 (0.002)] l_pix: 1.4486e-02 
2025-11-25 17:47:30,967 INFO: [IART_..][epoch:  4, iter:  57,367, lr:(1.048e-06,2.181e-07,)] [eta: 2:02:27, time (data): 2.681 (0.002)] l_pix: 2.1447e-02 
2025-11-25 17:47:33,724 INFO: [IART_..][epoch:  4, iter:  57,368, lr:(1.048e-06,2.180e-07,)] [eta: 2:02:24, time (data): 2.682 (0.002)] l_pix: 8.7778e-03 
2025-11-25 17:47:36,544 INFO: [IART_..][epoch:  4, iter:  57,369, lr:(1.047e-06,2.179e-07,)] [eta: 2:02:22, time (data): 2.682 (0.002)] l_pix: 2.9256e-02 
2025-11-25 17:47:39,148 INFO: [IART_..][epoch:  4, iter:  57,370, lr:(1.046e-06,2.179e-07,)] [eta: 2:02:19, time (data): 2.682 (0.002)] l_pix: 2.3659e-02 
2025-11-25 17:47:41,769 INFO: [IART_..][epoch:  4, iter:  57,371, lr:(1.045e-06,2.178e-07,)] [eta: 2:02:16, time (data): 2.682 (0.002)] l_pix: 1.8752e-02 
2025-11-25 17:47:44,367 INFO: [IART_..][epoch:  4, iter:  57,372, lr:(1.045e-06,2.177e-07,)] [eta: 2:02:13, time (data): 2.681 (0.002)] l_pix: 7.7957e-03 
2025-11-25 17:47:47,004 INFO: [IART_..][epoch:  4, iter:  57,373, lr:(1.044e-06,2.176e-07,)] [eta: 2:02:10, time (data): 2.681 (0.002)] l_pix: 2.1277e-02 
2025-11-25 17:47:49,603 INFO: [IART_..][epoch:  4, iter:  57,374, lr:(1.043e-06,2.175e-07,)] [eta: 2:02:07, time (data): 2.680 (0.002)] l_pix: 2.7240e-02 
2025-11-25 17:47:52,225 INFO: [IART_..][epoch:  4, iter:  57,375, lr:(1.043e-06,2.174e-07,)] [eta: 2:02:04, time (data): 2.680 (0.002)] l_pix: 2.4953e-02 
2025-11-25 17:47:54,853 INFO: [IART_..][epoch:  4, iter:  57,376, lr:(1.042e-06,2.173e-07,)] [eta: 2:02:01, time (data): 2.680 (0.002)] l_pix: 1.9937e-02 
2025-11-25 17:47:57,478 INFO: [IART_..][epoch:  4, iter:  57,377, lr:(1.041e-06,2.172e-07,)] [eta: 2:01:58, time (data): 2.679 (0.002)] l_pix: 1.8728e-02 
2025-11-25 17:48:00,172 INFO: [IART_..][epoch:  4, iter:  57,378, lr:(1.040e-06,2.171e-07,)] [eta: 2:01:55, time (data): 2.679 (0.002)] l_pix: 2.7940e-02 
2025-11-25 17:48:02,881 INFO: [IART_..][epoch:  4, iter:  57,379, lr:(1.040e-06,2.171e-07,)] [eta: 2:01:52, time (data): 2.679 (0.002)] l_pix: 2.8155e-02 
2025-11-25 17:48:05,579 INFO: [IART_..][epoch:  4, iter:  57,380, lr:(1.039e-06,2.170e-07,)] [eta: 2:01:49, time (data): 2.680 (0.002)] l_pix: 1.5341e-02 
2025-11-25 17:48:08,173 INFO: [IART_..][epoch:  4, iter:  57,381, lr:(1.038e-06,2.169e-07,)] [eta: 2:01:46, time (data): 2.679 (0.002)] l_pix: 2.9404e-02 
2025-11-25 17:48:10,771 INFO: [IART_..][epoch:  4, iter:  57,382, lr:(1.038e-06,2.168e-07,)] [eta: 2:01:43, time (data): 2.679 (0.002)] l_pix: 1.1715e-02 
2025-11-25 17:48:13,502 INFO: [IART_..][epoch:  4, iter:  57,383, lr:(1.037e-06,2.167e-07,)] [eta: 2:01:40, time (data): 2.679 (0.002)] l_pix: 2.2805e-02 
2025-11-25 17:48:16,078 INFO: [IART_..][epoch:  4, iter:  57,384, lr:(1.036e-06,2.166e-07,)] [eta: 2:01:37, time (data): 2.678 (0.002)] l_pix: 3.2463e-02 
2025-11-25 17:48:18,719 INFO: [IART_..][epoch:  4, iter:  57,385, lr:(1.035e-06,2.165e-07,)] [eta: 2:01:34, time (data): 2.678 (0.002)] l_pix: 3.1360e-02 
2025-11-25 17:48:21,366 INFO: [IART_..][epoch:  4, iter:  57,386, lr:(1.035e-06,2.164e-07,)] [eta: 2:01:31, time (data): 2.678 (0.002)] l_pix: 1.9281e-02 
2025-11-25 17:48:24,056 INFO: [IART_..][epoch:  4, iter:  57,387, lr:(1.034e-06,2.163e-07,)] [eta: 2:01:28, time (data): 2.678 (0.002)] l_pix: 2.1145e-02 
2025-11-25 17:48:26,622 INFO: [IART_..][epoch:  4, iter:  57,388, lr:(1.033e-06,2.163e-07,)] [eta: 2:01:25, time (data): 2.677 (0.002)] l_pix: 2.7370e-02 
2025-11-25 17:48:29,318 INFO: [IART_..][epoch:  4, iter:  57,389, lr:(1.033e-06,2.162e-07,)] [eta: 2:01:22, time (data): 2.677 (0.002)] l_pix: 8.4469e-03 
2025-11-25 17:48:32,140 INFO: [IART_..][epoch:  4, iter:  57,390, lr:(1.032e-06,2.161e-07,)] [eta: 2:01:20, time (data): 2.678 (0.002)] l_pix: 2.2161e-02 
2025-11-25 17:48:34,748 INFO: [IART_..][epoch:  4, iter:  57,391, lr:(1.031e-06,2.160e-07,)] [eta: 2:01:17, time (data): 2.678 (0.002)] l_pix: 3.8358e-02 
2025-11-25 17:48:37,481 INFO: [IART_..][epoch:  4, iter:  57,392, lr:(1.030e-06,2.159e-07,)] [eta: 2:01:14, time (data): 2.678 (0.002)] l_pix: 1.5107e-02 
2025-11-25 17:48:40,151 INFO: [IART_..][epoch:  4, iter:  57,393, lr:(1.030e-06,2.158e-07,)] [eta: 2:01:11, time (data): 2.678 (0.002)] l_pix: 2.5019e-02 
2025-11-25 17:48:42,668 INFO: [IART_..][epoch:  4, iter:  57,394, lr:(1.029e-06,2.157e-07,)] [eta: 2:01:08, time (data): 2.677 (0.002)] l_pix: 1.4221e-02 
2025-11-25 17:48:45,382 INFO: [IART_..][epoch:  4, iter:  57,395, lr:(1.028e-06,2.156e-07,)] [eta: 2:01:05, time (data): 2.677 (0.002)] l_pix: 1.7088e-02 
2025-11-25 17:48:48,006 INFO: [IART_..][epoch:  4, iter:  57,396, lr:(1.028e-06,2.155e-07,)] [eta: 2:01:02, time (data): 2.677 (0.002)] l_pix: 1.6986e-02 
2025-11-25 17:48:50,614 INFO: [IART_..][epoch:  4, iter:  57,397, lr:(1.027e-06,2.155e-07,)] [eta: 2:00:59, time (data): 2.677 (0.002)] l_pix: 1.8757e-02 
2025-11-25 17:48:53,301 INFO: [IART_..][epoch:  4, iter:  57,398, lr:(1.026e-06,2.154e-07,)] [eta: 2:00:56, time (data): 2.677 (0.002)] l_pix: 2.6339e-02 
2025-11-25 17:48:55,949 INFO: [IART_..][epoch:  4, iter:  57,399, lr:(1.025e-06,2.153e-07,)] [eta: 2:00:53, time (data): 2.677 (0.002)] l_pix: 3.0869e-02 
2025-11-25 17:48:58,641 INFO: [IART_..][epoch:  4, iter:  57,400, lr:(1.025e-06,2.152e-07,)] [eta: 2:00:50, time (data): 2.677 (0.002)] l_pix: 2.7325e-02 
2025-11-25 17:49:01,273 INFO: [IART_..][epoch:  4, iter:  57,401, lr:(1.024e-06,2.151e-07,)] [eta: 2:00:47, time (data): 2.677 (0.002)] l_pix: 2.0019e-02 
2025-11-25 17:49:03,827 INFO: [IART_..][epoch:  4, iter:  57,402, lr:(1.023e-06,2.150e-07,)] [eta: 2:00:44, time (data): 2.676 (0.002)] l_pix: 3.2757e-02 
2025-11-25 17:49:06,411 INFO: [IART_..][epoch:  4, iter:  57,403, lr:(1.023e-06,2.149e-07,)] [eta: 2:00:41, time (data): 2.675 (0.002)] l_pix: 2.6694e-02 
2025-11-25 17:49:09,114 INFO: [IART_..][epoch:  4, iter:  57,404, lr:(1.022e-06,2.148e-07,)] [eta: 2:00:38, time (data): 2.676 (0.002)] l_pix: 2.6735e-02 
2025-11-25 17:49:11,787 INFO: [IART_..][epoch:  4, iter:  57,405, lr:(1.021e-06,2.147e-07,)] [eta: 2:00:35, time (data): 2.676 (0.002)] l_pix: 1.9727e-02 
2025-11-25 17:49:14,472 INFO: [IART_..][epoch:  4, iter:  57,406, lr:(1.020e-06,2.147e-07,)] [eta: 2:00:33, time (data): 2.676 (0.002)] l_pix: 1.2333e-02 
2025-11-25 17:49:17,168 INFO: [IART_..][epoch:  4, iter:  57,407, lr:(1.020e-06,2.146e-07,)] [eta: 2:00:30, time (data): 2.676 (0.002)] l_pix: 1.8215e-02 
2025-11-25 17:49:19,851 INFO: [IART_..][epoch:  4, iter:  57,408, lr:(1.019e-06,2.145e-07,)] [eta: 2:00:27, time (data): 2.676 (0.002)] l_pix: 1.9085e-02 
2025-11-25 17:49:22,479 INFO: [IART_..][epoch:  4, iter:  57,409, lr:(1.018e-06,2.144e-07,)] [eta: 2:00:24, time (data): 2.675 (0.002)] l_pix: 6.2770e-03 
2025-11-25 17:49:25,171 INFO: [IART_..][epoch:  4, iter:  57,410, lr:(1.018e-06,2.143e-07,)] [eta: 2:00:21, time (data): 2.676 (0.002)] l_pix: 1.5399e-02 
2025-11-25 17:49:27,800 INFO: [IART_..][epoch:  4, iter:  57,411, lr:(1.017e-06,2.142e-07,)] [eta: 2:00:18, time (data): 2.675 (0.002)] l_pix: 2.2642e-02 
2025-11-25 17:49:30,471 INFO: [IART_..][epoch:  4, iter:  57,412, lr:(1.016e-06,2.141e-07,)] [eta: 2:00:15, time (data): 2.675 (0.002)] l_pix: 1.6054e-02 
2025-11-25 17:49:33,076 INFO: [IART_..][epoch:  4, iter:  57,413, lr:(1.016e-06,2.140e-07,)] [eta: 2:00:12, time (data): 2.606 (0.001)] l_pix: 1.6755e-02 
2025-11-25 17:49:35,765 INFO: [IART_..][epoch:  4, iter:  57,414, lr:(1.015e-06,2.140e-07,)] [eta: 2:00:09, time (data): 2.647 (0.002)] l_pix: 1.5619e-02 
2025-11-25 17:49:38,445 INFO: [IART_..][epoch:  4, iter:  57,415, lr:(1.014e-06,2.139e-07,)] [eta: 2:00:06, time (data): 2.658 (0.001)] l_pix: 2.4687e-02 
2025-11-25 17:49:40,987 INFO: [IART_..][epoch:  4, iter:  57,416, lr:(1.013e-06,2.138e-07,)] [eta: 2:00:03, time (data): 2.629 (0.001)] l_pix: 1.2165e-02 
2025-11-25 17:49:43,752 INFO: [IART_..][epoch:  4, iter:  57,417, lr:(1.013e-06,2.137e-07,)] [eta: 2:00:00, time (data): 2.656 (0.001)] l_pix: 3.4479e-02 
2025-11-25 17:49:46,346 INFO: [IART_..][epoch:  4, iter:  57,418, lr:(1.012e-06,2.136e-07,)] [eta: 1:59:57, time (data): 2.646 (0.001)] l_pix: 1.9623e-02 
2025-11-25 17:49:49,073 INFO: [IART_..][epoch:  4, iter:  57,419, lr:(1.011e-06,2.135e-07,)] [eta: 1:59:54, time (data): 2.658 (0.000)] l_pix: 3.1096e-02 
2025-11-25 17:49:51,664 INFO: [IART_..][epoch:  4, iter:  57,420, lr:(1.011e-06,2.134e-07,)] [eta: 1:59:51, time (data): 2.649 (0.002)] l_pix: 2.9735e-02 
2025-11-25 17:49:54,297 INFO: [IART_..][epoch:  4, iter:  57,421, lr:(1.010e-06,2.133e-07,)] [eta: 1:59:49, time (data): 2.647 (0.002)] l_pix: 1.5218e-02 
2025-11-25 17:49:56,965 INFO: [IART_..][epoch:  4, iter:  57,422, lr:(1.009e-06,2.133e-07,)] [eta: 1:59:46, time (data): 2.649 (0.003)] l_pix: 3.4227e-02 
2025-11-25 17:49:59,690 INFO: [IART_..][epoch:  4, iter:  57,423, lr:(1.008e-06,2.132e-07,)] [eta: 1:59:43, time (data): 2.656 (0.004)] l_pix: 2.5582e-02 
2025-11-25 17:50:02,434 INFO: [IART_..][epoch:  4, iter:  57,424, lr:(1.008e-06,2.131e-07,)] [eta: 1:59:40, time (data): 2.664 (0.004)] l_pix: 2.4463e-02 
2025-11-25 17:50:05,166 INFO: [IART_..][epoch:  4, iter:  57,425, lr:(1.007e-06,2.130e-07,)] [eta: 1:59:37, time (data): 2.669 (0.003)] l_pix: 1.3267e-02 
2025-11-25 17:50:07,803 INFO: [IART_..][epoch:  4, iter:  57,426, lr:(1.006e-06,2.129e-07,)] [eta: 1:59:34, time (data): 2.667 (0.003)] l_pix: 8.2817e-03 
2025-11-25 17:50:10,450 INFO: [IART_..][epoch:  4, iter:  57,427, lr:(1.006e-06,2.128e-07,)] [eta: 1:59:31, time (data): 2.665 (0.003)] l_pix: 2.1144e-02 
2025-11-25 17:50:13,244 INFO: [IART_..][epoch:  4, iter:  57,428, lr:(1.005e-06,2.127e-07,)] [eta: 1:59:28, time (data): 2.673 (0.003)] l_pix: 9.2896e-03 
2025-11-25 17:50:15,867 INFO: [IART_..][epoch:  4, iter:  57,429, lr:(1.004e-06,2.126e-07,)] [eta: 1:59:25, time (data): 2.670 (0.004)] l_pix: 3.3966e-02 
2025-11-25 17:50:18,452 INFO: [IART_..][epoch:  4, iter:  57,430, lr:(1.004e-06,2.126e-07,)] [eta: 1:59:22, time (data): 2.666 (0.003)] l_pix: 1.0821e-02 
2025-11-25 17:50:21,140 INFO: [IART_..][epoch:  4, iter:  57,431, lr:(1.003e-06,2.125e-07,)] [eta: 1:59:20, time (data): 2.667 (0.003)] l_pix: 1.4153e-02 
2025-11-25 17:50:23,846 INFO: [IART_..][epoch:  4, iter:  57,432, lr:(1.002e-06,2.124e-07,)] [eta: 1:59:17, time (data): 2.669 (0.003)] l_pix: 2.2211e-02 
2025-11-25 17:50:26,520 INFO: [IART_..][epoch:  4, iter:  57,433, lr:(1.001e-06,2.123e-07,)] [eta: 1:59:14, time (data): 2.669 (0.004)] l_pix: 1.0216e-02 
2025-11-25 17:50:29,211 INFO: [IART_..][epoch:  4, iter:  57,434, lr:(1.001e-06,2.122e-07,)] [eta: 1:59:11, time (data): 2.670 (0.003)] l_pix: 1.4727e-02 
2025-11-25 17:50:31,858 INFO: [IART_..][epoch:  4, iter:  57,435, lr:(1.000e-06,2.121e-07,)] [eta: 1:59:08, time (data): 2.669 (0.003)] l_pix: 2.3598e-02 
2025-11-25 17:50:34,518 INFO: [IART_..][epoch:  4, iter:  57,436, lr:(9.994e-07,2.120e-07,)] [eta: 1:59:05, time (data): 2.669 (0.003)] l_pix: 2.6686e-02 
2025-11-25 17:50:37,271 INFO: [IART_..][epoch:  4, iter:  57,437, lr:(9.987e-07,2.119e-07,)] [eta: 1:59:02, time (data): 2.672 (0.003)] l_pix: 8.3287e-03 
2025-11-25 17:50:39,933 INFO: [IART_..][epoch:  4, iter:  57,438, lr:(9.980e-07,2.119e-07,)] [eta: 1:58:59, time (data): 2.672 (0.003)] l_pix: 2.4577e-02 
2025-11-25 17:50:42,545 INFO: [IART_..][epoch:  4, iter:  57,439, lr:(9.973e-07,2.118e-07,)] [eta: 1:58:56, time (data): 2.669 (0.003)] l_pix: 2.0111e-02 
2025-11-25 17:50:45,111 INFO: [IART_..][epoch:  4, iter:  57,440, lr:(9.966e-07,2.117e-07,)] [eta: 1:58:53, time (data): 2.666 (0.003)] l_pix: 3.0348e-02 
2025-11-25 17:50:47,812 INFO: [IART_..][epoch:  4, iter:  57,441, lr:(9.959e-07,2.116e-07,)] [eta: 1:58:50, time (data): 2.667 (0.003)] l_pix: 1.9415e-02 
2025-11-25 17:50:50,485 INFO: [IART_..][epoch:  4, iter:  57,442, lr:(9.952e-07,2.115e-07,)] [eta: 1:58:47, time (data): 2.667 (0.003)] l_pix: 1.9740e-02 
2025-11-25 17:50:53,126 INFO: [IART_..][epoch:  4, iter:  57,443, lr:(9.945e-07,2.114e-07,)] [eta: 1:58:45, time (data): 2.666 (0.003)] l_pix: 3.5453e-02 
2025-11-25 17:50:55,784 INFO: [IART_..][epoch:  4, iter:  57,444, lr:(9.938e-07,2.113e-07,)] [eta: 1:58:42, time (data): 2.666 (0.002)] l_pix: 2.3600e-02 
2025-11-25 17:50:58,500 INFO: [IART_..][epoch:  4, iter:  57,445, lr:(9.931e-07,2.112e-07,)] [eta: 1:58:39, time (data): 2.668 (0.002)] l_pix: 2.2152e-02 
2025-11-25 17:51:01,271 INFO: [IART_..][epoch:  4, iter:  57,446, lr:(9.924e-07,2.112e-07,)] [eta: 1:58:36, time (data): 2.671 (0.002)] l_pix: 2.5081e-02 
2025-11-25 17:51:03,967 INFO: [IART_..][epoch:  4, iter:  57,447, lr:(9.917e-07,2.111e-07,)] [eta: 1:58:33, time (data): 2.671 (0.002)] l_pix: 3.2443e-02 
2025-11-25 17:51:06,569 INFO: [IART_..][epoch:  4, iter:  57,448, lr:(9.910e-07,2.110e-07,)] [eta: 1:58:30, time (data): 2.669 (0.002)] l_pix: 2.3840e-02 
2025-11-25 17:51:09,273 INFO: [IART_..][epoch:  4, iter:  57,449, lr:(9.903e-07,2.109e-07,)] [eta: 1:58:27, time (data): 2.670 (0.002)] l_pix: 2.5748e-02 
2025-11-25 17:51:11,915 INFO: [IART_..][epoch:  4, iter:  57,450, lr:(9.896e-07,2.108e-07,)] [eta: 1:58:24, time (data): 2.670 (0.002)] l_pix: 2.5883e-02 
2025-11-25 17:51:14,633 INFO: [IART_..][epoch:  4, iter:  57,451, lr:(9.889e-07,2.107e-07,)] [eta: 1:58:21, time (data): 2.671 (0.002)] l_pix: 1.3904e-02 
2025-11-25 17:51:17,354 INFO: [IART_..][epoch:  4, iter:  57,452, lr:(9.882e-07,2.106e-07,)] [eta: 1:58:19, time (data): 2.672 (0.002)] l_pix: 2.2594e-02 
2025-11-25 17:51:19,978 INFO: [IART_..][epoch:  4, iter:  57,453, lr:(9.875e-07,2.105e-07,)] [eta: 1:58:16, time (data): 2.671 (0.002)] l_pix: 2.0340e-02 
2025-11-25 17:51:22,711 INFO: [IART_..][epoch:  4, iter:  57,454, lr:(9.868e-07,2.105e-07,)] [eta: 1:58:13, time (data): 2.672 (0.002)] l_pix: 2.2209e-02 
2025-11-25 17:51:25,441 INFO: [IART_..][epoch:  4, iter:  57,455, lr:(9.861e-07,2.104e-07,)] [eta: 1:58:10, time (data): 2.674 (0.002)] l_pix: 2.6900e-02 
2025-11-25 17:51:28,052 INFO: [IART_..][epoch:  4, iter:  57,456, lr:(9.854e-07,2.103e-07,)] [eta: 1:58:07, time (data): 2.672 (0.002)] l_pix: 1.7790e-02 
2025-11-25 17:51:30,738 INFO: [IART_..][epoch:  4, iter:  57,457, lr:(9.847e-07,2.102e-07,)] [eta: 1:58:04, time (data): 2.673 (0.002)] l_pix: 1.2301e-02 
2025-11-25 17:51:33,357 INFO: [IART_..][epoch:  4, iter:  57,458, lr:(9.840e-07,2.101e-07,)] [eta: 1:58:01, time (data): 2.671 (0.002)] l_pix: 1.4135e-02 
2025-11-25 17:51:36,001 INFO: [IART_..][epoch:  4, iter:  57,459, lr:(9.833e-07,2.100e-07,)] [eta: 1:57:58, time (data): 2.671 (0.002)] l_pix: 9.1298e-03 
2025-11-25 17:51:38,793 INFO: [IART_..][epoch:  4, iter:  57,460, lr:(9.826e-07,2.099e-07,)] [eta: 1:57:55, time (data): 2.673 (0.002)] l_pix: 1.2565e-02 
2025-11-25 17:51:41,582 INFO: [IART_..][epoch:  4, iter:  57,461, lr:(9.819e-07,2.099e-07,)] [eta: 1:57:53, time (data): 2.676 (0.002)] l_pix: 2.0664e-02 
2025-11-25 17:51:44,232 INFO: [IART_..][epoch:  4, iter:  57,462, lr:(9.812e-07,2.098e-07,)] [eta: 1:57:50, time (data): 2.675 (0.002)] l_pix: 1.6491e-02 
2025-11-25 17:51:46,836 INFO: [IART_..][epoch:  4, iter:  57,463, lr:(9.805e-07,2.097e-07,)] [eta: 1:57:47, time (data): 2.674 (0.002)] l_pix: 2.9018e-02 
2025-11-25 17:51:49,411 INFO: [IART_..][epoch:  4, iter:  57,464, lr:(9.799e-07,2.096e-07,)] [eta: 1:57:44, time (data): 2.672 (0.002)] l_pix: 1.6007e-02 
2025-11-25 17:51:52,043 INFO: [IART_..][epoch:  4, iter:  57,465, lr:(9.792e-07,2.095e-07,)] [eta: 1:57:41, time (data): 2.671 (0.002)] l_pix: 2.3738e-02 
2025-11-25 17:51:54,672 INFO: [IART_..][epoch:  4, iter:  57,466, lr:(9.785e-07,2.094e-07,)] [eta: 1:57:38, time (data): 2.670 (0.002)] l_pix: 1.6338e-02 
2025-11-25 17:51:57,277 INFO: [IART_..][epoch:  4, iter:  57,467, lr:(9.778e-07,2.093e-07,)] [eta: 1:57:35, time (data): 2.669 (0.002)] l_pix: 2.1230e-02 
2025-11-25 17:51:59,914 INFO: [IART_..][epoch:  4, iter:  57,468, lr:(9.771e-07,2.093e-07,)] [eta: 1:57:32, time (data): 2.669 (0.002)] l_pix: 1.5380e-02 
2025-11-25 17:52:02,524 INFO: [IART_..][epoch:  4, iter:  57,469, lr:(9.764e-07,2.092e-07,)] [eta: 1:57:29, time (data): 2.668 (0.002)] l_pix: 9.8774e-03 
2025-11-25 17:52:05,203 INFO: [IART_..][epoch:  4, iter:  57,470, lr:(9.757e-07,2.091e-07,)] [eta: 1:57:26, time (data): 2.668 (0.001)] l_pix: 2.1224e-02 
2025-11-25 17:52:07,898 INFO: [IART_..][epoch:  4, iter:  57,471, lr:(9.750e-07,2.090e-07,)] [eta: 1:57:23, time (data): 2.668 (0.001)] l_pix: 2.9186e-02 
2025-11-25 17:52:10,534 INFO: [IART_..][epoch:  4, iter:  57,472, lr:(9.743e-07,2.089e-07,)] [eta: 1:57:20, time (data): 2.668 (0.001)] l_pix: 2.0175e-02 
2025-11-25 17:52:13,186 INFO: [IART_..][epoch:  4, iter:  57,473, lr:(9.736e-07,2.088e-07,)] [eta: 1:57:17, time (data): 2.667 (0.001)] l_pix: 3.0812e-02 
2025-11-25 17:52:15,815 INFO: [IART_..][epoch:  4, iter:  57,474, lr:(9.729e-07,2.087e-07,)] [eta: 1:57:14, time (data): 2.667 (0.001)] l_pix: 1.3384e-02 
2025-11-25 17:52:18,558 INFO: [IART_..][epoch:  4, iter:  57,475, lr:(9.722e-07,2.086e-07,)] [eta: 1:57:12, time (data): 2.668 (0.001)] l_pix: 8.5398e-03 
2025-11-25 17:52:21,309 INFO: [IART_..][epoch:  4, iter:  57,476, lr:(9.716e-07,2.086e-07,)] [eta: 1:57:09, time (data): 2.669 (0.001)] l_pix: 3.0614e-02 
2025-11-25 17:52:24,012 INFO: [IART_..][epoch:  4, iter:  57,477, lr:(9.709e-07,2.085e-07,)] [eta: 1:57:06, time (data): 2.670 (0.001)] l_pix: 2.2894e-02 
2025-11-25 17:52:26,645 INFO: [IART_..][epoch:  4, iter:  57,478, lr:(9.702e-07,2.084e-07,)] [eta: 1:57:03, time (data): 2.669 (0.001)] l_pix: 2.4230e-02 
2025-11-25 17:52:29,265 INFO: [IART_..][epoch:  4, iter:  57,479, lr:(9.695e-07,2.083e-07,)] [eta: 1:57:00, time (data): 2.669 (0.001)] l_pix: 2.3868e-02 
2025-11-25 17:52:31,930 INFO: [IART_..][epoch:  4, iter:  57,480, lr:(9.688e-07,2.082e-07,)] [eta: 1:56:57, time (data): 2.668 (0.001)] l_pix: 2.8167e-02 
2025-11-25 17:52:34,626 INFO: [IART_..][epoch:  4, iter:  57,481, lr:(9.681e-07,2.081e-07,)] [eta: 1:56:54, time (data): 2.669 (0.002)] l_pix: 1.2229e-02 
2025-11-25 17:52:37,309 INFO: [IART_..][epoch:  4, iter:  57,482, lr:(9.674e-07,2.080e-07,)] [eta: 1:56:51, time (data): 2.669 (0.002)] l_pix: 2.4925e-02 
2025-11-25 17:52:40,020 INFO: [IART_..][epoch:  4, iter:  57,483, lr:(9.667e-07,2.080e-07,)] [eta: 1:56:48, time (data): 2.670 (0.002)] l_pix: 3.1315e-02 
2025-11-25 17:52:42,624 INFO: [IART_..][epoch:  4, iter:  57,484, lr:(9.661e-07,2.079e-07,)] [eta: 1:56:45, time (data): 2.669 (0.002)] l_pix: 2.5237e-02 
2025-11-25 17:52:45,281 INFO: [IART_..][epoch:  4, iter:  57,485, lr:(9.654e-07,2.078e-07,)] [eta: 1:56:42, time (data): 2.668 (0.002)] l_pix: 3.8687e-02 
2025-11-25 17:52:47,847 INFO: [IART_..][epoch:  4, iter:  57,486, lr:(9.647e-07,2.077e-07,)] [eta: 1:56:39, time (data): 2.667 (0.002)] l_pix: 1.7277e-02 
2025-11-25 17:52:50,573 INFO: [IART_..][epoch:  4, iter:  57,487, lr:(9.640e-07,2.076e-07,)] [eta: 1:56:37, time (data): 2.668 (0.002)] l_pix: 1.9119e-02 
2025-11-25 17:52:53,301 INFO: [IART_..][epoch:  4, iter:  57,488, lr:(9.633e-07,2.075e-07,)] [eta: 1:56:34, time (data): 2.669 (0.002)] l_pix: 1.5414e-02 
2025-11-25 17:52:55,918 INFO: [IART_..][epoch:  4, iter:  57,489, lr:(9.626e-07,2.074e-07,)] [eta: 1:56:31, time (data): 2.668 (0.002)] l_pix: 2.0130e-02 
2025-11-25 17:52:58,534 INFO: [IART_..][epoch:  4, iter:  57,490, lr:(9.619e-07,2.074e-07,)] [eta: 1:56:28, time (data): 2.667 (0.002)] l_pix: 1.7866e-02 
2025-11-25 17:53:01,215 INFO: [IART_..][epoch:  4, iter:  57,491, lr:(9.612e-07,2.073e-07,)] [eta: 1:56:25, time (data): 2.667 (0.002)] l_pix: 2.3234e-02 
2025-11-25 17:53:03,853 INFO: [IART_..][epoch:  4, iter:  57,492, lr:(9.606e-07,2.072e-07,)] [eta: 1:56:22, time (data): 2.667 (0.002)] l_pix: 1.7675e-02 
2025-11-25 17:53:06,533 INFO: [IART_..][epoch:  4, iter:  57,493, lr:(9.599e-07,2.071e-07,)] [eta: 1:56:19, time (data): 2.667 (0.002)] l_pix: 3.1968e-02 
2025-11-25 17:53:09,176 INFO: [IART_..][epoch:  4, iter:  57,494, lr:(9.592e-07,2.070e-07,)] [eta: 1:56:16, time (data): 2.667 (0.002)] l_pix: 1.0985e-02 
2025-11-25 17:53:11,836 INFO: [IART_..][epoch:  4, iter:  57,495, lr:(9.585e-07,2.069e-07,)] [eta: 1:56:13, time (data): 2.667 (0.002)] l_pix: 2.2624e-02 
2025-11-25 17:53:14,532 INFO: [IART_..][epoch:  4, iter:  57,496, lr:(9.578e-07,2.069e-07,)] [eta: 1:56:10, time (data): 2.667 (0.002)] l_pix: 1.9062e-02 
2025-11-25 17:53:17,228 INFO: [IART_..][epoch:  4, iter:  57,497, lr:(9.571e-07,2.068e-07,)] [eta: 1:56:08, time (data): 2.667 (0.002)] l_pix: 3.3168e-02 
2025-11-25 17:53:19,995 INFO: [IART_..][epoch:  4, iter:  57,498, lr:(9.565e-07,2.067e-07,)] [eta: 1:56:05, time (data): 2.669 (0.002)] l_pix: 7.7962e-03 
2025-11-25 17:53:22,590 INFO: [IART_..][epoch:  4, iter:  57,499, lr:(9.558e-07,2.066e-07,)] [eta: 1:56:02, time (data): 2.668 (0.002)] l_pix: 1.8410e-02 
2025-11-25 17:53:25,163 INFO: [IART_..][epoch:  4, iter:  57,500, lr:(9.551e-07,2.065e-07,)] [eta: 1:55:59, time (data): 2.667 (0.002)] l_pix: 2.8853e-02 
2025-11-25 17:53:27,813 INFO: [IART_..][epoch:  4, iter:  57,501, lr:(9.544e-07,2.064e-07,)] [eta: 1:55:56, time (data): 2.666 (0.002)] l_pix: 3.6116e-02 
2025-11-25 17:53:30,518 INFO: [IART_..][epoch:  4, iter:  57,502, lr:(9.537e-07,2.063e-07,)] [eta: 1:55:53, time (data): 2.667 (0.002)] l_pix: 1.8530e-02 
2025-11-25 17:53:33,139 INFO: [IART_..][epoch:  4, iter:  57,503, lr:(9.530e-07,2.063e-07,)] [eta: 1:55:50, time (data): 2.666 (0.002)] l_pix: 3.1846e-02 
2025-11-25 17:53:35,682 INFO: [IART_..][epoch:  4, iter:  57,504, lr:(9.524e-07,2.062e-07,)] [eta: 1:55:47, time (data): 2.665 (0.002)] l_pix: 1.8362e-02 
2025-11-25 17:53:38,332 INFO: [IART_..][epoch:  4, iter:  57,505, lr:(9.517e-07,2.061e-07,)] [eta: 1:55:44, time (data): 2.665 (0.002)] l_pix: 2.5187e-02 
2025-11-25 17:53:41,031 INFO: [IART_..][epoch:  4, iter:  57,506, lr:(9.510e-07,2.060e-07,)] [eta: 1:55:41, time (data): 2.665 (0.002)] l_pix: 2.2041e-02 
2025-11-25 17:53:43,654 INFO: [IART_..][epoch:  4, iter:  57,507, lr:(9.503e-07,2.059e-07,)] [eta: 1:55:38, time (data): 2.665 (0.002)] l_pix: 3.8457e-02 
2025-11-25 17:53:46,271 INFO: [IART_..][epoch:  4, iter:  57,508, lr:(9.496e-07,2.058e-07,)] [eta: 1:55:35, time (data): 2.664 (0.002)] l_pix: 9.5049e-03 
2025-11-25 17:53:49,023 INFO: [IART_..][epoch:  4, iter:  57,509, lr:(9.489e-07,2.057e-07,)] [eta: 1:55:33, time (data): 2.665 (0.002)] l_pix: 1.0222e-02 
2025-11-25 17:53:51,675 INFO: [IART_..][epoch:  4, iter:  57,510, lr:(9.483e-07,2.057e-07,)] [eta: 1:55:30, time (data): 2.665 (0.002)] l_pix: 2.3246e-02 
2025-11-25 17:53:54,408 INFO: [IART_..][epoch:  4, iter:  57,511, lr:(9.476e-07,2.056e-07,)] [eta: 1:55:27, time (data): 2.666 (0.002)] l_pix: 1.4900e-02 
2025-11-25 17:53:57,148 INFO: [IART_..][epoch:  4, iter:  57,512, lr:(9.469e-07,2.055e-07,)] [eta: 1:55:24, time (data): 2.666 (0.002)] l_pix: 3.0009e-02 
2025-11-25 17:53:59,835 INFO: [IART_..][epoch:  4, iter:  57,513, lr:(9.462e-07,2.054e-07,)] [eta: 1:55:21, time (data): 2.667 (0.002)] l_pix: 1.7798e-02 
2025-11-25 17:54:02,401 INFO: [IART_..][epoch:  4, iter:  57,514, lr:(9.455e-07,2.053e-07,)] [eta: 1:55:18, time (data): 2.666 (0.002)] l_pix: 1.6298e-02 
2025-11-25 17:54:04,962 INFO: [IART_..][epoch:  4, iter:  57,515, lr:(9.449e-07,2.052e-07,)] [eta: 1:55:15, time (data): 2.665 (0.002)] l_pix: 1.5435e-02 
2025-11-25 17:54:07,694 INFO: [IART_..][epoch:  4, iter:  57,516, lr:(9.442e-07,2.052e-07,)] [eta: 1:55:12, time (data): 2.665 (0.002)] l_pix: 1.7091e-02 
2025-11-25 17:54:10,396 INFO: [IART_..][epoch:  4, iter:  57,517, lr:(9.435e-07,2.051e-07,)] [eta: 1:55:09, time (data): 2.666 (0.002)] l_pix: 2.0101e-02 
2025-11-25 17:54:13,225 INFO: [IART_..][epoch:  4, iter:  57,518, lr:(9.428e-07,2.050e-07,)] [eta: 1:55:07, time (data): 2.667 (0.002)] l_pix: 1.4574e-02 
2025-11-25 17:54:15,914 INFO: [IART_..][epoch:  4, iter:  57,519, lr:(9.422e-07,2.049e-07,)] [eta: 1:55:04, time (data): 2.667 (0.002)] l_pix: 1.6995e-02 
2025-11-25 17:54:18,507 INFO: [IART_..][epoch:  4, iter:  57,520, lr:(9.415e-07,2.048e-07,)] [eta: 1:55:01, time (data): 2.667 (0.002)] l_pix: 1.8314e-02 
2025-11-25 17:54:21,175 INFO: [IART_..][epoch:  4, iter:  57,521, lr:(9.408e-07,2.047e-07,)] [eta: 1:54:58, time (data): 2.667 (0.002)] l_pix: 2.9648e-02 
2025-11-25 17:54:23,978 INFO: [IART_..][epoch:  4, iter:  57,522, lr:(9.401e-07,2.046e-07,)] [eta: 1:54:55, time (data): 2.668 (0.002)] l_pix: 1.8237e-02 
2025-11-25 17:54:26,769 INFO: [IART_..][epoch:  4, iter:  57,523, lr:(9.394e-07,2.046e-07,)] [eta: 1:54:52, time (data): 2.669 (0.002)] l_pix: 2.3002e-02 
2025-11-25 17:54:29,346 INFO: [IART_..][epoch:  4, iter:  57,524, lr:(9.388e-07,2.045e-07,)] [eta: 1:54:49, time (data): 2.668 (0.002)] l_pix: 1.6245e-02 
2025-11-25 17:54:31,999 INFO: [IART_..][epoch:  4, iter:  57,525, lr:(9.381e-07,2.044e-07,)] [eta: 1:54:46, time (data): 2.668 (0.002)] l_pix: 2.1194e-02 
2025-11-25 17:54:34,684 INFO: [IART_..][epoch:  4, iter:  57,526, lr:(9.374e-07,2.043e-07,)] [eta: 1:54:44, time (data): 2.668 (0.002)] l_pix: 1.5686e-02 
2025-11-25 17:54:37,355 INFO: [IART_..][epoch:  4, iter:  57,527, lr:(9.367e-07,2.042e-07,)] [eta: 1:54:41, time (data): 2.668 (0.002)] l_pix: 3.5159e-02 
2025-11-25 17:54:39,977 INFO: [IART_..][epoch:  4, iter:  57,528, lr:(9.361e-07,2.041e-07,)] [eta: 1:54:38, time (data): 2.668 (0.002)] l_pix: 2.6225e-02 
2025-11-25 17:54:42,601 INFO: [IART_..][epoch:  4, iter:  57,529, lr:(9.354e-07,2.041e-07,)] [eta: 1:54:35, time (data): 2.668 (0.002)] l_pix: 2.2406e-02 
2025-11-25 17:54:45,335 INFO: [IART_..][epoch:  4, iter:  57,530, lr:(9.347e-07,2.040e-07,)] [eta: 1:54:32, time (data): 2.668 (0.002)] l_pix: 1.5893e-02 
2025-11-25 17:54:47,976 INFO: [IART_..][epoch:  4, iter:  57,531, lr:(9.340e-07,2.039e-07,)] [eta: 1:54:29, time (data): 2.668 (0.002)] l_pix: 2.0245e-02 
2025-11-25 17:54:50,595 INFO: [IART_..][epoch:  4, iter:  57,532, lr:(9.334e-07,2.038e-07,)] [eta: 1:54:26, time (data): 2.667 (0.002)] l_pix: 1.8888e-02 
2025-11-25 17:54:53,279 INFO: [IART_..][epoch:  4, iter:  57,533, lr:(9.327e-07,2.037e-07,)] [eta: 1:54:23, time (data): 2.667 (0.002)] l_pix: 3.1884e-02 
2025-11-25 17:54:55,901 INFO: [IART_..][epoch:  4, iter:  57,534, lr:(9.320e-07,2.036e-07,)] [eta: 1:54:20, time (data): 2.667 (0.002)] l_pix: 1.7163e-02 
2025-11-25 17:54:58,555 INFO: [IART_..][epoch:  4, iter:  57,535, lr:(9.313e-07,2.036e-07,)] [eta: 1:54:17, time (data): 2.667 (0.002)] l_pix: 2.1685e-02 
2025-11-25 17:55:01,209 INFO: [IART_..][epoch:  4, iter:  57,536, lr:(9.307e-07,2.035e-07,)] [eta: 1:54:14, time (data): 2.667 (0.002)] l_pix: 2.4179e-02 
2025-11-25 17:55:03,861 INFO: [IART_..][epoch:  4, iter:  57,537, lr:(9.300e-07,2.034e-07,)] [eta: 1:54:12, time (data): 2.667 (0.002)] l_pix: 1.6357e-02 
2025-11-25 17:55:06,449 INFO: [IART_..][epoch:  4, iter:  57,538, lr:(9.293e-07,2.033e-07,)] [eta: 1:54:09, time (data): 2.666 (0.002)] l_pix: 1.7344e-02 
2025-11-25 17:55:09,149 INFO: [IART_..][epoch:  4, iter:  57,539, lr:(9.287e-07,2.032e-07,)] [eta: 1:54:06, time (data): 2.666 (0.002)] l_pix: 2.4338e-02 
2025-11-25 17:55:11,849 INFO: [IART_..][epoch:  4, iter:  57,540, lr:(9.280e-07,2.031e-07,)] [eta: 1:54:03, time (data): 2.667 (0.002)] l_pix: 2.2650e-02 
2025-11-25 17:55:14,548 INFO: [IART_..][epoch:  4, iter:  57,541, lr:(9.273e-07,2.031e-07,)] [eta: 1:54:00, time (data): 2.667 (0.002)] l_pix: 2.5292e-02 
2025-11-25 17:55:17,115 INFO: [IART_..][epoch:  4, iter:  57,542, lr:(9.266e-07,2.030e-07,)] [eta: 1:53:57, time (data): 2.666 (0.002)] l_pix: 1.5796e-02 
2025-11-25 17:55:19,857 INFO: [IART_..][epoch:  4, iter:  57,543, lr:(9.260e-07,2.029e-07,)] [eta: 1:53:54, time (data): 2.667 (0.002)] l_pix: 1.9052e-02 
2025-11-25 17:55:22,623 INFO: [IART_..][epoch:  4, iter:  57,544, lr:(9.253e-07,2.028e-07,)] [eta: 1:53:51, time (data): 2.667 (0.002)] l_pix: 1.2615e-02 
2025-11-25 17:55:25,217 INFO: [IART_..][epoch:  4, iter:  57,545, lr:(9.246e-07,2.027e-07,)] [eta: 1:53:48, time (data): 2.667 (0.002)] l_pix: 1.6030e-02 
2025-11-25 17:55:27,932 INFO: [IART_..][epoch:  4, iter:  57,546, lr:(9.240e-07,2.026e-07,)] [eta: 1:53:46, time (data): 2.667 (0.002)] l_pix: 1.9292e-02 
2025-11-25 17:55:30,634 INFO: [IART_..][epoch:  4, iter:  57,547, lr:(9.233e-07,2.025e-07,)] [eta: 1:53:43, time (data): 2.668 (0.002)] l_pix: 1.6025e-02 
2025-11-25 17:55:33,463 INFO: [IART_..][epoch:  4, iter:  57,548, lr:(9.226e-07,2.025e-07,)] [eta: 1:53:40, time (data): 2.669 (0.002)] l_pix: 1.5154e-02 
2025-11-25 17:55:36,007 INFO: [IART_..][epoch:  4, iter:  57,549, lr:(9.219e-07,2.024e-07,)] [eta: 1:53:37, time (data): 2.668 (0.002)] l_pix: 1.5740e-02 
2025-11-25 17:55:38,682 INFO: [IART_..][epoch:  4, iter:  57,550, lr:(9.213e-07,2.023e-07,)] [eta: 1:53:34, time (data): 2.668 (0.002)] l_pix: 2.3648e-02 
2025-11-25 17:55:41,384 INFO: [IART_..][epoch:  4, iter:  57,551, lr:(9.206e-07,2.022e-07,)] [eta: 1:53:31, time (data): 2.668 (0.002)] l_pix: 2.0571e-02 
2025-11-25 17:55:44,112 INFO: [IART_..][epoch:  4, iter:  57,552, lr:(9.199e-07,2.021e-07,)] [eta: 1:53:28, time (data): 2.669 (0.002)] l_pix: 2.7887e-02 
2025-11-25 17:55:46,791 INFO: [IART_..][epoch:  4, iter:  57,553, lr:(9.193e-07,2.020e-07,)] [eta: 1:53:25, time (data): 2.669 (0.002)] l_pix: 2.7946e-02 
2025-11-25 17:55:49,508 INFO: [IART_..][epoch:  4, iter:  57,554, lr:(9.186e-07,2.020e-07,)] [eta: 1:53:23, time (data): 2.669 (0.002)] l_pix: 2.8778e-02 
2025-11-25 17:55:52,193 INFO: [IART_..][epoch:  4, iter:  57,555, lr:(9.179e-07,2.019e-07,)] [eta: 1:53:20, time (data): 2.669 (0.002)] l_pix: 1.3092e-02 
2025-11-25 17:55:54,818 INFO: [IART_..][epoch:  4, iter:  57,556, lr:(9.173e-07,2.018e-07,)] [eta: 1:53:17, time (data): 2.669 (0.002)] l_pix: 1.7990e-02 
2025-11-25 17:55:57,528 INFO: [IART_..][epoch:  4, iter:  57,557, lr:(9.166e-07,2.017e-07,)] [eta: 1:53:14, time (data): 2.669 (0.002)] l_pix: 1.9638e-02 
2025-11-25 17:56:00,348 INFO: [IART_..][epoch:  4, iter:  57,558, lr:(9.159e-07,2.016e-07,)] [eta: 1:53:11, time (data): 2.670 (0.002)] l_pix: 1.0324e-02 
2025-11-25 17:56:03,087 INFO: [IART_..][epoch:  4, iter:  57,559, lr:(9.153e-07,2.016e-07,)] [eta: 1:53:08, time (data): 2.671 (0.002)] l_pix: 1.9035e-02 
2025-11-25 17:56:05,758 INFO: [IART_..][epoch:  4, iter:  57,560, lr:(9.146e-07,2.015e-07,)] [eta: 1:53:06, time (data): 2.671 (0.002)] l_pix: 2.7024e-02 
2025-11-25 17:56:08,434 INFO: [IART_..][epoch:  4, iter:  57,561, lr:(9.139e-07,2.014e-07,)] [eta: 1:53:03, time (data): 2.671 (0.002)] l_pix: 1.0625e-02 
2025-11-25 17:56:11,083 INFO: [IART_..][epoch:  4, iter:  57,562, lr:(9.133e-07,2.013e-07,)] [eta: 1:53:00, time (data): 2.670 (0.002)] l_pix: 3.0977e-02 
2025-11-25 17:56:13,800 INFO: [IART_..][epoch:  4, iter:  57,563, lr:(9.126e-07,2.012e-07,)] [eta: 1:52:57, time (data): 2.671 (0.002)] l_pix: 2.0961e-02 
2025-11-25 17:56:16,471 INFO: [IART_..][epoch:  4, iter:  57,564, lr:(9.119e-07,2.011e-07,)] [eta: 1:52:54, time (data): 2.671 (0.002)] l_pix: 1.5593e-02 
2025-11-25 17:56:19,079 INFO: [IART_..][epoch:  4, iter:  57,565, lr:(9.113e-07,2.011e-07,)] [eta: 1:52:51, time (data): 2.670 (0.002)] l_pix: 2.5792e-02 
2025-11-25 17:56:21,797 INFO: [IART_..][epoch:  4, iter:  57,566, lr:(9.106e-07,2.010e-07,)] [eta: 1:52:48, time (data): 2.671 (0.002)] l_pix: 1.9426e-02 
2025-11-25 17:56:24,641 INFO: [IART_..][epoch:  4, iter:  57,567, lr:(9.099e-07,2.009e-07,)] [eta: 1:52:45, time (data): 2.672 (0.002)] l_pix: 1.5686e-02 
2025-11-25 17:56:27,301 INFO: [IART_..][epoch:  4, iter:  57,568, lr:(9.093e-07,2.008e-07,)] [eta: 1:52:43, time (data): 2.672 (0.002)] l_pix: 1.2053e-02 
2025-11-25 17:56:29,908 INFO: [IART_..][epoch:  4, iter:  57,569, lr:(9.086e-07,2.007e-07,)] [eta: 1:52:40, time (data): 2.671 (0.002)] l_pix: 1.8355e-02 
2025-11-25 17:56:32,633 INFO: [IART_..][epoch:  4, iter:  57,570, lr:(9.079e-07,2.006e-07,)] [eta: 1:52:37, time (data): 2.672 (0.002)] l_pix: 6.8976e-03 
2025-11-25 17:56:35,360 INFO: [IART_..][epoch:  4, iter:  57,571, lr:(9.073e-07,2.006e-07,)] [eta: 1:52:34, time (data): 2.672 (0.002)] l_pix: 9.7348e-03 
2025-11-25 17:56:37,965 INFO: [IART_..][epoch:  4, iter:  57,572, lr:(9.066e-07,2.005e-07,)] [eta: 1:52:31, time (data): 2.672 (0.002)] l_pix: 1.2475e-02 
2025-11-25 17:56:40,733 INFO: [IART_..][epoch:  4, iter:  57,573, lr:(9.059e-07,2.004e-07,)] [eta: 1:52:28, time (data): 2.672 (0.002)] l_pix: 3.7558e-02 
2025-11-25 17:56:43,385 INFO: [IART_..][epoch:  4, iter:  57,574, lr:(9.053e-07,2.003e-07,)] [eta: 1:52:25, time (data): 2.672 (0.002)] l_pix: 2.3196e-02 
2025-11-25 17:56:46,092 INFO: [IART_..][epoch:  4, iter:  57,575, lr:(9.046e-07,2.002e-07,)] [eta: 1:52:22, time (data): 2.672 (0.002)] l_pix: 2.0318e-02 
2025-11-25 17:56:48,730 INFO: [IART_..][epoch:  4, iter:  57,576, lr:(9.040e-07,2.001e-07,)] [eta: 1:52:20, time (data): 2.672 (0.002)] l_pix: 2.4591e-02 
2025-11-25 17:56:51,385 INFO: [IART_..][epoch:  4, iter:  57,577, lr:(9.033e-07,2.001e-07,)] [eta: 1:52:17, time (data): 2.672 (0.002)] l_pix: 3.2098e-02 
2025-11-25 17:56:54,136 INFO: [IART_..][epoch:  4, iter:  57,578, lr:(9.026e-07,2.000e-07,)] [eta: 1:52:14, time (data): 2.672 (0.002)] l_pix: 1.5130e-02 
2025-11-25 17:56:56,822 INFO: [IART_..][epoch:  4, iter:  57,579, lr:(9.020e-07,1.999e-07,)] [eta: 1:52:11, time (data): 2.673 (0.002)] l_pix: 4.6554e-02 
2025-11-25 17:56:59,542 INFO: [IART_..][epoch:  4, iter:  57,580, lr:(9.013e-07,1.998e-07,)] [eta: 1:52:08, time (data): 2.673 (0.002)] l_pix: 3.0108e-02 
2025-11-25 17:57:02,181 INFO: [IART_..][epoch:  4, iter:  57,581, lr:(9.006e-07,1.997e-07,)] [eta: 1:52:05, time (data): 2.673 (0.002)] l_pix: 3.2883e-02 
2025-11-25 17:57:04,933 INFO: [IART_..][epoch:  4, iter:  57,582, lr:(9.000e-07,1.996e-07,)] [eta: 1:52:02, time (data): 2.673 (0.002)] l_pix: 3.1730e-02 
2025-11-25 17:57:07,524 INFO: [IART_..][epoch:  4, iter:  57,583, lr:(8.993e-07,1.996e-07,)] [eta: 1:51:59, time (data): 2.673 (0.002)] l_pix: 1.4626e-02 
2025-11-25 17:57:10,195 INFO: [IART_..][epoch:  4, iter:  57,584, lr:(8.987e-07,1.995e-07,)] [eta: 1:51:57, time (data): 2.673 (0.002)] l_pix: 3.1056e-02 
2025-11-25 17:57:12,830 INFO: [IART_..][epoch:  4, iter:  57,585, lr:(8.980e-07,1.994e-07,)] [eta: 1:51:54, time (data): 2.672 (0.002)] l_pix: 1.7074e-02 
2025-11-25 17:57:15,470 INFO: [IART_..][epoch:  4, iter:  57,586, lr:(8.973e-07,1.993e-07,)] [eta: 1:51:51, time (data): 2.672 (0.002)] l_pix: 3.1340e-02 
2025-11-25 17:57:18,079 INFO: [IART_..][epoch:  4, iter:  57,587, lr:(8.967e-07,1.992e-07,)] [eta: 1:51:48, time (data): 2.672 (0.002)] l_pix: 2.6437e-02 
2025-11-25 17:57:20,720 INFO: [IART_..][epoch:  4, iter:  57,588, lr:(8.960e-07,1.992e-07,)] [eta: 1:51:45, time (data): 2.672 (0.002)] l_pix: 2.1792e-02 
2025-11-25 17:57:23,417 INFO: [IART_..][epoch:  4, iter:  57,589, lr:(8.954e-07,1.991e-07,)] [eta: 1:51:42, time (data): 2.672 (0.002)] l_pix: 1.6059e-02 
2025-11-25 17:57:26,063 INFO: [IART_..][epoch:  4, iter:  57,590, lr:(8.947e-07,1.990e-07,)] [eta: 1:51:39, time (data): 2.672 (0.002)] l_pix: 2.6271e-02 
2025-11-25 17:57:28,694 INFO: [IART_..][epoch:  4, iter:  57,591, lr:(8.940e-07,1.989e-07,)] [eta: 1:51:36, time (data): 2.671 (0.002)] l_pix: 1.8610e-02 
2025-11-25 17:57:31,341 INFO: [IART_..][epoch:  4, iter:  57,592, lr:(8.934e-07,1.988e-07,)] [eta: 1:51:33, time (data): 2.671 (0.002)] l_pix: 2.1211e-02 
2025-11-25 17:57:33,947 INFO: [IART_..][epoch:  4, iter:  57,593, lr:(8.927e-07,1.987e-07,)] [eta: 1:51:30, time (data): 2.671 (0.002)] l_pix: 1.3229e-02 
2025-11-25 17:57:36,636 INFO: [IART_..][epoch:  4, iter:  57,594, lr:(8.921e-07,1.987e-07,)] [eta: 1:51:27, time (data): 2.671 (0.002)] l_pix: 7.2335e-03 
2025-11-25 17:57:39,384 INFO: [IART_..][epoch:  4, iter:  57,595, lr:(8.914e-07,1.986e-07,)] [eta: 1:51:25, time (data): 2.671 (0.002)] l_pix: 4.2961e-02 
2025-11-25 17:57:42,138 INFO: [IART_..][epoch:  4, iter:  57,596, lr:(8.908e-07,1.985e-07,)] [eta: 1:51:22, time (data): 2.672 (0.002)] l_pix: 1.1621e-02 
2025-11-25 17:57:44,862 INFO: [IART_..][epoch:  4, iter:  57,597, lr:(8.901e-07,1.984e-07,)] [eta: 1:51:19, time (data): 2.672 (0.002)] l_pix: 1.8361e-02 
2025-11-25 17:57:47,591 INFO: [IART_..][epoch:  4, iter:  57,598, lr:(8.894e-07,1.983e-07,)] [eta: 1:51:16, time (data): 2.672 (0.002)] l_pix: 3.0250e-02 
2025-11-25 17:57:50,312 INFO: [IART_..][epoch:  4, iter:  57,599, lr:(8.888e-07,1.983e-07,)] [eta: 1:51:13, time (data): 2.673 (0.002)] l_pix: 3.4777e-02 
2025-11-25 17:57:52,953 INFO: [IART_..][epoch:  4, iter:  57,600, lr:(8.881e-07,1.982e-07,)] [eta: 1:51:10, time (data): 2.673 (0.002)] l_pix: 1.4995e-02 
2025-11-25 17:57:55,573 INFO: [IART_..][epoch:  4, iter:  57,601, lr:(8.875e-07,1.981e-07,)] [eta: 1:51:08, time (data): 2.672 (0.002)] l_pix: 1.7841e-02 
2025-11-25 17:57:58,307 INFO: [IART_..][epoch:  4, iter:  57,602, lr:(8.868e-07,1.980e-07,)] [eta: 1:51:05, time (data): 2.673 (0.002)] l_pix: 1.5941e-02 
2025-11-25 17:58:01,056 INFO: [IART_..][epoch:  4, iter:  57,603, lr:(8.862e-07,1.979e-07,)] [eta: 1:51:02, time (data): 2.673 (0.002)] l_pix: 3.1101e-02 
2025-11-25 17:58:03,725 INFO: [IART_..][epoch:  4, iter:  57,604, lr:(8.855e-07,1.978e-07,)] [eta: 1:50:59, time (data): 2.673 (0.002)] l_pix: 2.9636e-02 
2025-11-25 17:58:06,415 INFO: [IART_..][epoch:  4, iter:  57,605, lr:(8.849e-07,1.978e-07,)] [eta: 1:50:56, time (data): 2.673 (0.002)] l_pix: 2.0349e-02 
2025-11-25 17:58:09,079 INFO: [IART_..][epoch:  4, iter:  57,606, lr:(8.842e-07,1.977e-07,)] [eta: 1:50:53, time (data): 2.673 (0.002)] l_pix: 2.3619e-02 
2025-11-25 17:58:11,738 INFO: [IART_..][epoch:  4, iter:  57,607, lr:(8.836e-07,1.976e-07,)] [eta: 1:50:50, time (data): 2.673 (0.002)] l_pix: 2.2363e-02 
2025-11-25 17:58:14,488 INFO: [IART_..][epoch:  4, iter:  57,608, lr:(8.829e-07,1.975e-07,)] [eta: 1:50:48, time (data): 2.673 (0.002)] l_pix: 1.7717e-02 
2025-11-25 17:58:17,092 INFO: [IART_..][epoch:  4, iter:  57,609, lr:(8.822e-07,1.974e-07,)] [eta: 1:50:45, time (data): 2.673 (0.002)] l_pix: 1.7866e-02 
2025-11-25 17:58:19,678 INFO: [IART_..][epoch:  4, iter:  57,610, lr:(8.816e-07,1.974e-07,)] [eta: 1:50:42, time (data): 2.673 (0.002)] l_pix: 2.1061e-02 
2025-11-25 17:58:22,330 INFO: [IART_..][epoch:  4, iter:  57,611, lr:(8.809e-07,1.973e-07,)] [eta: 1:50:39, time (data): 2.672 (0.002)] l_pix: 2.0410e-02 
2025-11-25 17:58:25,166 INFO: [IART_..][epoch:  4, iter:  57,612, lr:(8.803e-07,1.972e-07,)] [eta: 1:50:36, time (data): 2.673 (0.002)] l_pix: 1.7383e-02 
2025-11-25 17:58:27,798 INFO: [IART_..][epoch:  4, iter:  57,613, lr:(8.796e-07,1.971e-07,)] [eta: 1:50:33, time (data): 2.673 (0.002)] l_pix: 1.1103e-02 
2025-11-25 17:58:30,526 INFO: [IART_..][epoch:  4, iter:  57,614, lr:(8.790e-07,1.970e-07,)] [eta: 1:50:30, time (data): 2.727 (0.000)] l_pix: 2.6474e-02 
2025-11-25 17:58:33,201 INFO: [IART_..][epoch:  4, iter:  57,615, lr:(8.783e-07,1.970e-07,)] [eta: 1:50:27, time (data): 2.702 (0.000)] l_pix: 3.0613e-02 
2025-11-25 17:58:35,854 INFO: [IART_..][epoch:  4, iter:  57,616, lr:(8.777e-07,1.969e-07,)] [eta: 1:50:25, time (data): 2.685 (0.000)] l_pix: 1.7857e-02 
2025-11-25 17:58:38,463 INFO: [IART_..][epoch:  4, iter:  57,617, lr:(8.770e-07,1.968e-07,)] [eta: 1:50:22, time (data): 2.666 (0.000)] l_pix: 3.4729e-02 
2025-11-25 17:58:41,157 INFO: [IART_..][epoch:  4, iter:  57,618, lr:(8.764e-07,1.967e-07,)] [eta: 1:50:19, time (data): 2.672 (0.000)] l_pix: 3.0405e-02 
2025-11-25 17:58:43,821 INFO: [IART_..][epoch:  4, iter:  57,619, lr:(8.757e-07,1.966e-07,)] [eta: 1:50:16, time (data): 2.670 (0.000)] l_pix: 2.6436e-02 
2025-11-25 17:58:46,426 INFO: [IART_..][epoch:  4, iter:  57,620, lr:(8.751e-07,1.965e-07,)] [eta: 1:50:13, time (data): 2.661 (0.000)] l_pix: 2.6579e-02 
2025-11-25 17:58:49,029 INFO: [IART_..][epoch:  4, iter:  57,621, lr:(8.744e-07,1.965e-07,)] [eta: 1:50:10, time (data): 2.654 (0.000)] l_pix: 2.0059e-02 
2025-11-25 17:58:51,752 INFO: [IART_..][epoch:  4, iter:  57,622, lr:(8.738e-07,1.964e-07,)] [eta: 1:50:07, time (data): 2.661 (0.000)] l_pix: 1.6890e-02 
2025-11-25 17:58:54,424 INFO: [IART_..][epoch:  4, iter:  57,623, lr:(8.731e-07,1.963e-07,)] [eta: 1:50:04, time (data): 2.663 (0.000)] l_pix: 2.6429e-02 
2025-11-25 17:58:57,234 INFO: [IART_..][epoch:  4, iter:  57,624, lr:(8.725e-07,1.962e-07,)] [eta: 1:50:02, time (data): 2.676 (0.000)] l_pix: 1.2442e-02 
2025-11-25 17:58:59,815 INFO: [IART_..][epoch:  4, iter:  57,625, lr:(8.718e-07,1.961e-07,)] [eta: 1:49:59, time (data): 2.668 (0.000)] l_pix: 1.8845e-02 
2025-11-25 17:59:02,631 INFO: [IART_..][epoch:  4, iter:  57,626, lr:(8.712e-07,1.961e-07,)] [eta: 1:49:56, time (data): 2.679 (0.000)] l_pix: 1.2669e-02 
2025-11-25 17:59:05,344 INFO: [IART_..][epoch:  4, iter:  57,627, lr:(8.705e-07,1.960e-07,)] [eta: 1:49:53, time (data): 2.682 (0.001)] l_pix: 2.1297e-02 
2025-11-25 17:59:07,990 INFO: [IART_..][epoch:  4, iter:  57,628, lr:(8.699e-07,1.959e-07,)] [eta: 1:49:50, time (data): 2.679 (0.001)] l_pix: 2.2764e-02 
2025-11-25 17:59:10,594 INFO: [IART_..][epoch:  4, iter:  57,629, lr:(8.692e-07,1.958e-07,)] [eta: 1:49:47, time (data): 2.675 (0.001)] l_pix: 2.6128e-02 
2025-11-25 17:59:13,340 INFO: [IART_..][epoch:  4, iter:  57,630, lr:(8.686e-07,1.957e-07,)] [eta: 1:49:44, time (data): 2.679 (0.001)] l_pix: 1.2157e-02 
2025-11-25 17:59:16,040 INFO: [IART_..][epoch:  4, iter:  57,631, lr:(8.679e-07,1.957e-07,)] [eta: 1:49:41, time (data): 2.680 (0.001)] l_pix: 2.0748e-02 
2025-11-25 17:59:18,641 INFO: [IART_..][epoch:  4, iter:  57,632, lr:(8.673e-07,1.956e-07,)] [eta: 1:49:39, time (data): 2.676 (0.001)] l_pix: 1.8555e-02 
2025-11-25 17:59:21,332 INFO: [IART_..][epoch:  4, iter:  57,633, lr:(8.666e-07,1.955e-07,)] [eta: 1:49:36, time (data): 2.677 (0.001)] l_pix: 2.0421e-02 
2025-11-25 17:59:24,036 INFO: [IART_..][epoch:  4, iter:  57,634, lr:(8.660e-07,1.954e-07,)] [eta: 1:49:33, time (data): 2.678 (0.001)] l_pix: 2.6262e-02 
2025-11-25 17:59:26,779 INFO: [IART_..][epoch:  4, iter:  57,635, lr:(8.653e-07,1.953e-07,)] [eta: 1:49:30, time (data): 2.681 (0.001)] l_pix: 1.7545e-02 
2025-11-25 17:59:29,536 INFO: [IART_..][epoch:  4, iter:  57,636, lr:(8.647e-07,1.953e-07,)] [eta: 1:49:27, time (data): 2.684 (0.002)] l_pix: 2.3338e-02 
2025-11-25 17:59:32,240 INFO: [IART_..][epoch:  4, iter:  57,637, lr:(8.641e-07,1.952e-07,)] [eta: 1:49:24, time (data): 2.685 (0.002)] l_pix: 2.3686e-02 
2025-11-25 17:59:34,933 INFO: [IART_..][epoch:  4, iter:  57,638, lr:(8.634e-07,1.951e-07,)] [eta: 1:49:21, time (data): 2.685 (0.002)] l_pix: 2.7593e-02 
2025-11-25 17:59:37,538 INFO: [IART_..][epoch:  4, iter:  57,639, lr:(8.628e-07,1.950e-07,)] [eta: 1:49:19, time (data): 2.682 (0.002)] l_pix: 2.9770e-02 
2025-11-25 17:59:40,152 INFO: [IART_..][epoch:  4, iter:  57,640, lr:(8.621e-07,1.949e-07,)] [eta: 1:49:16, time (data): 2.680 (0.002)] l_pix: 2.9537e-02 
2025-11-25 17:59:42,789 INFO: [IART_..][epoch:  4, iter:  57,641, lr:(8.615e-07,1.949e-07,)] [eta: 1:49:13, time (data): 2.678 (0.002)] l_pix: 2.2212e-02 
2025-11-25 17:59:45,459 INFO: [IART_..][epoch:  4, iter:  57,642, lr:(8.608e-07,1.948e-07,)] [eta: 1:49:10, time (data): 2.678 (0.002)] l_pix: 2.2438e-02 
2025-11-25 17:59:48,133 INFO: [IART_..][epoch:  4, iter:  57,643, lr:(8.602e-07,1.947e-07,)] [eta: 1:49:07, time (data): 2.678 (0.003)] l_pix: 1.6198e-02 
2025-11-25 17:59:50,904 INFO: [IART_..][epoch:  4, iter:  57,644, lr:(8.595e-07,1.946e-07,)] [eta: 1:49:04, time (data): 2.681 (0.003)] l_pix: 1.3965e-02 
2025-11-25 17:59:53,575 INFO: [IART_..][epoch:  4, iter:  57,645, lr:(8.589e-07,1.945e-07,)] [eta: 1:49:01, time (data): 2.680 (0.003)] l_pix: 2.8894e-02 
2025-11-25 17:59:56,232 INFO: [IART_..][epoch:  4, iter:  57,646, lr:(8.583e-07,1.944e-07,)] [eta: 1:48:58, time (data): 2.680 (0.003)] l_pix: 2.1907e-02 
2025-11-25 17:59:58,974 INFO: [IART_..][epoch:  4, iter:  57,647, lr:(8.576e-07,1.944e-07,)] [eta: 1:48:56, time (data): 2.682 (0.002)] l_pix: 4.7330e-02 
2025-11-25 18:00:01,674 INFO: [IART_..][epoch:  4, iter:  57,648, lr:(8.570e-07,1.943e-07,)] [eta: 1:48:53, time (data): 2.682 (0.002)] l_pix: 2.6045e-02 
2025-11-25 18:00:04,459 INFO: [IART_..][epoch:  4, iter:  57,649, lr:(8.563e-07,1.942e-07,)] [eta: 1:48:50, time (data): 2.685 (0.002)] l_pix: 2.7662e-02 
2025-11-25 18:00:07,194 INFO: [IART_..][epoch:  4, iter:  57,650, lr:(8.557e-07,1.941e-07,)] [eta: 1:48:47, time (data): 2.686 (0.002)] l_pix: 1.4908e-02 
2025-11-25 18:00:09,929 INFO: [IART_..][epoch:  4, iter:  57,651, lr:(8.550e-07,1.940e-07,)] [eta: 1:48:44, time (data): 2.688 (0.002)] l_pix: 2.6138e-02 
2025-11-25 18:00:12,666 INFO: [IART_..][epoch:  4, iter:  57,652, lr:(8.544e-07,1.940e-07,)] [eta: 1:48:42, time (data): 2.689 (0.002)] l_pix: 1.9694e-02 
2025-11-25 18:00:15,544 INFO: [IART_..][epoch:  4, iter:  57,653, lr:(8.538e-07,1.939e-07,)] [eta: 1:48:39, time (data): 2.694 (0.002)] l_pix: 3.2228e-02 
2025-11-25 18:00:18,183 INFO: [IART_..][epoch:  4, iter:  57,654, lr:(8.531e-07,1.938e-07,)] [eta: 1:48:36, time (data): 2.692 (0.002)] l_pix: 2.7515e-02 
2025-11-25 18:00:20,759 INFO: [IART_..][epoch:  4, iter:  57,655, lr:(8.525e-07,1.937e-07,)] [eta: 1:48:33, time (data): 2.689 (0.002)] l_pix: 1.1343e-02 
2025-11-25 18:00:23,351 INFO: [IART_..][epoch:  4, iter:  57,656, lr:(8.518e-07,1.936e-07,)] [eta: 1:48:30, time (data): 2.687 (0.002)] l_pix: 1.0603e-02 
2025-11-25 18:00:26,097 INFO: [IART_..][epoch:  4, iter:  57,657, lr:(8.512e-07,1.936e-07,)] [eta: 1:48:27, time (data): 2.688 (0.002)] l_pix: 1.7110e-02 
2025-11-25 18:00:28,755 INFO: [IART_..][epoch:  4, iter:  57,658, lr:(8.505e-07,1.935e-07,)] [eta: 1:48:24, time (data): 2.687 (0.002)] l_pix: 3.4423e-02 
2025-11-25 18:00:31,435 INFO: [IART_..][epoch:  4, iter:  57,659, lr:(8.499e-07,1.934e-07,)] [eta: 1:48:21, time (data): 2.687 (0.002)] l_pix: 1.8382e-02 
2025-11-25 18:00:34,165 INFO: [IART_..][epoch:  4, iter:  57,660, lr:(8.493e-07,1.933e-07,)] [eta: 1:48:19, time (data): 2.688 (0.002)] l_pix: 2.3163e-02 
2025-11-25 18:00:36,771 INFO: [IART_..][epoch:  4, iter:  57,661, lr:(8.486e-07,1.933e-07,)] [eta: 1:48:16, time (data): 2.687 (0.002)] l_pix: 3.4258e-02 
2025-11-25 18:00:39,544 INFO: [IART_..][epoch:  4, iter:  57,662, lr:(8.480e-07,1.932e-07,)] [eta: 1:48:13, time (data): 2.688 (0.002)] l_pix: 2.3476e-02 
2025-11-25 18:00:42,245 INFO: [IART_..][epoch:  4, iter:  57,663, lr:(8.474e-07,1.931e-07,)] [eta: 1:48:10, time (data): 2.689 (0.002)] l_pix: 1.7532e-02 
2025-11-25 18:00:44,886 INFO: [IART_..][epoch:  4, iter:  57,664, lr:(8.467e-07,1.930e-07,)] [eta: 1:48:07, time (data): 2.688 (0.002)] l_pix: 1.2203e-02 
2025-11-25 18:00:47,529 INFO: [IART_..][epoch:  4, iter:  57,665, lr:(8.461e-07,1.929e-07,)] [eta: 1:48:04, time (data): 2.687 (0.002)] l_pix: 2.3409e-02 
2025-11-25 18:00:50,235 INFO: [IART_..][epoch:  4, iter:  57,666, lr:(8.454e-07,1.929e-07,)] [eta: 1:48:01, time (data): 2.687 (0.002)] l_pix: 2.3466e-02 
2025-11-25 18:00:52,940 INFO: [IART_..][epoch:  4, iter:  57,667, lr:(8.448e-07,1.928e-07,)] [eta: 1:47:59, time (data): 2.687 (0.002)] l_pix: 2.2380e-02 
2025-11-25 18:00:55,688 INFO: [IART_..][epoch:  4, iter:  57,668, lr:(8.442e-07,1.927e-07,)] [eta: 1:47:56, time (data): 2.689 (0.002)] l_pix: 1.1580e-02 
2025-11-25 18:00:58,425 INFO: [IART_..][epoch:  4, iter:  57,669, lr:(8.435e-07,1.926e-07,)] [eta: 1:47:53, time (data): 2.689 (0.002)] l_pix: 2.3296e-02 
2025-11-25 18:01:01,160 INFO: [IART_..][epoch:  4, iter:  57,670, lr:(8.429e-07,1.925e-07,)] [eta: 1:47:50, time (data): 2.690 (0.002)] l_pix: 2.5712e-02 
2025-11-25 18:01:03,786 INFO: [IART_..][epoch:  4, iter:  57,671, lr:(8.423e-07,1.925e-07,)] [eta: 1:47:47, time (data): 2.689 (0.002)] l_pix: 2.3621e-02 
2025-11-25 18:01:06,410 INFO: [IART_..][epoch:  4, iter:  57,672, lr:(8.416e-07,1.924e-07,)] [eta: 1:47:44, time (data): 2.688 (0.001)] l_pix: 2.4721e-02 
2025-11-25 18:01:09,046 INFO: [IART_..][epoch:  4, iter:  57,673, lr:(8.410e-07,1.923e-07,)] [eta: 1:47:41, time (data): 2.687 (0.001)] l_pix: 2.0498e-02 
2025-11-25 18:01:11,666 INFO: [IART_..][epoch:  4, iter:  57,674, lr:(8.403e-07,1.922e-07,)] [eta: 1:47:39, time (data): 2.686 (0.001)] l_pix: 1.6425e-02 
2025-11-25 18:01:14,322 INFO: [IART_..][epoch:  4, iter:  57,675, lr:(8.397e-07,1.921e-07,)] [eta: 1:47:36, time (data): 2.686 (0.001)] l_pix: 3.2901e-02 
2025-11-25 18:01:16,996 INFO: [IART_..][epoch:  4, iter:  57,676, lr:(8.391e-07,1.921e-07,)] [eta: 1:47:33, time (data): 2.685 (0.001)] l_pix: 2.2020e-02 
2025-11-25 18:01:19,606 INFO: [IART_..][epoch:  4, iter:  57,677, lr:(8.384e-07,1.920e-07,)] [eta: 1:47:30, time (data): 2.684 (0.001)] l_pix: 2.3277e-02 
2025-11-25 18:01:22,456 INFO: [IART_..][epoch:  4, iter:  57,678, lr:(8.378e-07,1.919e-07,)] [eta: 1:47:27, time (data): 2.687 (0.001)] l_pix: 2.4846e-02 
2025-11-25 18:01:25,071 INFO: [IART_..][epoch:  4, iter:  57,679, lr:(8.372e-07,1.918e-07,)] [eta: 1:47:24, time (data): 2.686 (0.001)] l_pix: 1.3259e-02 
2025-11-25 18:01:27,688 INFO: [IART_..][epoch:  4, iter:  57,680, lr:(8.365e-07,1.917e-07,)] [eta: 1:47:21, time (data): 2.685 (0.001)] l_pix: 2.8103e-02 
2025-11-25 18:01:30,293 INFO: [IART_..][epoch:  4, iter:  57,681, lr:(8.359e-07,1.917e-07,)] [eta: 1:47:18, time (data): 2.683 (0.001)] l_pix: 2.2857e-02 
2025-11-25 18:01:33,116 INFO: [IART_..][epoch:  4, iter:  57,682, lr:(8.353e-07,1.916e-07,)] [eta: 1:47:16, time (data): 2.685 (0.001)] l_pix: 3.3518e-02 
2025-11-25 18:01:35,765 INFO: [IART_..][epoch:  4, iter:  57,683, lr:(8.346e-07,1.915e-07,)] [eta: 1:47:13, time (data): 2.685 (0.001)] l_pix: 1.9866e-02 
2025-11-25 18:01:38,585 INFO: [IART_..][epoch:  4, iter:  57,684, lr:(8.340e-07,1.914e-07,)] [eta: 1:47:10, time (data): 2.687 (0.001)] l_pix: 2.4455e-02 
2025-11-25 18:01:41,208 INFO: [IART_..][epoch:  4, iter:  57,685, lr:(8.334e-07,1.913e-07,)] [eta: 1:47:07, time (data): 2.686 (0.001)] l_pix: 1.9638e-02 
2025-11-25 18:01:43,873 INFO: [IART_..][epoch:  4, iter:  57,686, lr:(8.327e-07,1.913e-07,)] [eta: 1:47:04, time (data): 2.685 (0.001)] l_pix: 4.4917e-02 
2025-11-25 18:01:46,534 INFO: [IART_..][epoch:  4, iter:  57,687, lr:(8.321e-07,1.912e-07,)] [eta: 1:47:01, time (data): 2.685 (0.001)] l_pix: 1.5900e-02 
2025-11-25 18:01:49,172 INFO: [IART_..][epoch:  4, iter:  57,688, lr:(8.315e-07,1.911e-07,)] [eta: 1:46:58, time (data): 2.685 (0.001)] l_pix: 2.6003e-02 
2025-11-25 18:01:51,851 INFO: [IART_..][epoch:  4, iter:  57,689, lr:(8.308e-07,1.910e-07,)] [eta: 1:46:56, time (data): 2.684 (0.001)] l_pix: 1.3955e-02 
2025-11-25 18:01:54,470 INFO: [IART_..][epoch:  4, iter:  57,690, lr:(8.302e-07,1.910e-07,)] [eta: 1:46:53, time (data): 2.684 (0.001)] l_pix: 1.9780e-02 
2025-11-25 18:01:57,113 INFO: [IART_..][epoch:  4, iter:  57,691, lr:(8.296e-07,1.909e-07,)] [eta: 1:46:50, time (data): 2.683 (0.001)] l_pix: 2.7911e-02 
2025-11-25 18:01:59,753 INFO: [IART_..][epoch:  4, iter:  57,692, lr:(8.289e-07,1.908e-07,)] [eta: 1:46:47, time (data): 2.683 (0.001)] l_pix: 2.7282e-02 
2025-11-25 18:02:02,436 INFO: [IART_..][epoch:  4, iter:  57,693, lr:(8.283e-07,1.907e-07,)] [eta: 1:46:44, time (data): 2.683 (0.001)] l_pix: 1.5367e-02 
2025-11-25 18:02:05,111 INFO: [IART_..][epoch:  4, iter:  57,694, lr:(8.277e-07,1.906e-07,)] [eta: 1:46:41, time (data): 2.682 (0.001)] l_pix: 4.8833e-02 
2025-11-25 18:02:07,720 INFO: [IART_..][epoch:  4, iter:  57,695, lr:(8.271e-07,1.906e-07,)] [eta: 1:46:38, time (data): 2.681 (0.001)] l_pix: 2.6838e-02 
2025-11-25 18:02:10,465 INFO: [IART_..][epoch:  4, iter:  57,696, lr:(8.264e-07,1.905e-07,)] [eta: 1:46:35, time (data): 2.682 (0.001)] l_pix: 1.3962e-02 
2025-11-25 18:02:13,116 INFO: [IART_..][epoch:  4, iter:  57,697, lr:(8.258e-07,1.904e-07,)] [eta: 1:46:33, time (data): 2.682 (0.001)] l_pix: 1.3614e-02 
2025-11-25 18:02:15,689 INFO: [IART_..][epoch:  4, iter:  57,698, lr:(8.252e-07,1.903e-07,)] [eta: 1:46:30, time (data): 2.680 (0.001)] l_pix: 1.5380e-02 
2025-11-25 18:02:18,365 INFO: [IART_..][epoch:  4, iter:  57,699, lr:(8.245e-07,1.902e-07,)] [eta: 1:46:27, time (data): 2.680 (0.001)] l_pix: 2.7921e-02 
2025-11-25 18:02:21,085 INFO: [IART_..][epoch:  4, iter:  57,700, lr:(8.239e-07,1.902e-07,)] [eta: 1:46:24, time (data): 2.681 (0.001)] l_pix: 1.4051e-02 
2025-11-25 18:02:23,779 INFO: [IART_..][epoch:  4, iter:  57,701, lr:(8.233e-07,1.901e-07,)] [eta: 1:46:21, time (data): 2.681 (0.001)] l_pix: 1.5975e-02 
2025-11-25 18:02:26,454 INFO: [IART_..][epoch:  4, iter:  57,702, lr:(8.226e-07,1.900e-07,)] [eta: 1:46:18, time (data): 2.681 (0.001)] l_pix: 1.7120e-02 
2025-11-25 18:02:29,080 INFO: [IART_..][epoch:  4, iter:  57,703, lr:(8.220e-07,1.899e-07,)] [eta: 1:46:15, time (data): 2.680 (0.001)] l_pix: 1.5920e-02 
2025-11-25 18:02:31,723 INFO: [IART_..][epoch:  4, iter:  57,704, lr:(8.214e-07,1.899e-07,)] [eta: 1:46:12, time (data): 2.680 (0.001)] l_pix: 1.4476e-02 
2025-11-25 18:02:34,332 INFO: [IART_..][epoch:  4, iter:  57,705, lr:(8.208e-07,1.898e-07,)] [eta: 1:46:10, time (data): 2.679 (0.001)] l_pix: 1.6998e-02 
2025-11-25 18:02:37,005 INFO: [IART_..][epoch:  4, iter:  57,706, lr:(8.201e-07,1.897e-07,)] [eta: 1:46:07, time (data): 2.679 (0.001)] l_pix: 2.8550e-02 
2025-11-25 18:02:39,645 INFO: [IART_..][epoch:  4, iter:  57,707, lr:(8.195e-07,1.896e-07,)] [eta: 1:46:04, time (data): 2.679 (0.001)] l_pix: 3.3695e-02 
2025-11-25 18:02:42,350 INFO: [IART_..][epoch:  4, iter:  57,708, lr:(8.189e-07,1.895e-07,)] [eta: 1:46:01, time (data): 2.679 (0.001)] l_pix: 2.6685e-02 
2025-11-25 18:02:44,914 INFO: [IART_..][epoch:  4, iter:  57,709, lr:(8.183e-07,1.895e-07,)] [eta: 1:45:58, time (data): 2.678 (0.001)] l_pix: 1.8500e-02 
2025-11-25 18:02:47,557 INFO: [IART_..][epoch:  4, iter:  57,710, lr:(8.176e-07,1.894e-07,)] [eta: 1:45:55, time (data): 2.677 (0.001)] l_pix: 2.1021e-02 
2025-11-25 18:02:50,237 INFO: [IART_..][epoch:  4, iter:  57,711, lr:(8.170e-07,1.893e-07,)] [eta: 1:45:52, time (data): 2.677 (0.001)] l_pix: 3.5987e-02 
2025-11-25 18:02:52,915 INFO: [IART_..][epoch:  4, iter:  57,712, lr:(8.164e-07,1.892e-07,)] [eta: 1:45:49, time (data): 2.677 (0.001)] l_pix: 6.1361e-03 
2025-11-25 18:02:55,716 INFO: [IART_..][epoch:  4, iter:  57,713, lr:(8.158e-07,1.892e-07,)] [eta: 1:45:47, time (data): 2.679 (0.001)] l_pix: 2.4419e-02 
2025-11-25 18:02:58,406 INFO: [IART_..][epoch:  4, iter:  57,714, lr:(8.151e-07,1.891e-07,)] [eta: 1:45:44, time (data): 2.679 (0.001)] l_pix: 1.0744e-02 
2025-11-25 18:03:01,081 INFO: [IART_..][epoch:  4, iter:  57,715, lr:(8.145e-07,1.890e-07,)] [eta: 1:45:41, time (data): 2.679 (0.001)] l_pix: 1.5894e-02 
2025-11-25 18:03:03,767 INFO: [IART_..][epoch:  4, iter:  57,716, lr:(8.139e-07,1.889e-07,)] [eta: 1:45:38, time (data): 2.679 (0.001)] l_pix: 2.2590e-02 
2025-11-25 18:03:06,393 INFO: [IART_..][epoch:  4, iter:  57,717, lr:(8.133e-07,1.888e-07,)] [eta: 1:45:35, time (data): 2.678 (0.001)] l_pix: 1.1395e-02 
2025-11-25 18:03:09,097 INFO: [IART_..][epoch:  4, iter:  57,718, lr:(8.126e-07,1.888e-07,)] [eta: 1:45:32, time (data): 2.679 (0.001)] l_pix: 2.4771e-02 
2025-11-25 18:03:11,722 INFO: [IART_..][epoch:  4, iter:  57,719, lr:(8.120e-07,1.887e-07,)] [eta: 1:45:29, time (data): 2.678 (0.001)] l_pix: 1.2284e-02 
2025-11-25 18:03:14,395 INFO: [IART_..][epoch:  4, iter:  57,720, lr:(8.114e-07,1.886e-07,)] [eta: 1:45:27, time (data): 2.678 (0.001)] l_pix: 2.0990e-02 
2025-11-25 18:03:17,009 INFO: [IART_..][epoch:  4, iter:  57,721, lr:(8.108e-07,1.885e-07,)] [eta: 1:45:24, time (data): 2.677 (0.001)] l_pix: 2.7439e-02 
2025-11-25 18:03:19,669 INFO: [IART_..][epoch:  4, iter:  57,722, lr:(8.101e-07,1.885e-07,)] [eta: 1:45:21, time (data): 2.677 (0.001)] l_pix: 1.3713e-02 
2025-11-25 18:03:22,266 INFO: [IART_..][epoch:  4, iter:  57,723, lr:(8.095e-07,1.884e-07,)] [eta: 1:45:18, time (data): 2.677 (0.001)] l_pix: 1.2812e-02 
2025-11-25 18:03:24,943 INFO: [IART_..][epoch:  4, iter:  57,724, lr:(8.089e-07,1.883e-07,)] [eta: 1:45:15, time (data): 2.677 (0.001)] l_pix: 2.9200e-02 
2025-11-25 18:03:27,678 INFO: [IART_..][epoch:  4, iter:  57,725, lr:(8.083e-07,1.882e-07,)] [eta: 1:45:12, time (data): 2.677 (0.001)] l_pix: 2.4234e-02 
2025-11-25 18:03:30,443 INFO: [IART_..][epoch:  4, iter:  57,726, lr:(8.076e-07,1.881e-07,)] [eta: 1:45:09, time (data): 2.678 (0.001)] l_pix: 1.1473e-02 
2025-11-25 18:03:33,065 INFO: [IART_..][epoch:  4, iter:  57,727, lr:(8.070e-07,1.881e-07,)] [eta: 1:45:06, time (data): 2.677 (0.001)] l_pix: 1.9200e-02 
2025-11-25 18:03:35,704 INFO: [IART_..][epoch:  4, iter:  57,728, lr:(8.064e-07,1.880e-07,)] [eta: 1:45:04, time (data): 2.677 (0.001)] l_pix: 2.4904e-02 
2025-11-25 18:03:38,390 INFO: [IART_..][epoch:  4, iter:  57,729, lr:(8.058e-07,1.879e-07,)] [eta: 1:45:01, time (data): 2.677 (0.001)] l_pix: 9.9090e-03 
2025-11-25 18:03:41,031 INFO: [IART_..][epoch:  4, iter:  57,730, lr:(8.052e-07,1.878e-07,)] [eta: 1:44:58, time (data): 2.677 (0.001)] l_pix: 3.1480e-02 
2025-11-25 18:03:43,641 INFO: [IART_..][epoch:  4, iter:  57,731, lr:(8.045e-07,1.878e-07,)] [eta: 1:44:55, time (data): 2.676 (0.001)] l_pix: 2.6295e-02 
2025-11-25 18:03:46,236 INFO: [IART_..][epoch:  4, iter:  57,732, lr:(8.039e-07,1.877e-07,)] [eta: 1:44:52, time (data): 2.675 (0.001)] l_pix: 1.3686e-02 
2025-11-25 18:03:48,972 INFO: [IART_..][epoch:  4, iter:  57,733, lr:(8.033e-07,1.876e-07,)] [eta: 1:44:49, time (data): 2.676 (0.001)] l_pix: 1.2611e-02 
2025-11-25 18:03:51,630 INFO: [IART_..][epoch:  4, iter:  57,734, lr:(8.027e-07,1.875e-07,)] [eta: 1:44:46, time (data): 2.676 (0.001)] l_pix: 2.6152e-02 
2025-11-25 18:03:54,382 INFO: [IART_..][epoch:  4, iter:  57,735, lr:(8.021e-07,1.875e-07,)] [eta: 1:44:44, time (data): 2.676 (0.001)] l_pix: 1.1317e-02 
2025-11-25 18:03:57,069 INFO: [IART_..][epoch:  4, iter:  57,736, lr:(8.014e-07,1.874e-07,)] [eta: 1:44:41, time (data): 2.676 (0.001)] l_pix: 2.3047e-02 
2025-11-25 18:03:59,755 INFO: [IART_..][epoch:  4, iter:  57,737, lr:(8.008e-07,1.873e-07,)] [eta: 1:44:38, time (data): 2.677 (0.001)] l_pix: 2.9379e-02 
2025-11-25 18:04:02,352 INFO: [IART_..][epoch:  4, iter:  57,738, lr:(8.002e-07,1.872e-07,)] [eta: 1:44:35, time (data): 2.676 (0.001)] l_pix: 2.3365e-02 
2025-11-25 18:04:04,958 INFO: [IART_..][epoch:  4, iter:  57,739, lr:(7.996e-07,1.871e-07,)] [eta: 1:44:32, time (data): 2.675 (0.001)] l_pix: 1.1480e-02 
2025-11-25 18:04:07,610 INFO: [IART_..][epoch:  4, iter:  57,740, lr:(7.990e-07,1.871e-07,)] [eta: 1:44:29, time (data): 2.675 (0.001)] l_pix: 2.8008e-02 
2025-11-25 18:04:10,236 INFO: [IART_..][epoch:  4, iter:  57,741, lr:(7.984e-07,1.870e-07,)] [eta: 1:44:26, time (data): 2.675 (0.001)] l_pix: 2.3012e-02 
2025-11-25 18:04:13,011 INFO: [IART_..][epoch:  4, iter:  57,742, lr:(7.977e-07,1.869e-07,)] [eta: 1:44:23, time (data): 2.676 (0.001)] l_pix: 2.4903e-02 
2025-11-25 18:04:15,834 INFO: [IART_..][epoch:  4, iter:  57,743, lr:(7.971e-07,1.868e-07,)] [eta: 1:44:21, time (data): 2.677 (0.001)] l_pix: 1.7656e-02 
2025-11-25 18:04:18,599 INFO: [IART_..][epoch:  4, iter:  57,744, lr:(7.965e-07,1.868e-07,)] [eta: 1:44:18, time (data): 2.677 (0.001)] l_pix: 3.1471e-02 
2025-11-25 18:04:21,242 INFO: [IART_..][epoch:  4, iter:  57,745, lr:(7.959e-07,1.867e-07,)] [eta: 1:44:15, time (data): 2.677 (0.001)] l_pix: 1.0872e-02 
2025-11-25 18:04:23,899 INFO: [IART_..][epoch:  4, iter:  57,746, lr:(7.953e-07,1.866e-07,)] [eta: 1:44:12, time (data): 2.677 (0.001)] l_pix: 4.3917e-02 
2025-11-25 18:04:26,490 INFO: [IART_..][epoch:  4, iter:  57,747, lr:(7.947e-07,1.865e-07,)] [eta: 1:44:09, time (data): 2.676 (0.001)] l_pix: 1.9272e-02 
2025-11-25 18:04:29,050 INFO: [IART_..][epoch:  4, iter:  57,748, lr:(7.940e-07,1.865e-07,)] [eta: 1:44:06, time (data): 2.675 (0.001)] l_pix: 2.0023e-02 
2025-11-25 18:04:31,788 INFO: [IART_..][epoch:  4, iter:  57,749, lr:(7.934e-07,1.864e-07,)] [eta: 1:44:03, time (data): 2.676 (0.001)] l_pix: 2.3629e-02 
2025-11-25 18:04:34,407 INFO: [IART_..][epoch:  4, iter:  57,750, lr:(7.928e-07,1.863e-07,)] [eta: 1:44:01, time (data): 2.675 (0.001)] l_pix: 3.5039e-02 
2025-11-25 18:04:37,064 INFO: [IART_..][epoch:  4, iter:  57,751, lr:(7.922e-07,1.862e-07,)] [eta: 1:43:58, time (data): 2.675 (0.001)] l_pix: 2.8216e-02 
2025-11-25 18:04:39,825 INFO: [IART_..][epoch:  4, iter:  57,752, lr:(7.916e-07,1.861e-07,)] [eta: 1:43:55, time (data): 2.676 (0.001)] l_pix: 2.7376e-02 
2025-11-25 18:04:42,465 INFO: [IART_..][epoch:  4, iter:  57,753, lr:(7.910e-07,1.861e-07,)] [eta: 1:43:52, time (data): 2.676 (0.001)] l_pix: 1.2662e-02 
2025-11-25 18:04:45,156 INFO: [IART_..][epoch:  4, iter:  57,754, lr:(7.903e-07,1.860e-07,)] [eta: 1:43:49, time (data): 2.676 (0.001)] l_pix: 1.5586e-02 
2025-11-25 18:04:47,876 INFO: [IART_..][epoch:  4, iter:  57,755, lr:(7.897e-07,1.859e-07,)] [eta: 1:43:46, time (data): 2.676 (0.001)] l_pix: 1.9837e-02 
2025-11-25 18:04:50,624 INFO: [IART_..][epoch:  4, iter:  57,756, lr:(7.891e-07,1.858e-07,)] [eta: 1:43:44, time (data): 2.677 (0.001)] l_pix: 9.9373e-03 
2025-11-25 18:04:53,311 INFO: [IART_..][epoch:  4, iter:  57,757, lr:(7.885e-07,1.858e-07,)] [eta: 1:43:41, time (data): 2.677 (0.001)] l_pix: 2.1034e-02 
2025-11-25 18:04:55,994 INFO: [IART_..][epoch:  4, iter:  57,758, lr:(7.879e-07,1.857e-07,)] [eta: 1:43:38, time (data): 2.677 (0.001)] l_pix: 1.6917e-02 
2025-11-25 18:04:58,633 INFO: [IART_..][epoch:  4, iter:  57,759, lr:(7.873e-07,1.856e-07,)] [eta: 1:43:35, time (data): 2.676 (0.001)] l_pix: 1.4060e-02 
2025-11-25 18:05:01,199 INFO: [IART_..][epoch:  4, iter:  57,760, lr:(7.867e-07,1.855e-07,)] [eta: 1:43:32, time (data): 2.676 (0.001)] l_pix: 2.8523e-02 
2025-11-25 18:05:03,906 INFO: [IART_..][epoch:  4, iter:  57,761, lr:(7.861e-07,1.855e-07,)] [eta: 1:43:29, time (data): 2.676 (0.001)] l_pix: 3.3835e-02 
2025-11-25 18:05:06,576 INFO: [IART_..][epoch:  4, iter:  57,762, lr:(7.854e-07,1.854e-07,)] [eta: 1:43:26, time (data): 2.676 (0.001)] l_pix: 2.3342e-02 
2025-11-25 18:05:09,353 INFO: [IART_..][epoch:  4, iter:  57,763, lr:(7.848e-07,1.853e-07,)] [eta: 1:43:24, time (data): 2.677 (0.001)] l_pix: 2.6000e-02 
2025-11-25 18:05:11,988 INFO: [IART_..][epoch:  4, iter:  57,764, lr:(7.842e-07,1.852e-07,)] [eta: 1:43:21, time (data): 2.676 (0.001)] l_pix: 2.0537e-02 
2025-11-25 18:05:14,654 INFO: [IART_..][epoch:  4, iter:  57,765, lr:(7.836e-07,1.852e-07,)] [eta: 1:43:18, time (data): 2.676 (0.001)] l_pix: 1.3134e-02 
2025-11-25 18:05:17,244 INFO: [IART_..][epoch:  4, iter:  57,766, lr:(7.830e-07,1.851e-07,)] [eta: 1:43:15, time (data): 2.676 (0.001)] l_pix: 7.5799e-03 
2025-11-25 18:05:19,897 INFO: [IART_..][epoch:  4, iter:  57,767, lr:(7.824e-07,1.850e-07,)] [eta: 1:43:12, time (data): 2.676 (0.001)] l_pix: 2.8782e-02 
2025-11-25 18:05:22,678 INFO: [IART_..][epoch:  4, iter:  57,768, lr:(7.818e-07,1.849e-07,)] [eta: 1:43:09, time (data): 2.676 (0.001)] l_pix: 3.4175e-02 
2025-11-25 18:05:25,276 INFO: [IART_..][epoch:  4, iter:  57,769, lr:(7.812e-07,1.848e-07,)] [eta: 1:43:06, time (data): 2.676 (0.001)] l_pix: 1.0719e-02 
2025-11-25 18:05:27,959 INFO: [IART_..][epoch:  4, iter:  57,770, lr:(7.806e-07,1.848e-07,)] [eta: 1:43:03, time (data): 2.676 (0.001)] l_pix: 2.4041e-02 
2025-11-25 18:05:30,575 INFO: [IART_..][epoch:  4, iter:  57,771, lr:(7.800e-07,1.847e-07,)] [eta: 1:43:01, time (data): 2.675 (0.001)] l_pix: 3.5218e-02 
2025-11-25 18:05:33,233 INFO: [IART_..][epoch:  4, iter:  57,772, lr:(7.793e-07,1.846e-07,)] [eta: 1:42:58, time (data): 2.675 (0.001)] l_pix: 2.7899e-02 
2025-11-25 18:05:35,807 INFO: [IART_..][epoch:  4, iter:  57,773, lr:(7.787e-07,1.845e-07,)] [eta: 1:42:55, time (data): 2.675 (0.001)] l_pix: 2.3261e-02 
2025-11-25 18:05:38,540 INFO: [IART_..][epoch:  4, iter:  57,774, lr:(7.781e-07,1.845e-07,)] [eta: 1:42:52, time (data): 2.675 (0.001)] l_pix: 2.2060e-02 
2025-11-25 18:05:41,224 INFO: [IART_..][epoch:  4, iter:  57,775, lr:(7.775e-07,1.844e-07,)] [eta: 1:42:49, time (data): 2.675 (0.001)] l_pix: 2.4422e-02 
2025-11-25 18:05:43,890 INFO: [IART_..][epoch:  4, iter:  57,776, lr:(7.769e-07,1.843e-07,)] [eta: 1:42:46, time (data): 2.675 (0.001)] l_pix: 1.4401e-02 
2025-11-25 18:05:46,643 INFO: [IART_..][epoch:  4, iter:  57,777, lr:(7.763e-07,1.842e-07,)] [eta: 1:42:43, time (data): 2.675 (0.001)] l_pix: 1.6802e-02 
2025-11-25 18:05:49,265 INFO: [IART_..][epoch:  4, iter:  57,778, lr:(7.757e-07,1.842e-07,)] [eta: 1:42:41, time (data): 2.675 (0.001)] l_pix: 1.9640e-02 
2025-11-25 18:05:51,965 INFO: [IART_..][epoch:  4, iter:  57,779, lr:(7.751e-07,1.841e-07,)] [eta: 1:42:38, time (data): 2.675 (0.001)] l_pix: 2.0936e-02 
2025-11-25 18:05:54,600 INFO: [IART_..][epoch:  4, iter:  57,780, lr:(7.745e-07,1.840e-07,)] [eta: 1:42:35, time (data): 2.675 (0.001)] l_pix: 1.1693e-02 
2025-11-25 18:05:57,259 INFO: [IART_..][epoch:  4, iter:  57,781, lr:(7.739e-07,1.839e-07,)] [eta: 1:42:32, time (data): 2.675 (0.001)] l_pix: 2.4915e-02 
2025-11-25 18:05:59,900 INFO: [IART_..][epoch:  4, iter:  57,782, lr:(7.733e-07,1.839e-07,)] [eta: 1:42:29, time (data): 2.675 (0.001)] l_pix: 1.7693e-02 
2025-11-25 18:06:02,540 INFO: [IART_..][epoch:  4, iter:  57,783, lr:(7.727e-07,1.838e-07,)] [eta: 1:42:26, time (data): 2.675 (0.001)] l_pix: 2.2258e-02 
2025-11-25 18:06:05,291 INFO: [IART_..][epoch:  4, iter:  57,784, lr:(7.721e-07,1.837e-07,)] [eta: 1:42:23, time (data): 2.675 (0.001)] l_pix: 4.0115e-02 
2025-11-25 18:06:07,942 INFO: [IART_..][epoch:  4, iter:  57,785, lr:(7.714e-07,1.836e-07,)] [eta: 1:42:21, time (data): 2.675 (0.001)] l_pix: 1.6380e-02 
2025-11-25 18:06:10,677 INFO: [IART_..][epoch:  4, iter:  57,786, lr:(7.708e-07,1.836e-07,)] [eta: 1:42:18, time (data): 2.675 (0.001)] l_pix: 1.1637e-02 
2025-11-25 18:06:13,394 INFO: [IART_..][epoch:  4, iter:  57,787, lr:(7.702e-07,1.835e-07,)] [eta: 1:42:15, time (data): 2.675 (0.001)] l_pix: 2.1292e-02 
2025-11-25 18:06:16,096 INFO: [IART_..][epoch:  4, iter:  57,788, lr:(7.696e-07,1.834e-07,)] [eta: 1:42:12, time (data): 2.676 (0.001)] l_pix: 1.8032e-02 
2025-11-25 18:06:18,718 INFO: [IART_..][epoch:  4, iter:  57,789, lr:(7.690e-07,1.833e-07,)] [eta: 1:42:09, time (data): 2.675 (0.001)] l_pix: 1.6365e-02 
2025-11-25 18:06:21,479 INFO: [IART_..][epoch:  4, iter:  57,790, lr:(7.684e-07,1.833e-07,)] [eta: 1:42:06, time (data): 2.676 (0.002)] l_pix: 2.2589e-02 
2025-11-25 18:06:24,084 INFO: [IART_..][epoch:  4, iter:  57,791, lr:(7.678e-07,1.832e-07,)] [eta: 1:42:04, time (data): 2.675 (0.002)] l_pix: 1.7009e-02 
2025-11-25 18:06:26,813 INFO: [IART_..][epoch:  4, iter:  57,792, lr:(7.672e-07,1.831e-07,)] [eta: 1:42:01, time (data): 2.676 (0.001)] l_pix: 2.8355e-02 
2025-11-25 18:06:29,484 INFO: [IART_..][epoch:  4, iter:  57,793, lr:(7.666e-07,1.830e-07,)] [eta: 1:41:58, time (data): 2.676 (0.001)] l_pix: 3.5471e-02 
2025-11-25 18:06:32,087 INFO: [IART_..][epoch:  4, iter:  57,794, lr:(7.660e-07,1.830e-07,)] [eta: 1:41:55, time (data): 2.675 (0.001)] l_pix: 2.3387e-02 
2025-11-25 18:06:34,767 INFO: [IART_..][epoch:  4, iter:  57,795, lr:(7.654e-07,1.829e-07,)] [eta: 1:41:52, time (data): 2.675 (0.001)] l_pix: 2.7506e-02 
2025-11-25 18:06:37,391 INFO: [IART_..][epoch:  4, iter:  57,796, lr:(7.648e-07,1.828e-07,)] [eta: 1:41:49, time (data): 2.675 (0.001)] l_pix: 9.4737e-03 
2025-11-25 18:06:40,048 INFO: [IART_..][epoch:  4, iter:  57,797, lr:(7.642e-07,1.827e-07,)] [eta: 1:41:46, time (data): 2.675 (0.001)] l_pix: 2.9833e-02 
2025-11-25 18:06:42,796 INFO: [IART_..][epoch:  4, iter:  57,798, lr:(7.636e-07,1.827e-07,)] [eta: 1:41:44, time (data): 2.675 (0.001)] l_pix: 3.0037e-02 
2025-11-25 18:06:45,514 INFO: [IART_..][epoch:  4, iter:  57,799, lr:(7.630e-07,1.826e-07,)] [eta: 1:41:41, time (data): 2.676 (0.001)] l_pix: 1.2371e-02 
2025-11-25 18:06:48,135 INFO: [IART_..][epoch:  4, iter:  57,800, lr:(7.624e-07,1.825e-07,)] [eta: 1:41:38, time (data): 2.675 (0.001)] l_pix: 2.5363e-02 
2025-11-25 18:06:50,711 INFO: [IART_..][epoch:  4, iter:  57,801, lr:(7.618e-07,1.824e-07,)] [eta: 1:41:35, time (data): 2.675 (0.001)] l_pix: 8.5901e-03 
2025-11-25 18:06:53,479 INFO: [IART_..][epoch:  4, iter:  57,802, lr:(7.612e-07,1.824e-07,)] [eta: 1:41:32, time (data): 2.675 (0.001)] l_pix: 1.2965e-02 
2025-11-25 18:06:56,247 INFO: [IART_..][epoch:  4, iter:  57,803, lr:(7.606e-07,1.823e-07,)] [eta: 1:41:29, time (data): 2.676 (0.001)] l_pix: 2.0075e-02 
2025-11-25 18:06:58,918 INFO: [IART_..][epoch:  4, iter:  57,804, lr:(7.600e-07,1.822e-07,)] [eta: 1:41:27, time (data): 2.676 (0.001)] l_pix: 4.0752e-02 
2025-11-25 18:07:01,620 INFO: [IART_..][epoch:  4, iter:  57,805, lr:(7.594e-07,1.821e-07,)] [eta: 1:41:24, time (data): 2.676 (0.001)] l_pix: 1.9921e-02 
2025-11-25 18:07:04,385 INFO: [IART_..][epoch:  4, iter:  57,806, lr:(7.588e-07,1.821e-07,)] [eta: 1:41:21, time (data): 2.676 (0.001)] l_pix: 2.1069e-02 
2025-11-25 18:07:07,086 INFO: [IART_..][epoch:  4, iter:  57,807, lr:(7.582e-07,1.820e-07,)] [eta: 1:41:18, time (data): 2.676 (0.001)] l_pix: 1.9188e-02 
2025-11-25 18:07:09,804 INFO: [IART_..][epoch:  4, iter:  57,808, lr:(7.576e-07,1.819e-07,)] [eta: 1:41:15, time (data): 2.677 (0.001)] l_pix: 1.9178e-02 
2025-11-25 18:07:12,443 INFO: [IART_..][epoch:  4, iter:  57,809, lr:(7.570e-07,1.818e-07,)] [eta: 1:41:12, time (data): 2.676 (0.001)] l_pix: 1.8144e-02 
2025-11-25 18:07:15,286 INFO: [IART_..][epoch:  4, iter:  57,810, lr:(7.564e-07,1.818e-07,)] [eta: 1:41:10, time (data): 2.677 (0.001)] l_pix: 1.6950e-02 
2025-11-25 18:07:17,892 INFO: [IART_..][epoch:  4, iter:  57,811, lr:(7.558e-07,1.817e-07,)] [eta: 1:41:07, time (data): 2.677 (0.001)] l_pix: 2.2388e-02 
2025-11-25 18:07:20,470 INFO: [IART_..][epoch:  4, iter:  57,812, lr:(7.552e-07,1.816e-07,)] [eta: 1:41:04, time (data): 2.676 (0.001)] l_pix: 2.6059e-02 
2025-11-25 18:07:23,174 INFO: [IART_..][epoch:  4, iter:  57,813, lr:(7.546e-07,1.815e-07,)] [eta: 1:41:01, time (data): 2.677 (0.001)] l_pix: 2.4859e-02 
2025-11-25 18:07:25,847 INFO: [IART_..][epoch:  4, iter:  57,814, lr:(7.540e-07,1.815e-07,)] [eta: 1:40:58, time (data): 2.677 (0.002)] l_pix: 5.3121e-02 
2025-11-25 18:07:28,439 INFO: [IART_..][epoch:  4, iter:  57,815, lr:(7.534e-07,1.814e-07,)] [eta: 1:40:55, time (data): 2.592 (0.000)] l_pix: 2.2594e-02 
2025-11-25 18:07:31,222 INFO: [IART_..][epoch:  4, iter:  57,816, lr:(7.528e-07,1.813e-07,)] [eta: 1:40:52, time (data): 2.688 (0.000)] l_pix: 1.9988e-02 
2025-11-25 18:07:33,893 INFO: [IART_..][epoch:  4, iter:  57,817, lr:(7.522e-07,1.812e-07,)] [eta: 1:40:50, time (data): 2.682 (0.000)] l_pix: 9.4486e-03 
2025-11-25 18:07:36,564 INFO: [IART_..][epoch:  4, iter:  57,818, lr:(7.516e-07,1.812e-07,)] [eta: 1:40:47, time (data): 2.679 (0.000)] l_pix: 2.1428e-02 
2025-11-25 18:07:39,205 INFO: [IART_..][epoch:  4, iter:  57,819, lr:(7.510e-07,1.811e-07,)] [eta: 1:40:44, time (data): 2.672 (0.000)] l_pix: 1.7054e-02 
2025-11-25 18:07:41,898 INFO: [IART_..][epoch:  4, iter:  57,820, lr:(7.504e-07,1.810e-07,)] [eta: 1:40:41, time (data): 2.675 (0.000)] l_pix: 1.7956e-02 
2025-11-25 18:07:44,560 INFO: [IART_..][epoch:  4, iter:  57,821, lr:(7.498e-07,1.809e-07,)] [eta: 1:40:38, time (data): 2.673 (0.000)] l_pix: 1.3707e-02 
2025-11-25 18:07:47,354 INFO: [IART_..][epoch:  4, iter:  57,822, lr:(7.492e-07,1.809e-07,)] [eta: 1:40:35, time (data): 2.688 (0.000)] l_pix: 1.9906e-02 
2025-11-25 18:07:50,057 INFO: [IART_..][epoch:  4, iter:  57,823, lr:(7.486e-07,1.808e-07,)] [eta: 1:40:33, time (data): 2.690 (0.000)] l_pix: 2.5898e-02 
2025-11-25 18:07:52,635 INFO: [IART_..][epoch:  4, iter:  57,824, lr:(7.480e-07,1.807e-07,)] [eta: 1:40:30, time (data): 2.679 (0.000)] l_pix: 1.9654e-02 
2025-11-25 18:07:55,392 INFO: [IART_..][epoch:  4, iter:  57,825, lr:(7.474e-07,1.806e-07,)] [eta: 1:40:27, time (data): 2.686 (0.000)] l_pix: 1.2222e-02 
2025-11-25 18:07:58,011 INFO: [IART_..][epoch:  4, iter:  57,826, lr:(7.468e-07,1.806e-07,)] [eta: 1:40:24, time (data): 2.680 (0.000)] l_pix: 1.8228e-02 
2025-11-25 18:08:00,819 INFO: [IART_..][epoch:  4, iter:  57,827, lr:(7.463e-07,1.805e-07,)] [eta: 1:40:21, time (data): 2.690 (0.000)] l_pix: 2.2038e-02 
2025-11-25 18:08:03,517 INFO: [IART_..][epoch:  4, iter:  57,828, lr:(7.457e-07,1.804e-07,)] [eta: 1:40:18, time (data): 2.691 (0.000)] l_pix: 1.7388e-02 
2025-11-25 18:08:06,119 INFO: [IART_..][epoch:  4, iter:  57,829, lr:(7.451e-07,1.804e-07,)] [eta: 1:40:16, time (data): 2.685 (0.000)] l_pix: 3.1354e-02 
2025-11-25 18:08:08,762 INFO: [IART_..][epoch:  4, iter:  57,830, lr:(7.445e-07,1.803e-07,)] [eta: 1:40:13, time (data): 2.682 (0.000)] l_pix: 1.1819e-02 
2025-11-25 18:08:11,431 INFO: [IART_..][epoch:  4, iter:  57,831, lr:(7.439e-07,1.802e-07,)] [eta: 1:40:10, time (data): 2.681 (0.000)] l_pix: 2.5149e-02 
2025-11-25 18:08:14,081 INFO: [IART_..][epoch:  4, iter:  57,832, lr:(7.433e-07,1.801e-07,)] [eta: 1:40:07, time (data): 2.680 (0.000)] l_pix: 1.3117e-02 
2025-11-25 18:08:16,806 INFO: [IART_..][epoch:  4, iter:  57,833, lr:(7.427e-07,1.801e-07,)] [eta: 1:40:04, time (data): 2.682 (0.000)] l_pix: 2.7149e-02 
2025-11-25 18:08:19,616 INFO: [IART_..][epoch:  4, iter:  57,834, lr:(7.421e-07,1.800e-07,)] [eta: 1:40:01, time (data): 2.688 (0.000)] l_pix: 1.7344e-02 
2025-11-25 18:08:22,314 INFO: [IART_..][epoch:  4, iter:  57,835, lr:(7.415e-07,1.799e-07,)] [eta: 1:39:59, time (data): 2.689 (0.000)] l_pix: 2.0687e-02 
2025-11-25 18:08:24,913 INFO: [IART_..][epoch:  4, iter:  57,836, lr:(7.409e-07,1.798e-07,)] [eta: 1:39:56, time (data): 2.685 (0.000)] l_pix: 2.3499e-02 
2025-11-25 18:08:27,548 INFO: [IART_..][epoch:  4, iter:  57,837, lr:(7.403e-07,1.798e-07,)] [eta: 1:39:53, time (data): 2.683 (0.001)] l_pix: 2.5034e-02 
2025-11-25 18:08:30,193 INFO: [IART_..][epoch:  4, iter:  57,838, lr:(7.397e-07,1.797e-07,)] [eta: 1:39:50, time (data): 2.681 (0.001)] l_pix: 2.2179e-02 
2025-11-25 18:08:32,862 INFO: [IART_..][epoch:  4, iter:  57,839, lr:(7.391e-07,1.796e-07,)] [eta: 1:39:47, time (data): 2.681 (0.001)] l_pix: 1.5406e-02 
2025-11-25 18:08:35,524 INFO: [IART_..][epoch:  4, iter:  57,840, lr:(7.385e-07,1.795e-07,)] [eta: 1:39:44, time (data): 2.680 (0.001)] l_pix: 1.5082e-02 
2025-11-25 18:08:38,160 INFO: [IART_..][epoch:  4, iter:  57,841, lr:(7.380e-07,1.795e-07,)] [eta: 1:39:41, time (data): 2.678 (0.001)] l_pix: 2.6789e-02 
2025-11-25 18:08:40,873 INFO: [IART_..][epoch:  4, iter:  57,842, lr:(7.374e-07,1.794e-07,)] [eta: 1:39:39, time (data): 2.679 (0.001)] l_pix: 2.0611e-02 
2025-11-25 18:08:43,598 INFO: [IART_..][epoch:  4, iter:  57,843, lr:(7.368e-07,1.793e-07,)] [eta: 1:39:36, time (data): 2.681 (0.001)] l_pix: 1.8750e-02 
2025-11-25 18:08:46,298 INFO: [IART_..][epoch:  4, iter:  57,844, lr:(7.362e-07,1.792e-07,)] [eta: 1:39:33, time (data): 2.682 (0.001)] l_pix: 2.3626e-02 
2025-11-25 18:08:49,011 INFO: [IART_..][epoch:  4, iter:  57,845, lr:(7.356e-07,1.792e-07,)] [eta: 1:39:30, time (data): 2.683 (0.001)] l_pix: 2.5246e-02 
2025-11-25 18:08:51,661 INFO: [IART_..][epoch:  4, iter:  57,846, lr:(7.350e-07,1.791e-07,)] [eta: 1:39:27, time (data): 2.682 (0.001)] l_pix: 2.5112e-02 
2025-11-25 18:08:54,377 INFO: [IART_..][epoch:  4, iter:  57,847, lr:(7.344e-07,1.790e-07,)] [eta: 1:39:24, time (data): 2.683 (0.001)] l_pix: 1.4973e-02 
2025-11-25 18:08:56,927 INFO: [IART_..][epoch:  4, iter:  57,848, lr:(7.338e-07,1.790e-07,)] [eta: 1:39:21, time (data): 2.679 (0.001)] l_pix: 1.7614e-02 
2025-11-25 18:08:59,657 INFO: [IART_..][epoch:  4, iter:  57,849, lr:(7.332e-07,1.789e-07,)] [eta: 1:39:19, time (data): 2.680 (0.001)] l_pix: 1.8552e-02 
2025-11-25 18:09:02,258 INFO: [IART_..][epoch:  4, iter:  57,850, lr:(7.327e-07,1.788e-07,)] [eta: 1:39:16, time (data): 2.678 (0.001)] l_pix: 1.4002e-02 
2025-11-25 18:09:04,974 INFO: [IART_..][epoch:  4, iter:  57,851, lr:(7.321e-07,1.787e-07,)] [eta: 1:39:13, time (data): 2.679 (0.001)] l_pix: 3.1313e-02 
2025-11-25 18:09:07,622 INFO: [IART_..][epoch:  4, iter:  57,852, lr:(7.315e-07,1.787e-07,)] [eta: 1:39:10, time (data): 2.678 (0.001)] l_pix: 2.8182e-02 
2025-11-25 18:09:10,286 INFO: [IART_..][epoch:  4, iter:  57,853, lr:(7.309e-07,1.786e-07,)] [eta: 1:39:07, time (data): 2.678 (0.001)] l_pix: 1.5592e-02 
2025-11-25 18:09:13,068 INFO: [IART_..][epoch:  4, iter:  57,854, lr:(7.303e-07,1.785e-07,)] [eta: 1:39:04, time (data): 2.680 (0.001)] l_pix: 1.0146e-02 
2025-11-25 18:09:15,746 INFO: [IART_..][epoch:  4, iter:  57,855, lr:(7.297e-07,1.784e-07,)] [eta: 1:39:02, time (data): 2.680 (0.001)] l_pix: 2.2688e-02 
2025-11-25 18:09:18,381 INFO: [IART_..][epoch:  4, iter:  57,856, lr:(7.291e-07,1.784e-07,)] [eta: 1:38:59, time (data): 2.679 (0.001)] l_pix: 1.9250e-02 
2025-11-25 18:09:21,043 INFO: [IART_..][epoch:  4, iter:  57,857, lr:(7.285e-07,1.783e-07,)] [eta: 1:38:56, time (data): 2.679 (0.001)] l_pix: 2.0118e-02 
2025-11-25 18:09:23,619 INFO: [IART_..][epoch:  4, iter:  57,858, lr:(7.280e-07,1.782e-07,)] [eta: 1:38:53, time (data): 2.677 (0.001)] l_pix: 3.2768e-02 
2025-11-25 18:09:26,194 INFO: [IART_..][epoch:  4, iter:  57,859, lr:(7.274e-07,1.781e-07,)] [eta: 1:38:50, time (data): 2.674 (0.001)] l_pix: 2.5742e-02 
2025-11-25 18:09:28,965 INFO: [IART_..][epoch:  4, iter:  57,860, lr:(7.268e-07,1.781e-07,)] [eta: 1:38:47, time (data): 2.676 (0.001)] l_pix: 2.0245e-02 
2025-11-25 18:09:31,620 INFO: [IART_..][epoch:  4, iter:  57,861, lr:(7.262e-07,1.780e-07,)] [eta: 1:38:44, time (data): 2.676 (0.001)] l_pix: 2.1672e-02 
2025-11-25 18:09:34,288 INFO: [IART_..][epoch:  4, iter:  57,862, lr:(7.256e-07,1.779e-07,)] [eta: 1:38:42, time (data): 2.676 (0.002)] l_pix: 2.0251e-02 
2025-11-25 18:09:36,942 INFO: [IART_..][epoch:  4, iter:  57,863, lr:(7.250e-07,1.779e-07,)] [eta: 1:38:39, time (data): 2.675 (0.002)] l_pix: 2.2984e-02 
2025-11-25 18:09:39,593 INFO: [IART_..][epoch:  4, iter:  57,864, lr:(7.245e-07,1.778e-07,)] [eta: 1:38:36, time (data): 2.675 (0.002)] l_pix: 2.0442e-02 
2025-11-25 18:09:42,429 INFO: [IART_..][epoch:  4, iter:  57,865, lr:(7.239e-07,1.777e-07,)] [eta: 1:38:33, time (data): 2.678 (0.002)] l_pix: 1.8515e-02 
2025-11-25 18:09:45,127 INFO: [IART_..][epoch:  4, iter:  57,866, lr:(7.233e-07,1.776e-07,)] [eta: 1:38:30, time (data): 2.678 (0.002)] l_pix: 2.2475e-02 
2025-11-25 18:09:47,845 INFO: [IART_..][epoch:  4, iter:  57,867, lr:(7.227e-07,1.776e-07,)] [eta: 1:38:28, time (data): 2.679 (0.002)] l_pix: 1.1571e-02 
2025-11-25 18:09:50,570 INFO: [IART_..][epoch:  4, iter:  57,868, lr:(7.221e-07,1.775e-07,)] [eta: 1:38:25, time (data): 2.680 (0.002)] l_pix: 2.5808e-02 
2025-11-25 18:09:53,217 INFO: [IART_..][epoch:  4, iter:  57,869, lr:(7.215e-07,1.774e-07,)] [eta: 1:38:22, time (data): 2.679 (0.002)] l_pix: 2.1916e-02 
2025-11-25 18:09:55,808 INFO: [IART_..][epoch:  4, iter:  57,870, lr:(7.210e-07,1.773e-07,)] [eta: 1:38:19, time (data): 2.678 (0.002)] l_pix: 2.4509e-02 
2025-11-25 18:09:58,428 INFO: [IART_..][epoch:  4, iter:  57,871, lr:(7.204e-07,1.773e-07,)] [eta: 1:38:16, time (data): 2.677 (0.002)] l_pix: 2.1395e-02 
2025-11-25 18:10:01,049 INFO: [IART_..][epoch:  4, iter:  57,872, lr:(7.198e-07,1.772e-07,)] [eta: 1:38:13, time (data): 2.676 (0.002)] l_pix: 7.9588e-03 
2025-11-25 18:10:03,681 INFO: [IART_..][epoch:  4, iter:  57,873, lr:(7.192e-07,1.771e-07,)] [eta: 1:38:10, time (data): 2.675 (0.002)] l_pix: 1.6232e-02 
2025-11-25 18:10:06,422 INFO: [IART_..][epoch:  4, iter:  57,874, lr:(7.186e-07,1.771e-07,)] [eta: 1:38:08, time (data): 2.676 (0.002)] l_pix: 2.6388e-02 
2025-11-25 18:10:09,061 INFO: [IART_..][epoch:  4, iter:  57,875, lr:(7.180e-07,1.770e-07,)] [eta: 1:38:05, time (data): 2.676 (0.002)] l_pix: 2.0358e-02 
2025-11-25 18:10:11,835 INFO: [IART_..][epoch:  4, iter:  57,876, lr:(7.175e-07,1.769e-07,)] [eta: 1:38:02, time (data): 2.677 (0.002)] l_pix: 1.8609e-02 
2025-11-25 18:10:14,421 INFO: [IART_..][epoch:  4, iter:  57,877, lr:(7.169e-07,1.768e-07,)] [eta: 1:37:59, time (data): 2.676 (0.002)] l_pix: 1.2817e-02 
2025-11-25 18:10:17,087 INFO: [IART_..][epoch:  4, iter:  57,878, lr:(7.163e-07,1.768e-07,)] [eta: 1:37:56, time (data): 2.676 (0.002)] l_pix: 1.6871e-02 
2025-11-25 18:10:19,848 INFO: [IART_..][epoch:  4, iter:  57,879, lr:(7.157e-07,1.767e-07,)] [eta: 1:37:53, time (data): 2.677 (0.002)] l_pix: 2.5134e-02 
2025-11-25 18:10:22,471 INFO: [IART_..][epoch:  4, iter:  57,880, lr:(7.151e-07,1.766e-07,)] [eta: 1:37:50, time (data): 2.676 (0.002)] l_pix: 2.4061e-02 
2025-11-25 18:10:25,180 INFO: [IART_..][epoch:  4, iter:  57,881, lr:(7.146e-07,1.766e-07,)] [eta: 1:37:48, time (data): 2.677 (0.002)] l_pix: 7.3540e-03 
2025-11-25 18:10:27,783 INFO: [IART_..][epoch:  4, iter:  57,882, lr:(7.140e-07,1.765e-07,)] [eta: 1:37:45, time (data): 2.675 (0.002)] l_pix: 2.7241e-02 
2025-11-25 18:10:30,481 INFO: [IART_..][epoch:  4, iter:  57,883, lr:(7.134e-07,1.764e-07,)] [eta: 1:37:42, time (data): 2.676 (0.002)] l_pix: 1.6461e-02 
2025-11-25 18:10:33,163 INFO: [IART_..][epoch:  4, iter:  57,884, lr:(7.128e-07,1.763e-07,)] [eta: 1:37:39, time (data): 2.676 (0.002)] l_pix: 2.9703e-02 
2025-11-25 18:10:35,888 INFO: [IART_..][epoch:  4, iter:  57,885, lr:(7.122e-07,1.763e-07,)] [eta: 1:37:36, time (data): 2.677 (0.002)] l_pix: 2.5504e-02 
2025-11-25 18:10:38,482 INFO: [IART_..][epoch:  4, iter:  57,886, lr:(7.117e-07,1.762e-07,)] [eta: 1:37:33, time (data): 2.675 (0.002)] l_pix: 1.2401e-02 
2025-11-25 18:10:41,125 INFO: [IART_..][epoch:  4, iter:  57,887, lr:(7.111e-07,1.761e-07,)] [eta: 1:37:31, time (data): 2.675 (0.002)] l_pix: 8.8062e-03 
2025-11-25 18:10:43,822 INFO: [IART_..][epoch:  4, iter:  57,888, lr:(7.105e-07,1.760e-07,)] [eta: 1:37:28, time (data): 2.675 (0.002)] l_pix: 2.0245e-02 
2025-11-25 18:10:46,377 INFO: [IART_..][epoch:  4, iter:  57,889, lr:(7.099e-07,1.760e-07,)] [eta: 1:37:25, time (data): 2.674 (0.002)] l_pix: 2.7116e-02 
2025-11-25 18:10:49,119 INFO: [IART_..][epoch:  4, iter:  57,890, lr:(7.094e-07,1.759e-07,)] [eta: 1:37:22, time (data): 2.675 (0.002)] l_pix: 2.9271e-02 
2025-11-25 18:10:51,711 INFO: [IART_..][epoch:  4, iter:  57,891, lr:(7.088e-07,1.758e-07,)] [eta: 1:37:19, time (data): 2.673 (0.002)] l_pix: 2.7282e-02 
2025-11-25 18:10:54,400 INFO: [IART_..][epoch:  4, iter:  57,892, lr:(7.082e-07,1.758e-07,)] [eta: 1:37:16, time (data): 2.674 (0.002)] l_pix: 2.0281e-02 
2025-11-25 18:10:57,054 INFO: [IART_..][epoch:  4, iter:  57,893, lr:(7.076e-07,1.757e-07,)] [eta: 1:37:13, time (data): 2.673 (0.002)] l_pix: 3.4084e-02 
2025-11-25 18:10:59,778 INFO: [IART_..][epoch:  4, iter:  57,894, lr:(7.071e-07,1.756e-07,)] [eta: 1:37:11, time (data): 2.674 (0.002)] l_pix: 2.5449e-02 
2025-11-25 18:11:02,411 INFO: [IART_..][epoch:  4, iter:  57,895, lr:(7.065e-07,1.755e-07,)] [eta: 1:37:08, time (data): 2.674 (0.002)] l_pix: 1.6707e-02 
2025-11-25 18:11:05,142 INFO: [IART_..][epoch:  4, iter:  57,896, lr:(7.059e-07,1.755e-07,)] [eta: 1:37:05, time (data): 2.674 (0.002)] l_pix: 1.6698e-02 
2025-11-25 18:11:07,867 INFO: [IART_..][epoch:  4, iter:  57,897, lr:(7.053e-07,1.754e-07,)] [eta: 1:37:02, time (data): 2.675 (0.002)] l_pix: 2.5053e-02 
2025-11-25 18:11:10,544 INFO: [IART_..][epoch:  4, iter:  57,898, lr:(7.048e-07,1.753e-07,)] [eta: 1:36:59, time (data): 2.675 (0.002)] l_pix: 1.8078e-02 
2025-11-25 18:11:13,137 INFO: [IART_..][epoch:  4, iter:  57,899, lr:(7.042e-07,1.753e-07,)] [eta: 1:36:56, time (data): 2.674 (0.002)] l_pix: 1.0535e-02 
2025-11-25 18:11:15,896 INFO: [IART_..][epoch:  4, iter:  57,900, lr:(7.036e-07,1.752e-07,)] [eta: 1:36:54, time (data): 2.675 (0.002)] l_pix: 1.7162e-02 
2025-11-25 18:11:18,460 INFO: [IART_..][epoch:  4, iter:  57,901, lr:(7.030e-07,1.751e-07,)] [eta: 1:36:51, time (data): 2.674 (0.002)] l_pix: 1.9112e-02 
2025-11-25 18:11:21,089 INFO: [IART_..][epoch:  4, iter:  57,902, lr:(7.025e-07,1.750e-07,)] [eta: 1:36:48, time (data): 2.673 (0.002)] l_pix: 1.7547e-02 
2025-11-25 18:11:23,694 INFO: [IART_..][epoch:  4, iter:  57,903, lr:(7.019e-07,1.750e-07,)] [eta: 1:36:45, time (data): 2.672 (0.002)] l_pix: 1.5502e-02 
2025-11-25 18:11:26,346 INFO: [IART_..][epoch:  4, iter:  57,904, lr:(7.013e-07,1.749e-07,)] [eta: 1:36:42, time (data): 2.672 (0.002)] l_pix: 2.5739e-02 
2025-11-25 18:11:29,155 INFO: [IART_..][epoch:  4, iter:  57,905, lr:(7.007e-07,1.748e-07,)] [eta: 1:36:39, time (data): 2.674 (0.002)] l_pix: 2.0571e-02 
2025-11-25 18:11:31,882 INFO: [IART_..][epoch:  4, iter:  57,906, lr:(7.002e-07,1.748e-07,)] [eta: 1:36:37, time (data): 2.674 (0.002)] l_pix: 2.0806e-02 
2025-11-25 18:11:34,639 INFO: [IART_..][epoch:  4, iter:  57,907, lr:(6.996e-07,1.747e-07,)] [eta: 1:36:34, time (data): 2.675 (0.002)] l_pix: 1.4508e-02 
2025-11-25 18:11:37,371 INFO: [IART_..][epoch:  4, iter:  57,908, lr:(6.990e-07,1.746e-07,)] [eta: 1:36:31, time (data): 2.676 (0.002)] l_pix: 2.3182e-02 
2025-11-25 18:11:40,005 INFO: [IART_..][epoch:  4, iter:  57,909, lr:(6.984e-07,1.745e-07,)] [eta: 1:36:28, time (data): 2.675 (0.002)] l_pix: 3.0024e-02 
2025-11-25 18:11:42,695 INFO: [IART_..][epoch:  4, iter:  57,910, lr:(6.979e-07,1.745e-07,)] [eta: 1:36:25, time (data): 2.675 (0.002)] l_pix: 3.2613e-02 
2025-11-25 18:11:45,350 INFO: [IART_..][epoch:  4, iter:  57,911, lr:(6.973e-07,1.744e-07,)] [eta: 1:36:22, time (data): 2.675 (0.002)] l_pix: 2.1723e-02 
2025-11-25 18:11:48,086 INFO: [IART_..][epoch:  4, iter:  57,912, lr:(6.967e-07,1.743e-07,)] [eta: 1:36:20, time (data): 2.676 (0.002)] l_pix: 1.2146e-02 
2025-11-25 18:11:50,743 INFO: [IART_..][epoch:  4, iter:  57,913, lr:(6.962e-07,1.743e-07,)] [eta: 1:36:17, time (data): 2.676 (0.002)] l_pix: 2.4221e-02 
2025-11-25 18:11:53,386 INFO: [IART_..][epoch:  4, iter:  57,914, lr:(6.956e-07,1.742e-07,)] [eta: 1:36:14, time (data): 2.675 (0.002)] l_pix: 1.4371e-02 
2025-11-25 18:11:56,056 INFO: [IART_..][epoch:  4, iter:  57,915, lr:(6.950e-07,1.741e-07,)] [eta: 1:36:11, time (data): 2.675 (0.002)] l_pix: 9.5972e-03 
2025-11-25 18:11:58,648 INFO: [IART_..][epoch:  4, iter:  57,916, lr:(6.944e-07,1.740e-07,)] [eta: 1:36:08, time (data): 2.674 (0.002)] l_pix: 2.3272e-02 
2025-11-25 18:12:01,380 INFO: [IART_..][epoch:  4, iter:  57,917, lr:(6.939e-07,1.740e-07,)] [eta: 1:36:05, time (data): 2.675 (0.002)] l_pix: 1.9804e-02 
2025-11-25 18:12:04,100 INFO: [IART_..][epoch:  4, iter:  57,918, lr:(6.933e-07,1.739e-07,)] [eta: 1:36:03, time (data): 2.675 (0.002)] l_pix: 1.8061e-02 
2025-11-25 18:12:06,770 INFO: [IART_..][epoch:  4, iter:  57,919, lr:(6.927e-07,1.738e-07,)] [eta: 1:36:00, time (data): 2.675 (0.002)] l_pix: 1.5815e-02 
2025-11-25 18:12:09,408 INFO: [IART_..][epoch:  4, iter:  57,920, lr:(6.922e-07,1.738e-07,)] [eta: 1:35:57, time (data): 2.675 (0.002)] l_pix: 2.0820e-02 
2025-11-25 18:12:12,000 INFO: [IART_..][epoch:  4, iter:  57,921, lr:(6.916e-07,1.737e-07,)] [eta: 1:35:54, time (data): 2.674 (0.002)] l_pix: 1.2759e-02 
2025-11-25 18:12:14,730 INFO: [IART_..][epoch:  4, iter:  57,922, lr:(6.910e-07,1.736e-07,)] [eta: 1:35:51, time (data): 2.675 (0.002)] l_pix: 2.2885e-02 
2025-11-25 18:12:17,389 INFO: [IART_..][epoch:  4, iter:  57,923, lr:(6.905e-07,1.735e-07,)] [eta: 1:35:48, time (data): 2.675 (0.002)] l_pix: 2.0328e-02 
2025-11-25 18:12:20,059 INFO: [IART_..][epoch:  4, iter:  57,924, lr:(6.899e-07,1.735e-07,)] [eta: 1:35:45, time (data): 2.675 (0.002)] l_pix: 3.6421e-02 
2025-11-25 18:12:22,761 INFO: [IART_..][epoch:  4, iter:  57,925, lr:(6.893e-07,1.734e-07,)] [eta: 1:35:43, time (data): 2.675 (0.002)] l_pix: 1.1675e-02 
2025-11-25 18:12:25,353 INFO: [IART_..][epoch:  4, iter:  57,926, lr:(6.888e-07,1.733e-07,)] [eta: 1:35:40, time (data): 2.674 (0.002)] l_pix: 2.6072e-02 
2025-11-25 18:12:28,167 INFO: [IART_..][epoch:  4, iter:  57,927, lr:(6.882e-07,1.733e-07,)] [eta: 1:35:37, time (data): 2.675 (0.002)] l_pix: 2.2941e-02 
2025-11-25 18:12:30,916 INFO: [IART_..][epoch:  4, iter:  57,928, lr:(6.876e-07,1.732e-07,)] [eta: 1:35:34, time (data): 2.676 (0.002)] l_pix: 1.5739e-02 
2025-11-25 18:12:33,556 INFO: [IART_..][epoch:  4, iter:  57,929, lr:(6.871e-07,1.731e-07,)] [eta: 1:35:31, time (data): 2.676 (0.002)] l_pix: 7.9324e-03 
2025-11-25 18:12:36,311 INFO: [IART_..][epoch:  4, iter:  57,930, lr:(6.865e-07,1.731e-07,)] [eta: 1:35:29, time (data): 2.676 (0.002)] l_pix: 1.5530e-02 
2025-11-25 18:12:38,963 INFO: [IART_..][epoch:  4, iter:  57,931, lr:(6.859e-07,1.730e-07,)] [eta: 1:35:26, time (data): 2.676 (0.002)] l_pix: 1.3376e-02 
2025-11-25 18:12:41,598 INFO: [IART_..][epoch:  4, iter:  57,932, lr:(6.854e-07,1.729e-07,)] [eta: 1:35:23, time (data): 2.676 (0.002)] l_pix: 2.8882e-02 
2025-11-25 18:12:44,426 INFO: [IART_..][epoch:  4, iter:  57,933, lr:(6.848e-07,1.728e-07,)] [eta: 1:35:20, time (data): 2.677 (0.002)] l_pix: 1.4379e-02 
2025-11-25 18:12:47,122 INFO: [IART_..][epoch:  4, iter:  57,934, lr:(6.842e-07,1.728e-07,)] [eta: 1:35:17, time (data): 2.677 (0.002)] l_pix: 3.4917e-02 
2025-11-25 18:12:49,817 INFO: [IART_..][epoch:  4, iter:  57,935, lr:(6.837e-07,1.727e-07,)] [eta: 1:35:15, time (data): 2.677 (0.002)] l_pix: 3.6311e-02 
2025-11-25 18:12:52,490 INFO: [IART_..][epoch:  4, iter:  57,936, lr:(6.831e-07,1.726e-07,)] [eta: 1:35:12, time (data): 2.677 (0.002)] l_pix: 1.3794e-02 
2025-11-25 18:12:55,224 INFO: [IART_..][epoch:  4, iter:  57,937, lr:(6.825e-07,1.726e-07,)] [eta: 1:35:09, time (data): 2.678 (0.002)] l_pix: 1.0977e-02 
2025-11-25 18:12:57,847 INFO: [IART_..][epoch:  4, iter:  57,938, lr:(6.820e-07,1.725e-07,)] [eta: 1:35:06, time (data): 2.677 (0.002)] l_pix: 3.2221e-02 
2025-11-25 18:13:00,568 INFO: [IART_..][epoch:  4, iter:  57,939, lr:(6.814e-07,1.724e-07,)] [eta: 1:35:03, time (data): 2.678 (0.002)] l_pix: 2.3098e-02 
2025-11-25 18:13:03,198 INFO: [IART_..][epoch:  4, iter:  57,940, lr:(6.808e-07,1.724e-07,)] [eta: 1:35:00, time (data): 2.677 (0.002)] l_pix: 1.9766e-02 
2025-11-25 18:13:05,822 INFO: [IART_..][epoch:  4, iter:  57,941, lr:(6.803e-07,1.723e-07,)] [eta: 1:34:58, time (data): 2.677 (0.002)] l_pix: 9.6320e-03 
2025-11-25 18:13:08,463 INFO: [IART_..][epoch:  4, iter:  57,942, lr:(6.797e-07,1.722e-07,)] [eta: 1:34:55, time (data): 2.677 (0.002)] l_pix: 1.2917e-02 
2025-11-25 18:13:11,042 INFO: [IART_..][epoch:  4, iter:  57,943, lr:(6.792e-07,1.721e-07,)] [eta: 1:34:52, time (data): 2.676 (0.002)] l_pix: 1.7910e-02 
2025-11-25 18:13:13,883 INFO: [IART_..][epoch:  4, iter:  57,944, lr:(6.786e-07,1.721e-07,)] [eta: 1:34:49, time (data): 2.677 (0.002)] l_pix: 1.1878e-02 
2025-11-25 18:13:16,449 INFO: [IART_..][epoch:  4, iter:  57,945, lr:(6.780e-07,1.720e-07,)] [eta: 1:34:46, time (data): 2.676 (0.002)] l_pix: 3.5683e-02 
2025-11-25 18:13:19,126 INFO: [IART_..][epoch:  4, iter:  57,946, lr:(6.775e-07,1.719e-07,)] [eta: 1:34:43, time (data): 2.676 (0.002)] l_pix: 1.4553e-02 
2025-11-25 18:13:21,792 INFO: [IART_..][epoch:  4, iter:  57,947, lr:(6.769e-07,1.719e-07,)] [eta: 1:34:40, time (data): 2.676 (0.002)] l_pix: 1.8803e-02 
2025-11-25 18:13:24,409 INFO: [IART_..][epoch:  4, iter:  57,948, lr:(6.764e-07,1.718e-07,)] [eta: 1:34:38, time (data): 2.676 (0.002)] l_pix: 1.8944e-02 
2025-11-25 18:13:27,082 INFO: [IART_..][epoch:  4, iter:  57,949, lr:(6.758e-07,1.717e-07,)] [eta: 1:34:35, time (data): 2.676 (0.002)] l_pix: 3.6449e-02 
2025-11-25 18:13:29,732 INFO: [IART_..][epoch:  4, iter:  57,950, lr:(6.752e-07,1.717e-07,)] [eta: 1:34:32, time (data): 2.676 (0.002)] l_pix: 2.7825e-02 
2025-11-25 18:13:32,463 INFO: [IART_..][epoch:  4, iter:  57,951, lr:(6.747e-07,1.716e-07,)] [eta: 1:34:29, time (data): 2.676 (0.002)] l_pix: 2.3004e-02 
2025-11-25 18:13:35,108 INFO: [IART_..][epoch:  4, iter:  57,952, lr:(6.741e-07,1.715e-07,)] [eta: 1:34:26, time (data): 2.676 (0.002)] l_pix: 2.0267e-02 
2025-11-25 18:13:37,726 INFO: [IART_..][epoch:  4, iter:  57,953, lr:(6.735e-07,1.714e-07,)] [eta: 1:34:23, time (data): 2.675 (0.002)] l_pix: 1.2170e-02 
2025-11-25 18:13:40,359 INFO: [IART_..][epoch:  4, iter:  57,954, lr:(6.730e-07,1.714e-07,)] [eta: 1:34:21, time (data): 2.675 (0.002)] l_pix: 1.4212e-02 
2025-11-25 18:13:43,079 INFO: [IART_..][epoch:  4, iter:  57,955, lr:(6.724e-07,1.713e-07,)] [eta: 1:34:18, time (data): 2.675 (0.002)] l_pix: 1.8791e-02 
2025-11-25 18:13:45,770 INFO: [IART_..][epoch:  4, iter:  57,956, lr:(6.719e-07,1.712e-07,)] [eta: 1:34:15, time (data): 2.675 (0.002)] l_pix: 2.9801e-02 
2025-11-25 18:13:48,368 INFO: [IART_..][epoch:  4, iter:  57,957, lr:(6.713e-07,1.712e-07,)] [eta: 1:34:12, time (data): 2.675 (0.002)] l_pix: 2.3806e-02 
2025-11-25 18:13:51,193 INFO: [IART_..][epoch:  4, iter:  57,958, lr:(6.708e-07,1.711e-07,)] [eta: 1:34:09, time (data): 2.676 (0.002)] l_pix: 2.5172e-02 
2025-11-25 18:13:54,458 INFO: [IART_..][epoch:  4, iter:  57,959, lr:(6.702e-07,1.710e-07,)] [eta: 1:34:07, time (data): 2.680 (0.002)] l_pix: 2.0657e-02 
2025-11-25 18:13:57,507 INFO: [IART_..][epoch:  4, iter:  57,960, lr:(6.696e-07,1.710e-07,)] [eta: 1:34:04, time (data): 2.683 (0.002)] l_pix: 3.2041e-02 
2025-11-25 18:14:00,441 INFO: [IART_..][epoch:  4, iter:  57,961, lr:(6.691e-07,1.709e-07,)] [eta: 1:34:02, time (data): 2.684 (0.002)] l_pix: 1.9123e-02 
2025-11-25 18:14:04,281 INFO: [IART_..][epoch:  4, iter:  57,962, lr:(6.685e-07,1.708e-07,)] [eta: 1:34:00, time (data): 2.692 (0.002)] l_pix: 2.4116e-02 
2025-11-25 18:14:07,324 INFO: [IART_..][epoch:  4, iter:  57,963, lr:(6.680e-07,1.707e-07,)] [eta: 1:33:57, time (data): 2.694 (0.002)] l_pix: 1.5365e-02 
2025-11-25 18:14:10,325 INFO: [IART_..][epoch:  4, iter:  57,964, lr:(6.674e-07,1.707e-07,)] [eta: 1:33:54, time (data): 2.696 (0.002)] l_pix: 2.4959e-02 
2025-11-25 18:14:13,316 INFO: [IART_..][epoch:  4, iter:  57,965, lr:(6.668e-07,1.706e-07,)] [eta: 1:33:52, time (data): 2.698 (0.002)] l_pix: 1.4986e-02 
2025-11-25 18:14:16,272 INFO: [IART_..][epoch:  4, iter:  57,966, lr:(6.663e-07,1.705e-07,)] [eta: 1:33:49, time (data): 2.700 (0.002)] l_pix: 2.0354e-02 
2025-11-25 18:14:19,288 INFO: [IART_..][epoch:  4, iter:  57,967, lr:(6.657e-07,1.705e-07,)] [eta: 1:33:47, time (data): 2.702 (0.002)] l_pix: 1.4585e-02 
2025-11-25 18:14:22,216 INFO: [IART_..][epoch:  4, iter:  57,968, lr:(6.652e-07,1.704e-07,)] [eta: 1:33:44, time (data): 2.704 (0.002)] l_pix: 3.0089e-02 
2025-11-25 18:14:25,164 INFO: [IART_..][epoch:  4, iter:  57,969, lr:(6.646e-07,1.703e-07,)] [eta: 1:33:41, time (data): 2.705 (0.002)] l_pix: 2.9761e-02 
2025-11-25 18:14:28,046 INFO: [IART_..][epoch:  4, iter:  57,970, lr:(6.641e-07,1.703e-07,)] [eta: 1:33:39, time (data): 2.706 (0.002)] l_pix: 1.4572e-02 
2025-11-25 18:14:30,938 INFO: [IART_..][epoch:  4, iter:  57,971, lr:(6.635e-07,1.702e-07,)] [eta: 1:33:36, time (data): 2.707 (0.002)] l_pix: 1.4634e-02 
2025-11-25 18:14:33,778 INFO: [IART_..][epoch:  4, iter:  57,972, lr:(6.630e-07,1.701e-07,)] [eta: 1:33:33, time (data): 2.708 (0.002)] l_pix: 1.6676e-02 
2025-11-25 18:14:36,642 INFO: [IART_..][epoch:  4, iter:  57,973, lr:(6.624e-07,1.701e-07,)] [eta: 1:33:30, time (data): 2.709 (0.002)] l_pix: 2.8052e-02 
2025-11-25 18:14:39,506 INFO: [IART_..][epoch:  4, iter:  57,974, lr:(6.619e-07,1.700e-07,)] [eta: 1:33:28, time (data): 2.710 (0.002)] l_pix: 3.3194e-02 
2025-11-25 18:14:42,440 INFO: [IART_..][epoch:  4, iter:  57,975, lr:(6.613e-07,1.699e-07,)] [eta: 1:33:25, time (data): 2.712 (0.002)] l_pix: 1.9280e-02 
2025-11-25 18:14:45,472 INFO: [IART_..][epoch:  4, iter:  57,976, lr:(6.607e-07,1.698e-07,)] [eta: 1:33:22, time (data): 2.714 (0.002)] l_pix: 2.5383e-02 
2025-11-25 18:14:48,406 INFO: [IART_..][epoch:  4, iter:  57,977, lr:(6.602e-07,1.698e-07,)] [eta: 1:33:20, time (data): 2.715 (0.002)] l_pix: 2.0035e-02 
2025-11-25 18:14:51,305 INFO: [IART_..][epoch:  4, iter:  57,978, lr:(6.596e-07,1.697e-07,)] [eta: 1:33:17, time (data): 2.716 (0.002)] l_pix: 2.3620e-02 
2025-11-25 18:14:54,241 INFO: [IART_..][epoch:  4, iter:  57,979, lr:(6.591e-07,1.696e-07,)] [eta: 1:33:14, time (data): 2.717 (0.002)] l_pix: 1.5055e-02 
2025-11-25 18:14:57,196 INFO: [IART_..][epoch:  4, iter:  57,980, lr:(6.585e-07,1.696e-07,)] [eta: 1:33:12, time (data): 2.719 (0.002)] l_pix: 3.6947e-02 
2025-11-25 18:15:00,189 INFO: [IART_..][epoch:  4, iter:  57,981, lr:(6.580e-07,1.695e-07,)] [eta: 1:33:09, time (data): 2.720 (0.002)] l_pix: 1.0778e-02 
2025-11-25 18:15:03,141 INFO: [IART_..][epoch:  4, iter:  57,982, lr:(6.574e-07,1.694e-07,)] [eta: 1:33:07, time (data): 2.722 (0.002)] l_pix: 2.6644e-02 
2025-11-25 18:15:05,986 INFO: [IART_..][epoch:  4, iter:  57,983, lr:(6.569e-07,1.694e-07,)] [eta: 1:33:04, time (data): 2.723 (0.002)] l_pix: 1.9787e-02 
2025-11-25 18:15:08,828 INFO: [IART_..][epoch:  4, iter:  57,984, lr:(6.563e-07,1.693e-07,)] [eta: 1:33:01, time (data): 2.723 (0.002)] l_pix: 2.1559e-02 
2025-11-25 18:15:11,750 INFO: [IART_..][epoch:  4, iter:  57,985, lr:(6.558e-07,1.692e-07,)] [eta: 1:32:58, time (data): 2.724 (0.002)] l_pix: 9.3053e-03 
2025-11-25 18:15:14,606 INFO: [IART_..][epoch:  4, iter:  57,986, lr:(6.552e-07,1.692e-07,)] [eta: 1:32:56, time (data): 2.725 (0.002)] l_pix: 2.7522e-02 
2025-11-25 18:15:17,533 INFO: [IART_..][epoch:  4, iter:  57,987, lr:(6.547e-07,1.691e-07,)] [eta: 1:32:53, time (data): 2.726 (0.002)] l_pix: 1.0400e-02 
2025-11-25 18:15:20,382 INFO: [IART_..][epoch:  4, iter:  57,988, lr:(6.541e-07,1.690e-07,)] [eta: 1:32:50, time (data): 2.727 (0.002)] l_pix: 2.6364e-02 
2025-11-25 18:15:23,239 INFO: [IART_..][epoch:  4, iter:  57,989, lr:(6.536e-07,1.690e-07,)] [eta: 1:32:48, time (data): 2.728 (0.002)] l_pix: 2.0556e-02 
2025-11-25 18:15:26,163 INFO: [IART_..][epoch:  4, iter:  57,990, lr:(6.530e-07,1.689e-07,)] [eta: 1:32:45, time (data): 2.729 (0.002)] l_pix: 3.2921e-02 
2025-11-25 18:15:29,066 INFO: [IART_..][epoch:  4, iter:  57,991, lr:(6.525e-07,1.688e-07,)] [eta: 1:32:42, time (data): 2.730 (0.002)] l_pix: 1.7216e-02 
2025-11-25 18:15:31,871 INFO: [IART_..][epoch:  4, iter:  57,992, lr:(6.519e-07,1.687e-07,)] [eta: 1:32:40, time (data): 2.730 (0.002)] l_pix: 1.8542e-02 
2025-11-25 18:15:35,027 INFO: [IART_..][epoch:  4, iter:  57,993, lr:(6.514e-07,1.687e-07,)] [eta: 1:32:37, time (data): 2.733 (0.002)] l_pix: 1.3831e-02 
2025-11-25 18:15:37,888 INFO: [IART_..][epoch:  4, iter:  57,994, lr:(6.508e-07,1.686e-07,)] [eta: 1:32:34, time (data): 2.733 (0.002)] l_pix: 1.4928e-02 
2025-11-25 18:15:41,058 INFO: [IART_..][epoch:  4, iter:  57,995, lr:(6.503e-07,1.685e-07,)] [eta: 1:32:32, time (data): 2.736 (0.002)] l_pix: 2.8436e-02 
2025-11-25 18:15:44,141 INFO: [IART_..][epoch:  4, iter:  57,996, lr:(6.497e-07,1.685e-07,)] [eta: 1:32:29, time (data): 2.738 (0.002)] l_pix: 1.3538e-02 
2025-11-25 18:15:47,161 INFO: [IART_..][epoch:  4, iter:  57,997, lr:(6.492e-07,1.684e-07,)] [eta: 1:32:27, time (data): 2.739 (0.002)] l_pix: 2.1049e-02 
2025-11-25 18:15:50,088 INFO: [IART_..][epoch:  4, iter:  57,998, lr:(6.486e-07,1.683e-07,)] [eta: 1:32:24, time (data): 2.740 (0.002)] l_pix: 1.0759e-02 
2025-11-25 18:15:52,979 INFO: [IART_..][epoch:  4, iter:  57,999, lr:(6.481e-07,1.683e-07,)] [eta: 1:32:21, time (data): 2.741 (0.002)] l_pix: 2.0095e-02 
2025-11-25 18:15:55,939 INFO: [IART_..][epoch:  4, iter:  58,000, lr:(6.475e-07,1.682e-07,)] [eta: 1:32:19, time (data): 2.742 (0.002)] l_pix: 1.9144e-02 
2025-11-25 18:15:58,821 INFO: [IART_..][epoch:  4, iter:  58,001, lr:(6.470e-07,1.681e-07,)] [eta: 1:32:16, time (data): 2.743 (0.002)] l_pix: 1.9999e-02 
2025-11-25 18:16:01,796 INFO: [IART_..][epoch:  4, iter:  58,002, lr:(6.464e-07,1.681e-07,)] [eta: 1:32:13, time (data): 2.744 (0.002)] l_pix: 3.1806e-02 
2025-11-25 18:16:04,666 INFO: [IART_..][epoch:  4, iter:  58,003, lr:(6.459e-07,1.680e-07,)] [eta: 1:32:11, time (data): 2.745 (0.002)] l_pix: 1.3556e-02 
2025-11-25 18:16:07,596 INFO: [IART_..][epoch:  4, iter:  58,004, lr:(6.454e-07,1.679e-07,)] [eta: 1:32:08, time (data): 2.746 (0.002)] l_pix: 1.8298e-02 
2025-11-25 18:16:10,426 INFO: [IART_..][epoch:  4, iter:  58,005, lr:(6.448e-07,1.679e-07,)] [eta: 1:32:05, time (data): 2.746 (0.002)] l_pix: 3.3519e-02 
2025-11-25 18:16:13,306 INFO: [IART_..][epoch:  4, iter:  58,006, lr:(6.443e-07,1.678e-07,)] [eta: 1:32:03, time (data): 2.747 (0.002)] l_pix: 2.3624e-02 
2025-11-25 18:16:16,242 INFO: [IART_..][epoch:  4, iter:  58,007, lr:(6.437e-07,1.677e-07,)] [eta: 1:32:00, time (data): 2.748 (0.002)] l_pix: 1.7982e-02 
2025-11-25 18:16:19,163 INFO: [IART_..][epoch:  4, iter:  58,008, lr:(6.432e-07,1.677e-07,)] [eta: 1:31:57, time (data): 2.749 (0.002)] l_pix: 2.1351e-02 
2025-11-25 18:16:22,074 INFO: [IART_..][epoch:  4, iter:  58,009, lr:(6.426e-07,1.676e-07,)] [eta: 1:31:55, time (data): 2.750 (0.002)] l_pix: 9.8823e-03 
2025-11-25 18:16:25,046 INFO: [IART_..][epoch:  4, iter:  58,010, lr:(6.421e-07,1.675e-07,)] [eta: 1:31:52, time (data): 2.751 (0.002)] l_pix: 2.0204e-02 
2025-11-25 18:16:28,002 INFO: [IART_..][epoch:  4, iter:  58,011, lr:(6.415e-07,1.675e-07,)] [eta: 1:31:49, time (data): 2.752 (0.002)] l_pix: 2.6671e-02 
2025-11-25 18:16:30,895 INFO: [IART_..][epoch:  4, iter:  58,012, lr:(6.410e-07,1.674e-07,)] [eta: 1:31:47, time (data): 2.753 (0.002)] l_pix: 1.0353e-02 
2025-11-25 18:16:33,839 INFO: [IART_..][epoch:  4, iter:  58,013, lr:(6.404e-07,1.673e-07,)] [eta: 1:31:44, time (data): 2.754 (0.002)] l_pix: 9.7905e-03 
2025-11-25 18:16:36,899 INFO: [IART_..][epoch:  4, iter:  58,014, lr:(6.399e-07,1.673e-07,)] [eta: 1:31:41, time (data): 2.755 (0.002)] l_pix: 2.6766e-02 
2025-11-25 18:16:39,788 INFO: [IART_..][epoch:  4, iter:  58,015, lr:(6.394e-07,1.672e-07,)] [eta: 1:31:39, time (data): 2.756 (0.002)] l_pix: 2.1519e-02 
2025-11-25 18:16:42,674 INFO: [IART_..][epoch:  4, iter:  58,016, lr:(6.388e-07,1.671e-07,)] [eta: 1:31:36, time (data): 2.886 (0.002)] l_pix: 2.9534e-02 
2025-11-25 18:16:45,588 INFO: [IART_..][epoch:  4, iter:  58,017, lr:(6.383e-07,1.670e-07,)] [eta: 1:31:33, time (data): 2.900 (0.002)] l_pix: 1.3862e-02 
2025-11-25 18:16:48,460 INFO: [IART_..][epoch:  4, iter:  58,018, lr:(6.377e-07,1.670e-07,)] [eta: 1:31:31, time (data): 2.891 (0.002)] l_pix: 2.6165e-02 
2025-11-25 18:16:51,337 INFO: [IART_..][epoch:  4, iter:  58,019, lr:(6.372e-07,1.669e-07,)] [eta: 1:31:28, time (data): 2.887 (0.002)] l_pix: 1.6523e-02 
2025-11-25 18:16:54,373 INFO: [IART_..][epoch:  4, iter:  58,020, lr:(6.367e-07,1.668e-07,)] [eta: 1:31:25, time (data): 2.917 (0.002)] l_pix: 2.7945e-02 
2025-11-25 18:16:57,234 INFO: [IART_..][epoch:  4, iter:  58,021, lr:(6.361e-07,1.668e-07,)] [eta: 1:31:22, time (data): 2.907 (0.002)] l_pix: 3.5642e-02 
2025-11-25 18:17:00,083 INFO: [IART_..][epoch:  4, iter:  58,022, lr:(6.356e-07,1.667e-07,)] [eta: 1:31:20, time (data): 2.899 (0.002)] l_pix: 2.2139e-02 
2025-11-25 18:17:02,905 INFO: [IART_..][epoch:  4, iter:  58,023, lr:(6.350e-07,1.666e-07,)] [eta: 1:31:17, time (data): 2.889 (0.002)] l_pix: 1.7842e-02 
2025-11-25 18:17:05,793 INFO: [IART_..][epoch:  4, iter:  58,024, lr:(6.345e-07,1.666e-07,)] [eta: 1:31:14, time (data): 2.889 (0.002)] l_pix: 2.3402e-02 
2025-11-25 18:17:08,714 INFO: [IART_..][epoch:  4, iter:  58,025, lr:(6.339e-07,1.665e-07,)] [eta: 1:31:12, time (data): 2.892 (0.002)] l_pix: 1.8230e-02 
2025-11-25 18:17:11,600 INFO: [IART_..][epoch:  4, iter:  58,026, lr:(6.334e-07,1.664e-07,)] [eta: 1:31:09, time (data): 2.892 (0.002)] l_pix: 3.3894e-02 
2025-11-25 18:17:14,554 INFO: [IART_..][epoch:  4, iter:  58,027, lr:(6.329e-07,1.664e-07,)] [eta: 1:31:06, time (data): 2.897 (0.002)] l_pix: 2.8671e-02 
2025-11-25 18:17:17,385 INFO: [IART_..][epoch:  4, iter:  58,028, lr:(6.323e-07,1.663e-07,)] [eta: 1:31:04, time (data): 2.892 (0.002)] l_pix: 1.3159e-02 
2025-11-25 18:17:20,294 INFO: [IART_..][epoch:  4, iter:  58,029, lr:(6.318e-07,1.662e-07,)] [eta: 1:31:01, time (data): 2.893 (0.002)] l_pix: 2.5599e-02 
2025-11-25 18:17:23,168 INFO: [IART_..][epoch:  4, iter:  58,030, lr:(6.312e-07,1.662e-07,)] [eta: 1:30:58, time (data): 2.892 (0.002)] l_pix: 9.0327e-03 
2025-11-25 18:17:25,995 INFO: [IART_..][epoch:  4, iter:  58,031, lr:(6.307e-07,1.661e-07,)] [eta: 1:30:55, time (data): 2.888 (0.002)] l_pix: 3.6182e-02 
2025-11-25 18:17:28,948 INFO: [IART_..][epoch:  4, iter:  58,032, lr:(6.302e-07,1.660e-07,)] [eta: 1:30:53, time (data): 2.891 (0.002)] l_pix: 2.4258e-02 
2025-11-25 18:17:31,757 INFO: [IART_..][epoch:  4, iter:  58,033, lr:(6.296e-07,1.660e-07,)] [eta: 1:30:50, time (data): 2.887 (0.002)] l_pix: 2.1454e-02 
2025-11-25 18:17:34,630 INFO: [IART_..][epoch:  4, iter:  58,034, lr:(6.291e-07,1.659e-07,)] [eta: 1:30:47, time (data): 2.886 (0.002)] l_pix: 1.6717e-02 
2025-11-25 18:17:37,525 INFO: [IART_..][epoch:  4, iter:  58,035, lr:(6.286e-07,1.658e-07,)] [eta: 1:30:45, time (data): 2.887 (0.002)] l_pix: 9.0209e-03 
2025-11-25 18:17:40,403 INFO: [IART_..][epoch:  4, iter:  58,036, lr:(6.280e-07,1.658e-07,)] [eta: 1:30:42, time (data): 2.886 (0.002)] l_pix: 3.5487e-02 
2025-11-25 18:17:43,295 INFO: [IART_..][epoch:  4, iter:  58,037, lr:(6.275e-07,1.657e-07,)] [eta: 1:30:39, time (data): 2.886 (0.002)] l_pix: 1.3946e-02 
2025-11-25 18:17:46,177 INFO: [IART_..][epoch:  4, iter:  58,038, lr:(6.269e-07,1.656e-07,)] [eta: 1:30:37, time (data): 2.886 (0.002)] l_pix: 1.6706e-02 
2025-11-25 18:17:49,078 INFO: [IART_..][epoch:  4, iter:  58,039, lr:(6.264e-07,1.656e-07,)] [eta: 1:30:34, time (data): 2.887 (0.002)] l_pix: 1.6806e-02 
2025-11-25 18:17:51,984 INFO: [IART_..][epoch:  4, iter:  58,040, lr:(6.259e-07,1.655e-07,)] [eta: 1:30:31, time (data): 2.888 (0.002)] l_pix: 1.9716e-02 
2025-11-25 18:17:54,843 INFO: [IART_..][epoch:  4, iter:  58,041, lr:(6.253e-07,1.654e-07,)] [eta: 1:30:28, time (data): 2.886 (0.002)] l_pix: 1.7075e-02 
2025-11-25 18:17:57,763 INFO: [IART_..][epoch:  4, iter:  58,042, lr:(6.248e-07,1.654e-07,)] [eta: 1:30:26, time (data): 2.888 (0.002)] l_pix: 2.5133e-02 
2025-11-25 18:18:00,639 INFO: [IART_..][epoch:  4, iter:  58,043, lr:(6.243e-07,1.653e-07,)] [eta: 1:30:23, time (data): 2.887 (0.002)] l_pix: 2.3023e-02 
2025-11-25 18:18:03,475 INFO: [IART_..][epoch:  4, iter:  58,044, lr:(6.237e-07,1.652e-07,)] [eta: 1:30:20, time (data): 2.885 (0.002)] l_pix: 2.4478e-02 
2025-11-25 18:18:06,375 INFO: [IART_..][epoch:  4, iter:  58,045, lr:(6.232e-07,1.652e-07,)] [eta: 1:30:18, time (data): 2.886 (0.002)] l_pix: 2.0257e-02 
2025-11-25 18:18:09,357 INFO: [IART_..][epoch:  4, iter:  58,046, lr:(6.227e-07,1.651e-07,)] [eta: 1:30:15, time (data): 2.889 (0.002)] l_pix: 2.2105e-02 
2025-11-25 18:18:12,184 INFO: [IART_..][epoch:  4, iter:  58,047, lr:(6.221e-07,1.650e-07,)] [eta: 1:30:12, time (data): 2.887 (0.002)] l_pix: 1.8546e-02 
2025-11-25 18:18:15,010 INFO: [IART_..][epoch:  4, iter:  58,048, lr:(6.216e-07,1.650e-07,)] [eta: 1:30:10, time (data): 2.885 (0.002)] l_pix: 1.5073e-02 
2025-11-25 18:18:17,828 INFO: [IART_..][epoch:  4, iter:  58,049, lr:(6.211e-07,1.649e-07,)] [eta: 1:30:07, time (data): 2.883 (0.002)] l_pix: 1.5025e-02 
2025-11-25 18:18:20,746 INFO: [IART_..][epoch:  4, iter:  58,050, lr:(6.205e-07,1.648e-07,)] [eta: 1:30:04, time (data): 2.884 (0.002)] l_pix: 1.5818e-02 
2025-11-25 18:18:23,636 INFO: [IART_..][epoch:  4, iter:  58,051, lr:(6.200e-07,1.648e-07,)] [eta: 1:30:01, time (data): 2.884 (0.002)] l_pix: 1.2949e-02 
2025-11-25 18:18:26,528 INFO: [IART_..][epoch:  4, iter:  58,052, lr:(6.195e-07,1.647e-07,)] [eta: 1:29:59, time (data): 2.885 (0.002)] l_pix: 1.9535e-02 
2025-11-25 18:18:29,396 INFO: [IART_..][epoch:  4, iter:  58,053, lr:(6.189e-07,1.646e-07,)] [eta: 1:29:56, time (data): 2.884 (0.002)] l_pix: 2.8889e-02 
2025-11-25 18:18:32,427 INFO: [IART_..][epoch:  4, iter:  58,054, lr:(6.184e-07,1.646e-07,)] [eta: 1:29:53, time (data): 2.888 (0.002)] l_pix: 2.8402e-02 
2025-11-25 18:18:35,434 INFO: [IART_..][epoch:  4, iter:  58,055, lr:(6.179e-07,1.645e-07,)] [eta: 1:29:51, time (data): 2.891 (0.002)] l_pix: 2.0072e-02 
2025-11-25 18:18:38,447 INFO: [IART_..][epoch:  4, iter:  58,056, lr:(6.173e-07,1.644e-07,)] [eta: 1:29:48, time (data): 2.894 (0.002)] l_pix: 3.4399e-02 
2025-11-25 18:18:41,349 INFO: [IART_..][epoch:  4, iter:  58,057, lr:(6.168e-07,1.644e-07,)] [eta: 1:29:45, time (data): 2.894 (0.002)] l_pix: 1.8959e-02 
2025-11-25 18:18:44,378 INFO: [IART_..][epoch:  4, iter:  58,058, lr:(6.163e-07,1.643e-07,)] [eta: 1:29:43, time (data): 2.897 (0.002)] l_pix: 1.6681e-02 
2025-11-25 18:18:47,220 INFO: [IART_..][epoch:  4, iter:  58,059, lr:(6.157e-07,1.642e-07,)] [eta: 1:29:40, time (data): 2.896 (0.002)] l_pix: 2.8001e-02 
2025-11-25 18:18:50,024 INFO: [IART_..][epoch:  4, iter:  58,060, lr:(6.152e-07,1.642e-07,)] [eta: 1:29:37, time (data): 2.894 (0.002)] l_pix: 2.3826e-02 
2025-11-25 18:18:52,947 INFO: [IART_..][epoch:  4, iter:  58,061, lr:(6.147e-07,1.641e-07,)] [eta: 1:29:35, time (data): 2.894 (0.002)] l_pix: 1.5215e-02 
2025-11-25 18:18:55,871 INFO: [IART_..][epoch:  4, iter:  58,062, lr:(6.141e-07,1.640e-07,)] [eta: 1:29:32, time (data): 2.895 (0.002)] l_pix: 1.8108e-02 
2025-11-25 18:18:58,797 INFO: [IART_..][epoch:  4, iter:  58,063, lr:(6.136e-07,1.640e-07,)] [eta: 1:29:29, time (data): 2.896 (0.002)] l_pix: 2.2629e-02 
2025-11-25 18:19:01,730 INFO: [IART_..][epoch:  4, iter:  58,064, lr:(6.131e-07,1.639e-07,)] [eta: 1:29:27, time (data): 2.896 (0.002)] l_pix: 1.9045e-02 
2025-11-25 18:19:04,636 INFO: [IART_..][epoch:  4, iter:  58,065, lr:(6.126e-07,1.638e-07,)] [eta: 1:29:24, time (data): 2.897 (0.002)] l_pix: 3.3948e-02 
2025-11-25 18:19:07,594 INFO: [IART_..][epoch:  4, iter:  58,066, lr:(6.120e-07,1.638e-07,)] [eta: 1:29:21, time (data): 2.898 (0.002)] l_pix: 1.0985e-02 
2025-11-25 18:19:10,557 INFO: [IART_..][epoch:  4, iter:  58,067, lr:(6.115e-07,1.637e-07,)] [eta: 1:29:19, time (data): 2.899 (0.002)] l_pix: 3.1624e-02 
2025-11-25 18:19:13,409 INFO: [IART_..][epoch:  4, iter:  58,068, lr:(6.110e-07,1.636e-07,)] [eta: 1:29:16, time (data): 2.898 (0.002)] l_pix: 3.2988e-02 
2025-11-25 18:19:16,295 INFO: [IART_..][epoch:  4, iter:  58,069, lr:(6.104e-07,1.636e-07,)] [eta: 1:29:13, time (data): 2.898 (0.002)] l_pix: 4.5605e-02 
2025-11-25 18:19:19,115 INFO: [IART_..][epoch:  4, iter:  58,070, lr:(6.099e-07,1.635e-07,)] [eta: 1:29:10, time (data): 2.897 (0.002)] l_pix: 2.2731e-02 
2025-11-25 18:19:21,913 INFO: [IART_..][epoch:  4, iter:  58,071, lr:(6.094e-07,1.635e-07,)] [eta: 1:29:08, time (data): 2.895 (0.002)] l_pix: 2.6019e-02 
2025-11-25 18:19:24,913 INFO: [IART_..][epoch:  4, iter:  58,072, lr:(6.089e-07,1.634e-07,)] [eta: 1:29:05, time (data): 2.897 (0.002)] l_pix: 1.8251e-02 
2025-11-25 18:19:27,952 INFO: [IART_..][epoch:  4, iter:  58,073, lr:(6.083e-07,1.633e-07,)] [eta: 1:29:02, time (data): 2.899 (0.002)] l_pix: 2.1273e-02 
2025-11-25 18:19:30,866 INFO: [IART_..][epoch:  4, iter:  58,074, lr:(6.078e-07,1.633e-07,)] [eta: 1:29:00, time (data): 2.899 (0.002)] l_pix: 3.1112e-02 
2025-11-25 18:19:33,917 INFO: [IART_..][epoch:  4, iter:  58,075, lr:(6.073e-07,1.632e-07,)] [eta: 1:28:57, time (data): 2.902 (0.002)] l_pix: 8.4079e-03 
2025-11-25 18:19:36,926 INFO: [IART_..][epoch:  4, iter:  58,076, lr:(6.067e-07,1.631e-07,)] [eta: 1:28:55, time (data): 2.904 (0.002)] l_pix: 1.6598e-02 
2025-11-25 18:19:40,190 INFO: [IART_..][epoch:  4, iter:  58,077, lr:(6.062e-07,1.631e-07,)] [eta: 1:28:52, time (data): 2.909 (0.002)] l_pix: 1.6003e-02 
2025-11-25 18:19:43,290 INFO: [IART_..][epoch:  4, iter:  58,078, lr:(6.057e-07,1.630e-07,)] [eta: 1:28:50, time (data): 2.912 (0.002)] l_pix: 1.9957e-02 
2025-11-25 18:19:46,325 INFO: [IART_..][epoch:  4, iter:  58,079, lr:(6.052e-07,1.629e-07,)] [eta: 1:28:47, time (data): 2.914 (0.002)] l_pix: 8.2969e-03 
2025-11-25 18:19:49,291 INFO: [IART_..][epoch:  4, iter:  58,080, lr:(6.046e-07,1.629e-07,)] [eta: 1:28:44, time (data): 2.915 (0.002)] l_pix: 2.2630e-02 
2025-11-25 18:19:52,373 INFO: [IART_..][epoch:  4, iter:  58,081, lr:(6.041e-07,1.628e-07,)] [eta: 1:28:42, time (data): 2.918 (0.002)] l_pix: 1.9741e-02 
2025-11-25 18:19:55,358 INFO: [IART_..][epoch:  4, iter:  58,082, lr:(6.036e-07,1.627e-07,)] [eta: 1:28:39, time (data): 2.919 (0.002)] l_pix: 2.5116e-02 
2025-11-25 18:19:58,375 INFO: [IART_..][epoch:  4, iter:  58,083, lr:(6.031e-07,1.627e-07,)] [eta: 1:28:36, time (data): 2.920 (0.002)] l_pix: 2.9749e-02 
2025-11-25 18:20:01,458 INFO: [IART_..][epoch:  4, iter:  58,084, lr:(6.025e-07,1.626e-07,)] [eta: 1:28:34, time (data): 2.922 (0.002)] l_pix: 2.8453e-02 
2025-11-25 18:20:04,490 INFO: [IART_..][epoch:  4, iter:  58,085, lr:(6.020e-07,1.625e-07,)] [eta: 1:28:31, time (data): 2.924 (0.002)] l_pix: 3.6080e-02 
2025-11-25 18:20:07,325 INFO: [IART_..][epoch:  4, iter:  58,086, lr:(6.015e-07,1.625e-07,)] [eta: 1:28:28, time (data): 2.923 (0.002)] l_pix: 1.7819e-02 
2025-11-25 18:20:10,175 INFO: [IART_..][epoch:  4, iter:  58,087, lr:(6.010e-07,1.624e-07,)] [eta: 1:28:26, time (data): 2.922 (0.002)] l_pix: 1.9665e-02 
2025-11-25 18:20:13,174 INFO: [IART_..][epoch:  4, iter:  58,088, lr:(6.005e-07,1.623e-07,)] [eta: 1:28:23, time (data): 2.923 (0.002)] l_pix: 7.7412e-03 
2025-11-25 18:20:16,207 INFO: [IART_..][epoch:  4, iter:  58,089, lr:(5.999e-07,1.623e-07,)] [eta: 1:28:20, time (data): 2.924 (0.002)] l_pix: 1.4406e-02 
2025-11-25 18:20:19,157 INFO: [IART_..][epoch:  4, iter:  58,090, lr:(5.994e-07,1.622e-07,)] [eta: 1:28:18, time (data): 2.925 (0.002)] l_pix: 1.9264e-02 
2025-11-25 18:20:22,125 INFO: [IART_..][epoch:  4, iter:  58,091, lr:(5.989e-07,1.621e-07,)] [eta: 1:28:15, time (data): 2.925 (0.002)] l_pix: 1.0740e-02 
2025-11-25 18:20:25,275 INFO: [IART_..][epoch:  4, iter:  58,092, lr:(5.984e-07,1.621e-07,)] [eta: 1:28:13, time (data): 2.928 (0.002)] l_pix: 2.9169e-02 
2025-11-25 18:20:28,358 INFO: [IART_..][epoch:  4, iter:  58,093, lr:(5.978e-07,1.620e-07,)] [eta: 1:28:10, time (data): 2.930 (0.002)] l_pix: 3.1875e-02 
2025-11-25 18:20:31,266 INFO: [IART_..][epoch:  4, iter:  58,094, lr:(5.973e-07,1.619e-07,)] [eta: 1:28:07, time (data): 2.930 (0.002)] l_pix: 1.7989e-02 
2025-11-25 18:20:34,408 INFO: [IART_..][epoch:  4, iter:  58,095, lr:(5.968e-07,1.619e-07,)] [eta: 1:28:05, time (data): 2.933 (0.002)] l_pix: 3.5341e-02 
2025-11-25 18:20:37,308 INFO: [IART_..][epoch:  4, iter:  58,096, lr:(5.963e-07,1.618e-07,)] [eta: 1:28:02, time (data): 2.932 (0.002)] l_pix: 1.9318e-02 
2025-11-25 18:20:40,357 INFO: [IART_..][epoch:  4, iter:  58,097, lr:(5.958e-07,1.618e-07,)] [eta: 1:27:59, time (data): 2.934 (0.002)] l_pix: 3.0263e-02 
2025-11-25 18:20:43,408 INFO: [IART_..][epoch:  4, iter:  58,098, lr:(5.952e-07,1.617e-07,)] [eta: 1:27:57, time (data): 2.935 (0.002)] l_pix: 1.5240e-02 
2025-11-25 18:20:46,557 INFO: [IART_..][epoch:  4, iter:  58,099, lr:(5.947e-07,1.616e-07,)] [eta: 1:27:54, time (data): 2.938 (0.002)] l_pix: 2.5808e-02 
2025-11-25 18:20:49,574 INFO: [IART_..][epoch:  4, iter:  58,100, lr:(5.942e-07,1.616e-07,)] [eta: 1:27:52, time (data): 2.938 (0.002)] l_pix: 2.8429e-02 
2025-11-25 18:20:52,575 INFO: [IART_..][epoch:  4, iter:  58,101, lr:(5.937e-07,1.615e-07,)] [eta: 1:27:49, time (data): 2.939 (0.002)] l_pix: 2.3577e-02 
2025-11-25 18:20:55,541 INFO: [IART_..][epoch:  4, iter:  58,102, lr:(5.932e-07,1.614e-07,)] [eta: 1:27:46, time (data): 2.939 (0.002)] l_pix: 1.4814e-02 
2025-11-25 18:20:58,477 INFO: [IART_..][epoch:  4, iter:  58,103, lr:(5.926e-07,1.614e-07,)] [eta: 1:27:44, time (data): 2.939 (0.002)] l_pix: 2.2576e-02 
2025-11-25 18:21:01,473 INFO: [IART_..][epoch:  4, iter:  58,104, lr:(5.921e-07,1.613e-07,)] [eta: 1:27:41, time (data): 2.940 (0.002)] l_pix: 2.5011e-02 
2025-11-25 18:21:04,526 INFO: [IART_..][epoch:  4, iter:  58,105, lr:(5.916e-07,1.612e-07,)] [eta: 1:27:38, time (data): 2.941 (0.002)] l_pix: 1.7799e-02 
2025-11-25 18:21:07,525 INFO: [IART_..][epoch:  4, iter:  58,106, lr:(5.911e-07,1.612e-07,)] [eta: 1:27:36, time (data): 2.942 (0.002)] l_pix: 3.4537e-02 
2025-11-25 18:21:10,524 INFO: [IART_..][epoch:  4, iter:  58,107, lr:(5.906e-07,1.611e-07,)] [eta: 1:27:33, time (data): 2.943 (0.002)] l_pix: 3.1419e-02 
2025-11-25 18:21:13,641 INFO: [IART_..][epoch:  4, iter:  58,108, lr:(5.900e-07,1.610e-07,)] [eta: 1:27:31, time (data): 2.944 (0.002)] l_pix: 2.0363e-02 
2025-11-25 18:21:17,008 INFO: [IART_..][epoch:  4, iter:  58,109, lr:(5.895e-07,1.610e-07,)] [eta: 1:27:28, time (data): 2.949 (0.002)] l_pix: 2.2124e-02 
2025-11-25 18:21:20,125 INFO: [IART_..][epoch:  4, iter:  58,110, lr:(5.890e-07,1.609e-07,)] [eta: 1:27:26, time (data): 2.951 (0.002)] l_pix: 2.0915e-02 
2025-11-25 18:21:23,107 INFO: [IART_..][epoch:  4, iter:  58,111, lr:(5.885e-07,1.608e-07,)] [eta: 1:27:23, time (data): 2.951 (0.002)] l_pix: 2.5468e-02 
2025-11-25 18:21:26,057 INFO: [IART_..][epoch:  4, iter:  58,112, lr:(5.880e-07,1.608e-07,)] [eta: 1:27:20, time (data): 2.951 (0.002)] l_pix: 2.1086e-02 
2025-11-25 18:21:29,058 INFO: [IART_..][epoch:  4, iter:  58,113, lr:(5.875e-07,1.607e-07,)] [eta: 1:27:18, time (data): 2.952 (0.002)] l_pix: 2.1371e-02 
2025-11-25 18:21:31,957 INFO: [IART_..][epoch:  4, iter:  58,114, lr:(5.869e-07,1.607e-07,)] [eta: 1:27:15, time (data): 2.951 (0.002)] l_pix: 1.4198e-02 
2025-11-25 18:21:34,992 INFO: [IART_..][epoch:  4, iter:  58,115, lr:(5.864e-07,1.606e-07,)] [eta: 1:27:12, time (data): 2.952 (0.002)] l_pix: 2.2521e-02 
2025-11-25 18:21:37,974 INFO: [IART_..][epoch:  4, iter:  58,116, lr:(5.859e-07,1.605e-07,)] [eta: 1:27:10, time (data): 2.952 (0.002)] l_pix: 2.5591e-02 
2025-11-25 18:21:40,958 INFO: [IART_..][epoch:  4, iter:  58,117, lr:(5.854e-07,1.605e-07,)] [eta: 1:27:07, time (data): 2.952 (0.002)] l_pix: 2.8648e-02 
2025-11-25 18:21:43,858 INFO: [IART_..][epoch:  4, iter:  58,118, lr:(5.849e-07,1.604e-07,)] [eta: 1:27:04, time (data): 2.952 (0.002)] l_pix: 2.4973e-02 
2025-11-25 18:21:46,925 INFO: [IART_..][epoch:  4, iter:  58,119, lr:(5.844e-07,1.603e-07,)] [eta: 1:27:02, time (data): 2.953 (0.002)] l_pix: 2.4121e-02 
2025-11-25 18:21:49,891 INFO: [IART_..][epoch:  4, iter:  58,120, lr:(5.839e-07,1.603e-07,)] [eta: 1:26:59, time (data): 2.953 (0.002)] l_pix: 1.7798e-02 
2025-11-25 18:21:52,857 INFO: [IART_..][epoch:  4, iter:  58,121, lr:(5.833e-07,1.602e-07,)] [eta: 1:26:56, time (data): 2.953 (0.002)] l_pix: 2.4896e-02 
2025-11-25 18:21:55,958 INFO: [IART_..][epoch:  4, iter:  58,122, lr:(5.828e-07,1.601e-07,)] [eta: 1:26:54, time (data): 2.955 (0.002)] l_pix: 2.5935e-02 
2025-11-25 18:21:58,891 INFO: [IART_..][epoch:  4, iter:  58,123, lr:(5.823e-07,1.601e-07,)] [eta: 1:26:51, time (data): 2.954 (0.002)] l_pix: 3.2709e-02 
2025-11-25 18:22:01,937 INFO: [IART_..][epoch:  4, iter:  58,124, lr:(5.818e-07,1.600e-07,)] [eta: 1:26:48, time (data): 2.955 (0.002)] l_pix: 9.1035e-03 
2025-11-25 18:22:05,042 INFO: [IART_..][epoch:  4, iter:  58,125, lr:(5.813e-07,1.600e-07,)] [eta: 1:26:46, time (data): 2.957 (0.002)] l_pix: 1.5431e-02 
2025-11-25 18:22:08,064 INFO: [IART_..][epoch:  4, iter:  58,126, lr:(5.808e-07,1.599e-07,)] [eta: 1:26:43, time (data): 2.957 (0.002)] l_pix: 1.4666e-02 
2025-11-25 18:22:11,141 INFO: [IART_..][epoch:  4, iter:  58,127, lr:(5.803e-07,1.598e-07,)] [eta: 1:26:41, time (data): 2.958 (0.002)] l_pix: 1.6289e-02 
2025-11-25 18:22:14,291 INFO: [IART_..][epoch:  4, iter:  58,128, lr:(5.797e-07,1.598e-07,)] [eta: 1:26:38, time (data): 2.960 (0.002)] l_pix: 8.6710e-03 
2025-11-25 18:22:17,291 INFO: [IART_..][epoch:  4, iter:  58,129, lr:(5.792e-07,1.597e-07,)] [eta: 1:26:35, time (data): 2.960 (0.002)] l_pix: 2.1260e-02 
2025-11-25 18:22:20,425 INFO: [IART_..][epoch:  4, iter:  58,130, lr:(5.787e-07,1.596e-07,)] [eta: 1:26:33, time (data): 2.962 (0.002)] l_pix: 2.7862e-02 
2025-11-25 18:22:23,626 INFO: [IART_..][epoch:  4, iter:  58,131, lr:(5.782e-07,1.596e-07,)] [eta: 1:26:30, time (data): 2.964 (0.002)] l_pix: 2.4505e-02 
2025-11-25 18:22:26,591 INFO: [IART_..][epoch:  4, iter:  58,132, lr:(5.777e-07,1.595e-07,)] [eta: 1:26:28, time (data): 2.964 (0.002)] l_pix: 1.2660e-02 
2025-11-25 18:22:29,442 INFO: [IART_..][epoch:  4, iter:  58,133, lr:(5.772e-07,1.594e-07,)] [eta: 1:26:25, time (data): 2.963 (0.002)] l_pix: 1.8739e-02 
2025-11-25 18:22:32,642 INFO: [IART_..][epoch:  4, iter:  58,134, lr:(5.767e-07,1.594e-07,)] [eta: 1:26:22, time (data): 2.965 (0.002)] l_pix: 2.3772e-02 
2025-11-25 18:22:35,807 INFO: [IART_..][epoch:  4, iter:  58,135, lr:(5.762e-07,1.593e-07,)] [eta: 1:26:20, time (data): 2.967 (0.002)] l_pix: 1.6607e-02 
2025-11-25 18:22:38,756 INFO: [IART_..][epoch:  4, iter:  58,136, lr:(5.757e-07,1.592e-07,)] [eta: 1:26:17, time (data): 2.967 (0.002)] l_pix: 2.8123e-02 
2025-11-25 18:22:41,716 INFO: [IART_..][epoch:  4, iter:  58,137, lr:(5.752e-07,1.592e-07,)] [eta: 1:26:15, time (data): 2.966 (0.002)] l_pix: 2.3494e-02 
2025-11-25 18:22:44,876 INFO: [IART_..][epoch:  4, iter:  58,138, lr:(5.746e-07,1.591e-07,)] [eta: 1:26:12, time (data): 2.968 (0.002)] l_pix: 2.5248e-02 
2025-11-25 18:22:47,798 INFO: [IART_..][epoch:  4, iter:  58,139, lr:(5.741e-07,1.591e-07,)] [eta: 1:26:09, time (data): 2.968 (0.002)] l_pix: 2.2823e-02 
2025-11-25 18:22:50,775 INFO: [IART_..][epoch:  4, iter:  58,140, lr:(5.736e-07,1.590e-07,)] [eta: 1:26:07, time (data): 2.968 (0.002)] l_pix: 2.5266e-02 
2025-11-25 18:22:53,775 INFO: [IART_..][epoch:  4, iter:  58,141, lr:(5.731e-07,1.589e-07,)] [eta: 1:26:04, time (data): 2.968 (0.002)] l_pix: 2.1972e-02 
2025-11-25 18:22:56,809 INFO: [IART_..][epoch:  4, iter:  58,142, lr:(5.726e-07,1.589e-07,)] [eta: 1:26:01, time (data): 2.969 (0.002)] l_pix: 1.1239e-02 
2025-11-25 18:22:59,976 INFO: [IART_..][epoch:  4, iter:  58,143, lr:(5.721e-07,1.588e-07,)] [eta: 1:25:59, time (data): 2.970 (0.002)] l_pix: 1.2076e-02 
2025-11-25 18:23:02,943 INFO: [IART_..][epoch:  4, iter:  58,144, lr:(5.716e-07,1.587e-07,)] [eta: 1:25:56, time (data): 2.970 (0.002)] l_pix: 2.4124e-02 
2025-11-25 18:23:06,007 INFO: [IART_..][epoch:  4, iter:  58,145, lr:(5.711e-07,1.587e-07,)] [eta: 1:25:54, time (data): 2.971 (0.002)] l_pix: 2.8804e-02 
2025-11-25 18:23:09,125 INFO: [IART_..][epoch:  4, iter:  58,146, lr:(5.706e-07,1.586e-07,)] [eta: 1:25:51, time (data): 2.972 (0.002)] l_pix: 1.4767e-02 
2025-11-25 18:23:12,147 INFO: [IART_..][epoch:  4, iter:  58,147, lr:(5.701e-07,1.586e-07,)] [eta: 1:25:48, time (data): 2.972 (0.002)] l_pix: 2.5465e-02 
2025-11-25 18:23:15,342 INFO: [IART_..][epoch:  4, iter:  58,148, lr:(5.696e-07,1.585e-07,)] [eta: 1:25:46, time (data): 2.974 (0.002)] l_pix: 1.3235e-02 
2025-11-25 18:23:18,308 INFO: [IART_..][epoch:  4, iter:  58,149, lr:(5.691e-07,1.584e-07,)] [eta: 1:25:43, time (data): 2.974 (0.002)] l_pix: 1.1098e-02 
2025-11-25 18:23:21,358 INFO: [IART_..][epoch:  4, iter:  58,150, lr:(5.685e-07,1.584e-07,)] [eta: 1:25:40, time (data): 2.974 (0.002)] l_pix: 2.2829e-02 
2025-11-25 18:23:24,376 INFO: [IART_..][epoch:  4, iter:  58,151, lr:(5.680e-07,1.583e-07,)] [eta: 1:25:38, time (data): 2.975 (0.002)] l_pix: 2.9387e-02 
2025-11-25 18:23:27,510 INFO: [IART_..][epoch:  4, iter:  58,152, lr:(5.675e-07,1.582e-07,)] [eta: 1:25:35, time (data): 2.976 (0.002)] l_pix: 1.9359e-02 
2025-11-25 18:23:30,526 INFO: [IART_..][epoch:  4, iter:  58,153, lr:(5.670e-07,1.582e-07,)] [eta: 1:25:33, time (data): 2.976 (0.002)] l_pix: 1.4108e-02 
2025-11-25 18:23:33,575 INFO: [IART_..][epoch:  4, iter:  58,154, lr:(5.665e-07,1.581e-07,)] [eta: 1:25:30, time (data): 2.977 (0.002)] l_pix: 1.6405e-02 
2025-11-25 18:23:36,626 INFO: [IART_..][epoch:  4, iter:  58,155, lr:(5.660e-07,1.580e-07,)] [eta: 1:25:27, time (data): 2.977 (0.002)] l_pix: 3.0808e-02 
2025-11-25 18:23:39,625 INFO: [IART_..][epoch:  4, iter:  58,156, lr:(5.655e-07,1.580e-07,)] [eta: 1:25:25, time (data): 2.977 (0.002)] l_pix: 2.7992e-02 
2025-11-25 18:23:42,575 INFO: [IART_..][epoch:  4, iter:  58,157, lr:(5.650e-07,1.579e-07,)] [eta: 1:25:22, time (data): 2.977 (0.002)] l_pix: 1.1084e-02 
2025-11-25 18:23:45,526 INFO: [IART_..][epoch:  4, iter:  58,158, lr:(5.645e-07,1.579e-07,)] [eta: 1:25:19, time (data): 2.977 (0.002)] l_pix: 4.2066e-02 
2025-11-25 18:23:48,593 INFO: [IART_..][epoch:  4, iter:  58,159, lr:(5.640e-07,1.578e-07,)] [eta: 1:25:17, time (data): 2.978 (0.002)] l_pix: 1.5170e-02 
2025-11-25 18:23:51,677 INFO: [IART_..][epoch:  4, iter:  58,160, lr:(5.635e-07,1.577e-07,)] [eta: 1:25:14, time (data): 2.978 (0.002)] l_pix: 1.0434e-02 
2025-11-25 18:23:54,626 INFO: [IART_..][epoch:  4, iter:  58,161, lr:(5.630e-07,1.577e-07,)] [eta: 1:25:11, time (data): 2.978 (0.002)] l_pix: 1.9184e-02 
2025-11-25 18:23:57,576 INFO: [IART_..][epoch:  4, iter:  58,162, lr:(5.625e-07,1.576e-07,)] [eta: 1:25:09, time (data): 2.978 (0.002)] l_pix: 2.4858e-02 
2025-11-25 18:24:00,591 INFO: [IART_..][epoch:  4, iter:  58,163, lr:(5.620e-07,1.575e-07,)] [eta: 1:25:06, time (data): 2.978 (0.002)] l_pix: 2.2703e-02 
2025-11-25 18:24:03,642 INFO: [IART_..][epoch:  4, iter:  58,164, lr:(5.615e-07,1.575e-07,)] [eta: 1:25:04, time (data): 2.979 (0.002)] l_pix: 4.7243e-02 
2025-11-25 18:24:06,575 INFO: [IART_..][epoch:  4, iter:  58,165, lr:(5.610e-07,1.574e-07,)] [eta: 1:25:01, time (data): 2.978 (0.002)] l_pix: 2.2615e-02 
2025-11-25 18:24:09,677 INFO: [IART_..][epoch:  4, iter:  58,166, lr:(5.605e-07,1.574e-07,)] [eta: 1:24:58, time (data): 2.979 (0.002)] l_pix: 1.6750e-02 
2025-11-25 18:24:12,868 INFO: [IART_..][epoch:  4, iter:  58,167, lr:(5.600e-07,1.573e-07,)] [eta: 1:24:56, time (data): 2.980 (0.002)] l_pix: 1.3802e-02 
2025-11-25 18:24:15,843 INFO: [IART_..][epoch:  4, iter:  58,168, lr:(5.595e-07,1.572e-07,)] [eta: 1:24:53, time (data): 2.980 (0.002)] l_pix: 2.1974e-02 
2025-11-25 18:24:18,866 INFO: [IART_..][epoch:  4, iter:  58,169, lr:(5.590e-07,1.572e-07,)] [eta: 1:24:50, time (data): 2.981 (0.002)] l_pix: 2.1872e-02 
2025-11-25 18:24:22,243 INFO: [IART_..][epoch:  4, iter:  58,170, lr:(5.585e-07,1.571e-07,)] [eta: 1:24:48, time (data): 2.983 (0.002)] l_pix: 2.0133e-02 
2025-11-25 18:24:25,392 INFO: [IART_..][epoch:  4, iter:  58,171, lr:(5.580e-07,1.570e-07,)] [eta: 1:24:45, time (data): 2.984 (0.002)] l_pix: 9.7741e-03 
2025-11-25 18:24:28,308 INFO: [IART_..][epoch:  4, iter:  58,172, lr:(5.575e-07,1.570e-07,)] [eta: 1:24:43, time (data): 2.984 (0.002)] l_pix: 2.1667e-02 
2025-11-25 18:24:31,376 INFO: [IART_..][epoch:  4, iter:  58,173, lr:(5.570e-07,1.569e-07,)] [eta: 1:24:40, time (data): 2.984 (0.002)] l_pix: 1.7871e-02 
2025-11-25 18:24:34,592 INFO: [IART_..][epoch:  4, iter:  58,174, lr:(5.565e-07,1.569e-07,)] [eta: 1:24:37, time (data): 2.986 (0.002)] l_pix: 2.4097e-02 
2025-11-25 18:24:37,592 INFO: [IART_..][epoch:  4, iter:  58,175, lr:(5.560e-07,1.568e-07,)] [eta: 1:24:35, time (data): 2.986 (0.002)] l_pix: 1.5248e-02 
2025-11-25 18:24:40,543 INFO: [IART_..][epoch:  4, iter:  58,176, lr:(5.555e-07,1.567e-07,)] [eta: 1:24:32, time (data): 2.986 (0.002)] l_pix: 1.5178e-02 
2025-11-25 18:24:43,626 INFO: [IART_..][epoch:  4, iter:  58,177, lr:(5.550e-07,1.567e-07,)] [eta: 1:24:30, time (data): 2.986 (0.002)] l_pix: 8.3351e-03 
2025-11-25 18:24:46,576 INFO: [IART_..][epoch:  4, iter:  58,178, lr:(5.545e-07,1.566e-07,)] [eta: 1:24:27, time (data): 2.986 (0.002)] l_pix: 2.8255e-02 
2025-11-25 18:24:49,609 INFO: [IART_..][epoch:  4, iter:  58,179, lr:(5.540e-07,1.565e-07,)] [eta: 1:24:24, time (data): 2.986 (0.002)] l_pix: 3.4617e-02 
2025-11-25 18:24:52,526 INFO: [IART_..][epoch:  4, iter:  58,180, lr:(5.535e-07,1.565e-07,)] [eta: 1:24:22, time (data): 2.986 (0.002)] l_pix: 2.0796e-02 
2025-11-25 18:24:55,493 INFO: [IART_..][epoch:  4, iter:  58,181, lr:(5.530e-07,1.564e-07,)] [eta: 1:24:19, time (data): 2.986 (0.002)] l_pix: 1.7811e-02 
2025-11-25 18:24:58,459 INFO: [IART_..][epoch:  4, iter:  58,182, lr:(5.525e-07,1.564e-07,)] [eta: 1:24:16, time (data): 2.986 (0.002)] l_pix: 1.5103e-02 
2025-11-25 18:25:01,359 INFO: [IART_..][epoch:  4, iter:  58,183, lr:(5.520e-07,1.563e-07,)] [eta: 1:24:13, time (data): 2.985 (0.002)] l_pix: 2.5541e-02 
2025-11-25 18:25:04,583 INFO: [IART_..][epoch:  4, iter:  58,184, lr:(5.515e-07,1.562e-07,)] [eta: 1:24:11, time (data): 2.987 (0.002)] l_pix: 1.8602e-02 
2025-11-25 18:25:07,826 INFO: [IART_..][epoch:  4, iter:  58,185, lr:(5.510e-07,1.562e-07,)] [eta: 1:24:08, time (data): 2.988 (0.002)] l_pix: 2.4751e-02 
2025-11-25 18:25:10,926 INFO: [IART_..][epoch:  4, iter:  58,186, lr:(5.505e-07,1.561e-07,)] [eta: 1:24:06, time (data): 2.989 (0.002)] l_pix: 2.8500e-02 
2025-11-25 18:25:13,959 INFO: [IART_..][epoch:  4, iter:  58,187, lr:(5.500e-07,1.561e-07,)] [eta: 1:24:03, time (data): 2.989 (0.002)] l_pix: 3.0398e-02 
2025-11-25 18:25:16,852 INFO: [IART_..][epoch:  4, iter:  58,188, lr:(5.495e-07,1.560e-07,)] [eta: 1:24:00, time (data): 2.988 (0.002)] l_pix: 8.3821e-03 
2025-11-25 18:25:19,842 INFO: [IART_..][epoch:  4, iter:  58,189, lr:(5.490e-07,1.559e-07,)] [eta: 1:23:58, time (data): 2.988 (0.002)] l_pix: 2.5980e-02 
2025-11-25 18:25:22,843 INFO: [IART_..][epoch:  4, iter:  58,190, lr:(5.485e-07,1.559e-07,)] [eta: 1:23:55, time (data): 2.989 (0.002)] l_pix: 1.6664e-02 
2025-11-25 18:25:25,843 INFO: [IART_..][epoch:  4, iter:  58,191, lr:(5.480e-07,1.558e-07,)] [eta: 1:23:52, time (data): 2.989 (0.002)] l_pix: 1.0415e-02 
2025-11-25 18:25:28,859 INFO: [IART_..][epoch:  4, iter:  58,192, lr:(5.475e-07,1.557e-07,)] [eta: 1:23:50, time (data): 2.989 (0.002)] l_pix: 2.0441e-02 
2025-11-25 18:25:32,008 INFO: [IART_..][epoch:  4, iter:  58,193, lr:(5.470e-07,1.557e-07,)] [eta: 1:23:47, time (data): 2.990 (0.002)] l_pix: 1.2904e-02 
2025-11-25 18:25:35,126 INFO: [IART_..][epoch:  4, iter:  58,194, lr:(5.465e-07,1.556e-07,)] [eta: 1:23:45, time (data): 2.990 (0.002)] l_pix: 1.8764e-02 
2025-11-25 18:25:38,105 INFO: [IART_..][epoch:  4, iter:  58,195, lr:(5.460e-07,1.556e-07,)] [eta: 1:23:42, time (data): 2.990 (0.002)] l_pix: 2.9033e-02 
2025-11-25 18:25:40,993 INFO: [IART_..][epoch:  4, iter:  58,196, lr:(5.456e-07,1.555e-07,)] [eta: 1:23:39, time (data): 2.990 (0.002)] l_pix: 2.5553e-02 
2025-11-25 18:25:44,083 INFO: [IART_..][epoch:  4, iter:  58,197, lr:(5.451e-07,1.554e-07,)] [eta: 1:23:37, time (data): 2.990 (0.002)] l_pix: 1.6289e-02 
2025-11-25 18:25:47,158 INFO: [IART_..][epoch:  4, iter:  58,198, lr:(5.446e-07,1.554e-07,)] [eta: 1:23:34, time (data): 2.991 (0.002)] l_pix: 2.1243e-02 
2025-11-25 18:25:50,026 INFO: [IART_..][epoch:  4, iter:  58,199, lr:(5.441e-07,1.553e-07,)] [eta: 1:23:31, time (data): 2.990 (0.002)] l_pix: 2.9285e-02 
2025-11-25 18:25:53,303 INFO: [IART_..][epoch:  4, iter:  58,200, lr:(5.436e-07,1.553e-07,)] [eta: 1:23:29, time (data): 2.991 (0.002)] l_pix: 1.7189e-02 
2025-11-25 18:25:56,427 INFO: [IART_..][epoch:  4, iter:  58,201, lr:(5.431e-07,1.552e-07,)] [eta: 1:23:26, time (data): 2.992 (0.002)] l_pix: 1.9684e-02 
2025-11-25 18:25:59,362 INFO: [IART_..][epoch:  4, iter:  58,202, lr:(5.426e-07,1.551e-07,)] [eta: 1:23:23, time (data): 2.992 (0.002)] l_pix: 2.7557e-02 
2025-11-25 18:26:02,292 INFO: [IART_..][epoch:  4, iter:  58,203, lr:(5.421e-07,1.551e-07,)] [eta: 1:23:21, time (data): 2.992 (0.002)] l_pix: 2.3132e-02 
2025-11-25 18:26:05,292 INFO: [IART_..][epoch:  4, iter:  58,204, lr:(5.416e-07,1.550e-07,)] [eta: 1:23:18, time (data): 2.992 (0.002)] l_pix: 2.4640e-02 
2025-11-25 18:26:08,242 INFO: [IART_..][epoch:  4, iter:  58,205, lr:(5.411e-07,1.549e-07,)] [eta: 1:23:15, time (data): 2.991 (0.002)] l_pix: 2.0836e-02 
2025-11-25 18:26:11,576 INFO: [IART_..][epoch:  4, iter:  58,206, lr:(5.406e-07,1.549e-07,)] [eta: 1:23:13, time (data): 2.993 (0.002)] l_pix: 5.2345e-03 
2025-11-25 18:26:14,525 INFO: [IART_..][epoch:  4, iter:  58,207, lr:(5.401e-07,1.548e-07,)] [eta: 1:23:10, time (data): 2.993 (0.002)] l_pix: 2.1461e-02 
2025-11-25 18:26:17,443 INFO: [IART_..][epoch:  4, iter:  58,208, lr:(5.397e-07,1.548e-07,)] [eta: 1:23:07, time (data): 2.993 (0.002)] l_pix: 4.5823e-02 
2025-11-25 18:26:20,642 INFO: [IART_..][epoch:  4, iter:  58,209, lr:(5.392e-07,1.547e-07,)] [eta: 1:23:05, time (data): 2.994 (0.002)] l_pix: 1.3913e-02 
2025-11-25 18:26:23,710 INFO: [IART_..][epoch:  4, iter:  58,210, lr:(5.387e-07,1.546e-07,)] [eta: 1:23:02, time (data): 2.994 (0.002)] l_pix: 1.6312e-02 
2025-11-25 18:26:26,793 INFO: [IART_..][epoch:  4, iter:  58,211, lr:(5.382e-07,1.546e-07,)] [eta: 1:23:00, time (data): 2.994 (0.002)] l_pix: 2.7455e-02 
2025-11-25 18:26:29,900 INFO: [IART_..][epoch:  4, iter:  58,212, lr:(5.377e-07,1.545e-07,)] [eta: 1:22:57, time (data): 2.995 (0.002)] l_pix: 1.1524e-02 
2025-11-25 18:26:33,044 INFO: [IART_..][epoch:  4, iter:  58,213, lr:(5.372e-07,1.545e-07,)] [eta: 1:22:54, time (data): 2.996 (0.002)] l_pix: 2.4192e-02 
2025-11-25 18:26:36,060 INFO: [IART_..][epoch:  4, iter:  58,214, lr:(5.367e-07,1.544e-07,)] [eta: 1:22:52, time (data): 2.996 (0.002)] l_pix: 3.3949e-02 
2025-11-25 18:26:39,077 INFO: [IART_..][epoch:  4, iter:  58,215, lr:(5.362e-07,1.543e-07,)] [eta: 1:22:49, time (data): 2.996 (0.002)] l_pix: 2.3204e-02 
2025-11-25 18:26:41,926 INFO: [IART_..][epoch:  4, iter:  58,216, lr:(5.357e-07,1.543e-07,)] [eta: 1:22:46, time (data): 2.995 (0.002)] l_pix: 1.9271e-02 
2025-11-25 18:26:45,008 INFO: [IART_..][epoch:  4, iter:  58,217, lr:(5.352e-07,1.542e-07,)] [eta: 1:22:44, time (data): 3.083 (0.000)] l_pix: 2.0279e-02 
2025-11-25 18:26:47,960 INFO: [IART_..][epoch:  4, iter:  58,218, lr:(5.348e-07,1.542e-07,)] [eta: 1:22:41, time (data): 3.017 (0.001)] l_pix: 1.6887e-02 
2025-11-25 18:26:51,044 INFO: [IART_..][epoch:  4, iter:  58,219, lr:(5.343e-07,1.541e-07,)] [eta: 1:22:38, time (data): 3.039 (0.001)] l_pix: 2.4502e-02 
2025-11-25 18:26:53,993 INFO: [IART_..][epoch:  4, iter:  58,220, lr:(5.338e-07,1.540e-07,)] [eta: 1:22:36, time (data): 3.017 (0.000)] l_pix: 2.6069e-02 
2025-11-25 18:26:57,160 INFO: [IART_..][epoch:  4, iter:  58,221, lr:(5.333e-07,1.540e-07,)] [eta: 1:22:33, time (data): 3.047 (0.000)] l_pix: 2.0727e-02 
2025-11-25 18:27:00,176 INFO: [IART_..][epoch:  4, iter:  58,222, lr:(5.328e-07,1.539e-07,)] [eta: 1:22:31, time (data): 3.042 (0.000)] l_pix: 2.2793e-02 
2025-11-25 18:27:03,309 INFO: [IART_..][epoch:  4, iter:  58,223, lr:(5.323e-07,1.539e-07,)] [eta: 1:22:28, time (data): 3.055 (0.000)] l_pix: 1.7747e-02 
2025-11-25 18:27:06,144 INFO: [IART_..][epoch:  4, iter:  58,224, lr:(5.318e-07,1.538e-07,)] [eta: 1:22:25, time (data): 3.027 (0.000)] l_pix: 1.6518e-02 
2025-11-25 18:27:09,210 INFO: [IART_..][epoch:  4, iter:  58,225, lr:(5.314e-07,1.537e-07,)] [eta: 1:22:23, time (data): 3.032 (0.000)] l_pix: 1.3355e-02 
2025-11-25 18:27:12,159 INFO: [IART_..][epoch:  4, iter:  58,226, lr:(5.309e-07,1.537e-07,)] [eta: 1:22:20, time (data): 3.023 (0.000)] l_pix: 3.4068e-02 
2025-11-25 18:27:15,100 INFO: [IART_..][epoch:  4, iter:  58,227, lr:(5.304e-07,1.536e-07,)] [eta: 1:22:17, time (data): 3.016 (0.000)] l_pix: 2.1788e-02 
2025-11-25 18:27:18,159 INFO: [IART_..][epoch:  4, iter:  58,228, lr:(5.299e-07,1.535e-07,)] [eta: 1:22:15, time (data): 3.019 (0.000)] l_pix: 2.1174e-02 
2025-11-25 18:27:21,144 INFO: [IART_..][epoch:  4, iter:  58,229, lr:(5.294e-07,1.535e-07,)] [eta: 1:22:12, time (data): 3.017 (0.000)] l_pix: 2.4025e-02 
2025-11-25 18:27:24,093 INFO: [IART_..][epoch:  4, iter:  58,230, lr:(5.289e-07,1.534e-07,)] [eta: 1:22:09, time (data): 3.012 (0.000)] l_pix: 2.1293e-02 
2025-11-25 18:27:27,293 INFO: [IART_..][epoch:  4, iter:  58,231, lr:(5.284e-07,1.534e-07,)] [eta: 1:22:07, time (data): 3.025 (0.001)] l_pix: 2.2001e-02 
2025-11-25 18:27:30,292 INFO: [IART_..][epoch:  4, iter:  58,232, lr:(5.280e-07,1.533e-07,)] [eta: 1:22:04, time (data): 3.023 (0.001)] l_pix: 2.0299e-02 
2025-11-25 18:27:33,459 INFO: [IART_..][epoch:  4, iter:  58,233, lr:(5.275e-07,1.532e-07,)] [eta: 1:22:01, time (data): 3.031 (0.001)] l_pix: 1.6985e-02 
2025-11-25 18:27:36,443 INFO: [IART_..][epoch:  4, iter:  58,234, lr:(5.270e-07,1.532e-07,)] [eta: 1:21:59, time (data): 3.029 (0.001)] l_pix: 3.5583e-02 
2025-11-25 18:27:39,364 INFO: [IART_..][epoch:  4, iter:  58,235, lr:(5.265e-07,1.531e-07,)] [eta: 1:21:56, time (data): 3.023 (0.001)] l_pix: 2.7898e-02 
2025-11-25 18:27:42,543 INFO: [IART_..][epoch:  4, iter:  58,236, lr:(5.260e-07,1.531e-07,)] [eta: 1:21:53, time (data): 3.031 (0.001)] l_pix: 2.4226e-02 
2025-11-25 18:27:45,594 INFO: [IART_..][epoch:  4, iter:  58,237, lr:(5.255e-07,1.530e-07,)] [eta: 1:21:51, time (data): 3.032 (0.001)] l_pix: 1.8339e-02 
2025-11-25 18:27:48,761 INFO: [IART_..][epoch:  4, iter:  58,238, lr:(5.251e-07,1.529e-07,)] [eta: 1:21:48, time (data): 3.038 (0.001)] l_pix: 1.9819e-02 
2025-11-25 18:27:52,011 INFO: [IART_..][epoch:  4, iter:  58,239, lr:(5.246e-07,1.529e-07,)] [eta: 1:21:46, time (data): 3.047 (0.001)] l_pix: 6.2808e-03 
2025-11-25 18:27:55,028 INFO: [IART_..][epoch:  4, iter:  58,240, lr:(5.241e-07,1.528e-07,)] [eta: 1:21:43, time (data): 3.046 (0.001)] l_pix: 2.2822e-02 
2025-11-25 18:27:57,893 INFO: [IART_..][epoch:  4, iter:  58,241, lr:(5.236e-07,1.528e-07,)] [eta: 1:21:40, time (data): 3.039 (0.001)] l_pix: 2.4685e-02 
2025-11-25 18:28:00,894 INFO: [IART_..][epoch:  4, iter:  58,242, lr:(5.231e-07,1.527e-07,)] [eta: 1:21:38, time (data): 3.037 (0.001)] l_pix: 3.0049e-02 
2025-11-25 18:28:03,876 INFO: [IART_..][epoch:  4, iter:  58,243, lr:(5.227e-07,1.526e-07,)] [eta: 1:21:35, time (data): 3.035 (0.001)] l_pix: 1.0833e-02 
2025-11-25 18:28:06,877 INFO: [IART_..][epoch:  4, iter:  58,244, lr:(5.222e-07,1.526e-07,)] [eta: 1:21:32, time (data): 3.034 (0.001)] l_pix: 1.1690e-02 
2025-11-25 18:28:09,993 INFO: [IART_..][epoch:  4, iter:  58,245, lr:(5.217e-07,1.525e-07,)] [eta: 1:21:30, time (data): 3.037 (0.001)] l_pix: 1.6138e-02 
2025-11-25 18:28:13,176 INFO: [IART_..][epoch:  4, iter:  58,246, lr:(5.212e-07,1.525e-07,)] [eta: 1:21:27, time (data): 3.042 (0.001)] l_pix: 3.5357e-02 
2025-11-25 18:28:16,128 INFO: [IART_..][epoch:  4, iter:  58,247, lr:(5.207e-07,1.524e-07,)] [eta: 1:21:24, time (data): 3.039 (0.001)] l_pix: 1.6735e-02 
2025-11-25 18:28:19,427 INFO: [IART_..][epoch:  4, iter:  58,248, lr:(5.203e-07,1.523e-07,)] [eta: 1:21:22, time (data): 3.047 (0.001)] l_pix: 2.6492e-02 
2025-11-25 18:28:22,395 INFO: [IART_..][epoch:  4, iter:  58,249, lr:(5.198e-07,1.523e-07,)] [eta: 1:21:19, time (data): 3.044 (0.001)] l_pix: 2.3397e-02 
2025-11-25 18:28:25,460 INFO: [IART_..][epoch:  4, iter:  58,250, lr:(5.193e-07,1.522e-07,)] [eta: 1:21:16, time (data): 3.045 (0.001)] l_pix: 2.9603e-02 
2025-11-25 18:28:28,461 INFO: [IART_..][epoch:  4, iter:  58,251, lr:(5.188e-07,1.522e-07,)] [eta: 1:21:14, time (data): 3.044 (0.001)] l_pix: 1.5716e-02 
2025-11-25 18:28:31,426 INFO: [IART_..][epoch:  4, iter:  58,252, lr:(5.183e-07,1.521e-07,)] [eta: 1:21:11, time (data): 3.042 (0.001)] l_pix: 1.5261e-02 
2025-11-25 18:28:34,465 INFO: [IART_..][epoch:  4, iter:  58,253, lr:(5.179e-07,1.520e-07,)] [eta: 1:21:08, time (data): 3.042 (0.001)] l_pix: 2.5573e-02 
2025-11-25 18:28:37,326 INFO: [IART_..][epoch:  4, iter:  58,254, lr:(5.174e-07,1.520e-07,)] [eta: 1:21:06, time (data): 3.037 (0.001)] l_pix: 2.5929e-02 
2025-11-25 18:28:40,427 INFO: [IART_..][epoch:  4, iter:  58,255, lr:(5.169e-07,1.519e-07,)] [eta: 1:21:03, time (data): 3.038 (0.001)] l_pix: 1.8459e-02 
2025-11-25 18:28:43,480 INFO: [IART_..][epoch:  4, iter:  58,256, lr:(5.164e-07,1.519e-07,)] [eta: 1:21:00, time (data): 3.039 (0.001)] l_pix: 2.0680e-02 
2025-11-25 18:28:46,461 INFO: [IART_..][epoch:  4, iter:  58,257, lr:(5.160e-07,1.518e-07,)] [eta: 1:20:58, time (data): 3.037 (0.001)] l_pix: 2.0737e-02 
2025-11-25 18:28:49,528 INFO: [IART_..][epoch:  4, iter:  58,258, lr:(5.155e-07,1.518e-07,)] [eta: 1:20:55, time (data): 3.038 (0.001)] l_pix: 1.9497e-02 
2025-11-25 18:28:52,427 INFO: [IART_..][epoch:  4, iter:  58,259, lr:(5.150e-07,1.517e-07,)] [eta: 1:20:52, time (data): 3.035 (0.001)] l_pix: 9.8036e-03 
2025-11-25 18:28:55,560 INFO: [IART_..][epoch:  4, iter:  58,260, lr:(5.145e-07,1.516e-07,)] [eta: 1:20:50, time (data): 3.037 (0.001)] l_pix: 1.4211e-02 
2025-11-25 18:28:58,566 INFO: [IART_..][epoch:  4, iter:  58,261, lr:(5.140e-07,1.516e-07,)] [eta: 1:20:47, time (data): 3.036 (0.001)] l_pix: 1.5100e-02 
2025-11-25 18:29:01,743 INFO: [IART_..][epoch:  4, iter:  58,262, lr:(5.136e-07,1.515e-07,)] [eta: 1:20:45, time (data): 3.039 (0.001)] l_pix: 2.4496e-02 
2025-11-25 18:29:04,844 INFO: [IART_..][epoch:  4, iter:  58,263, lr:(5.131e-07,1.515e-07,)] [eta: 1:20:42, time (data): 3.041 (0.001)] l_pix: 2.5097e-02 
2025-11-25 18:29:07,861 INFO: [IART_..][epoch:  4, iter:  58,264, lr:(5.126e-07,1.514e-07,)] [eta: 1:20:39, time (data): 3.040 (0.001)] l_pix: 2.5970e-02 
2025-11-25 18:29:11,092 INFO: [IART_..][epoch:  4, iter:  58,265, lr:(5.121e-07,1.513e-07,)] [eta: 1:20:37, time (data): 3.044 (0.001)] l_pix: 9.1183e-03 
2025-11-25 18:29:14,061 INFO: [IART_..][epoch:  4, iter:  58,266, lr:(5.117e-07,1.513e-07,)] [eta: 1:20:34, time (data): 3.043 (0.001)] l_pix: 2.4698e-02 
2025-11-25 18:29:17,076 INFO: [IART_..][epoch:  4, iter:  58,267, lr:(5.112e-07,1.512e-07,)] [eta: 1:20:31, time (data): 3.042 (0.002)] l_pix: 9.6920e-03 
2025-11-25 18:29:20,143 INFO: [IART_..][epoch:  4, iter:  58,268, lr:(5.107e-07,1.512e-07,)] [eta: 1:20:29, time (data): 3.043 (0.002)] l_pix: 1.0164e-02 
2025-11-25 18:29:23,327 INFO: [IART_..][epoch:  4, iter:  58,269, lr:(5.102e-07,1.511e-07,)] [eta: 1:20:26, time (data): 3.045 (0.002)] l_pix: 3.3571e-02 
2025-11-25 18:29:26,526 INFO: [IART_..][epoch:  4, iter:  58,270, lr:(5.098e-07,1.510e-07,)] [eta: 1:20:23, time (data): 3.048 (0.002)] l_pix: 2.2882e-02 
2025-11-25 18:29:29,626 INFO: [IART_..][epoch:  4, iter:  58,271, lr:(5.093e-07,1.510e-07,)] [eta: 1:20:21, time (data): 3.049 (0.002)] l_pix: 3.0500e-02 
2025-11-25 18:29:32,710 INFO: [IART_..][epoch:  4, iter:  58,272, lr:(5.088e-07,1.509e-07,)] [eta: 1:20:18, time (data): 3.049 (0.002)] l_pix: 4.3347e-02 
2025-11-25 18:29:35,828 INFO: [IART_..][epoch:  4, iter:  58,273, lr:(5.084e-07,1.509e-07,)] [eta: 1:20:16, time (data): 3.051 (0.002)] l_pix: 1.5187e-02 
2025-11-25 18:29:38,927 INFO: [IART_..][epoch:  4, iter:  58,274, lr:(5.079e-07,1.508e-07,)] [eta: 1:20:13, time (data): 3.051 (0.002)] l_pix: 7.3407e-03 
2025-11-25 18:29:41,858 INFO: [IART_..][epoch:  4, iter:  58,275, lr:(5.074e-07,1.507e-07,)] [eta: 1:20:10, time (data): 3.049 (0.002)] l_pix: 3.4639e-02 
2025-11-25 18:29:44,895 INFO: [IART_..][epoch:  4, iter:  58,276, lr:(5.069e-07,1.507e-07,)] [eta: 1:20:08, time (data): 3.049 (0.002)] l_pix: 2.4112e-02 
2025-11-25 18:29:47,943 INFO: [IART_..][epoch:  4, iter:  58,277, lr:(5.065e-07,1.506e-07,)] [eta: 1:20:05, time (data): 3.049 (0.002)] l_pix: 3.1166e-02 
2025-11-25 18:29:51,110 INFO: [IART_..][epoch:  4, iter:  58,278, lr:(5.060e-07,1.506e-07,)] [eta: 1:20:02, time (data): 3.051 (0.002)] l_pix: 2.1423e-02 
2025-11-25 18:29:54,261 INFO: [IART_..][epoch:  4, iter:  58,279, lr:(5.055e-07,1.505e-07,)] [eta: 1:20:00, time (data): 3.053 (0.002)] l_pix: 2.8969e-02 
2025-11-25 18:29:57,402 INFO: [IART_..][epoch:  4, iter:  58,280, lr:(5.051e-07,1.505e-07,)] [eta: 1:19:57, time (data): 3.054 (0.002)] l_pix: 1.9957e-02 
2025-11-25 18:30:00,515 INFO: [IART_..][epoch:  4, iter:  58,281, lr:(5.046e-07,1.504e-07,)] [eta: 1:19:55, time (data): 3.055 (0.002)] l_pix: 4.5406e-02 
2025-11-25 18:30:03,513 INFO: [IART_..][epoch:  4, iter:  58,282, lr:(5.041e-07,1.503e-07,)] [eta: 1:19:52, time (data): 3.054 (0.002)] l_pix: 2.2485e-02 
2025-11-25 18:30:06,409 INFO: [IART_..][epoch:  4, iter:  58,283, lr:(5.036e-07,1.503e-07,)] [eta: 1:19:49, time (data): 3.052 (0.002)] l_pix: 2.6591e-02 
2025-11-25 18:30:09,463 INFO: [IART_..][epoch:  4, iter:  58,284, lr:(5.032e-07,1.502e-07,)] [eta: 1:19:46, time (data): 3.052 (0.002)] l_pix: 1.5435e-02 
2025-11-25 18:30:12,575 INFO: [IART_..][epoch:  4, iter:  58,285, lr:(5.027e-07,1.502e-07,)] [eta: 1:19:44, time (data): 3.053 (0.002)] l_pix: 1.4508e-02 
2025-11-25 18:30:15,717 INFO: [IART_..][epoch:  4, iter:  58,286, lr:(5.022e-07,1.501e-07,)] [eta: 1:19:41, time (data): 3.054 (0.002)] l_pix: 3.5695e-02 
2025-11-25 18:30:18,988 INFO: [IART_..][epoch:  4, iter:  58,287, lr:(5.018e-07,1.500e-07,)] [eta: 1:19:39, time (data): 3.057 (0.002)] l_pix: 2.1303e-02 
2025-11-25 18:30:22,218 INFO: [IART_..][epoch:  4, iter:  58,288, lr:(5.013e-07,1.500e-07,)] [eta: 1:19:36, time (data): 3.059 (0.002)] l_pix: 1.8459e-02 
2025-11-25 18:30:25,383 INFO: [IART_..][epoch:  4, iter:  58,289, lr:(5.008e-07,1.499e-07,)] [eta: 1:19:34, time (data): 3.061 (0.002)] l_pix: 2.1534e-02 
2025-11-25 18:30:28,086 INFO: [IART_..][epoch:  4, iter:  58,290, lr:(5.004e-07,1.499e-07,)] [eta: 1:19:31, time (data): 3.056 (0.002)] l_pix: 2.2307e-02 
2025-11-25 18:30:30,830 INFO: [IART_..][epoch:  4, iter:  58,291, lr:(4.999e-07,1.498e-07,)] [eta: 1:19:28, time (data): 3.052 (0.002)] l_pix: 8.5892e-03 
2025-11-25 18:30:33,626 INFO: [IART_..][epoch:  4, iter:  58,292, lr:(4.994e-07,1.498e-07,)] [eta: 1:19:25, time (data): 3.048 (0.002)] l_pix: 2.4534e-02 
2025-11-25 18:30:36,389 INFO: [IART_..][epoch:  4, iter:  58,293, lr:(4.990e-07,1.497e-07,)] [eta: 1:19:22, time (data): 3.045 (0.002)] l_pix: 1.1678e-02 
2025-11-25 18:30:39,115 INFO: [IART_..][epoch:  4, iter:  58,294, lr:(4.985e-07,1.496e-07,)] [eta: 1:19:19, time (data): 3.041 (0.002)] l_pix: 3.6895e-02 
2025-11-25 18:30:41,868 INFO: [IART_..][epoch:  4, iter:  58,295, lr:(4.980e-07,1.496e-07,)] [eta: 1:19:17, time (data): 3.037 (0.002)] l_pix: 3.9947e-02 
2025-11-25 18:30:44,659 INFO: [IART_..][epoch:  4, iter:  58,296, lr:(4.976e-07,1.495e-07,)] [eta: 1:19:14, time (data): 3.034 (0.002)] l_pix: 1.0617e-02 
2025-11-25 18:30:47,283 INFO: [IART_..][epoch:  4, iter:  58,297, lr:(4.971e-07,1.495e-07,)] [eta: 1:19:11, time (data): 3.029 (0.002)] l_pix: 1.8123e-02 
2025-11-25 18:30:49,890 INFO: [IART_..][epoch:  4, iter:  58,298, lr:(4.966e-07,1.494e-07,)] [eta: 1:19:08, time (data): 3.024 (0.002)] l_pix: 2.2373e-02 
2025-11-25 18:30:52,534 INFO: [IART_..][epoch:  4, iter:  58,299, lr:(4.962e-07,1.493e-07,)] [eta: 1:19:05, time (data): 3.019 (0.002)] l_pix: 7.1499e-03 
2025-11-25 18:30:55,298 INFO: [IART_..][epoch:  4, iter:  58,300, lr:(4.957e-07,1.493e-07,)] [eta: 1:19:02, time (data): 3.016 (0.002)] l_pix: 2.4358e-02 
2025-11-25 18:30:58,002 INFO: [IART_..][epoch:  4, iter:  58,301, lr:(4.952e-07,1.492e-07,)] [eta: 1:19:00, time (data): 3.012 (0.002)] l_pix: 3.0845e-02 
2025-11-25 18:31:00,659 INFO: [IART_..][epoch:  4, iter:  58,302, lr:(4.948e-07,1.492e-07,)] [eta: 1:18:57, time (data): 3.008 (0.001)] l_pix: 3.1025e-02 
2025-11-25 18:31:03,286 INFO: [IART_..][epoch:  4, iter:  58,303, lr:(4.943e-07,1.491e-07,)] [eta: 1:18:54, time (data): 3.004 (0.001)] l_pix: 1.5511e-02 
2025-11-25 18:31:05,928 INFO: [IART_..][epoch:  4, iter:  58,304, lr:(4.938e-07,1.491e-07,)] [eta: 1:18:51, time (data): 3.000 (0.001)] l_pix: 8.3274e-03 
2025-11-25 18:31:08,536 INFO: [IART_..][epoch:  4, iter:  58,305, lr:(4.934e-07,1.490e-07,)] [eta: 1:18:48, time (data): 2.995 (0.001)] l_pix: 3.0332e-02 
2025-11-25 18:31:11,158 INFO: [IART_..][epoch:  4, iter:  58,306, lr:(4.929e-07,1.489e-07,)] [eta: 1:18:45, time (data): 2.991 (0.001)] l_pix: 3.5208e-02 
2025-11-25 18:31:13,765 INFO: [IART_..][epoch:  4, iter:  58,307, lr:(4.924e-07,1.489e-07,)] [eta: 1:18:42, time (data): 2.987 (0.001)] l_pix: 1.0566e-02 
2025-11-25 18:31:16,501 INFO: [IART_..][epoch:  4, iter:  58,308, lr:(4.920e-07,1.488e-07,)] [eta: 1:18:39, time (data): 2.984 (0.001)] l_pix: 1.9309e-02 
2025-11-25 18:31:19,084 INFO: [IART_..][epoch:  4, iter:  58,309, lr:(4.915e-07,1.488e-07,)] [eta: 1:18:37, time (data): 2.980 (0.001)] l_pix: 5.7188e-03 
2025-11-25 18:31:21,737 INFO: [IART_..][epoch:  4, iter:  58,310, lr:(4.911e-07,1.487e-07,)] [eta: 1:18:34, time (data): 2.976 (0.001)] l_pix: 1.5618e-02 
2025-11-25 18:31:24,447 INFO: [IART_..][epoch:  4, iter:  58,311, lr:(4.906e-07,1.487e-07,)] [eta: 1:18:31, time (data): 2.974 (0.001)] l_pix: 1.3696e-02 
2025-11-25 18:31:27,054 INFO: [IART_..][epoch:  4, iter:  58,312, lr:(4.901e-07,1.486e-07,)] [eta: 1:18:28, time (data): 2.970 (0.001)] l_pix: 2.2674e-02 
2025-11-25 18:31:29,748 INFO: [IART_..][epoch:  4, iter:  58,313, lr:(4.897e-07,1.485e-07,)] [eta: 1:18:25, time (data): 2.967 (0.002)] l_pix: 1.8346e-02 
2025-11-25 18:31:32,393 INFO: [IART_..][epoch:  4, iter:  58,314, lr:(4.892e-07,1.485e-07,)] [eta: 1:18:22, time (data): 2.964 (0.001)] l_pix: 3.2000e-02 
2025-11-25 18:31:34,999 INFO: [IART_..][epoch:  4, iter:  58,315, lr:(4.887e-07,1.484e-07,)] [eta: 1:18:19, time (data): 2.960 (0.001)] l_pix: 2.9530e-02 
2025-11-25 18:31:37,669 INFO: [IART_..][epoch:  4, iter:  58,316, lr:(4.883e-07,1.484e-07,)] [eta: 1:18:17, time (data): 2.957 (0.001)] l_pix: 2.2912e-02 
2025-11-25 18:31:40,248 INFO: [IART_..][epoch:  4, iter:  58,317, lr:(4.878e-07,1.483e-07,)] [eta: 1:18:14, time (data): 2.953 (0.001)] l_pix: 1.3647e-02 
2025-11-25 18:31:42,990 INFO: [IART_..][epoch:  4, iter:  58,318, lr:(4.874e-07,1.483e-07,)] [eta: 1:18:11, time (data): 2.951 (0.001)] l_pix: 1.1401e-02 
2025-11-25 18:31:45,715 INFO: [IART_..][epoch:  4, iter:  58,319, lr:(4.869e-07,1.482e-07,)] [eta: 1:18:08, time (data): 2.949 (0.001)] l_pix: 2.7968e-02 
2025-11-25 18:31:48,370 INFO: [IART_..][epoch:  4, iter:  58,320, lr:(4.864e-07,1.481e-07,)] [eta: 1:18:05, time (data): 2.946 (0.001)] l_pix: 2.6323e-02 
2025-11-25 18:31:50,988 INFO: [IART_..][epoch:  4, iter:  58,321, lr:(4.860e-07,1.481e-07,)] [eta: 1:18:02, time (data): 2.943 (0.001)] l_pix: 1.9091e-02 
2025-11-25 18:31:53,621 INFO: [IART_..][epoch:  4, iter:  58,322, lr:(4.855e-07,1.480e-07,)] [eta: 1:17:59, time (data): 2.940 (0.001)] l_pix: 1.2873e-02 
2025-11-25 18:31:56,259 INFO: [IART_..][epoch:  4, iter:  58,323, lr:(4.851e-07,1.480e-07,)] [eta: 1:17:57, time (data): 2.937 (0.001)] l_pix: 3.8174e-02 
2025-11-25 18:31:58,882 INFO: [IART_..][epoch:  4, iter:  58,324, lr:(4.846e-07,1.479e-07,)] [eta: 1:17:54, time (data): 2.934 (0.001)] l_pix: 1.1729e-02 
2025-11-25 18:32:01,552 INFO: [IART_..][epoch:  4, iter:  58,325, lr:(4.842e-07,1.479e-07,)] [eta: 1:17:51, time (data): 2.932 (0.001)] l_pix: 2.0121e-02 
2025-11-25 18:32:04,259 INFO: [IART_..][epoch:  4, iter:  58,326, lr:(4.837e-07,1.478e-07,)] [eta: 1:17:48, time (data): 2.930 (0.001)] l_pix: 1.6494e-02 
2025-11-25 18:32:06,962 INFO: [IART_..][epoch:  4, iter:  58,327, lr:(4.832e-07,1.477e-07,)] [eta: 1:17:45, time (data): 2.928 (0.001)] l_pix: 1.4697e-02 
2025-11-25 18:32:09,647 INFO: [IART_..][epoch:  4, iter:  58,328, lr:(4.828e-07,1.477e-07,)] [eta: 1:17:42, time (data): 2.926 (0.001)] l_pix: 2.3916e-02 
2025-11-25 18:32:12,306 INFO: [IART_..][epoch:  4, iter:  58,329, lr:(4.823e-07,1.476e-07,)] [eta: 1:17:39, time (data): 2.923 (0.001)] l_pix: 2.2712e-02 
2025-11-25 18:32:14,944 INFO: [IART_..][epoch:  4, iter:  58,330, lr:(4.819e-07,1.476e-07,)] [eta: 1:17:37, time (data): 2.921 (0.001)] l_pix: 2.2658e-02 
2025-11-25 18:32:17,670 INFO: [IART_..][epoch:  4, iter:  58,331, lr:(4.814e-07,1.475e-07,)] [eta: 1:17:34, time (data): 2.919 (0.001)] l_pix: 2.8790e-02 
2025-11-25 18:32:20,335 INFO: [IART_..][epoch:  4, iter:  58,332, lr:(4.809e-07,1.475e-07,)] [eta: 1:17:31, time (data): 2.917 (0.001)] l_pix: 2.2837e-02 
2025-11-25 18:32:23,021 INFO: [IART_..][epoch:  4, iter:  58,333, lr:(4.805e-07,1.474e-07,)] [eta: 1:17:28, time (data): 2.915 (0.001)] l_pix: 9.6697e-03 
2025-11-25 18:32:25,627 INFO: [IART_..][epoch:  4, iter:  58,334, lr:(4.800e-07,1.473e-07,)] [eta: 1:17:25, time (data): 2.912 (0.001)] l_pix: 1.4894e-02 
2025-11-25 18:32:28,187 INFO: [IART_..][epoch:  4, iter:  58,335, lr:(4.796e-07,1.473e-07,)] [eta: 1:17:22, time (data): 2.909 (0.001)] l_pix: 1.2137e-02 
2025-11-25 18:32:30,920 INFO: [IART_..][epoch:  4, iter:  58,336, lr:(4.791e-07,1.472e-07,)] [eta: 1:17:19, time (data): 2.908 (0.001)] l_pix: 3.5107e-02 
2025-11-25 18:32:33,590 INFO: [IART_..][epoch:  4, iter:  58,337, lr:(4.787e-07,1.472e-07,)] [eta: 1:17:17, time (data): 2.906 (0.001)] l_pix: 2.8810e-02 
2025-11-25 18:32:36,341 INFO: [IART_..][epoch:  4, iter:  58,338, lr:(4.782e-07,1.471e-07,)] [eta: 1:17:14, time (data): 2.905 (0.001)] l_pix: 2.8991e-02 
2025-11-25 18:32:38,962 INFO: [IART_..][epoch:  4, iter:  58,339, lr:(4.778e-07,1.471e-07,)] [eta: 1:17:11, time (data): 2.902 (0.001)] l_pix: 2.5825e-02 
2025-11-25 18:32:41,664 INFO: [IART_..][epoch:  4, iter:  58,340, lr:(4.773e-07,1.470e-07,)] [eta: 1:17:08, time (data): 2.901 (0.001)] l_pix: 2.8384e-02 
2025-11-25 18:32:44,288 INFO: [IART_..][epoch:  4, iter:  58,341, lr:(4.769e-07,1.469e-07,)] [eta: 1:17:05, time (data): 2.899 (0.001)] l_pix: 2.3767e-02 
2025-11-25 18:32:46,958 INFO: [IART_..][epoch:  4, iter:  58,342, lr:(4.764e-07,1.469e-07,)] [eta: 1:17:02, time (data): 2.897 (0.002)] l_pix: 1.6588e-02 
2025-11-25 18:32:49,659 INFO: [IART_..][epoch:  4, iter:  58,343, lr:(4.759e-07,1.468e-07,)] [eta: 1:17:00, time (data): 2.895 (0.002)] l_pix: 2.0946e-02 
2025-11-25 18:32:52,284 INFO: [IART_..][epoch:  4, iter:  58,344, lr:(4.755e-07,1.468e-07,)] [eta: 1:16:57, time (data): 2.893 (0.002)] l_pix: 2.1414e-02 
2025-11-25 18:32:54,953 INFO: [IART_..][epoch:  4, iter:  58,345, lr:(4.750e-07,1.467e-07,)] [eta: 1:16:54, time (data): 2.891 (0.002)] l_pix: 1.0415e-02 
2025-11-25 18:32:57,608 INFO: [IART_..][epoch:  4, iter:  58,346, lr:(4.746e-07,1.467e-07,)] [eta: 1:16:51, time (data): 2.890 (0.002)] l_pix: 7.0891e-03 
2025-11-25 18:33:00,264 INFO: [IART_..][epoch:  4, iter:  58,347, lr:(4.741e-07,1.466e-07,)] [eta: 1:16:48, time (data): 2.888 (0.002)] l_pix: 3.2049e-02 
2025-11-25 18:33:02,888 INFO: [IART_..][epoch:  4, iter:  58,348, lr:(4.737e-07,1.465e-07,)] [eta: 1:16:45, time (data): 2.886 (0.002)] l_pix: 3.5800e-02 
2025-11-25 18:33:05,638 INFO: [IART_..][epoch:  4, iter:  58,349, lr:(4.732e-07,1.465e-07,)] [eta: 1:16:42, time (data): 2.885 (0.002)] l_pix: 3.1429e-02 
2025-11-25 18:33:08,437 INFO: [IART_..][epoch:  4, iter:  58,350, lr:(4.728e-07,1.464e-07,)] [eta: 1:16:40, time (data): 2.884 (0.002)] l_pix: 3.9198e-02 
2025-11-25 18:33:11,013 INFO: [IART_..][epoch:  4, iter:  58,351, lr:(4.723e-07,1.464e-07,)] [eta: 1:16:37, time (data): 2.882 (0.002)] l_pix: 2.0355e-02 
2025-11-25 18:33:13,748 INFO: [IART_..][epoch:  4, iter:  58,352, lr:(4.719e-07,1.463e-07,)] [eta: 1:16:34, time (data): 2.881 (0.002)] l_pix: 1.8222e-02 
2025-11-25 18:33:16,390 INFO: [IART_..][epoch:  4, iter:  58,353, lr:(4.714e-07,1.463e-07,)] [eta: 1:16:31, time (data): 2.879 (0.002)] l_pix: 1.6248e-02 
2025-11-25 18:33:19,075 INFO: [IART_..][epoch:  4, iter:  58,354, lr:(4.710e-07,1.462e-07,)] [eta: 1:16:28, time (data): 2.878 (0.002)] l_pix: 2.1956e-02 
2025-11-25 18:33:21,776 INFO: [IART_..][epoch:  4, iter:  58,355, lr:(4.705e-07,1.462e-07,)] [eta: 1:16:25, time (data): 2.876 (0.002)] l_pix: 2.9561e-02 
2025-11-25 18:33:24,525 INFO: [IART_..][epoch:  4, iter:  58,356, lr:(4.701e-07,1.461e-07,)] [eta: 1:16:23, time (data): 2.875 (0.002)] l_pix: 3.4044e-02 
2025-11-25 18:33:27,161 INFO: [IART_..][epoch:  4, iter:  58,357, lr:(4.696e-07,1.460e-07,)] [eta: 1:16:20, time (data): 2.874 (0.002)] l_pix: 3.5941e-02 
2025-11-25 18:33:29,768 INFO: [IART_..][epoch:  4, iter:  58,358, lr:(4.692e-07,1.460e-07,)] [eta: 1:16:17, time (data): 2.872 (0.002)] l_pix: 2.5250e-02 
2025-11-25 18:33:32,326 INFO: [IART_..][epoch:  4, iter:  58,359, lr:(4.687e-07,1.459e-07,)] [eta: 1:16:14, time (data): 2.870 (0.002)] l_pix: 2.8089e-02 
2025-11-25 18:33:34,961 INFO: [IART_..][epoch:  4, iter:  58,360, lr:(4.683e-07,1.459e-07,)] [eta: 1:16:11, time (data): 2.868 (0.002)] l_pix: 3.4967e-02 
2025-11-25 18:33:37,799 INFO: [IART_..][epoch:  4, iter:  58,361, lr:(4.678e-07,1.458e-07,)] [eta: 1:16:08, time (data): 2.868 (0.002)] l_pix: 1.6089e-02 
2025-11-25 18:33:40,453 INFO: [IART_..][epoch:  4, iter:  58,362, lr:(4.674e-07,1.458e-07,)] [eta: 1:16:05, time (data): 2.866 (0.002)] l_pix: 2.7491e-02 
2025-11-25 18:33:43,129 INFO: [IART_..][epoch:  4, iter:  58,363, lr:(4.669e-07,1.457e-07,)] [eta: 1:16:03, time (data): 2.865 (0.002)] l_pix: 2.0145e-02 
2025-11-25 18:33:45,853 INFO: [IART_..][epoch:  4, iter:  58,364, lr:(4.665e-07,1.456e-07,)] [eta: 1:16:00, time (data): 2.864 (0.002)] l_pix: 2.3952e-02 
2025-11-25 18:33:48,508 INFO: [IART_..][epoch:  4, iter:  58,365, lr:(4.660e-07,1.456e-07,)] [eta: 1:15:57, time (data): 2.863 (0.002)] l_pix: 3.6283e-02 
2025-11-25 18:33:51,243 INFO: [IART_..][epoch:  4, iter:  58,366, lr:(4.656e-07,1.455e-07,)] [eta: 1:15:54, time (data): 2.862 (0.002)] l_pix: 2.1208e-02 
2025-11-25 18:33:53,819 INFO: [IART_..][epoch:  4, iter:  58,367, lr:(4.651e-07,1.455e-07,)] [eta: 1:15:51, time (data): 2.860 (0.002)] l_pix: 2.1442e-02 
2025-11-25 18:33:56,588 INFO: [IART_..][epoch:  4, iter:  58,368, lr:(4.647e-07,1.454e-07,)] [eta: 1:15:48, time (data): 2.859 (0.002)] l_pix: 1.5540e-02 
2025-11-25 18:33:59,274 INFO: [IART_..][epoch:  4, iter:  58,369, lr:(4.642e-07,1.454e-07,)] [eta: 1:15:46, time (data): 2.858 (0.002)] l_pix: 2.2251e-02 
2025-11-25 18:34:01,895 INFO: [IART_..][epoch:  4, iter:  58,370, lr:(4.638e-07,1.453e-07,)] [eta: 1:15:43, time (data): 2.857 (0.002)] l_pix: 2.2073e-02 
2025-11-25 18:34:04,617 INFO: [IART_..][epoch:  4, iter:  58,371, lr:(4.634e-07,1.453e-07,)] [eta: 1:15:40, time (data): 2.856 (0.002)] l_pix: 3.6328e-02 
2025-11-25 18:34:07,271 INFO: [IART_..][epoch:  4, iter:  58,372, lr:(4.629e-07,1.452e-07,)] [eta: 1:15:37, time (data): 2.854 (0.002)] l_pix: 1.2982e-02 
2025-11-25 18:34:09,975 INFO: [IART_..][epoch:  4, iter:  58,373, lr:(4.625e-07,1.451e-07,)] [eta: 1:15:34, time (data): 2.853 (0.002)] l_pix: 2.6351e-02 
2025-11-25 18:34:12,693 INFO: [IART_..][epoch:  4, iter:  58,374, lr:(4.620e-07,1.451e-07,)] [eta: 1:15:31, time (data): 2.853 (0.002)] l_pix: 3.0389e-02 
2025-11-25 18:34:15,461 INFO: [IART_..][epoch:  4, iter:  58,375, lr:(4.616e-07,1.450e-07,)] [eta: 1:15:29, time (data): 2.852 (0.002)] l_pix: 1.6072e-02 
2025-11-25 18:34:18,134 INFO: [IART_..][epoch:  4, iter:  58,376, lr:(4.611e-07,1.450e-07,)] [eta: 1:15:26, time (data): 2.851 (0.002)] l_pix: 2.4978e-02 
2025-11-25 18:34:20,823 INFO: [IART_..][epoch:  4, iter:  58,377, lr:(4.607e-07,1.449e-07,)] [eta: 1:15:23, time (data): 2.850 (0.002)] l_pix: 2.1502e-02 
2025-11-25 18:34:23,495 INFO: [IART_..][epoch:  4, iter:  58,378, lr:(4.602e-07,1.449e-07,)] [eta: 1:15:20, time (data): 2.849 (0.002)] l_pix: 1.7788e-02 
2025-11-25 18:34:26,216 INFO: [IART_..][epoch:  4, iter:  58,379, lr:(4.598e-07,1.448e-07,)] [eta: 1:15:17, time (data): 2.848 (0.002)] l_pix: 1.6124e-02 
2025-11-25 18:34:28,909 INFO: [IART_..][epoch:  4, iter:  58,380, lr:(4.594e-07,1.448e-07,)] [eta: 1:15:14, time (data): 2.847 (0.002)] l_pix: 2.0451e-02 
2025-11-25 18:34:31,532 INFO: [IART_..][epoch:  4, iter:  58,381, lr:(4.589e-07,1.447e-07,)] [eta: 1:15:12, time (data): 2.846 (0.002)] l_pix: 3.3587e-02 
2025-11-25 18:34:34,236 INFO: [IART_..][epoch:  4, iter:  58,382, lr:(4.585e-07,1.447e-07,)] [eta: 1:15:09, time (data): 2.845 (0.002)] l_pix: 3.3879e-02 
2025-11-25 18:34:36,942 INFO: [IART_..][epoch:  4, iter:  58,383, lr:(4.580e-07,1.446e-07,)] [eta: 1:15:06, time (data): 2.844 (0.002)] l_pix: 8.7949e-03 
2025-11-25 18:34:39,613 INFO: [IART_..][epoch:  4, iter:  58,384, lr:(4.576e-07,1.445e-07,)] [eta: 1:15:03, time (data): 2.843 (0.002)] l_pix: 3.0606e-02 
2025-11-25 18:34:42,270 INFO: [IART_..][epoch:  4, iter:  58,385, lr:(4.571e-07,1.445e-07,)] [eta: 1:15:00, time (data): 2.842 (0.002)] l_pix: 2.0483e-02 
2025-11-25 18:34:45,122 INFO: [IART_..][epoch:  4, iter:  58,386, lr:(4.567e-07,1.444e-07,)] [eta: 1:14:57, time (data): 2.842 (0.002)] l_pix: 6.2122e-03 
2025-11-25 18:34:47,761 INFO: [IART_..][epoch:  4, iter:  58,387, lr:(4.563e-07,1.444e-07,)] [eta: 1:14:55, time (data): 2.841 (0.002)] l_pix: 2.3142e-02 
2025-11-25 18:34:50,347 INFO: [IART_..][epoch:  4, iter:  58,388, lr:(4.558e-07,1.443e-07,)] [eta: 1:14:52, time (data): 2.839 (0.002)] l_pix: 8.3374e-03 
2025-11-25 18:34:53,219 INFO: [IART_..][epoch:  4, iter:  58,389, lr:(4.554e-07,1.443e-07,)] [eta: 1:14:49, time (data): 2.839 (0.002)] l_pix: 4.4443e-02 
2025-11-25 18:34:55,874 INFO: [IART_..][epoch:  4, iter:  58,390, lr:(4.549e-07,1.442e-07,)] [eta: 1:14:46, time (data): 2.838 (0.002)] l_pix: 1.2990e-02 
2025-11-25 18:34:58,627 INFO: [IART_..][epoch:  4, iter:  58,391, lr:(4.545e-07,1.442e-07,)] [eta: 1:14:43, time (data): 2.838 (0.002)] l_pix: 3.4617e-02 
2025-11-25 18:35:01,218 INFO: [IART_..][epoch:  4, iter:  58,392, lr:(4.541e-07,1.441e-07,)] [eta: 1:14:40, time (data): 2.837 (0.002)] l_pix: 2.5356e-02 
2025-11-25 18:35:03,843 INFO: [IART_..][epoch:  4, iter:  58,393, lr:(4.536e-07,1.440e-07,)] [eta: 1:14:38, time (data): 2.835 (0.002)] l_pix: 2.9425e-02 
2025-11-25 18:35:06,466 INFO: [IART_..][epoch:  4, iter:  58,394, lr:(4.532e-07,1.440e-07,)] [eta: 1:14:35, time (data): 2.834 (0.002)] l_pix: 2.5173e-02 
2025-11-25 18:35:09,171 INFO: [IART_..][epoch:  4, iter:  58,395, lr:(4.527e-07,1.439e-07,)] [eta: 1:14:32, time (data): 2.833 (0.002)] l_pix: 6.0813e-03 
2025-11-25 18:35:11,807 INFO: [IART_..][epoch:  4, iter:  58,396, lr:(4.523e-07,1.439e-07,)] [eta: 1:14:29, time (data): 2.832 (0.002)] l_pix: 2.4402e-02 
2025-11-25 18:35:14,429 INFO: [IART_..][epoch:  4, iter:  58,397, lr:(4.519e-07,1.438e-07,)] [eta: 1:14:26, time (data): 2.831 (0.002)] l_pix: 2.5642e-02 
2025-11-25 18:35:17,052 INFO: [IART_..][epoch:  4, iter:  58,398, lr:(4.514e-07,1.438e-07,)] [eta: 1:14:23, time (data): 2.830 (0.002)] l_pix: 2.3808e-02 
2025-11-25 18:35:19,707 INFO: [IART_..][epoch:  4, iter:  58,399, lr:(4.510e-07,1.437e-07,)] [eta: 1:14:20, time (data): 2.829 (0.002)] l_pix: 2.8581e-02 
2025-11-25 18:35:22,390 INFO: [IART_..][epoch:  4, iter:  58,400, lr:(4.505e-07,1.437e-07,)] [eta: 1:14:18, time (data): 2.828 (0.002)] l_pix: 9.4185e-03 
2025-11-25 18:35:25,056 INFO: [IART_..][epoch:  4, iter:  58,401, lr:(4.501e-07,1.436e-07,)] [eta: 1:14:15, time (data): 2.827 (0.002)] l_pix: 2.6312e-02 
2025-11-25 18:35:27,713 INFO: [IART_..][epoch:  4, iter:  58,402, lr:(4.497e-07,1.436e-07,)] [eta: 1:14:12, time (data): 2.826 (0.002)] l_pix: 3.6606e-02 
2025-11-25 18:35:30,367 INFO: [IART_..][epoch:  4, iter:  58,403, lr:(4.492e-07,1.435e-07,)] [eta: 1:14:09, time (data): 2.826 (0.002)] l_pix: 1.1107e-02 
2025-11-25 18:35:33,042 INFO: [IART_..][epoch:  4, iter:  58,404, lr:(4.488e-07,1.434e-07,)] [eta: 1:14:06, time (data): 2.825 (0.002)] l_pix: 3.0684e-02 
2025-11-25 18:35:35,693 INFO: [IART_..][epoch:  4, iter:  58,405, lr:(4.484e-07,1.434e-07,)] [eta: 1:14:03, time (data): 2.824 (0.002)] l_pix: 4.0482e-02 
2025-11-25 18:35:38,339 INFO: [IART_..][epoch:  4, iter:  58,406, lr:(4.479e-07,1.433e-07,)] [eta: 1:14:00, time (data): 2.823 (0.002)] l_pix: 1.2892e-02 
2025-11-25 18:35:40,978 INFO: [IART_..][epoch:  4, iter:  58,407, lr:(4.475e-07,1.433e-07,)] [eta: 1:13:58, time (data): 2.822 (0.002)] l_pix: 1.2013e-02 
2025-11-25 18:35:43,757 INFO: [IART_..][epoch:  4, iter:  58,408, lr:(4.470e-07,1.432e-07,)] [eta: 1:13:55, time (data): 2.822 (0.002)] l_pix: 1.9158e-02 
2025-11-25 18:35:46,399 INFO: [IART_..][epoch:  4, iter:  58,409, lr:(4.466e-07,1.432e-07,)] [eta: 1:13:52, time (data): 2.821 (0.002)] l_pix: 1.6486e-02 
2025-11-25 18:35:49,089 INFO: [IART_..][epoch:  4, iter:  58,410, lr:(4.462e-07,1.431e-07,)] [eta: 1:13:49, time (data): 2.820 (0.002)] l_pix: 2.8378e-02 
2025-11-25 18:35:51,792 INFO: [IART_..][epoch:  4, iter:  58,411, lr:(4.457e-07,1.431e-07,)] [eta: 1:13:46, time (data): 2.819 (0.002)] l_pix: 2.0038e-02 
2025-11-25 18:35:54,542 INFO: [IART_..][epoch:  4, iter:  58,412, lr:(4.453e-07,1.430e-07,)] [eta: 1:13:44, time (data): 2.819 (0.002)] l_pix: 3.1862e-02 
2025-11-25 18:35:57,358 INFO: [IART_..][epoch:  4, iter:  58,413, lr:(4.449e-07,1.430e-07,)] [eta: 1:13:41, time (data): 2.819 (0.002)] l_pix: 2.5750e-02 
2025-11-25 18:36:00,013 INFO: [IART_..][epoch:  4, iter:  58,414, lr:(4.444e-07,1.429e-07,)] [eta: 1:13:38, time (data): 2.818 (0.002)] l_pix: 8.8312e-03 
2025-11-25 18:36:02,668 INFO: [IART_..][epoch:  4, iter:  58,415, lr:(4.440e-07,1.428e-07,)] [eta: 1:13:35, time (data): 2.817 (0.002)] l_pix: 1.8961e-02 
2025-11-25 18:36:05,256 INFO: [IART_..][epoch:  4, iter:  58,416, lr:(4.436e-07,1.428e-07,)] [eta: 1:13:32, time (data): 2.816 (0.002)] l_pix: 1.8052e-02 
2025-11-25 18:36:07,896 INFO: [IART_..][epoch:  4, iter:  58,417, lr:(4.431e-07,1.427e-07,)] [eta: 1:13:29, time (data): 2.815 (0.002)] l_pix: 1.7820e-02 
2025-11-25 18:36:10,613 INFO: [IART_..][epoch:  4, iter:  58,418, lr:(4.427e-07,1.427e-07,)] [eta: 1:13:26, time (data): 2.716 (0.000)] l_pix: 1.9926e-02 
2025-11-25 18:36:13,325 INFO: [IART_..][epoch:  4, iter:  58,419, lr:(4.423e-07,1.426e-07,)] [eta: 1:13:24, time (data): 2.714 (0.008)] l_pix: 1.9151e-02 
2025-11-25 18:36:15,967 INFO: [IART_..][epoch:  4, iter:  58,420, lr:(4.418e-07,1.426e-07,)] [eta: 1:13:21, time (data): 2.690 (0.005)] l_pix: 1.3798e-02 
2025-11-25 18:36:18,667 INFO: [IART_..][epoch:  4, iter:  58,421, lr:(4.414e-07,1.425e-07,)] [eta: 1:13:18, time (data): 2.693 (0.004)] l_pix: 2.4978e-02 
2025-11-25 18:36:21,273 INFO: [IART_..][epoch:  4, iter:  58,422, lr:(4.410e-07,1.425e-07,)] [eta: 1:13:15, time (data): 2.675 (0.003)] l_pix: 2.4269e-02 
2025-11-25 18:36:24,020 INFO: [IART_..][epoch:  4, iter:  58,423, lr:(4.405e-07,1.424e-07,)] [eta: 1:13:12, time (data): 2.687 (0.003)] l_pix: 3.0171e-02 
2025-11-25 18:36:26,788 INFO: [IART_..][epoch:  4, iter:  58,424, lr:(4.401e-07,1.424e-07,)] [eta: 1:13:09, time (data): 2.699 (0.002)] l_pix: 1.9610e-02 
2025-11-25 18:36:29,427 INFO: [IART_..][epoch:  4, iter:  58,425, lr:(4.397e-07,1.423e-07,)] [eta: 1:13:07, time (data): 2.691 (0.004)] l_pix: 2.9800e-02 
2025-11-25 18:36:32,111 INFO: [IART_..][epoch:  4, iter:  58,426, lr:(4.392e-07,1.423e-07,)] [eta: 1:13:04, time (data): 2.691 (0.004)] l_pix: 3.3351e-02 
2025-11-25 18:36:34,831 INFO: [IART_..][epoch:  4, iter:  58,427, lr:(4.388e-07,1.422e-07,)] [eta: 1:13:01, time (data): 2.693 (0.003)] l_pix: 1.3810e-02 
2025-11-25 18:36:37,564 INFO: [IART_..][epoch:  4, iter:  58,428, lr:(4.384e-07,1.421e-07,)] [eta: 1:12:58, time (data): 2.697 (0.003)] l_pix: 3.2916e-02 
2025-11-25 18:36:40,236 INFO: [IART_..][epoch:  4, iter:  58,429, lr:(4.380e-07,1.421e-07,)] [eta: 1:12:55, time (data): 2.695 (0.003)] l_pix: 1.2160e-02 
2025-11-25 18:36:42,860 INFO: [IART_..][epoch:  4, iter:  58,430, lr:(4.375e-07,1.420e-07,)] [eta: 1:12:52, time (data): 2.690 (0.002)] l_pix: 2.1415e-02 
2025-11-25 18:36:45,437 INFO: [IART_..][epoch:  4, iter:  58,431, lr:(4.371e-07,1.420e-07,)] [eta: 1:12:50, time (data): 2.681 (0.002)] l_pix: 2.0818e-02 
2025-11-25 18:36:48,205 INFO: [IART_..][epoch:  4, iter:  58,432, lr:(4.367e-07,1.419e-07,)] [eta: 1:12:47, time (data): 2.687 (0.002)] l_pix: 2.3067e-02 
2025-11-25 18:36:50,780 INFO: [IART_..][epoch:  4, iter:  58,433, lr:(4.362e-07,1.419e-07,)] [eta: 1:12:44, time (data): 2.680 (0.002)] l_pix: 3.6966e-03 
2025-11-25 18:36:53,517 INFO: [IART_..][epoch:  4, iter:  58,434, lr:(4.358e-07,1.418e-07,)] [eta: 1:12:41, time (data): 2.684 (0.002)] l_pix: 2.5792e-02 
2025-11-25 18:36:56,205 INFO: [IART_..][epoch:  4, iter:  58,435, lr:(4.354e-07,1.418e-07,)] [eta: 1:12:38, time (data): 2.684 (0.002)] l_pix: 1.5077e-02 
2025-11-25 18:36:58,798 INFO: [IART_..][epoch:  4, iter:  58,436, lr:(4.350e-07,1.417e-07,)] [eta: 1:12:35, time (data): 2.679 (0.002)] l_pix: 2.4572e-02 
2025-11-25 18:37:01,501 INFO: [IART_..][epoch:  4, iter:  58,437, lr:(4.345e-07,1.417e-07,)] [eta: 1:12:33, time (data): 2.680 (0.002)] l_pix: 1.7593e-02 
2025-11-25 18:37:04,140 INFO: [IART_..][epoch:  4, iter:  58,438, lr:(4.341e-07,1.416e-07,)] [eta: 1:12:30, time (data): 2.678 (0.002)] l_pix: 2.9041e-02 
2025-11-25 18:37:06,750 INFO: [IART_..][epoch:  4, iter:  58,439, lr:(4.337e-07,1.416e-07,)] [eta: 1:12:27, time (data): 2.675 (0.002)] l_pix: 1.6547e-02 
2025-11-25 18:37:09,469 INFO: [IART_..][epoch:  4, iter:  58,440, lr:(4.332e-07,1.415e-07,)] [eta: 1:12:24, time (data): 2.677 (0.002)] l_pix: 1.8645e-02 
2025-11-25 18:37:12,078 INFO: [IART_..][epoch:  4, iter:  58,441, lr:(4.328e-07,1.415e-07,)] [eta: 1:12:21, time (data): 2.674 (0.002)] l_pix: 1.6053e-02 
2025-11-25 18:37:14,781 INFO: [IART_..][epoch:  4, iter:  58,442, lr:(4.324e-07,1.414e-07,)] [eta: 1:12:18, time (data): 2.675 (0.003)] l_pix: 2.0404e-02 
2025-11-25 18:37:17,580 INFO: [IART_..][epoch:  4, iter:  58,443, lr:(4.320e-07,1.413e-07,)] [eta: 1:12:16, time (data): 2.680 (0.002)] l_pix: 2.5564e-02 
2025-11-25 18:37:20,327 INFO: [IART_..][epoch:  4, iter:  58,444, lr:(4.315e-07,1.413e-07,)] [eta: 1:12:13, time (data): 2.683 (0.002)] l_pix: 2.7369e-02 
2025-11-25 18:37:23,000 INFO: [IART_..][epoch:  4, iter:  58,445, lr:(4.311e-07,1.412e-07,)] [eta: 1:12:10, time (data): 2.682 (0.002)] l_pix: 2.3336e-02 
2025-11-25 18:37:25,653 INFO: [IART_..][epoch:  4, iter:  58,446, lr:(4.307e-07,1.412e-07,)] [eta: 1:12:07, time (data): 2.681 (0.003)] l_pix: 1.4260e-02 
2025-11-25 18:37:28,320 INFO: [IART_..][epoch:  4, iter:  58,447, lr:(4.303e-07,1.411e-07,)] [eta: 1:12:04, time (data): 2.681 (0.003)] l_pix: 1.4023e-02 
2025-11-25 18:37:31,006 INFO: [IART_..][epoch:  4, iter:  58,448, lr:(4.298e-07,1.411e-07,)] [eta: 1:12:01, time (data): 2.681 (0.003)] l_pix: 2.1411e-02 
2025-11-25 18:37:33,668 INFO: [IART_..][epoch:  4, iter:  58,449, lr:(4.294e-07,1.410e-07,)] [eta: 1:11:59, time (data): 2.680 (0.002)] l_pix: 1.8993e-02 
2025-11-25 18:37:36,375 INFO: [IART_..][epoch:  4, iter:  58,450, lr:(4.290e-07,1.410e-07,)] [eta: 1:11:56, time (data): 2.681 (0.002)] l_pix: 2.5032e-02 
2025-11-25 18:37:39,016 INFO: [IART_..][epoch:  4, iter:  58,451, lr:(4.286e-07,1.409e-07,)] [eta: 1:11:53, time (data): 2.680 (0.002)] l_pix: 2.5313e-02 
2025-11-25 18:37:41,734 INFO: [IART_..][epoch:  4, iter:  58,452, lr:(4.281e-07,1.409e-07,)] [eta: 1:11:50, time (data): 2.681 (0.002)] l_pix: 2.4487e-02 
2025-11-25 18:37:44,549 INFO: [IART_..][epoch:  4, iter:  58,453, lr:(4.277e-07,1.408e-07,)] [eta: 1:11:47, time (data): 2.685 (0.002)] l_pix: 1.0058e-02 
2025-11-25 18:37:47,285 INFO: [IART_..][epoch:  4, iter:  58,454, lr:(4.273e-07,1.408e-07,)] [eta: 1:11:44, time (data): 2.686 (0.002)] l_pix: 2.4508e-02 
2025-11-25 18:37:49,972 INFO: [IART_..][epoch:  4, iter:  58,455, lr:(4.269e-07,1.407e-07,)] [eta: 1:11:42, time (data): 2.686 (0.002)] l_pix: 2.0448e-02 
2025-11-25 18:37:52,610 INFO: [IART_..][epoch:  4, iter:  58,456, lr:(4.264e-07,1.407e-07,)] [eta: 1:11:39, time (data): 2.685 (0.002)] l_pix: 2.2432e-02 
2025-11-25 18:37:55,236 INFO: [IART_..][epoch:  4, iter:  58,457, lr:(4.260e-07,1.406e-07,)] [eta: 1:11:36, time (data): 2.684 (0.002)] l_pix: 2.0531e-02 
2025-11-25 18:37:57,829 INFO: [IART_..][epoch:  4, iter:  58,458, lr:(4.256e-07,1.406e-07,)] [eta: 1:11:33, time (data): 2.681 (0.002)] l_pix: 1.7225e-02 
2025-11-25 18:38:00,595 INFO: [IART_..][epoch:  4, iter:  58,459, lr:(4.252e-07,1.405e-07,)] [eta: 1:11:30, time (data): 2.683 (0.002)] l_pix: 2.0131e-02 
2025-11-25 18:38:03,296 INFO: [IART_..][epoch:  4, iter:  58,460, lr:(4.248e-07,1.405e-07,)] [eta: 1:11:27, time (data): 2.684 (0.002)] l_pix: 1.3144e-02 
2025-11-25 18:38:05,998 INFO: [IART_..][epoch:  4, iter:  58,461, lr:(4.243e-07,1.404e-07,)] [eta: 1:11:25, time (data): 2.684 (0.002)] l_pix: 1.3015e-02 
2025-11-25 18:38:08,764 INFO: [IART_..][epoch:  4, iter:  58,462, lr:(4.239e-07,1.403e-07,)] [eta: 1:11:22, time (data): 2.686 (0.002)] l_pix: 2.4392e-02 
2025-11-25 18:38:11,576 INFO: [IART_..][epoch:  4, iter:  58,463, lr:(4.235e-07,1.403e-07,)] [eta: 1:11:19, time (data): 2.689 (0.002)] l_pix: 3.3463e-02 
2025-11-25 18:38:14,361 INFO: [IART_..][epoch:  4, iter:  58,464, lr:(4.231e-07,1.402e-07,)] [eta: 1:11:16, time (data): 2.691 (0.002)] l_pix: 2.2260e-02 
2025-11-25 18:38:16,924 INFO: [IART_..][epoch:  4, iter:  58,465, lr:(4.227e-07,1.402e-07,)] [eta: 1:11:13, time (data): 2.688 (0.002)] l_pix: 2.1285e-02 
2025-11-25 18:38:19,676 INFO: [IART_..][epoch:  4, iter:  58,466, lr:(4.222e-07,1.401e-07,)] [eta: 1:11:11, time (data): 2.689 (0.002)] l_pix: 2.5197e-02 
2025-11-25 18:38:22,420 INFO: [IART_..][epoch:  4, iter:  58,467, lr:(4.218e-07,1.401e-07,)] [eta: 1:11:08, time (data): 2.690 (0.002)] l_pix: 1.6489e-02 
2025-11-25 18:38:25,053 INFO: [IART_..][epoch:  4, iter:  58,468, lr:(4.214e-07,1.400e-07,)] [eta: 1:11:05, time (data): 2.689 (0.002)] l_pix: 3.5227e-02 
2025-11-25 18:38:27,708 INFO: [IART_..][epoch:  4, iter:  58,469, lr:(4.210e-07,1.400e-07,)] [eta: 1:11:02, time (data): 2.689 (0.002)] l_pix: 3.4712e-02 
2025-11-25 18:38:30,316 INFO: [IART_..][epoch:  4, iter:  58,470, lr:(4.206e-07,1.399e-07,)] [eta: 1:10:59, time (data): 2.687 (0.002)] l_pix: 2.3551e-02 
2025-11-25 18:38:32,952 INFO: [IART_..][epoch:  4, iter:  58,471, lr:(4.201e-07,1.399e-07,)] [eta: 1:10:56, time (data): 2.686 (0.002)] l_pix: 1.6515e-02 
2025-11-25 18:38:35,625 INFO: [IART_..][epoch:  4, iter:  58,472, lr:(4.197e-07,1.398e-07,)] [eta: 1:10:54, time (data): 2.686 (0.002)] l_pix: 1.8322e-02 
2025-11-25 18:38:38,422 INFO: [IART_..][epoch:  4, iter:  58,473, lr:(4.193e-07,1.398e-07,)] [eta: 1:10:51, time (data): 2.688 (0.002)] l_pix: 2.1687e-02 
2025-11-25 18:38:41,096 INFO: [IART_..][epoch:  4, iter:  58,474, lr:(4.189e-07,1.397e-07,)] [eta: 1:10:48, time (data): 2.688 (0.002)] l_pix: 2.0220e-02 
2025-11-25 18:38:43,770 INFO: [IART_..][epoch:  4, iter:  58,475, lr:(4.185e-07,1.397e-07,)] [eta: 1:10:45, time (data): 2.687 (0.003)] l_pix: 3.1002e-02 
2025-11-25 18:38:46,544 INFO: [IART_..][epoch:  4, iter:  58,476, lr:(4.180e-07,1.396e-07,)] [eta: 1:10:42, time (data): 2.689 (0.003)] l_pix: 2.0086e-02 
2025-11-25 18:38:49,260 INFO: [IART_..][epoch:  4, iter:  58,477, lr:(4.176e-07,1.396e-07,)] [eta: 1:10:39, time (data): 2.689 (0.003)] l_pix: 7.8216e-03 
2025-11-25 18:38:52,021 INFO: [IART_..][epoch:  4, iter:  58,478, lr:(4.172e-07,1.395e-07,)] [eta: 1:10:37, time (data): 2.691 (0.002)] l_pix: 2.2345e-02 
2025-11-25 18:38:54,735 INFO: [IART_..][epoch:  4, iter:  58,479, lr:(4.168e-07,1.395e-07,)] [eta: 1:10:34, time (data): 2.691 (0.002)] l_pix: 2.5005e-02 
2025-11-25 18:38:57,543 INFO: [IART_..][epoch:  4, iter:  58,480, lr:(4.164e-07,1.394e-07,)] [eta: 1:10:31, time (data): 2.693 (0.002)] l_pix: 2.3658e-02 
2025-11-25 18:39:00,267 INFO: [IART_..][epoch:  4, iter:  58,481, lr:(4.160e-07,1.394e-07,)] [eta: 1:10:28, time (data): 2.693 (0.002)] l_pix: 3.2987e-02 
2025-11-25 18:39:03,085 INFO: [IART_..][epoch:  4, iter:  58,482, lr:(4.155e-07,1.393e-07,)] [eta: 1:10:25, time (data): 2.695 (0.002)] l_pix: 3.1478e-02 
2025-11-25 18:39:05,801 INFO: [IART_..][epoch:  4, iter:  58,483, lr:(4.151e-07,1.393e-07,)] [eta: 1:10:23, time (data): 2.695 (0.002)] l_pix: 2.3143e-02 
2025-11-25 18:39:08,619 INFO: [IART_..][epoch:  4, iter:  58,484, lr:(4.147e-07,1.392e-07,)] [eta: 1:10:20, time (data): 2.697 (0.002)] l_pix: 3.1056e-02 
2025-11-25 18:39:11,354 INFO: [IART_..][epoch:  4, iter:  58,485, lr:(4.143e-07,1.392e-07,)] [eta: 1:10:17, time (data): 2.698 (0.002)] l_pix: 1.4435e-02 
2025-11-25 18:39:14,126 INFO: [IART_..][epoch:  4, iter:  58,486, lr:(4.139e-07,1.391e-07,)] [eta: 1:10:14, time (data): 2.699 (0.002)] l_pix: 2.4568e-02 
2025-11-25 18:39:16,875 INFO: [IART_..][epoch:  4, iter:  58,487, lr:(4.135e-07,1.390e-07,)] [eta: 1:10:12, time (data): 2.700 (0.002)] l_pix: 2.0320e-02 
2025-11-25 18:39:19,633 INFO: [IART_..][epoch:  4, iter:  58,488, lr:(4.131e-07,1.390e-07,)] [eta: 1:10:09, time (data): 2.700 (0.002)] l_pix: 2.1027e-02 
2025-11-25 18:39:22,332 INFO: [IART_..][epoch:  4, iter:  58,489, lr:(4.126e-07,1.389e-07,)] [eta: 1:10:06, time (data): 2.700 (0.002)] l_pix: 2.8566e-02 
2025-11-25 18:39:25,092 INFO: [IART_..][epoch:  4, iter:  58,490, lr:(4.122e-07,1.389e-07,)] [eta: 1:10:03, time (data): 2.701 (0.002)] l_pix: 1.4236e-02 
2025-11-25 18:39:27,839 INFO: [IART_..][epoch:  4, iter:  58,491, lr:(4.118e-07,1.388e-07,)] [eta: 1:10:00, time (data): 2.702 (0.002)] l_pix: 2.2751e-02 
2025-11-25 18:39:30,568 INFO: [IART_..][epoch:  4, iter:  58,492, lr:(4.114e-07,1.388e-07,)] [eta: 1:09:57, time (data): 2.702 (0.002)] l_pix: 1.0718e-02 
2025-11-25 18:39:33,284 INFO: [IART_..][epoch:  4, iter:  58,493, lr:(4.110e-07,1.387e-07,)] [eta: 1:09:55, time (data): 2.702 (0.002)] l_pix: 7.3911e-03 
2025-11-25 18:39:35,973 INFO: [IART_..][epoch:  4, iter:  58,494, lr:(4.106e-07,1.387e-07,)] [eta: 1:09:52, time (data): 2.702 (0.002)] l_pix: 1.9178e-02 
2025-11-25 18:39:38,606 INFO: [IART_..][epoch:  4, iter:  58,495, lr:(4.102e-07,1.386e-07,)] [eta: 1:09:49, time (data): 2.701 (0.002)] l_pix: 3.7232e-02 
2025-11-25 18:39:41,256 INFO: [IART_..][epoch:  4, iter:  58,496, lr:(4.098e-07,1.386e-07,)] [eta: 1:09:46, time (data): 2.701 (0.002)] l_pix: 1.2768e-02 
2025-11-25 18:39:43,862 INFO: [IART_..][epoch:  4, iter:  58,497, lr:(4.093e-07,1.385e-07,)] [eta: 1:09:43, time (data): 2.699 (0.002)] l_pix: 1.9879e-02 
2025-11-25 18:39:46,650 INFO: [IART_..][epoch:  4, iter:  58,498, lr:(4.089e-07,1.385e-07,)] [eta: 1:09:40, time (data): 2.700 (0.002)] l_pix: 1.3231e-02 
2025-11-25 18:39:49,327 INFO: [IART_..][epoch:  4, iter:  58,499, lr:(4.085e-07,1.384e-07,)] [eta: 1:09:38, time (data): 2.700 (0.002)] l_pix: 2.2394e-02 
2025-11-25 18:39:52,015 INFO: [IART_..][epoch:  4, iter:  58,500, lr:(4.081e-07,1.384e-07,)] [eta: 1:09:35, time (data): 2.700 (0.002)] l_pix: 1.1382e-02 
2025-11-25 18:39:54,771 INFO: [IART_..][epoch:  4, iter:  58,501, lr:(4.077e-07,1.383e-07,)] [eta: 1:09:32, time (data): 2.701 (0.002)] l_pix: 2.8751e-02 
2025-11-25 18:39:57,440 INFO: [IART_..][epoch:  4, iter:  58,502, lr:(4.073e-07,1.383e-07,)] [eta: 1:09:29, time (data): 2.700 (0.002)] l_pix: 2.0977e-02 
2025-11-25 18:40:00,121 INFO: [IART_..][epoch:  4, iter:  58,503, lr:(4.069e-07,1.382e-07,)] [eta: 1:09:26, time (data): 2.700 (0.002)] l_pix: 1.5478e-02 
2025-11-25 18:40:02,796 INFO: [IART_..][epoch:  4, iter:  58,504, lr:(4.065e-07,1.382e-07,)] [eta: 1:09:24, time (data): 2.700 (0.002)] l_pix: 1.0319e-02 
2025-11-25 18:40:05,472 INFO: [IART_..][epoch:  4, iter:  58,505, lr:(4.061e-07,1.381e-07,)] [eta: 1:09:21, time (data): 2.700 (0.002)] l_pix: 2.9138e-02 
2025-11-25 18:40:08,102 INFO: [IART_..][epoch:  4, iter:  58,506, lr:(4.057e-07,1.381e-07,)] [eta: 1:09:18, time (data): 2.699 (0.002)] l_pix: 9.1112e-03 
2025-11-25 18:40:10,765 INFO: [IART_..][epoch:  4, iter:  58,507, lr:(4.052e-07,1.380e-07,)] [eta: 1:09:15, time (data): 2.698 (0.002)] l_pix: 2.1452e-02 
2025-11-25 18:40:13,436 INFO: [IART_..][epoch:  4, iter:  58,508, lr:(4.048e-07,1.380e-07,)] [eta: 1:09:12, time (data): 2.698 (0.002)] l_pix: 1.7930e-02 
2025-11-25 18:40:16,133 INFO: [IART_..][epoch:  4, iter:  58,509, lr:(4.044e-07,1.379e-07,)] [eta: 1:09:09, time (data): 2.698 (0.002)] l_pix: 2.7449e-02 
2025-11-25 18:40:18,782 INFO: [IART_..][epoch:  4, iter:  58,510, lr:(4.040e-07,1.379e-07,)] [eta: 1:09:07, time (data): 2.697 (0.002)] l_pix: 1.7816e-02 
2025-11-25 18:40:21,401 INFO: [IART_..][epoch:  4, iter:  58,511, lr:(4.036e-07,1.378e-07,)] [eta: 1:09:04, time (data): 2.697 (0.002)] l_pix: 3.5170e-02 
2025-11-25 18:40:24,068 INFO: [IART_..][epoch:  4, iter:  58,512, lr:(4.032e-07,1.378e-07,)] [eta: 1:09:01, time (data): 2.696 (0.002)] l_pix: 1.2996e-02 
2025-11-25 18:40:26,749 INFO: [IART_..][epoch:  4, iter:  58,513, lr:(4.028e-07,1.377e-07,)] [eta: 1:08:58, time (data): 2.696 (0.002)] l_pix: 1.8556e-02 
2025-11-25 18:40:29,414 INFO: [IART_..][epoch:  4, iter:  58,514, lr:(4.024e-07,1.377e-07,)] [eta: 1:08:55, time (data): 2.696 (0.002)] l_pix: 2.2421e-02 
2025-11-25 18:40:32,177 INFO: [IART_..][epoch:  4, iter:  58,515, lr:(4.020e-07,1.376e-07,)] [eta: 1:08:52, time (data): 2.697 (0.002)] l_pix: 3.0403e-02 
2025-11-25 18:40:34,874 INFO: [IART_..][epoch:  4, iter:  58,516, lr:(4.016e-07,1.376e-07,)] [eta: 1:08:50, time (data): 2.697 (0.002)] l_pix: 1.8227e-02 
2025-11-25 18:40:37,583 INFO: [IART_..][epoch:  4, iter:  58,517, lr:(4.012e-07,1.375e-07,)] [eta: 1:08:47, time (data): 2.697 (0.002)] l_pix: 2.8167e-02 
2025-11-25 18:40:40,182 INFO: [IART_..][epoch:  4, iter:  58,518, lr:(4.008e-07,1.375e-07,)] [eta: 1:08:44, time (data): 2.696 (0.002)] l_pix: 2.0582e-02 
2025-11-25 18:40:42,900 INFO: [IART_..][epoch:  4, iter:  58,519, lr:(4.004e-07,1.374e-07,)] [eta: 1:08:41, time (data): 2.696 (0.002)] l_pix: 1.9184e-02 
2025-11-25 18:40:45,669 INFO: [IART_..][epoch:  4, iter:  58,520, lr:(4.000e-07,1.374e-07,)] [eta: 1:08:38, time (data): 2.697 (0.002)] l_pix: 3.1617e-02 
2025-11-25 18:40:48,250 INFO: [IART_..][epoch:  4, iter:  58,521, lr:(3.996e-07,1.373e-07,)] [eta: 1:08:35, time (data): 2.696 (0.002)] l_pix: 3.4325e-02 
2025-11-25 18:40:50,866 INFO: [IART_..][epoch:  4, iter:  58,522, lr:(3.991e-07,1.373e-07,)] [eta: 1:08:33, time (data): 2.695 (0.002)] l_pix: 2.4784e-02 
2025-11-25 18:40:53,626 INFO: [IART_..][epoch:  4, iter:  58,523, lr:(3.987e-07,1.372e-07,)] [eta: 1:08:30, time (data): 2.695 (0.002)] l_pix: 4.1822e-02 
2025-11-25 18:40:56,276 INFO: [IART_..][epoch:  4, iter:  58,524, lr:(3.983e-07,1.372e-07,)] [eta: 1:08:27, time (data): 2.695 (0.002)] l_pix: 1.3964e-02 
2025-11-25 18:40:58,868 INFO: [IART_..][epoch:  4, iter:  58,525, lr:(3.979e-07,1.371e-07,)] [eta: 1:08:24, time (data): 2.694 (0.002)] l_pix: 2.2032e-02 
2025-11-25 18:41:01,533 INFO: [IART_..][epoch:  4, iter:  58,526, lr:(3.975e-07,1.371e-07,)] [eta: 1:08:21, time (data): 2.694 (0.002)] l_pix: 2.1289e-02 
2025-11-25 18:41:04,294 INFO: [IART_..][epoch:  4, iter:  58,527, lr:(3.971e-07,1.370e-07,)] [eta: 1:08:18, time (data): 2.694 (0.002)] l_pix: 2.6599e-02 
2025-11-25 18:41:06,953 INFO: [IART_..][epoch:  4, iter:  58,528, lr:(3.967e-07,1.370e-07,)] [eta: 1:08:16, time (data): 2.694 (0.002)] l_pix: 1.6188e-02 
2025-11-25 18:41:09,672 INFO: [IART_..][epoch:  4, iter:  58,529, lr:(3.963e-07,1.369e-07,)] [eta: 1:08:13, time (data): 2.694 (0.002)] l_pix: 1.4666e-02 
2025-11-25 18:41:12,293 INFO: [IART_..][epoch:  4, iter:  58,530, lr:(3.959e-07,1.369e-07,)] [eta: 1:08:10, time (data): 2.694 (0.002)] l_pix: 3.8918e-02 
2025-11-25 18:41:14,915 INFO: [IART_..][epoch:  4, iter:  58,531, lr:(3.955e-07,1.368e-07,)] [eta: 1:08:07, time (data): 2.693 (0.002)] l_pix: 6.4037e-03 
2025-11-25 18:41:17,570 INFO: [IART_..][epoch:  4, iter:  58,532, lr:(3.951e-07,1.368e-07,)] [eta: 1:08:04, time (data): 2.693 (0.002)] l_pix: 3.2406e-02 
2025-11-25 18:41:20,188 INFO: [IART_..][epoch:  4, iter:  58,533, lr:(3.947e-07,1.367e-07,)] [eta: 1:08:01, time (data): 2.692 (0.002)] l_pix: 2.0316e-02 
2025-11-25 18:41:22,822 INFO: [IART_..][epoch:  4, iter:  58,534, lr:(3.943e-07,1.367e-07,)] [eta: 1:07:59, time (data): 2.691 (0.002)] l_pix: 2.1374e-02 
2025-11-25 18:41:25,553 INFO: [IART_..][epoch:  4, iter:  58,535, lr:(3.939e-07,1.366e-07,)] [eta: 1:07:56, time (data): 2.692 (0.002)] l_pix: 2.7445e-02 
2025-11-25 18:41:28,203 INFO: [IART_..][epoch:  4, iter:  58,536, lr:(3.935e-07,1.366e-07,)] [eta: 1:07:53, time (data): 2.691 (0.002)] l_pix: 2.0547e-02 
2025-11-25 18:41:30,792 INFO: [IART_..][epoch:  4, iter:  58,537, lr:(3.931e-07,1.365e-07,)] [eta: 1:07:50, time (data): 2.691 (0.002)] l_pix: 1.7539e-02 
2025-11-25 18:41:33,428 INFO: [IART_..][epoch:  4, iter:  58,538, lr:(3.927e-07,1.365e-07,)] [eta: 1:07:47, time (data): 2.690 (0.002)] l_pix: 1.3774e-02 
2025-11-25 18:41:36,124 INFO: [IART_..][epoch:  4, iter:  58,539, lr:(3.923e-07,1.364e-07,)] [eta: 1:07:44, time (data): 2.690 (0.002)] l_pix: 2.4614e-02 
2025-11-25 18:41:38,866 INFO: [IART_..][epoch:  4, iter:  58,540, lr:(3.919e-07,1.364e-07,)] [eta: 1:07:42, time (data): 2.691 (0.002)] l_pix: 2.1206e-02 
2025-11-25 18:41:41,552 INFO: [IART_..][epoch:  4, iter:  58,541, lr:(3.915e-07,1.363e-07,)] [eta: 1:07:39, time (data): 2.691 (0.002)] l_pix: 1.9794e-02 
2025-11-25 18:41:44,312 INFO: [IART_..][epoch:  4, iter:  58,542, lr:(3.911e-07,1.363e-07,)] [eta: 1:07:36, time (data): 2.691 (0.002)] l_pix: 1.6032e-02 
2025-11-25 18:41:46,961 INFO: [IART_..][epoch:  4, iter:  58,543, lr:(3.907e-07,1.362e-07,)] [eta: 1:07:33, time (data): 2.691 (0.002)] l_pix: 1.5153e-02 
2025-11-25 18:41:49,640 INFO: [IART_..][epoch:  4, iter:  58,544, lr:(3.903e-07,1.362e-07,)] [eta: 1:07:30, time (data): 2.691 (0.002)] l_pix: 1.6610e-02 
2025-11-25 18:41:52,355 INFO: [IART_..][epoch:  4, iter:  58,545, lr:(3.899e-07,1.361e-07,)] [eta: 1:07:27, time (data): 2.691 (0.002)] l_pix: 2.8394e-02 
2025-11-25 18:41:55,037 INFO: [IART_..][epoch:  4, iter:  58,546, lr:(3.895e-07,1.361e-07,)] [eta: 1:07:25, time (data): 2.691 (0.002)] l_pix: 2.2630e-02 
2025-11-25 18:41:57,687 INFO: [IART_..][epoch:  4, iter:  58,547, lr:(3.891e-07,1.360e-07,)] [eta: 1:07:22, time (data): 2.691 (0.002)] l_pix: 2.3710e-02 
2025-11-25 18:42:00,320 INFO: [IART_..][epoch:  4, iter:  58,548, lr:(3.887e-07,1.360e-07,)] [eta: 1:07:19, time (data): 2.690 (0.002)] l_pix: 1.6120e-02 
2025-11-25 18:42:02,987 INFO: [IART_..][epoch:  4, iter:  58,549, lr:(3.883e-07,1.359e-07,)] [eta: 1:07:16, time (data): 2.690 (0.002)] l_pix: 3.2158e-02 
2025-11-25 18:42:05,722 INFO: [IART_..][epoch:  4, iter:  58,550, lr:(3.879e-07,1.359e-07,)] [eta: 1:07:13, time (data): 2.690 (0.002)] l_pix: 4.7035e-02 
2025-11-25 18:42:08,396 INFO: [IART_..][epoch:  4, iter:  58,551, lr:(3.875e-07,1.358e-07,)] [eta: 1:07:10, time (data): 2.690 (0.002)] l_pix: 1.4317e-02 
2025-11-25 18:42:11,044 INFO: [IART_..][epoch:  4, iter:  58,552, lr:(3.871e-07,1.358e-07,)] [eta: 1:07:08, time (data): 2.690 (0.002)] l_pix: 1.8085e-02 
2025-11-25 18:42:13,726 INFO: [IART_..][epoch:  4, iter:  58,553, lr:(3.867e-07,1.357e-07,)] [eta: 1:07:05, time (data): 2.690 (0.002)] l_pix: 1.2716e-02 
2025-11-25 18:42:16,411 INFO: [IART_..][epoch:  4, iter:  58,554, lr:(3.863e-07,1.357e-07,)] [eta: 1:07:02, time (data): 2.690 (0.002)] l_pix: 2.3641e-02 
2025-11-25 18:42:19,123 INFO: [IART_..][epoch:  4, iter:  58,555, lr:(3.859e-07,1.356e-07,)] [eta: 1:06:59, time (data): 2.690 (0.002)] l_pix: 2.8834e-02 
2025-11-25 18:42:21,776 INFO: [IART_..][epoch:  4, iter:  58,556, lr:(3.855e-07,1.356e-07,)] [eta: 1:06:56, time (data): 2.690 (0.002)] l_pix: 2.9634e-02 
2025-11-25 18:42:24,366 INFO: [IART_..][epoch:  4, iter:  58,557, lr:(3.852e-07,1.355e-07,)] [eta: 1:06:53, time (data): 2.689 (0.002)] l_pix: 3.5491e-02 
2025-11-25 18:42:26,999 INFO: [IART_..][epoch:  4, iter:  58,558, lr:(3.848e-07,1.355e-07,)] [eta: 1:06:51, time (data): 2.688 (0.002)] l_pix: 3.1145e-02 
2025-11-25 18:42:29,614 INFO: [IART_..][epoch:  4, iter:  58,559, lr:(3.844e-07,1.354e-07,)] [eta: 1:06:48, time (data): 2.688 (0.002)] l_pix: 6.8765e-03 
2025-11-25 18:42:32,334 INFO: [IART_..][epoch:  4, iter:  58,560, lr:(3.840e-07,1.354e-07,)] [eta: 1:06:45, time (data): 2.688 (0.002)] l_pix: 2.4249e-02 
2025-11-25 18:42:35,050 INFO: [IART_..][epoch:  4, iter:  58,561, lr:(3.836e-07,1.353e-07,)] [eta: 1:06:42, time (data): 2.688 (0.002)] l_pix: 4.5510e-02 
2025-11-25 18:42:37,690 INFO: [IART_..][epoch:  4, iter:  58,562, lr:(3.832e-07,1.353e-07,)] [eta: 1:06:39, time (data): 2.688 (0.002)] l_pix: 1.9562e-02 
2025-11-25 18:42:40,314 INFO: [IART_..][epoch:  4, iter:  58,563, lr:(3.828e-07,1.352e-07,)] [eta: 1:06:36, time (data): 2.688 (0.002)] l_pix: 1.5240e-02 
2025-11-25 18:42:43,062 INFO: [IART_..][epoch:  4, iter:  58,564, lr:(3.824e-07,1.352e-07,)] [eta: 1:06:34, time (data): 2.688 (0.002)] l_pix: 1.7095e-02 
2025-11-25 18:42:45,812 INFO: [IART_..][epoch:  4, iter:  58,565, lr:(3.820e-07,1.351e-07,)] [eta: 1:06:31, time (data): 2.688 (0.002)] l_pix: 2.0682e-02 
2025-11-25 18:42:48,483 INFO: [IART_..][epoch:  4, iter:  58,566, lr:(3.816e-07,1.351e-07,)] [eta: 1:06:28, time (data): 2.688 (0.002)] l_pix: 1.9993e-02 
2025-11-25 18:42:51,138 INFO: [IART_..][epoch:  4, iter:  58,567, lr:(3.812e-07,1.350e-07,)] [eta: 1:06:25, time (data): 2.688 (0.002)] l_pix: 2.5556e-02 
2025-11-25 18:42:53,903 INFO: [IART_..][epoch:  4, iter:  58,568, lr:(3.808e-07,1.350e-07,)] [eta: 1:06:22, time (data): 2.689 (0.002)] l_pix: 3.8117e-02 
2025-11-25 18:42:56,594 INFO: [IART_..][epoch:  4, iter:  58,569, lr:(3.804e-07,1.349e-07,)] [eta: 1:06:20, time (data): 2.689 (0.002)] l_pix: 3.3600e-02 
2025-11-25 18:42:59,373 INFO: [IART_..][epoch:  4, iter:  58,570, lr:(3.800e-07,1.349e-07,)] [eta: 1:06:17, time (data): 2.689 (0.002)] l_pix: 2.2789e-02 
2025-11-25 18:43:01,970 INFO: [IART_..][epoch:  4, iter:  58,571, lr:(3.796e-07,1.348e-07,)] [eta: 1:06:14, time (data): 2.689 (0.002)] l_pix: 2.2399e-02 
2025-11-25 18:43:04,784 INFO: [IART_..][epoch:  4, iter:  58,572, lr:(3.793e-07,1.348e-07,)] [eta: 1:06:11, time (data): 2.689 (0.002)] l_pix: 1.8833e-02 
2025-11-25 18:43:07,392 INFO: [IART_..][epoch:  4, iter:  58,573, lr:(3.789e-07,1.347e-07,)] [eta: 1:06:08, time (data): 2.689 (0.002)] l_pix: 4.2106e-02 
2025-11-25 18:43:10,045 INFO: [IART_..][epoch:  4, iter:  58,574, lr:(3.785e-07,1.347e-07,)] [eta: 1:06:05, time (data): 2.689 (0.002)] l_pix: 1.9763e-02 
2025-11-25 18:43:12,705 INFO: [IART_..][epoch:  4, iter:  58,575, lr:(3.781e-07,1.346e-07,)] [eta: 1:06:03, time (data): 2.688 (0.002)] l_pix: 1.5598e-02 
2025-11-25 18:43:15,371 INFO: [IART_..][epoch:  4, iter:  58,576, lr:(3.777e-07,1.346e-07,)] [eta: 1:06:00, time (data): 2.688 (0.002)] l_pix: 4.9488e-02 
2025-11-25 18:43:18,156 INFO: [IART_..][epoch:  4, iter:  58,577, lr:(3.773e-07,1.345e-07,)] [eta: 1:05:57, time (data): 2.689 (0.002)] l_pix: 1.2820e-02 
2025-11-25 18:43:20,940 INFO: [IART_..][epoch:  4, iter:  58,578, lr:(3.769e-07,1.345e-07,)] [eta: 1:05:54, time (data): 2.690 (0.002)] l_pix: 2.0311e-02 
2025-11-25 18:43:23,794 INFO: [IART_..][epoch:  4, iter:  58,579, lr:(3.765e-07,1.344e-07,)] [eta: 1:05:52, time (data): 2.691 (0.002)] l_pix: 2.5009e-02 
2025-11-25 18:43:26,491 INFO: [IART_..][epoch:  4, iter:  58,580, lr:(3.761e-07,1.344e-07,)] [eta: 1:05:49, time (data): 2.691 (0.002)] l_pix: 2.0419e-02 
2025-11-25 18:43:29,354 INFO: [IART_..][epoch:  4, iter:  58,581, lr:(3.757e-07,1.343e-07,)] [eta: 1:05:46, time (data): 2.692 (0.002)] l_pix: 1.9369e-02 
2025-11-25 18:43:32,154 INFO: [IART_..][epoch:  4, iter:  58,582, lr:(3.754e-07,1.343e-07,)] [eta: 1:05:43, time (data): 2.692 (0.002)] l_pix: 2.6893e-02 
2025-11-25 18:43:34,824 INFO: [IART_..][epoch:  4, iter:  58,583, lr:(3.750e-07,1.343e-07,)] [eta: 1:05:40, time (data): 2.692 (0.002)] l_pix: 2.8841e-02 
2025-11-25 18:43:37,558 INFO: [IART_..][epoch:  4, iter:  58,584, lr:(3.746e-07,1.342e-07,)] [eta: 1:05:38, time (data): 2.692 (0.002)] l_pix: 2.9122e-02 
2025-11-25 18:43:40,296 INFO: [IART_..][epoch:  4, iter:  58,585, lr:(3.742e-07,1.342e-07,)] [eta: 1:05:35, time (data): 2.693 (0.002)] l_pix: 1.6864e-02 
2025-11-25 18:43:43,200 INFO: [IART_..][epoch:  4, iter:  58,586, lr:(3.738e-07,1.341e-07,)] [eta: 1:05:32, time (data): 2.694 (0.002)] l_pix: 3.3975e-02 
2025-11-25 18:43:45,987 INFO: [IART_..][epoch:  4, iter:  58,587, lr:(3.734e-07,1.341e-07,)] [eta: 1:05:29, time (data): 2.694 (0.002)] l_pix: 2.1384e-02 
2025-11-25 18:43:48,753 INFO: [IART_..][epoch:  4, iter:  58,588, lr:(3.730e-07,1.340e-07,)] [eta: 1:05:26, time (data): 2.695 (0.002)] l_pix: 1.1894e-02 
2025-11-25 18:43:51,534 INFO: [IART_..][epoch:  4, iter:  58,589, lr:(3.727e-07,1.340e-07,)] [eta: 1:05:24, time (data): 2.695 (0.002)] l_pix: 2.0413e-02 
2025-11-25 18:43:54,237 INFO: [IART_..][epoch:  4, iter:  58,590, lr:(3.723e-07,1.339e-07,)] [eta: 1:05:21, time (data): 2.695 (0.002)] l_pix: 2.3138e-02 
2025-11-25 18:43:57,056 INFO: [IART_..][epoch:  4, iter:  58,591, lr:(3.719e-07,1.339e-07,)] [eta: 1:05:18, time (data): 2.696 (0.002)] l_pix: 1.5297e-02 
2025-11-25 18:43:59,816 INFO: [IART_..][epoch:  4, iter:  58,592, lr:(3.715e-07,1.338e-07,)] [eta: 1:05:15, time (data): 2.696 (0.002)] l_pix: 2.6719e-02 
2025-11-25 18:44:02,615 INFO: [IART_..][epoch:  4, iter:  58,593, lr:(3.711e-07,1.338e-07,)] [eta: 1:05:12, time (data): 2.697 (0.002)] l_pix: 2.7443e-02 
2025-11-25 18:44:05,385 INFO: [IART_..][epoch:  4, iter:  58,594, lr:(3.707e-07,1.337e-07,)] [eta: 1:05:10, time (data): 2.697 (0.002)] l_pix: 2.0093e-02 
2025-11-25 18:44:08,091 INFO: [IART_..][epoch:  4, iter:  58,595, lr:(3.703e-07,1.337e-07,)] [eta: 1:05:07, time (data): 2.698 (0.002)] l_pix: 2.1934e-02 
2025-11-25 18:44:10,859 INFO: [IART_..][epoch:  4, iter:  58,596, lr:(3.700e-07,1.336e-07,)] [eta: 1:05:04, time (data): 2.698 (0.002)] l_pix: 1.6671e-02 
2025-11-25 18:44:13,703 INFO: [IART_..][epoch:  4, iter:  58,597, lr:(3.696e-07,1.336e-07,)] [eta: 1:05:01, time (data): 2.699 (0.002)] l_pix: 8.1987e-03 
2025-11-25 18:44:16,493 INFO: [IART_..][epoch:  4, iter:  58,598, lr:(3.692e-07,1.335e-07,)] [eta: 1:04:59, time (data): 2.699 (0.002)] l_pix: 1.9112e-02 
2025-11-25 18:44:19,217 INFO: [IART_..][epoch:  4, iter:  58,599, lr:(3.688e-07,1.335e-07,)] [eta: 1:04:56, time (data): 2.699 (0.002)] l_pix: 1.0062e-02 
2025-11-25 18:44:21,966 INFO: [IART_..][epoch:  4, iter:  58,600, lr:(3.684e-07,1.334e-07,)] [eta: 1:04:53, time (data): 2.700 (0.002)] l_pix: 2.5357e-02 
2025-11-25 18:44:24,796 INFO: [IART_..][epoch:  4, iter:  58,601, lr:(3.680e-07,1.334e-07,)] [eta: 1:04:50, time (data): 2.700 (0.002)] l_pix: 2.3303e-02 
2025-11-25 18:44:27,483 INFO: [IART_..][epoch:  4, iter:  58,602, lr:(3.677e-07,1.333e-07,)] [eta: 1:04:47, time (data): 2.700 (0.002)] l_pix: 1.8162e-02 
2025-11-25 18:44:30,307 INFO: [IART_..][epoch:  4, iter:  58,603, lr:(3.673e-07,1.333e-07,)] [eta: 1:04:45, time (data): 2.701 (0.002)] l_pix: 2.1610e-02 
2025-11-25 18:44:33,026 INFO: [IART_..][epoch:  4, iter:  58,604, lr:(3.669e-07,1.332e-07,)] [eta: 1:04:42, time (data): 2.701 (0.002)] l_pix: 2.3164e-02 
2025-11-25 18:44:35,694 INFO: [IART_..][epoch:  4, iter:  58,605, lr:(3.665e-07,1.332e-07,)] [eta: 1:04:39, time (data): 2.701 (0.002)] l_pix: 3.6555e-02 
2025-11-25 18:44:38,353 INFO: [IART_..][epoch:  4, iter:  58,606, lr:(3.661e-07,1.331e-07,)] [eta: 1:04:36, time (data): 2.701 (0.002)] l_pix: 1.6920e-02 
2025-11-25 18:44:40,968 INFO: [IART_..][epoch:  4, iter:  58,607, lr:(3.657e-07,1.331e-07,)] [eta: 1:04:33, time (data): 2.700 (0.002)] l_pix: 3.2714e-02 
2025-11-25 18:44:43,681 INFO: [IART_..][epoch:  4, iter:  58,608, lr:(3.654e-07,1.331e-07,)] [eta: 1:04:30, time (data): 2.700 (0.002)] l_pix: 2.1864e-02 
2025-11-25 18:44:46,315 INFO: [IART_..][epoch:  4, iter:  58,609, lr:(3.650e-07,1.330e-07,)] [eta: 1:04:28, time (data): 2.700 (0.002)] l_pix: 5.7194e-03 
2025-11-25 18:44:48,892 INFO: [IART_..][epoch:  4, iter:  58,610, lr:(3.646e-07,1.330e-07,)] [eta: 1:04:25, time (data): 2.699 (0.002)] l_pix: 1.2023e-02 
2025-11-25 18:44:51,494 INFO: [IART_..][epoch:  4, iter:  58,611, lr:(3.642e-07,1.329e-07,)] [eta: 1:04:22, time (data): 2.699 (0.002)] l_pix: 2.4343e-02 
2025-11-25 18:44:54,152 INFO: [IART_..][epoch:  4, iter:  58,612, lr:(3.638e-07,1.329e-07,)] [eta: 1:04:19, time (data): 2.699 (0.002)] l_pix: 1.8332e-02 
2025-11-25 18:44:56,783 INFO: [IART_..][epoch:  4, iter:  58,613, lr:(3.635e-07,1.328e-07,)] [eta: 1:04:16, time (data): 2.698 (0.002)] l_pix: 2.4660e-02 
2025-11-25 18:44:59,410 INFO: [IART_..][epoch:  4, iter:  58,614, lr:(3.631e-07,1.328e-07,)] [eta: 1:04:13, time (data): 2.698 (0.002)] l_pix: 1.7457e-02 
2025-11-25 18:45:02,024 INFO: [IART_..][epoch:  4, iter:  58,615, lr:(3.627e-07,1.327e-07,)] [eta: 1:04:11, time (data): 2.697 (0.002)] l_pix: 1.4146e-02 
2025-11-25 18:45:04,597 INFO: [IART_..][epoch:  4, iter:  58,616, lr:(3.623e-07,1.327e-07,)] [eta: 1:04:08, time (data): 2.697 (0.002)] l_pix: 1.5768e-02 
2025-11-25 18:45:07,206 INFO: [IART_..][epoch:  4, iter:  58,617, lr:(3.619e-07,1.326e-07,)] [eta: 1:04:05, time (data): 2.696 (0.002)] l_pix: 2.2697e-02 
2025-11-25 18:45:09,915 INFO: [IART_..][epoch:  4, iter:  58,618, lr:(3.616e-07,1.326e-07,)] [eta: 1:04:02, time (data): 2.696 (0.002)] l_pix: 2.2907e-02 
2025-11-25 18:45:12,597 INFO: [IART_..][epoch:  4, iter:  58,619, lr:(3.612e-07,1.325e-07,)] [eta: 1:03:59, time (data): 2.681 (0.002)] l_pix: 2.3666e-02 
2025-11-25 18:45:15,259 INFO: [IART_..][epoch:  4, iter:  58,620, lr:(3.608e-07,1.325e-07,)] [eta: 1:03:56, time (data): 2.671 (0.002)] l_pix: 2.6229e-02 
2025-11-25 18:45:17,963 INFO: [IART_..][epoch:  4, iter:  58,621, lr:(3.604e-07,1.324e-07,)] [eta: 1:03:54, time (data): 2.682 (0.002)] l_pix: 2.0151e-02 
2025-11-25 18:45:20,629 INFO: [IART_..][epoch:  4, iter:  58,622, lr:(3.601e-07,1.324e-07,)] [eta: 1:03:51, time (data): 2.678 (0.002)] l_pix: 2.3637e-02 
2025-11-25 18:45:23,227 INFO: [IART_..][epoch:  4, iter:  58,623, lr:(3.597e-07,1.323e-07,)] [eta: 1:03:48, time (data): 2.662 (0.002)] l_pix: 2.0591e-02 
2025-11-25 18:45:26,013 INFO: [IART_..][epoch:  4, iter:  58,624, lr:(3.593e-07,1.323e-07,)] [eta: 1:03:45, time (data): 2.683 (0.002)] l_pix: 1.9992e-02 
2025-11-25 18:45:28,809 INFO: [IART_..][epoch:  4, iter:  58,625, lr:(3.589e-07,1.323e-07,)] [eta: 1:03:42, time (data): 2.699 (0.002)] l_pix: 1.1218e-02 
2025-11-25 18:45:31,458 INFO: [IART_..][epoch:  4, iter:  58,626, lr:(3.585e-07,1.322e-07,)] [eta: 1:03:40, time (data): 2.693 (0.002)] l_pix: 2.8285e-02 
2025-11-25 18:45:34,059 INFO: [IART_..][epoch:  4, iter:  58,627, lr:(3.582e-07,1.322e-07,)] [eta: 1:03:37, time (data): 2.682 (0.002)] l_pix: 1.0399e-02 
2025-11-25 18:45:36,625 INFO: [IART_..][epoch:  4, iter:  58,628, lr:(3.578e-07,1.321e-07,)] [eta: 1:03:34, time (data): 2.671 (0.002)] l_pix: 2.4363e-02 
2025-11-25 18:45:39,211 INFO: [IART_..][epoch:  4, iter:  58,629, lr:(3.574e-07,1.321e-07,)] [eta: 1:03:31, time (data): 2.663 (0.002)] l_pix: 1.7540e-02 
2025-11-25 18:45:41,937 INFO: [IART_..][epoch:  4, iter:  58,630, lr:(3.570e-07,1.320e-07,)] [eta: 1:03:28, time (data): 2.668 (0.002)] l_pix: 2.9579e-02 
2025-11-25 18:45:44,668 INFO: [IART_..][epoch:  4, iter:  58,631, lr:(3.567e-07,1.320e-07,)] [eta: 1:03:25, time (data): 2.673 (0.002)] l_pix: 1.6385e-02 
2025-11-25 18:45:47,409 INFO: [IART_..][epoch:  4, iter:  58,632, lr:(3.563e-07,1.319e-07,)] [eta: 1:03:23, time (data): 2.678 (0.002)] l_pix: 1.4719e-02 
2025-11-25 18:45:50,159 INFO: [IART_..][epoch:  4, iter:  58,633, lr:(3.559e-07,1.319e-07,)] [eta: 1:03:20, time (data): 2.683 (0.002)] l_pix: 1.6546e-02 
2025-11-25 18:45:52,807 INFO: [IART_..][epoch:  4, iter:  58,634, lr:(3.555e-07,1.318e-07,)] [eta: 1:03:17, time (data): 2.680 (0.002)] l_pix: 2.1164e-02 
2025-11-25 18:45:55,587 INFO: [IART_..][epoch:  4, iter:  58,635, lr:(3.552e-07,1.318e-07,)] [eta: 1:03:14, time (data): 2.686 (0.002)] l_pix: 2.6553e-02 
2025-11-25 18:45:58,176 INFO: [IART_..][epoch:  4, iter:  58,636, lr:(3.548e-07,1.317e-07,)] [eta: 1:03:11, time (data): 2.681 (0.002)] l_pix: 5.5089e-03 
2025-11-25 18:46:00,732 INFO: [IART_..][epoch:  4, iter:  58,637, lr:(3.544e-07,1.317e-07,)] [eta: 1:03:08, time (data): 2.674 (0.002)] l_pix: 2.2122e-02 
2025-11-25 18:46:03,412 INFO: [IART_..][epoch:  4, iter:  58,638, lr:(3.541e-07,1.316e-07,)] [eta: 1:03:06, time (data): 2.675 (0.002)] l_pix: 1.4534e-02 
2025-11-25 18:46:06,060 INFO: [IART_..][epoch:  4, iter:  58,639, lr:(3.537e-07,1.316e-07,)] [eta: 1:03:03, time (data): 2.673 (0.002)] l_pix: 3.3816e-02 
2025-11-25 18:46:08,737 INFO: [IART_..][epoch:  4, iter:  58,640, lr:(3.533e-07,1.316e-07,)] [eta: 1:03:00, time (data): 2.673 (0.002)] l_pix: 2.2168e-02 
2025-11-25 18:46:11,337 INFO: [IART_..][epoch:  4, iter:  58,641, lr:(3.529e-07,1.315e-07,)] [eta: 1:02:57, time (data): 2.670 (0.002)] l_pix: 1.2037e-02 
2025-11-25 18:46:13,984 INFO: [IART_..][epoch:  4, iter:  58,642, lr:(3.526e-07,1.315e-07,)] [eta: 1:02:54, time (data): 2.669 (0.002)] l_pix: 1.7972e-02 
2025-11-25 18:46:16,573 INFO: [IART_..][epoch:  4, iter:  58,643, lr:(3.522e-07,1.314e-07,)] [eta: 1:02:51, time (data): 2.666 (0.002)] l_pix: 1.7574e-02 
2025-11-25 18:46:19,190 INFO: [IART_..][epoch:  4, iter:  58,644, lr:(3.518e-07,1.314e-07,)] [eta: 1:02:49, time (data): 2.664 (0.002)] l_pix: 2.6472e-02 
2025-11-25 18:46:21,924 INFO: [IART_..][epoch:  4, iter:  58,645, lr:(3.514e-07,1.313e-07,)] [eta: 1:02:46, time (data): 2.667 (0.002)] l_pix: 1.6740e-02 
2025-11-25 18:46:24,494 INFO: [IART_..][epoch:  4, iter:  58,646, lr:(3.511e-07,1.313e-07,)] [eta: 1:02:43, time (data): 2.663 (0.002)] l_pix: 1.5709e-02 
2025-11-25 18:46:27,177 INFO: [IART_..][epoch:  4, iter:  58,647, lr:(3.507e-07,1.312e-07,)] [eta: 1:02:40, time (data): 2.664 (0.002)] l_pix: 2.9337e-02 
2025-11-25 18:46:29,876 INFO: [IART_..][epoch:  4, iter:  58,648, lr:(3.503e-07,1.312e-07,)] [eta: 1:02:37, time (data): 2.665 (0.002)] l_pix: 2.2447e-02 
2025-11-25 18:46:32,573 INFO: [IART_..][epoch:  4, iter:  58,649, lr:(3.500e-07,1.311e-07,)] [eta: 1:02:34, time (data): 2.666 (0.002)] l_pix: 2.2259e-02 
2025-11-25 18:46:35,231 INFO: [IART_..][epoch:  4, iter:  58,650, lr:(3.496e-07,1.311e-07,)] [eta: 1:02:32, time (data): 2.666 (0.002)] l_pix: 1.8797e-02 
2025-11-25 18:46:37,831 INFO: [IART_..][epoch:  4, iter:  58,651, lr:(3.492e-07,1.310e-07,)] [eta: 1:02:29, time (data): 2.664 (0.002)] l_pix: 4.1240e-02 
2025-11-25 18:46:40,529 INFO: [IART_..][epoch:  4, iter:  58,652, lr:(3.489e-07,1.310e-07,)] [eta: 1:02:26, time (data): 2.665 (0.002)] l_pix: 8.6690e-03 
2025-11-25 18:46:43,195 INFO: [IART_..][epoch:  4, iter:  58,653, lr:(3.485e-07,1.310e-07,)] [eta: 1:02:23, time (data): 2.665 (0.002)] l_pix: 3.0809e-02 
2025-11-25 18:46:45,775 INFO: [IART_..][epoch:  4, iter:  58,654, lr:(3.481e-07,1.309e-07,)] [eta: 1:02:20, time (data): 2.663 (0.002)] l_pix: 8.4870e-03 
2025-11-25 18:46:48,390 INFO: [IART_..][epoch:  4, iter:  58,655, lr:(3.478e-07,1.309e-07,)] [eta: 1:02:17, time (data): 2.661 (0.002)] l_pix: 1.2469e-02 
2025-11-25 18:46:50,984 INFO: [IART_..][epoch:  4, iter:  58,656, lr:(3.474e-07,1.308e-07,)] [eta: 1:02:15, time (data): 2.660 (0.002)] l_pix: 9.7048e-03 
2025-11-25 18:46:53,629 INFO: [IART_..][epoch:  4, iter:  58,657, lr:(3.470e-07,1.308e-07,)] [eta: 1:02:12, time (data): 2.659 (0.002)] l_pix: 2.8010e-02 
2025-11-25 18:46:56,318 INFO: [IART_..][epoch:  4, iter:  58,658, lr:(3.466e-07,1.307e-07,)] [eta: 1:02:09, time (data): 2.660 (0.002)] l_pix: 1.7381e-02 
2025-11-25 18:46:58,967 INFO: [IART_..][epoch:  4, iter:  58,659, lr:(3.463e-07,1.307e-07,)] [eta: 1:02:06, time (data): 2.660 (0.002)] l_pix: 2.1723e-02 
2025-11-25 18:47:01,618 INFO: [IART_..][epoch:  4, iter:  58,660, lr:(3.459e-07,1.306e-07,)] [eta: 1:02:03, time (data): 2.659 (0.002)] l_pix: 2.1752e-02 
2025-11-25 18:47:04,383 INFO: [IART_..][epoch:  4, iter:  58,661, lr:(3.455e-07,1.306e-07,)] [eta: 1:02:01, time (data): 2.662 (0.002)] l_pix: 2.4016e-02 
2025-11-25 18:47:06,913 INFO: [IART_..][epoch:  4, iter:  58,662, lr:(3.452e-07,1.305e-07,)] [eta: 1:01:58, time (data): 2.659 (0.002)] l_pix: 1.3072e-02 
2025-11-25 18:47:09,565 INFO: [IART_..][epoch:  4, iter:  58,663, lr:(3.448e-07,1.305e-07,)] [eta: 1:01:55, time (data): 2.659 (0.002)] l_pix: 1.6033e-02 
2025-11-25 18:47:12,269 INFO: [IART_..][epoch:  4, iter:  58,664, lr:(3.444e-07,1.304e-07,)] [eta: 1:01:52, time (data): 2.660 (0.002)] l_pix: 2.5687e-02 
2025-11-25 18:47:14,963 INFO: [IART_..][epoch:  4, iter:  58,665, lr:(3.441e-07,1.304e-07,)] [eta: 1:01:49, time (data): 2.660 (0.002)] l_pix: 3.7343e-02 
2025-11-25 18:47:17,584 INFO: [IART_..][epoch:  4, iter:  58,666, lr:(3.437e-07,1.304e-07,)] [eta: 1:01:46, time (data): 2.660 (0.002)] l_pix: 1.3760e-02 
2025-11-25 18:47:20,166 INFO: [IART_..][epoch:  4, iter:  58,667, lr:(3.434e-07,1.303e-07,)] [eta: 1:01:43, time (data): 2.658 (0.002)] l_pix: 2.1967e-02 
2025-11-25 18:47:22,802 INFO: [IART_..][epoch:  4, iter:  58,668, lr:(3.430e-07,1.303e-07,)] [eta: 1:01:41, time (data): 2.658 (0.002)] l_pix: 2.4483e-02 
2025-11-25 18:47:25,480 INFO: [IART_..][epoch:  4, iter:  58,669, lr:(3.426e-07,1.302e-07,)] [eta: 1:01:38, time (data): 2.658 (0.002)] l_pix: 2.3955e-02 
2025-11-25 18:47:28,246 INFO: [IART_..][epoch:  4, iter:  58,670, lr:(3.423e-07,1.302e-07,)] [eta: 1:01:35, time (data): 2.660 (0.002)] l_pix: 2.8997e-02 
2025-11-25 18:47:30,808 INFO: [IART_..][epoch:  4, iter:  58,671, lr:(3.419e-07,1.301e-07,)] [eta: 1:01:32, time (data): 2.658 (0.002)] l_pix: 1.3097e-02 
2025-11-25 18:47:33,442 INFO: [IART_..][epoch:  4, iter:  58,672, lr:(3.415e-07,1.301e-07,)] [eta: 1:01:29, time (data): 2.658 (0.002)] l_pix: 1.4880e-02 
2025-11-25 18:47:36,108 INFO: [IART_..][epoch:  4, iter:  58,673, lr:(3.412e-07,1.300e-07,)] [eta: 1:01:27, time (data): 2.658 (0.002)] l_pix: 3.2809e-02 
2025-11-25 18:47:38,708 INFO: [IART_..][epoch:  4, iter:  58,674, lr:(3.408e-07,1.300e-07,)] [eta: 1:01:24, time (data): 2.657 (0.002)] l_pix: 3.3536e-02 
2025-11-25 18:47:41,323 INFO: [IART_..][epoch:  4, iter:  58,675, lr:(3.404e-07,1.299e-07,)] [eta: 1:01:21, time (data): 2.656 (0.002)] l_pix: 9.0055e-03 
2025-11-25 18:47:43,909 INFO: [IART_..][epoch:  4, iter:  58,676, lr:(3.401e-07,1.299e-07,)] [eta: 1:01:18, time (data): 2.655 (0.002)] l_pix: 3.4077e-02 
2025-11-25 18:47:46,631 INFO: [IART_..][epoch:  4, iter:  58,677, lr:(3.397e-07,1.299e-07,)] [eta: 1:01:15, time (data): 2.656 (0.002)] l_pix: 1.5415e-02 
2025-11-25 18:47:49,284 INFO: [IART_..][epoch:  4, iter:  58,678, lr:(3.394e-07,1.298e-07,)] [eta: 1:01:12, time (data): 2.656 (0.002)] l_pix: 3.8564e-02 
2025-11-25 18:47:51,979 INFO: [IART_..][epoch:  4, iter:  58,679, lr:(3.390e-07,1.298e-07,)] [eta: 1:01:10, time (data): 2.657 (0.002)] l_pix: 4.8226e-02 
2025-11-25 18:47:54,742 INFO: [IART_..][epoch:  4, iter:  58,680, lr:(3.386e-07,1.297e-07,)] [eta: 1:01:07, time (data): 2.658 (0.002)] l_pix: 2.4063e-02 
2025-11-25 18:47:57,342 INFO: [IART_..][epoch:  4, iter:  58,681, lr:(3.383e-07,1.297e-07,)] [eta: 1:01:04, time (data): 2.657 (0.002)] l_pix: 2.4252e-02 
2025-11-25 18:48:00,063 INFO: [IART_..][epoch:  4, iter:  58,682, lr:(3.379e-07,1.296e-07,)] [eta: 1:01:01, time (data): 2.658 (0.002)] l_pix: 2.6145e-02 
2025-11-25 18:48:02,778 INFO: [IART_..][epoch:  4, iter:  58,683, lr:(3.375e-07,1.296e-07,)] [eta: 1:00:58, time (data): 2.659 (0.002)] l_pix: 1.5783e-02 
2025-11-25 18:48:05,413 INFO: [IART_..][epoch:  4, iter:  58,684, lr:(3.372e-07,1.295e-07,)] [eta: 1:00:55, time (data): 2.659 (0.002)] l_pix: 1.4481e-02 
2025-11-25 18:48:08,216 INFO: [IART_..][epoch:  4, iter:  58,685, lr:(3.368e-07,1.295e-07,)] [eta: 1:00:53, time (data): 2.661 (0.002)] l_pix: 2.7349e-02 
2025-11-25 18:48:10,795 INFO: [IART_..][epoch:  4, iter:  58,686, lr:(3.365e-07,1.295e-07,)] [eta: 1:00:50, time (data): 2.660 (0.002)] l_pix: 1.6807e-02 
2025-11-25 18:48:13,485 INFO: [IART_..][epoch:  4, iter:  58,687, lr:(3.361e-07,1.294e-07,)] [eta: 1:00:47, time (data): 2.660 (0.002)] l_pix: 1.2370e-02 
2025-11-25 18:48:16,113 INFO: [IART_..][epoch:  4, iter:  58,688, lr:(3.357e-07,1.294e-07,)] [eta: 1:00:44, time (data): 2.660 (0.002)] l_pix: 2.0069e-02 
2025-11-25 18:48:18,790 INFO: [IART_..][epoch:  4, iter:  58,689, lr:(3.354e-07,1.293e-07,)] [eta: 1:00:41, time (data): 2.660 (0.002)] l_pix: 2.6970e-02 
2025-11-25 18:48:21,452 INFO: [IART_..][epoch:  4, iter:  58,690, lr:(3.350e-07,1.293e-07,)] [eta: 1:00:39, time (data): 2.660 (0.002)] l_pix: 1.2253e-02 
2025-11-25 18:48:24,163 INFO: [IART_..][epoch:  4, iter:  58,691, lr:(3.347e-07,1.292e-07,)] [eta: 1:00:36, time (data): 2.661 (0.002)] l_pix: 9.8669e-03 
2025-11-25 18:48:26,760 INFO: [IART_..][epoch:  4, iter:  58,692, lr:(3.343e-07,1.292e-07,)] [eta: 1:00:33, time (data): 2.660 (0.002)] l_pix: 1.5612e-02 
2025-11-25 18:48:29,443 INFO: [IART_..][epoch:  4, iter:  58,693, lr:(3.340e-07,1.291e-07,)] [eta: 1:00:30, time (data): 2.660 (0.002)] l_pix: 2.3704e-02 
2025-11-25 18:48:32,130 INFO: [IART_..][epoch:  4, iter:  58,694, lr:(3.336e-07,1.291e-07,)] [eta: 1:00:27, time (data): 2.660 (0.002)] l_pix: 1.1795e-02 
2025-11-25 18:48:34,966 INFO: [IART_..][epoch:  4, iter:  58,695, lr:(3.332e-07,1.291e-07,)] [eta: 1:00:25, time (data): 2.663 (0.002)] l_pix: 3.1113e-02 
2025-11-25 18:48:37,687 INFO: [IART_..][epoch:  4, iter:  58,696, lr:(3.329e-07,1.290e-07,)] [eta: 1:00:22, time (data): 2.664 (0.002)] l_pix: 1.5952e-02 
2025-11-25 18:48:40,327 INFO: [IART_..][epoch:  4, iter:  58,697, lr:(3.325e-07,1.290e-07,)] [eta: 1:00:19, time (data): 2.663 (0.002)] l_pix: 1.1645e-02 
2025-11-25 18:48:43,036 INFO: [IART_..][epoch:  4, iter:  58,698, lr:(3.322e-07,1.289e-07,)] [eta: 1:00:16, time (data): 2.664 (0.002)] l_pix: 1.7237e-02 
2025-11-25 18:48:45,735 INFO: [IART_..][epoch:  4, iter:  58,699, lr:(3.318e-07,1.289e-07,)] [eta: 1:00:13, time (data): 2.664 (0.002)] l_pix: 1.0389e-02 
2025-11-25 18:48:48,590 INFO: [IART_..][epoch:  4, iter:  58,700, lr:(3.315e-07,1.288e-07,)] [eta: 1:00:11, time (data): 2.667 (0.002)] l_pix: 2.6183e-02 
2025-11-25 18:48:51,281 INFO: [IART_..][epoch:  4, iter:  58,701, lr:(3.311e-07,1.288e-07,)] [eta: 1:00:08, time (data): 2.667 (0.002)] l_pix: 1.3307e-02 
2025-11-25 18:48:54,027 INFO: [IART_..][epoch:  4, iter:  58,702, lr:(3.307e-07,1.287e-07,)] [eta: 1:00:05, time (data): 2.668 (0.002)] l_pix: 1.9144e-02 
2025-11-25 18:48:56,792 INFO: [IART_..][epoch:  4, iter:  58,703, lr:(3.304e-07,1.287e-07,)] [eta: 1:00:02, time (data): 2.669 (0.002)] l_pix: 1.6316e-02 
2025-11-25 18:48:59,499 INFO: [IART_..][epoch:  4, iter:  58,704, lr:(3.300e-07,1.287e-07,)] [eta: 0:59:59, time (data): 2.669 (0.002)] l_pix: 2.5834e-02 
2025-11-25 18:49:02,240 INFO: [IART_..][epoch:  4, iter:  58,705, lr:(3.297e-07,1.286e-07,)] [eta: 0:59:57, time (data): 2.670 (0.002)] l_pix: 3.4704e-02 
2025-11-25 18:49:04,961 INFO: [IART_..][epoch:  4, iter:  58,706, lr:(3.293e-07,1.286e-07,)] [eta: 0:59:54, time (data): 2.671 (0.002)] l_pix: 3.1217e-02 
2025-11-25 18:49:07,736 INFO: [IART_..][epoch:  4, iter:  58,707, lr:(3.290e-07,1.285e-07,)] [eta: 0:59:51, time (data): 2.672 (0.002)] l_pix: 2.0152e-02 
2025-11-25 18:49:10,519 INFO: [IART_..][epoch:  4, iter:  58,708, lr:(3.286e-07,1.285e-07,)] [eta: 0:59:48, time (data): 2.673 (0.002)] l_pix: 2.3103e-02 
2025-11-25 18:49:13,151 INFO: [IART_..][epoch:  4, iter:  58,709, lr:(3.283e-07,1.284e-07,)] [eta: 0:59:45, time (data): 2.673 (0.002)] l_pix: 3.4086e-02 
2025-11-25 18:49:15,872 INFO: [IART_..][epoch:  4, iter:  58,710, lr:(3.279e-07,1.284e-07,)] [eta: 0:59:43, time (data): 2.673 (0.002)] l_pix: 1.8274e-02 
2025-11-25 18:49:18,489 INFO: [IART_..][epoch:  4, iter:  58,711, lr:(3.276e-07,1.283e-07,)] [eta: 0:59:40, time (data): 2.673 (0.002)] l_pix: 1.2837e-02 
2025-11-25 18:49:21,124 INFO: [IART_..][epoch:  4, iter:  58,712, lr:(3.272e-07,1.283e-07,)] [eta: 0:59:37, time (data): 2.672 (0.002)] l_pix: 2.1096e-02 
2025-11-25 18:49:23,805 INFO: [IART_..][epoch:  4, iter:  58,713, lr:(3.269e-07,1.283e-07,)] [eta: 0:59:34, time (data): 2.672 (0.002)] l_pix: 1.2267e-02 
2025-11-25 18:49:26,683 INFO: [IART_..][epoch:  4, iter:  58,714, lr:(3.265e-07,1.282e-07,)] [eta: 0:59:31, time (data): 2.674 (0.002)] l_pix: 2.6372e-02 
2025-11-25 18:49:29,390 INFO: [IART_..][epoch:  4, iter:  58,715, lr:(3.261e-07,1.282e-07,)] [eta: 0:59:29, time (data): 2.675 (0.002)] l_pix: 1.9362e-02 
2025-11-25 18:49:32,152 INFO: [IART_..][epoch:  4, iter:  58,716, lr:(3.258e-07,1.281e-07,)] [eta: 0:59:26, time (data): 2.676 (0.002)] l_pix: 3.4389e-02 
2025-11-25 18:49:34,858 INFO: [IART_..][epoch:  4, iter:  58,717, lr:(3.254e-07,1.281e-07,)] [eta: 0:59:23, time (data): 2.676 (0.002)] l_pix: 1.1668e-02 
2025-11-25 18:49:37,600 INFO: [IART_..][epoch:  4, iter:  58,718, lr:(3.251e-07,1.280e-07,)] [eta: 0:59:20, time (data): 2.677 (0.002)] l_pix: 1.2843e-02 
2025-11-25 18:49:40,321 INFO: [IART_..][epoch:  4, iter:  58,719, lr:(3.247e-07,1.280e-07,)] [eta: 0:59:17, time (data): 2.677 (0.002)] l_pix: 1.0942e-02 
2025-11-25 18:49:42,896 INFO: [IART_..][epoch:  4, iter:  58,720, lr:(3.244e-07,1.280e-07,)] [eta: 0:59:15, time (data): 2.676 (0.002)] l_pix: 2.5359e-02 
2025-11-25 18:49:45,533 INFO: [IART_..][epoch:  4, iter:  58,721, lr:(3.240e-07,1.279e-07,)] [eta: 0:59:12, time (data): 2.676 (0.002)] l_pix: 2.2040e-02 
2025-11-25 18:49:48,173 INFO: [IART_..][epoch:  4, iter:  58,722, lr:(3.237e-07,1.279e-07,)] [eta: 0:59:09, time (data): 2.675 (0.002)] l_pix: 2.8186e-02 
2025-11-25 18:49:50,845 INFO: [IART_..][epoch:  4, iter:  58,723, lr:(3.233e-07,1.278e-07,)] [eta: 0:59:06, time (data): 2.675 (0.002)] l_pix: 3.2233e-02 
2025-11-25 18:49:53,483 INFO: [IART_..][epoch:  4, iter:  58,724, lr:(3.230e-07,1.278e-07,)] [eta: 0:59:03, time (data): 2.675 (0.002)] l_pix: 1.8139e-02 
2025-11-25 18:49:56,232 INFO: [IART_..][epoch:  4, iter:  58,725, lr:(3.226e-07,1.277e-07,)] [eta: 0:59:00, time (data): 2.676 (0.002)] l_pix: 3.4895e-02 
2025-11-25 18:49:58,903 INFO: [IART_..][epoch:  4, iter:  58,726, lr:(3.223e-07,1.277e-07,)] [eta: 0:58:58, time (data): 2.676 (0.002)] l_pix: 2.1899e-02 
2025-11-25 18:50:01,605 INFO: [IART_..][epoch:  4, iter:  58,727, lr:(3.219e-07,1.276e-07,)] [eta: 0:58:55, time (data): 2.676 (0.002)] l_pix: 2.2794e-02 
2025-11-25 18:50:04,448 INFO: [IART_..][epoch:  4, iter:  58,728, lr:(3.216e-07,1.276e-07,)] [eta: 0:58:52, time (data): 2.677 (0.002)] l_pix: 1.9220e-02 
2025-11-25 18:50:07,147 INFO: [IART_..][epoch:  4, iter:  58,729, lr:(3.212e-07,1.276e-07,)] [eta: 0:58:49, time (data): 2.677 (0.002)] l_pix: 2.6546e-02 
2025-11-25 18:50:09,786 INFO: [IART_..][epoch:  4, iter:  58,730, lr:(3.209e-07,1.275e-07,)] [eta: 0:58:46, time (data): 2.677 (0.002)] l_pix: 1.9615e-02 
2025-11-25 18:50:12,501 INFO: [IART_..][epoch:  4, iter:  58,731, lr:(3.206e-07,1.275e-07,)] [eta: 0:58:44, time (data): 2.677 (0.002)] l_pix: 1.8269e-02 
2025-11-25 18:50:15,091 INFO: [IART_..][epoch:  4, iter:  58,732, lr:(3.202e-07,1.274e-07,)] [eta: 0:58:41, time (data): 2.677 (0.002)] l_pix: 1.2786e-02 
2025-11-25 18:50:17,872 INFO: [IART_..][epoch:  4, iter:  58,733, lr:(3.199e-07,1.274e-07,)] [eta: 0:58:38, time (data): 2.678 (0.002)] l_pix: 1.9186e-02 
2025-11-25 18:50:20,572 INFO: [IART_..][epoch:  4, iter:  58,734, lr:(3.195e-07,1.273e-07,)] [eta: 0:58:35, time (data): 2.678 (0.002)] l_pix: 4.2850e-02 
2025-11-25 18:50:23,314 INFO: [IART_..][epoch:  4, iter:  58,735, lr:(3.192e-07,1.273e-07,)] [eta: 0:58:32, time (data): 2.678 (0.002)] l_pix: 3.1698e-02 
2025-11-25 18:50:25,922 INFO: [IART_..][epoch:  4, iter:  58,736, lr:(3.188e-07,1.273e-07,)] [eta: 0:58:30, time (data): 2.678 (0.002)] l_pix: 2.2638e-02 
2025-11-25 18:50:28,627 INFO: [IART_..][epoch:  4, iter:  58,737, lr:(3.185e-07,1.272e-07,)] [eta: 0:58:27, time (data): 2.678 (0.002)] l_pix: 1.5099e-02 
2025-11-25 18:50:31,294 INFO: [IART_..][epoch:  4, iter:  58,738, lr:(3.181e-07,1.272e-07,)] [eta: 0:58:24, time (data): 2.678 (0.002)] l_pix: 2.0967e-02 
2025-11-25 18:50:33,913 INFO: [IART_..][epoch:  4, iter:  58,739, lr:(3.178e-07,1.271e-07,)] [eta: 0:58:21, time (data): 2.677 (0.002)] l_pix: 2.3737e-02 
2025-11-25 18:50:36,628 INFO: [IART_..][epoch:  4, iter:  58,740, lr:(3.174e-07,1.271e-07,)] [eta: 0:58:18, time (data): 2.678 (0.002)] l_pix: 1.8646e-02 
2025-11-25 18:50:39,295 INFO: [IART_..][epoch:  4, iter:  58,741, lr:(3.171e-07,1.270e-07,)] [eta: 0:58:15, time (data): 2.678 (0.002)] l_pix: 3.9850e-02 
2025-11-25 18:50:41,982 INFO: [IART_..][epoch:  4, iter:  58,742, lr:(3.167e-07,1.270e-07,)] [eta: 0:58:13, time (data): 2.678 (0.002)] l_pix: 2.6005e-02 
2025-11-25 18:50:44,618 INFO: [IART_..][epoch:  4, iter:  58,743, lr:(3.164e-07,1.270e-07,)] [eta: 0:58:10, time (data): 2.677 (0.002)] l_pix: 2.9015e-02 
2025-11-25 18:50:47,224 INFO: [IART_..][epoch:  4, iter:  58,744, lr:(3.161e-07,1.269e-07,)] [eta: 0:58:07, time (data): 2.677 (0.002)] l_pix: 2.1223e-02 
2025-11-25 18:50:49,797 INFO: [IART_..][epoch:  4, iter:  58,745, lr:(3.157e-07,1.269e-07,)] [eta: 0:58:04, time (data): 2.676 (0.002)] l_pix: 1.4669e-02 
2025-11-25 18:50:52,451 INFO: [IART_..][epoch:  4, iter:  58,746, lr:(3.154e-07,1.268e-07,)] [eta: 0:58:01, time (data): 2.676 (0.002)] l_pix: 2.8451e-02 
2025-11-25 18:50:55,119 INFO: [IART_..][epoch:  4, iter:  58,747, lr:(3.150e-07,1.268e-07,)] [eta: 0:57:59, time (data): 2.676 (0.002)] l_pix: 2.2107e-02 
2025-11-25 18:50:57,724 INFO: [IART_..][epoch:  4, iter:  58,748, lr:(3.147e-07,1.267e-07,)] [eta: 0:57:56, time (data): 2.675 (0.002)] l_pix: 1.8730e-02 
2025-11-25 18:51:00,378 INFO: [IART_..][epoch:  4, iter:  58,749, lr:(3.143e-07,1.267e-07,)] [eta: 0:57:53, time (data): 2.675 (0.002)] l_pix: 2.5990e-02 
2025-11-25 18:51:03,030 INFO: [IART_..][epoch:  4, iter:  58,750, lr:(3.140e-07,1.267e-07,)] [eta: 0:57:50, time (data): 2.675 (0.002)] l_pix: 2.3610e-02 
2025-11-25 18:51:05,620 INFO: [IART_..][epoch:  4, iter:  58,751, lr:(3.137e-07,1.266e-07,)] [eta: 0:57:47, time (data): 2.674 (0.002)] l_pix: 2.5790e-02 
2025-11-25 18:51:08,340 INFO: [IART_..][epoch:  4, iter:  58,752, lr:(3.133e-07,1.266e-07,)] [eta: 0:57:44, time (data): 2.675 (0.002)] l_pix: 1.5632e-02 
2025-11-25 18:51:11,003 INFO: [IART_..][epoch:  4, iter:  58,753, lr:(3.130e-07,1.265e-07,)] [eta: 0:57:42, time (data): 2.674 (0.002)] l_pix: 2.9796e-02 
2025-11-25 18:51:13,648 INFO: [IART_..][epoch:  4, iter:  58,754, lr:(3.126e-07,1.265e-07,)] [eta: 0:57:39, time (data): 2.674 (0.002)] l_pix: 1.8467e-02 
2025-11-25 18:51:16,318 INFO: [IART_..][epoch:  4, iter:  58,755, lr:(3.123e-07,1.264e-07,)] [eta: 0:57:36, time (data): 2.674 (0.002)] l_pix: 3.4876e-02 
2025-11-25 18:51:18,924 INFO: [IART_..][epoch:  4, iter:  58,756, lr:(3.120e-07,1.264e-07,)] [eta: 0:57:33, time (data): 2.674 (0.002)] l_pix: 2.3620e-02 
2025-11-25 18:51:21,549 INFO: [IART_..][epoch:  4, iter:  58,757, lr:(3.116e-07,1.264e-07,)] [eta: 0:57:30, time (data): 2.673 (0.002)] l_pix: 2.6862e-02 
2025-11-25 18:51:24,251 INFO: [IART_..][epoch:  4, iter:  58,758, lr:(3.113e-07,1.263e-07,)] [eta: 0:57:27, time (data): 2.674 (0.002)] l_pix: 3.4238e-02 
2025-11-25 18:51:27,065 INFO: [IART_..][epoch:  4, iter:  58,759, lr:(3.109e-07,1.263e-07,)] [eta: 0:57:25, time (data): 2.675 (0.002)] l_pix: 1.8528e-02 
2025-11-25 18:51:29,719 INFO: [IART_..][epoch:  4, iter:  58,760, lr:(3.106e-07,1.262e-07,)] [eta: 0:57:22, time (data): 2.674 (0.002)] l_pix: 2.7323e-02 
2025-11-25 18:51:32,337 INFO: [IART_..][epoch:  4, iter:  58,761, lr:(3.103e-07,1.262e-07,)] [eta: 0:57:19, time (data): 2.674 (0.002)] l_pix: 2.5102e-02 
2025-11-25 18:51:35,061 INFO: [IART_..][epoch:  4, iter:  58,762, lr:(3.099e-07,1.261e-07,)] [eta: 0:57:16, time (data): 2.674 (0.002)] l_pix: 1.4337e-02 
2025-11-25 18:51:37,749 INFO: [IART_..][epoch:  4, iter:  58,763, lr:(3.096e-07,1.261e-07,)] [eta: 0:57:13, time (data): 2.674 (0.002)] l_pix: 1.2627e-02 
2025-11-25 18:51:40,468 INFO: [IART_..][epoch:  4, iter:  58,764, lr:(3.092e-07,1.261e-07,)] [eta: 0:57:11, time (data): 2.675 (0.002)] l_pix: 1.8798e-02 
2025-11-25 18:51:43,116 INFO: [IART_..][epoch:  4, iter:  58,765, lr:(3.089e-07,1.260e-07,)] [eta: 0:57:08, time (data): 2.675 (0.002)] l_pix: 2.7448e-02 
2025-11-25 18:51:45,758 INFO: [IART_..][epoch:  4, iter:  58,766, lr:(3.086e-07,1.260e-07,)] [eta: 0:57:05, time (data): 2.674 (0.002)] l_pix: 1.9299e-02 
2025-11-25 18:51:48,398 INFO: [IART_..][epoch:  4, iter:  58,767, lr:(3.082e-07,1.259e-07,)] [eta: 0:57:02, time (data): 2.674 (0.002)] l_pix: 3.0338e-02 
2025-11-25 18:51:51,022 INFO: [IART_..][epoch:  4, iter:  58,768, lr:(3.079e-07,1.259e-07,)] [eta: 0:56:59, time (data): 2.674 (0.002)] l_pix: 2.5791e-02 
2025-11-25 18:51:53,692 INFO: [IART_..][epoch:  4, iter:  58,769, lr:(3.075e-07,1.259e-07,)] [eta: 0:56:57, time (data): 2.674 (0.002)] l_pix: 2.1765e-02 
2025-11-25 18:51:56,365 INFO: [IART_..][epoch:  4, iter:  58,770, lr:(3.072e-07,1.258e-07,)] [eta: 0:56:54, time (data): 2.674 (0.002)] l_pix: 1.9230e-02 
2025-11-25 18:51:59,055 INFO: [IART_..][epoch:  4, iter:  58,771, lr:(3.069e-07,1.258e-07,)] [eta: 0:56:51, time (data): 2.674 (0.002)] l_pix: 9.1222e-03 
2025-11-25 18:52:01,772 INFO: [IART_..][epoch:  4, iter:  58,772, lr:(3.065e-07,1.257e-07,)] [eta: 0:56:48, time (data): 2.674 (0.002)] l_pix: 1.4215e-02 
2025-11-25 18:52:04,568 INFO: [IART_..][epoch:  4, iter:  58,773, lr:(3.062e-07,1.257e-07,)] [eta: 0:56:45, time (data): 2.675 (0.002)] l_pix: 3.6821e-02 
2025-11-25 18:52:07,269 INFO: [IART_..][epoch:  4, iter:  58,774, lr:(3.059e-07,1.256e-07,)] [eta: 0:56:43, time (data): 2.675 (0.002)] l_pix: 5.5918e-03 
2025-11-25 18:52:10,103 INFO: [IART_..][epoch:  4, iter:  58,775, lr:(3.055e-07,1.256e-07,)] [eta: 0:56:40, time (data): 2.676 (0.002)] l_pix: 7.0606e-03 
2025-11-25 18:52:12,832 INFO: [IART_..][epoch:  4, iter:  58,776, lr:(3.052e-07,1.256e-07,)] [eta: 0:56:37, time (data): 2.676 (0.002)] l_pix: 2.1519e-02 
2025-11-25 18:52:15,451 INFO: [IART_..][epoch:  4, iter:  58,777, lr:(3.049e-07,1.255e-07,)] [eta: 0:56:34, time (data): 2.676 (0.002)] l_pix: 2.4237e-02 
2025-11-25 18:52:18,148 INFO: [IART_..][epoch:  4, iter:  58,778, lr:(3.045e-07,1.255e-07,)] [eta: 0:56:31, time (data): 2.676 (0.002)] l_pix: 1.7679e-02 
2025-11-25 18:52:20,886 INFO: [IART_..][epoch:  4, iter:  58,779, lr:(3.042e-07,1.254e-07,)] [eta: 0:56:29, time (data): 2.677 (0.002)] l_pix: 1.2282e-02 
2025-11-25 18:52:23,619 INFO: [IART_..][epoch:  4, iter:  58,780, lr:(3.039e-07,1.254e-07,)] [eta: 0:56:26, time (data): 2.677 (0.002)] l_pix: 3.3470e-03 
2025-11-25 18:52:26,176 INFO: [IART_..][epoch:  4, iter:  58,781, lr:(3.035e-07,1.254e-07,)] [eta: 0:56:23, time (data): 2.676 (0.002)] l_pix: 2.1197e-02 
2025-11-25 18:52:28,873 INFO: [IART_..][epoch:  4, iter:  58,782, lr:(3.032e-07,1.253e-07,)] [eta: 0:56:20, time (data): 2.676 (0.002)] l_pix: 1.4131e-02 
2025-11-25 18:52:31,506 INFO: [IART_..][epoch:  4, iter:  58,783, lr:(3.029e-07,1.253e-07,)] [eta: 0:56:17, time (data): 2.676 (0.002)] l_pix: 7.1896e-03 
2025-11-25 18:52:34,058 INFO: [IART_..][epoch:  4, iter:  58,784, lr:(3.025e-07,1.252e-07,)] [eta: 0:56:14, time (data): 2.675 (0.002)] l_pix: 3.4144e-02 
2025-11-25 18:52:36,715 INFO: [IART_..][epoch:  4, iter:  58,785, lr:(3.022e-07,1.252e-07,)] [eta: 0:56:12, time (data): 2.675 (0.002)] l_pix: 1.5536e-02 
2025-11-25 18:52:39,363 INFO: [IART_..][epoch:  4, iter:  58,786, lr:(3.019e-07,1.251e-07,)] [eta: 0:56:09, time (data): 2.675 (0.002)] l_pix: 1.3893e-02 
2025-11-25 18:52:41,950 INFO: [IART_..][epoch:  4, iter:  58,787, lr:(3.015e-07,1.251e-07,)] [eta: 0:56:06, time (data): 2.675 (0.002)] l_pix: 2.0055e-02 
2025-11-25 18:52:44,596 INFO: [IART_..][epoch:  4, iter:  58,788, lr:(3.012e-07,1.251e-07,)] [eta: 0:56:03, time (data): 2.674 (0.002)] l_pix: 1.4779e-02 
2025-11-25 18:52:47,178 INFO: [IART_..][epoch:  4, iter:  58,789, lr:(3.009e-07,1.250e-07,)] [eta: 0:56:00, time (data): 2.674 (0.002)] l_pix: 2.3359e-02 
2025-11-25 18:52:49,886 INFO: [IART_..][epoch:  4, iter:  58,790, lr:(3.005e-07,1.250e-07,)] [eta: 0:55:58, time (data): 2.674 (0.002)] l_pix: 2.8279e-02 
2025-11-25 18:52:52,550 INFO: [IART_..][epoch:  4, iter:  58,791, lr:(3.002e-07,1.249e-07,)] [eta: 0:55:55, time (data): 2.674 (0.002)] l_pix: 1.6699e-02 
2025-11-25 18:52:55,192 INFO: [IART_..][epoch:  4, iter:  58,792, lr:(2.999e-07,1.249e-07,)] [eta: 0:55:52, time (data): 2.674 (0.002)] l_pix: 1.0157e-02 
2025-11-25 18:52:57,881 INFO: [IART_..][epoch:  4, iter:  58,793, lr:(2.995e-07,1.249e-07,)] [eta: 0:55:49, time (data): 2.674 (0.002)] l_pix: 2.4004e-02 
2025-11-25 18:53:00,587 INFO: [IART_..][epoch:  4, iter:  58,794, lr:(2.992e-07,1.248e-07,)] [eta: 0:55:46, time (data): 2.674 (0.002)] l_pix: 1.0457e-02 
2025-11-25 18:53:03,252 INFO: [IART_..][epoch:  4, iter:  58,795, lr:(2.989e-07,1.248e-07,)] [eta: 0:55:43, time (data): 2.674 (0.002)] l_pix: 2.3093e-02 
2025-11-25 18:53:05,937 INFO: [IART_..][epoch:  4, iter:  58,796, lr:(2.985e-07,1.247e-07,)] [eta: 0:55:41, time (data): 2.674 (0.002)] l_pix: 1.4586e-02 
2025-11-25 18:53:08,685 INFO: [IART_..][epoch:  4, iter:  58,797, lr:(2.982e-07,1.247e-07,)] [eta: 0:55:38, time (data): 2.674 (0.002)] l_pix: 3.1515e-02 
2025-11-25 18:53:11,307 INFO: [IART_..][epoch:  4, iter:  58,798, lr:(2.979e-07,1.246e-07,)] [eta: 0:55:35, time (data): 2.674 (0.002)] l_pix: 1.5659e-02 
2025-11-25 18:53:13,974 INFO: [IART_..][epoch:  4, iter:  58,799, lr:(2.976e-07,1.246e-07,)] [eta: 0:55:32, time (data): 2.674 (0.002)] l_pix: 3.9677e-02 
2025-11-25 18:53:16,646 INFO: [IART_..][epoch:  4, iter:  58,800, lr:(2.972e-07,1.246e-07,)] [eta: 0:55:29, time (data): 2.674 (0.002)] l_pix: 8.6688e-03 
2025-11-25 18:53:19,300 INFO: [IART_..][epoch:  4, iter:  58,801, lr:(2.969e-07,1.245e-07,)] [eta: 0:55:27, time (data): 2.674 (0.002)] l_pix: 1.5254e-02 
2025-11-25 18:53:21,918 INFO: [IART_..][epoch:  4, iter:  58,802, lr:(2.966e-07,1.245e-07,)] [eta: 0:55:24, time (data): 2.674 (0.002)] l_pix: 2.0262e-02 
2025-11-25 18:53:24,658 INFO: [IART_..][epoch:  4, iter:  58,803, lr:(2.962e-07,1.244e-07,)] [eta: 0:55:21, time (data): 2.674 (0.002)] l_pix: 3.7839e-02 
2025-11-25 18:53:27,346 INFO: [IART_..][epoch:  4, iter:  58,804, lr:(2.959e-07,1.244e-07,)] [eta: 0:55:18, time (data): 2.674 (0.002)] l_pix: 1.9806e-02 
2025-11-25 18:53:29,999 INFO: [IART_..][epoch:  4, iter:  58,805, lr:(2.956e-07,1.244e-07,)] [eta: 0:55:15, time (data): 2.674 (0.002)] l_pix: 3.0088e-02 
2025-11-25 18:53:32,684 INFO: [IART_..][epoch:  4, iter:  58,806, lr:(2.953e-07,1.243e-07,)] [eta: 0:55:13, time (data): 2.674 (0.002)] l_pix: 1.0067e-02 
2025-11-25 18:53:35,313 INFO: [IART_..][epoch:  4, iter:  58,807, lr:(2.949e-07,1.243e-07,)] [eta: 0:55:10, time (data): 2.674 (0.002)] l_pix: 1.5604e-02 
2025-11-25 18:53:37,940 INFO: [IART_..][epoch:  4, iter:  58,808, lr:(2.946e-07,1.242e-07,)] [eta: 0:55:07, time (data): 2.674 (0.002)] l_pix: 3.2782e-02 
2025-11-25 18:53:40,598 INFO: [IART_..][epoch:  4, iter:  58,809, lr:(2.943e-07,1.242e-07,)] [eta: 0:55:04, time (data): 2.674 (0.002)] l_pix: 1.7729e-02 
2025-11-25 18:53:43,345 INFO: [IART_..][epoch:  4, iter:  58,810, lr:(2.940e-07,1.242e-07,)] [eta: 0:55:01, time (data): 2.674 (0.002)] l_pix: 1.8985e-02 
2025-11-25 18:53:46,028 INFO: [IART_..][epoch:  4, iter:  58,811, lr:(2.936e-07,1.241e-07,)] [eta: 0:54:59, time (data): 2.674 (0.002)] l_pix: 2.6052e-02 
2025-11-25 18:53:48,781 INFO: [IART_..][epoch:  4, iter:  58,812, lr:(2.933e-07,1.241e-07,)] [eta: 0:54:56, time (data): 2.674 (0.002)] l_pix: 3.0883e-02 
2025-11-25 18:53:51,434 INFO: [IART_..][epoch:  4, iter:  58,813, lr:(2.930e-07,1.240e-07,)] [eta: 0:54:53, time (data): 2.674 (0.002)] l_pix: 2.1884e-02 
2025-11-25 18:53:54,261 INFO: [IART_..][epoch:  4, iter:  58,814, lr:(2.927e-07,1.240e-07,)] [eta: 0:54:50, time (data): 2.675 (0.002)] l_pix: 1.4656e-02 
2025-11-25 18:53:56,961 INFO: [IART_..][epoch:  4, iter:  58,815, lr:(2.923e-07,1.240e-07,)] [eta: 0:54:47, time (data): 2.675 (0.002)] l_pix: 1.4778e-02 
2025-11-25 18:53:59,646 INFO: [IART_..][epoch:  4, iter:  58,816, lr:(2.920e-07,1.239e-07,)] [eta: 0:54:45, time (data): 2.675 (0.002)] l_pix: 3.0047e-02 
2025-11-25 18:54:02,410 INFO: [IART_..][epoch:  4, iter:  58,817, lr:(2.917e-07,1.239e-07,)] [eta: 0:54:42, time (data): 2.676 (0.002)] l_pix: 1.9315e-02 
2025-11-25 18:54:05,032 INFO: [IART_..][epoch:  4, iter:  58,818, lr:(2.914e-07,1.238e-07,)] [eta: 0:54:39, time (data): 2.675 (0.002)] l_pix: 1.1600e-02 
2025-11-25 18:54:07,669 INFO: [IART_..][epoch:  4, iter:  58,819, lr:(2.910e-07,1.238e-07,)] [eta: 0:54:36, time (data): 2.675 (0.002)] l_pix: 3.4321e-02 
2025-11-25 18:54:10,354 INFO: [IART_..][epoch:  4, iter:  58,820, lr:(2.907e-07,1.238e-07,)] [eta: 0:54:33, time (data): 2.685 (0.000)] l_pix: 2.2152e-02 
2025-11-25 18:54:12,990 INFO: [IART_..][epoch:  4, iter:  58,821, lr:(2.904e-07,1.237e-07,)] [eta: 0:54:31, time (data): 2.661 (0.000)] l_pix: 1.6097e-02 
2025-11-25 18:54:15,786 INFO: [IART_..][epoch:  4, iter:  58,822, lr:(2.901e-07,1.237e-07,)] [eta: 0:54:28, time (data): 2.706 (0.000)] l_pix: 2.2171e-02 
2025-11-25 18:54:18,534 INFO: [IART_..][epoch:  4, iter:  58,823, lr:(2.897e-07,1.236e-07,)] [eta: 0:54:25, time (data): 2.716 (0.000)] l_pix: 3.3607e-02 
2025-11-25 18:54:21,345 INFO: [IART_..][epoch:  4, iter:  58,824, lr:(2.894e-07,1.236e-07,)] [eta: 0:54:22, time (data): 2.735 (0.003)] l_pix: 1.9556e-02 
2025-11-25 18:54:24,173 INFO: [IART_..][epoch:  4, iter:  58,825, lr:(2.891e-07,1.236e-07,)] [eta: 0:54:19, time (data): 2.748 (0.003)] l_pix: 2.3781e-02 
2025-11-25 18:54:27,056 INFO: [IART_..][epoch:  4, iter:  58,826, lr:(2.888e-07,1.235e-07,)] [eta: 0:54:17, time (data): 2.767 (0.002)] l_pix: 3.2396e-02 
2025-11-25 18:54:29,713 INFO: [IART_..][epoch:  4, iter:  58,827, lr:(2.885e-07,1.235e-07,)] [eta: 0:54:14, time (data): 2.754 (0.002)] l_pix: 2.0520e-02 
2025-11-25 18:54:32,396 INFO: [IART_..][epoch:  4, iter:  58,828, lr:(2.881e-07,1.234e-07,)] [eta: 0:54:11, time (data): 2.746 (0.002)] l_pix: 2.2467e-02 
2025-11-25 18:54:35,206 INFO: [IART_..][epoch:  4, iter:  58,829, lr:(2.878e-07,1.234e-07,)] [eta: 0:54:08, time (data): 2.752 (0.002)] l_pix: 2.3039e-02 
2025-11-25 18:54:37,954 INFO: [IART_..][epoch:  4, iter:  58,830, lr:(2.875e-07,1.234e-07,)] [eta: 0:54:06, time (data): 2.752 (0.001)] l_pix: 2.5203e-02 
2025-11-25 18:54:40,812 INFO: [IART_..][epoch:  4, iter:  58,831, lr:(2.872e-07,1.233e-07,)] [eta: 0:54:03, time (data): 2.761 (0.003)] l_pix: 1.8466e-02 
2025-11-25 18:54:43,659 INFO: [IART_..][epoch:  4, iter:  58,832, lr:(2.869e-07,1.233e-07,)] [eta: 0:54:00, time (data): 2.767 (0.002)] l_pix: 2.0547e-02 
2025-11-25 18:54:46,501 INFO: [IART_..][epoch:  4, iter:  58,833, lr:(2.865e-07,1.232e-07,)] [eta: 0:53:57, time (data): 2.773 (0.002)] l_pix: 9.2058e-03 
2025-11-25 18:54:49,249 INFO: [IART_..][epoch:  4, iter:  58,834, lr:(2.862e-07,1.232e-07,)] [eta: 0:53:54, time (data): 2.771 (0.002)] l_pix: 3.4366e-02 
2025-11-25 18:54:51,948 INFO: [IART_..][epoch:  4, iter:  58,835, lr:(2.859e-07,1.232e-07,)] [eta: 0:53:52, time (data): 2.766 (0.002)] l_pix: 2.0221e-02 
2025-11-25 18:54:54,665 INFO: [IART_..][epoch:  4, iter:  58,836, lr:(2.856e-07,1.231e-07,)] [eta: 0:53:49, time (data): 2.764 (0.003)] l_pix: 2.1017e-02 
2025-11-25 18:54:57,428 INFO: [IART_..][epoch:  4, iter:  58,837, lr:(2.853e-07,1.231e-07,)] [eta: 0:53:46, time (data): 2.764 (0.003)] l_pix: 1.8409e-02 
2025-11-25 18:55:00,097 INFO: [IART_..][epoch:  4, iter:  58,838, lr:(2.849e-07,1.230e-07,)] [eta: 0:53:43, time (data): 2.759 (0.003)] l_pix: 2.2072e-02 
2025-11-25 18:55:02,827 INFO: [IART_..][epoch:  4, iter:  58,839, lr:(2.846e-07,1.230e-07,)] [eta: 0:53:40, time (data): 2.757 (0.003)] l_pix: 1.9829e-02 
2025-11-25 18:55:05,621 INFO: [IART_..][epoch:  4, iter:  58,840, lr:(2.843e-07,1.230e-07,)] [eta: 0:53:38, time (data): 2.759 (0.003)] l_pix: 2.8830e-02 
2025-11-25 18:55:08,274 INFO: [IART_..][epoch:  4, iter:  58,841, lr:(2.840e-07,1.229e-07,)] [eta: 0:53:35, time (data): 2.754 (0.003)] l_pix: 1.8365e-02 
2025-11-25 18:55:10,973 INFO: [IART_..][epoch:  4, iter:  58,842, lr:(2.837e-07,1.229e-07,)] [eta: 0:53:32, time (data): 2.752 (0.002)] l_pix: 2.9341e-02 
2025-11-25 18:55:13,705 INFO: [IART_..][epoch:  4, iter:  58,843, lr:(2.834e-07,1.228e-07,)] [eta: 0:53:29, time (data): 2.751 (0.002)] l_pix: 3.7665e-02 
2025-11-25 18:55:16,358 INFO: [IART_..][epoch:  4, iter:  58,844, lr:(2.830e-07,1.228e-07,)] [eta: 0:53:26, time (data): 2.747 (0.002)] l_pix: 1.7977e-02 
2025-11-25 18:55:19,123 INFO: [IART_..][epoch:  4, iter:  58,845, lr:(2.827e-07,1.228e-07,)] [eta: 0:53:24, time (data): 2.748 (0.002)] l_pix: 2.5664e-02 
2025-11-25 18:55:21,895 INFO: [IART_..][epoch:  4, iter:  58,846, lr:(2.824e-07,1.227e-07,)] [eta: 0:53:21, time (data): 2.749 (0.002)] l_pix: 2.1324e-02 
2025-11-25 18:55:24,571 INFO: [IART_..][epoch:  4, iter:  58,847, lr:(2.821e-07,1.227e-07,)] [eta: 0:53:18, time (data): 2.746 (0.002)] l_pix: 1.6210e-02 
2025-11-25 18:55:27,413 INFO: [IART_..][epoch:  4, iter:  58,848, lr:(2.818e-07,1.226e-07,)] [eta: 0:53:15, time (data): 2.749 (0.002)] l_pix: 3.5622e-02 
2025-11-25 18:55:30,194 INFO: [IART_..][epoch:  4, iter:  58,849, lr:(2.815e-07,1.226e-07,)] [eta: 0:53:13, time (data): 2.750 (0.002)] l_pix: 2.8404e-02 
2025-11-25 18:55:32,912 INFO: [IART_..][epoch:  4, iter:  58,850, lr:(2.811e-07,1.226e-07,)] [eta: 0:53:10, time (data): 2.749 (0.002)] l_pix: 1.7679e-02 
2025-11-25 18:55:35,692 INFO: [IART_..][epoch:  4, iter:  58,851, lr:(2.808e-07,1.225e-07,)] [eta: 0:53:07, time (data): 2.750 (0.002)] l_pix: 2.9529e-02 
2025-11-25 18:55:38,329 INFO: [IART_..][epoch:  4, iter:  58,852, lr:(2.805e-07,1.225e-07,)] [eta: 0:53:04, time (data): 2.747 (0.002)] l_pix: 2.0353e-02 
2025-11-25 18:55:41,187 INFO: [IART_..][epoch:  4, iter:  58,853, lr:(2.802e-07,1.224e-07,)] [eta: 0:53:01, time (data): 2.750 (0.002)] l_pix: 1.3245e-02 
2025-11-25 18:55:43,807 INFO: [IART_..][epoch:  4, iter:  58,854, lr:(2.799e-07,1.224e-07,)] [eta: 0:52:59, time (data): 2.746 (0.002)] l_pix: 6.7173e-03 
2025-11-25 18:55:46,460 INFO: [IART_..][epoch:  4, iter:  58,855, lr:(2.796e-07,1.224e-07,)] [eta: 0:52:56, time (data): 2.744 (0.002)] l_pix: 2.4585e-02 
2025-11-25 18:55:49,128 INFO: [IART_..][epoch:  4, iter:  58,856, lr:(2.793e-07,1.223e-07,)] [eta: 0:52:53, time (data): 2.742 (0.002)] l_pix: 2.4595e-02 
2025-11-25 18:55:51,848 INFO: [IART_..][epoch:  4, iter:  58,857, lr:(2.789e-07,1.223e-07,)] [eta: 0:52:50, time (data): 2.741 (0.002)] l_pix: 3.4557e-02 
2025-11-25 18:55:54,520 INFO: [IART_..][epoch:  4, iter:  58,858, lr:(2.786e-07,1.223e-07,)] [eta: 0:52:47, time (data): 2.739 (0.002)] l_pix: 2.4757e-02 
2025-11-25 18:55:57,128 INFO: [IART_..][epoch:  4, iter:  58,859, lr:(2.783e-07,1.222e-07,)] [eta: 0:52:45, time (data): 2.736 (0.002)] l_pix: 3.5973e-02 
2025-11-25 18:55:59,816 INFO: [IART_..][epoch:  4, iter:  58,860, lr:(2.780e-07,1.222e-07,)] [eta: 0:52:42, time (data): 2.735 (0.002)] l_pix: 2.4904e-02 
2025-11-25 18:56:02,438 INFO: [IART_..][epoch:  4, iter:  58,861, lr:(2.777e-07,1.221e-07,)] [eta: 0:52:39, time (data): 2.732 (0.002)] l_pix: 3.3313e-02 
2025-11-25 18:56:05,059 INFO: [IART_..][epoch:  4, iter:  58,862, lr:(2.774e-07,1.221e-07,)] [eta: 0:52:36, time (data): 2.730 (0.002)] l_pix: 2.8438e-02 
2025-11-25 18:56:07,762 INFO: [IART_..][epoch:  4, iter:  58,863, lr:(2.771e-07,1.221e-07,)] [eta: 0:52:33, time (data): 2.729 (0.002)] l_pix: 2.1803e-02 
2025-11-25 18:56:10,512 INFO: [IART_..][epoch:  4, iter:  58,864, lr:(2.768e-07,1.220e-07,)] [eta: 0:52:31, time (data): 2.729 (0.002)] l_pix: 1.2971e-02 
2025-11-25 18:56:13,103 INFO: [IART_..][epoch:  4, iter:  58,865, lr:(2.764e-07,1.220e-07,)] [eta: 0:52:28, time (data): 2.726 (0.002)] l_pix: 2.7932e-02 
2025-11-25 18:56:15,865 INFO: [IART_..][epoch:  4, iter:  58,866, lr:(2.761e-07,1.219e-07,)] [eta: 0:52:25, time (data): 2.727 (0.002)] l_pix: 1.2578e-02 
2025-11-25 18:56:18,536 INFO: [IART_..][epoch:  4, iter:  58,867, lr:(2.758e-07,1.219e-07,)] [eta: 0:52:22, time (data): 2.726 (0.002)] l_pix: 4.5986e-02 
2025-11-25 18:56:21,269 INFO: [IART_..][epoch:  4, iter:  58,868, lr:(2.755e-07,1.219e-07,)] [eta: 0:52:19, time (data): 2.726 (0.002)] l_pix: 1.5631e-02 
2025-11-25 18:56:23,935 INFO: [IART_..][epoch:  4, iter:  58,869, lr:(2.752e-07,1.218e-07,)] [eta: 0:52:17, time (data): 2.725 (0.002)] l_pix: 1.7485e-02 
2025-11-25 18:56:26,483 INFO: [IART_..][epoch:  4, iter:  58,870, lr:(2.749e-07,1.218e-07,)] [eta: 0:52:14, time (data): 2.721 (0.002)] l_pix: 2.1173e-02 
2025-11-25 18:56:29,057 INFO: [IART_..][epoch:  4, iter:  58,871, lr:(2.746e-07,1.217e-07,)] [eta: 0:52:11, time (data): 2.719 (0.002)] l_pix: 2.0660e-02 
2025-11-25 18:56:31,706 INFO: [IART_..][epoch:  4, iter:  58,872, lr:(2.743e-07,1.217e-07,)] [eta: 0:52:08, time (data): 2.717 (0.002)] l_pix: 1.9144e-02 
2025-11-25 18:56:34,404 INFO: [IART_..][epoch:  4, iter:  58,873, lr:(2.740e-07,1.217e-07,)] [eta: 0:52:05, time (data): 2.717 (0.002)] l_pix: 2.3826e-02 
2025-11-25 18:56:37,088 INFO: [IART_..][epoch:  4, iter:  58,874, lr:(2.737e-07,1.216e-07,)] [eta: 0:52:02, time (data): 2.716 (0.002)] l_pix: 3.5131e-02 
2025-11-25 18:56:39,700 INFO: [IART_..][epoch:  4, iter:  58,875, lr:(2.734e-07,1.216e-07,)] [eta: 0:52:00, time (data): 2.715 (0.002)] l_pix: 1.2449e-02 
2025-11-25 18:56:42,536 INFO: [IART_..][epoch:  4, iter:  58,876, lr:(2.730e-07,1.216e-07,)] [eta: 0:51:57, time (data): 2.717 (0.002)] l_pix: 1.6026e-02 
2025-11-25 18:56:45,171 INFO: [IART_..][epoch:  4, iter:  58,877, lr:(2.727e-07,1.215e-07,)] [eta: 0:51:54, time (data): 2.715 (0.002)] l_pix: 1.4728e-02 
2025-11-25 18:56:47,893 INFO: [IART_..][epoch:  4, iter:  58,878, lr:(2.724e-07,1.215e-07,)] [eta: 0:51:51, time (data): 2.715 (0.002)] l_pix: 2.1402e-02 
2025-11-25 18:56:50,615 INFO: [IART_..][epoch:  4, iter:  58,879, lr:(2.721e-07,1.214e-07,)] [eta: 0:51:48, time (data): 2.715 (0.002)] l_pix: 2.0159e-02 
2025-11-25 18:56:53,369 INFO: [IART_..][epoch:  4, iter:  58,880, lr:(2.718e-07,1.214e-07,)] [eta: 0:51:46, time (data): 2.716 (0.002)] l_pix: 2.0948e-02 
2025-11-25 18:56:56,122 INFO: [IART_..][epoch:  4, iter:  58,881, lr:(2.715e-07,1.214e-07,)] [eta: 0:51:43, time (data): 2.717 (0.002)] l_pix: 1.8839e-02 
2025-11-25 18:56:58,749 INFO: [IART_..][epoch:  4, iter:  58,882, lr:(2.712e-07,1.213e-07,)] [eta: 0:51:40, time (data): 2.715 (0.002)] l_pix: 1.8649e-02 
2025-11-25 18:57:01,424 INFO: [IART_..][epoch:  4, iter:  58,883, lr:(2.709e-07,1.213e-07,)] [eta: 0:51:37, time (data): 2.715 (0.002)] l_pix: 2.5455e-02 
2025-11-25 18:57:04,035 INFO: [IART_..][epoch:  4, iter:  58,884, lr:(2.706e-07,1.212e-07,)] [eta: 0:51:34, time (data): 2.713 (0.002)] l_pix: 1.8643e-02 
2025-11-25 18:57:06,599 INFO: [IART_..][epoch:  4, iter:  58,885, lr:(2.703e-07,1.212e-07,)] [eta: 0:51:32, time (data): 2.711 (0.002)] l_pix: 2.3301e-02 
2025-11-25 18:57:09,195 INFO: [IART_..][epoch:  4, iter:  58,886, lr:(2.700e-07,1.212e-07,)] [eta: 0:51:29, time (data): 2.709 (0.002)] l_pix: 2.9074e-02 
2025-11-25 18:57:11,882 INFO: [IART_..][epoch:  4, iter:  58,887, lr:(2.697e-07,1.211e-07,)] [eta: 0:51:26, time (data): 2.709 (0.002)] l_pix: 3.0286e-02 
2025-11-25 18:57:14,572 INFO: [IART_..][epoch:  4, iter:  58,888, lr:(2.694e-07,1.211e-07,)] [eta: 0:51:23, time (data): 2.708 (0.002)] l_pix: 1.2983e-02 
2025-11-25 18:57:17,210 INFO: [IART_..][epoch:  4, iter:  58,889, lr:(2.691e-07,1.211e-07,)] [eta: 0:51:20, time (data): 2.707 (0.002)] l_pix: 2.4858e-02 
2025-11-25 18:57:19,914 INFO: [IART_..][epoch:  4, iter:  58,890, lr:(2.688e-07,1.210e-07,)] [eta: 0:51:18, time (data): 2.707 (0.002)] l_pix: 4.3317e-02 
2025-11-25 18:57:22,576 INFO: [IART_..][epoch:  4, iter:  58,891, lr:(2.685e-07,1.210e-07,)] [eta: 0:51:15, time (data): 2.707 (0.002)] l_pix: 1.6556e-02 
2025-11-25 18:57:25,247 INFO: [IART_..][epoch:  4, iter:  58,892, lr:(2.682e-07,1.209e-07,)] [eta: 0:51:12, time (data): 2.706 (0.002)] l_pix: 2.3222e-02 
2025-11-25 18:57:27,920 INFO: [IART_..][epoch:  4, iter:  58,893, lr:(2.679e-07,1.209e-07,)] [eta: 0:51:09, time (data): 2.706 (0.002)] l_pix: 4.3586e-02 
2025-11-25 18:57:30,483 INFO: [IART_..][epoch:  4, iter:  58,894, lr:(2.675e-07,1.209e-07,)] [eta: 0:51:06, time (data): 2.704 (0.002)] l_pix: 1.1558e-02 
2025-11-25 18:57:33,112 INFO: [IART_..][epoch:  4, iter:  58,895, lr:(2.672e-07,1.208e-07,)] [eta: 0:51:04, time (data): 2.703 (0.002)] l_pix: 1.3471e-02 
2025-11-25 18:57:35,770 INFO: [IART_..][epoch:  4, iter:  58,896, lr:(2.669e-07,1.208e-07,)] [eta: 0:51:01, time (data): 2.702 (0.002)] l_pix: 3.5442e-02 
2025-11-25 18:57:38,447 INFO: [IART_..][epoch:  4, iter:  58,897, lr:(2.666e-07,1.208e-07,)] [eta: 0:50:58, time (data): 2.702 (0.002)] l_pix: 1.9384e-02 
2025-11-25 18:57:41,089 INFO: [IART_..][epoch:  4, iter:  58,898, lr:(2.663e-07,1.207e-07,)] [eta: 0:50:55, time (data): 2.701 (0.002)] l_pix: 1.7211e-02 
2025-11-25 18:57:43,811 INFO: [IART_..][epoch:  4, iter:  58,899, lr:(2.660e-07,1.207e-07,)] [eta: 0:50:52, time (data): 2.702 (0.002)] l_pix: 1.8856e-02 
2025-11-25 18:57:46,453 INFO: [IART_..][epoch:  4, iter:  58,900, lr:(2.657e-07,1.206e-07,)] [eta: 0:50:49, time (data): 2.701 (0.002)] l_pix: 2.1761e-02 
2025-11-25 18:57:49,189 INFO: [IART_..][epoch:  4, iter:  58,901, lr:(2.654e-07,1.206e-07,)] [eta: 0:50:47, time (data): 2.701 (0.002)] l_pix: 2.5282e-02 
2025-11-25 18:57:51,897 INFO: [IART_..][epoch:  4, iter:  58,902, lr:(2.651e-07,1.206e-07,)] [eta: 0:50:44, time (data): 2.701 (0.002)] l_pix: 1.7964e-02 
2025-11-25 18:57:54,661 INFO: [IART_..][epoch:  4, iter:  58,903, lr:(2.648e-07,1.205e-07,)] [eta: 0:50:41, time (data): 2.702 (0.002)] l_pix: 2.1091e-02 
2025-11-25 18:57:57,272 INFO: [IART_..][epoch:  4, iter:  58,904, lr:(2.645e-07,1.205e-07,)] [eta: 0:50:38, time (data): 2.701 (0.002)] l_pix: 1.8759e-02 
2025-11-25 18:57:59,823 INFO: [IART_..][epoch:  4, iter:  58,905, lr:(2.642e-07,1.205e-07,)] [eta: 0:50:35, time (data): 2.699 (0.002)] l_pix: 2.0539e-02 
2025-11-25 18:58:02,477 INFO: [IART_..][epoch:  4, iter:  58,906, lr:(2.639e-07,1.204e-07,)] [eta: 0:50:33, time (data): 2.699 (0.002)] l_pix: 2.4942e-02 
2025-11-25 18:58:05,146 INFO: [IART_..][epoch:  4, iter:  58,907, lr:(2.636e-07,1.204e-07,)] [eta: 0:50:30, time (data): 2.698 (0.002)] l_pix: 1.4088e-02 
2025-11-25 18:58:07,802 INFO: [IART_..][epoch:  4, iter:  58,908, lr:(2.633e-07,1.203e-07,)] [eta: 0:50:27, time (data): 2.698 (0.002)] l_pix: 1.4715e-02 
2025-11-25 18:58:10,391 INFO: [IART_..][epoch:  4, iter:  58,909, lr:(2.630e-07,1.203e-07,)] [eta: 0:50:24, time (data): 2.697 (0.002)] l_pix: 2.5757e-02 
2025-11-25 18:58:12,953 INFO: [IART_..][epoch:  4, iter:  58,910, lr:(2.627e-07,1.203e-07,)] [eta: 0:50:21, time (data): 2.695 (0.002)] l_pix: 1.7241e-02 
2025-11-25 18:58:15,661 INFO: [IART_..][epoch:  4, iter:  58,911, lr:(2.624e-07,1.202e-07,)] [eta: 0:50:19, time (data): 2.695 (0.002)] l_pix: 1.4924e-02 
2025-11-25 18:58:18,304 INFO: [IART_..][epoch:  4, iter:  58,912, lr:(2.621e-07,1.202e-07,)] [eta: 0:50:16, time (data): 2.695 (0.002)] l_pix: 6.5417e-03 
2025-11-25 18:58:20,896 INFO: [IART_..][epoch:  4, iter:  58,913, lr:(2.618e-07,1.202e-07,)] [eta: 0:50:13, time (data): 2.694 (0.002)] l_pix: 1.3812e-02 
2025-11-25 18:58:23,635 INFO: [IART_..][epoch:  4, iter:  58,914, lr:(2.615e-07,1.201e-07,)] [eta: 0:50:10, time (data): 2.694 (0.002)] l_pix: 7.3812e-03 
2025-11-25 18:58:26,502 INFO: [IART_..][epoch:  4, iter:  58,915, lr:(2.612e-07,1.201e-07,)] [eta: 0:50:07, time (data): 2.696 (0.002)] l_pix: 2.0838e-02 
2025-11-25 18:58:29,193 INFO: [IART_..][epoch:  4, iter:  58,916, lr:(2.610e-07,1.200e-07,)] [eta: 0:50:05, time (data): 2.696 (0.002)] l_pix: 1.6853e-02 
2025-11-25 18:58:31,995 INFO: [IART_..][epoch:  4, iter:  58,917, lr:(2.607e-07,1.200e-07,)] [eta: 0:50:02, time (data): 2.697 (0.002)] l_pix: 1.2093e-02 
2025-11-25 18:58:34,732 INFO: [IART_..][epoch:  4, iter:  58,918, lr:(2.604e-07,1.200e-07,)] [eta: 0:49:59, time (data): 2.697 (0.002)] l_pix: 1.2815e-02 
2025-11-25 18:58:37,484 INFO: [IART_..][epoch:  4, iter:  58,919, lr:(2.601e-07,1.199e-07,)] [eta: 0:49:56, time (data): 2.698 (0.002)] l_pix: 3.0064e-02 
2025-11-25 18:58:40,188 INFO: [IART_..][epoch:  4, iter:  58,920, lr:(2.598e-07,1.199e-07,)] [eta: 0:49:53, time (data): 2.698 (0.002)] l_pix: 1.1991e-02 
2025-11-25 18:58:42,892 INFO: [IART_..][epoch:  4, iter:  58,921, lr:(2.595e-07,1.199e-07,)] [eta: 0:49:51, time (data): 2.698 (0.002)] l_pix: 1.0077e-02 
2025-11-25 18:58:45,662 INFO: [IART_..][epoch:  4, iter:  58,922, lr:(2.592e-07,1.198e-07,)] [eta: 0:49:48, time (data): 2.699 (0.002)] l_pix: 2.4375e-02 
2025-11-25 18:58:48,368 INFO: [IART_..][epoch:  4, iter:  58,923, lr:(2.589e-07,1.198e-07,)] [eta: 0:49:45, time (data): 2.699 (0.002)] l_pix: 1.9663e-02 
2025-11-25 18:58:51,044 INFO: [IART_..][epoch:  4, iter:  58,924, lr:(2.586e-07,1.198e-07,)] [eta: 0:49:42, time (data): 2.698 (0.002)] l_pix: 2.8408e-02 
2025-11-25 18:58:53,852 INFO: [IART_..][epoch:  4, iter:  58,925, lr:(2.583e-07,1.197e-07,)] [eta: 0:49:40, time (data): 2.700 (0.002)] l_pix: 9.1636e-03 
2025-11-25 18:58:56,504 INFO: [IART_..][epoch:  4, iter:  58,926, lr:(2.580e-07,1.197e-07,)] [eta: 0:49:37, time (data): 2.699 (0.002)] l_pix: 2.5989e-02 
2025-11-25 18:58:59,230 INFO: [IART_..][epoch:  4, iter:  58,927, lr:(2.577e-07,1.196e-07,)] [eta: 0:49:34, time (data): 2.699 (0.002)] l_pix: 2.0308e-02 
2025-11-25 18:59:01,967 INFO: [IART_..][epoch:  4, iter:  58,928, lr:(2.574e-07,1.196e-07,)] [eta: 0:49:31, time (data): 2.700 (0.002)] l_pix: 1.6274e-02 
2025-11-25 18:59:04,674 INFO: [IART_..][epoch:  4, iter:  58,929, lr:(2.571e-07,1.196e-07,)] [eta: 0:49:28, time (data): 2.700 (0.002)] l_pix: 2.3336e-02 
2025-11-25 18:59:07,383 INFO: [IART_..][epoch:  4, iter:  58,930, lr:(2.568e-07,1.195e-07,)] [eta: 0:49:26, time (data): 2.700 (0.002)] l_pix: 2.0523e-02 
2025-11-25 18:59:10,076 INFO: [IART_..][epoch:  4, iter:  58,931, lr:(2.565e-07,1.195e-07,)] [eta: 0:49:23, time (data): 2.700 (0.002)] l_pix: 2.1875e-02 
2025-11-25 18:59:12,785 INFO: [IART_..][epoch:  4, iter:  58,932, lr:(2.562e-07,1.195e-07,)] [eta: 0:49:20, time (data): 2.700 (0.002)] l_pix: 2.9508e-02 
2025-11-25 18:59:15,477 INFO: [IART_..][epoch:  4, iter:  58,933, lr:(2.559e-07,1.194e-07,)] [eta: 0:49:17, time (data): 2.700 (0.002)] l_pix: 3.3313e-02 
2025-11-25 18:59:18,190 INFO: [IART_..][epoch:  4, iter:  58,934, lr:(2.557e-07,1.194e-07,)] [eta: 0:49:14, time (data): 2.700 (0.002)] l_pix: 1.8362e-02 
2025-11-25 18:59:20,971 INFO: [IART_..][epoch:  4, iter:  58,935, lr:(2.554e-07,1.194e-07,)] [eta: 0:49:12, time (data): 2.701 (0.002)] l_pix: 9.5516e-03 
2025-11-25 18:59:23,725 INFO: [IART_..][epoch:  4, iter:  58,936, lr:(2.551e-07,1.193e-07,)] [eta: 0:49:09, time (data): 2.701 (0.002)] l_pix: 2.1538e-02 
2025-11-25 18:59:26,365 INFO: [IART_..][epoch:  4, iter:  58,937, lr:(2.548e-07,1.193e-07,)] [eta: 0:49:06, time (data): 2.701 (0.002)] l_pix: 1.0371e-02 
2025-11-25 18:59:29,111 INFO: [IART_..][epoch:  4, iter:  58,938, lr:(2.545e-07,1.192e-07,)] [eta: 0:49:03, time (data): 2.701 (0.002)] l_pix: 2.1555e-02 
2025-11-25 18:59:31,750 INFO: [IART_..][epoch:  4, iter:  58,939, lr:(2.542e-07,1.192e-07,)] [eta: 0:49:00, time (data): 2.700 (0.002)] l_pix: 1.5630e-02 
2025-11-25 18:59:34,378 INFO: [IART_..][epoch:  4, iter:  58,940, lr:(2.539e-07,1.192e-07,)] [eta: 0:48:58, time (data): 2.700 (0.002)] l_pix: 3.6122e-02 
2025-11-25 18:59:37,021 INFO: [IART_..][epoch:  4, iter:  58,941, lr:(2.536e-07,1.191e-07,)] [eta: 0:48:55, time (data): 2.699 (0.002)] l_pix: 1.4857e-02 
2025-11-25 18:59:39,712 INFO: [IART_..][epoch:  4, iter:  58,942, lr:(2.533e-07,1.191e-07,)] [eta: 0:48:52, time (data): 2.699 (0.002)] l_pix: 2.2246e-02 
2025-11-25 18:59:42,402 INFO: [IART_..][epoch:  4, iter:  58,943, lr:(2.530e-07,1.191e-07,)] [eta: 0:48:49, time (data): 2.699 (0.002)] l_pix: 2.9664e-02 
2025-11-25 18:59:45,203 INFO: [IART_..][epoch:  4, iter:  58,944, lr:(2.527e-07,1.190e-07,)] [eta: 0:48:46, time (data): 2.700 (0.002)] l_pix: 2.0703e-02 
2025-11-25 18:59:47,873 INFO: [IART_..][epoch:  4, iter:  58,945, lr:(2.525e-07,1.190e-07,)] [eta: 0:48:44, time (data): 2.700 (0.002)] l_pix: 2.5677e-02 
2025-11-25 18:59:50,532 INFO: [IART_..][epoch:  4, iter:  58,946, lr:(2.522e-07,1.190e-07,)] [eta: 0:48:41, time (data): 2.699 (0.002)] l_pix: 1.4944e-02 
2025-11-25 18:59:53,190 INFO: [IART_..][epoch:  4, iter:  58,947, lr:(2.519e-07,1.189e-07,)] [eta: 0:48:38, time (data): 2.699 (0.002)] l_pix: 1.2963e-02 
2025-11-25 18:59:55,910 INFO: [IART_..][epoch:  4, iter:  58,948, lr:(2.516e-07,1.189e-07,)] [eta: 0:48:35, time (data): 2.699 (0.002)] l_pix: 1.9701e-02 
2025-11-25 18:59:58,554 INFO: [IART_..][epoch:  4, iter:  58,949, lr:(2.513e-07,1.188e-07,)] [eta: 0:48:32, time (data): 2.699 (0.002)] l_pix: 1.4370e-02 
2025-11-25 19:00:01,356 INFO: [IART_..][epoch:  4, iter:  58,950, lr:(2.510e-07,1.188e-07,)] [eta: 0:48:30, time (data): 2.700 (0.002)] l_pix: 2.9239e-02 
2025-11-25 19:00:04,036 INFO: [IART_..][epoch:  4, iter:  58,951, lr:(2.507e-07,1.188e-07,)] [eta: 0:48:27, time (data): 2.699 (0.002)] l_pix: 4.0668e-02 
2025-11-25 19:00:06,700 INFO: [IART_..][epoch:  4, iter:  58,952, lr:(2.504e-07,1.187e-07,)] [eta: 0:48:24, time (data): 2.699 (0.002)] l_pix: 1.7574e-02 
2025-11-25 19:00:09,343 INFO: [IART_..][epoch:  4, iter:  58,953, lr:(2.502e-07,1.187e-07,)] [eta: 0:48:21, time (data): 2.699 (0.002)] l_pix: 1.3198e-02 
2025-11-25 19:00:11,954 INFO: [IART_..][epoch:  4, iter:  58,954, lr:(2.499e-07,1.187e-07,)] [eta: 0:48:18, time (data): 2.698 (0.002)] l_pix: 3.1157e-02 
2025-11-25 19:00:14,553 INFO: [IART_..][epoch:  4, iter:  58,955, lr:(2.496e-07,1.186e-07,)] [eta: 0:48:16, time (data): 2.697 (0.002)] l_pix: 2.3634e-02 
2025-11-25 19:00:17,175 INFO: [IART_..][epoch:  4, iter:  58,956, lr:(2.493e-07,1.186e-07,)] [eta: 0:48:13, time (data): 2.697 (0.002)] l_pix: 2.0367e-02 
2025-11-25 19:00:19,935 INFO: [IART_..][epoch:  4, iter:  58,957, lr:(2.490e-07,1.186e-07,)] [eta: 0:48:10, time (data): 2.697 (0.002)] l_pix: 1.9341e-02 
2025-11-25 19:00:22,574 INFO: [IART_..][epoch:  4, iter:  58,958, lr:(2.487e-07,1.185e-07,)] [eta: 0:48:07, time (data): 2.697 (0.002)] l_pix: 2.0064e-02 
2025-11-25 19:00:25,227 INFO: [IART_..][epoch:  4, iter:  58,959, lr:(2.484e-07,1.185e-07,)] [eta: 0:48:04, time (data): 2.697 (0.002)] l_pix: 3.0454e-02 
2025-11-25 19:00:27,823 INFO: [IART_..][epoch:  4, iter:  58,960, lr:(2.482e-07,1.185e-07,)] [eta: 0:48:02, time (data): 2.696 (0.002)] l_pix: 2.1935e-02 
2025-11-25 19:00:30,511 INFO: [IART_..][epoch:  4, iter:  58,961, lr:(2.479e-07,1.184e-07,)] [eta: 0:47:59, time (data): 2.696 (0.002)] l_pix: 1.9408e-02 
2025-11-25 19:00:33,183 INFO: [IART_..][epoch:  4, iter:  58,962, lr:(2.476e-07,1.184e-07,)] [eta: 0:47:56, time (data): 2.696 (0.002)] l_pix: 2.3414e-02 
2025-11-25 19:00:35,790 INFO: [IART_..][epoch:  4, iter:  58,963, lr:(2.473e-07,1.183e-07,)] [eta: 0:47:53, time (data): 2.695 (0.002)] l_pix: 1.0952e-02 
2025-11-25 19:00:38,450 INFO: [IART_..][epoch:  4, iter:  58,964, lr:(2.470e-07,1.183e-07,)] [eta: 0:47:50, time (data): 2.695 (0.002)] l_pix: 1.6163e-02 
2025-11-25 19:00:41,105 INFO: [IART_..][epoch:  4, iter:  58,965, lr:(2.467e-07,1.183e-07,)] [eta: 0:47:48, time (data): 2.695 (0.002)] l_pix: 1.6157e-02 
2025-11-25 19:00:43,714 INFO: [IART_..][epoch:  4, iter:  58,966, lr:(2.464e-07,1.182e-07,)] [eta: 0:47:45, time (data): 2.694 (0.002)] l_pix: 2.4516e-02 
2025-11-25 19:00:46,369 INFO: [IART_..][epoch:  4, iter:  58,967, lr:(2.462e-07,1.182e-07,)] [eta: 0:47:42, time (data): 2.694 (0.002)] l_pix: 3.7531e-02 
2025-11-25 19:00:49,106 INFO: [IART_..][epoch:  4, iter:  58,968, lr:(2.459e-07,1.182e-07,)] [eta: 0:47:39, time (data): 2.694 (0.002)] l_pix: 2.5255e-02 
2025-11-25 19:00:51,780 INFO: [IART_..][epoch:  4, iter:  58,969, lr:(2.456e-07,1.181e-07,)] [eta: 0:47:36, time (data): 2.694 (0.002)] l_pix: 2.5277e-02 
2025-11-25 19:00:54,432 INFO: [IART_..][epoch:  4, iter:  58,970, lr:(2.453e-07,1.181e-07,)] [eta: 0:47:34, time (data): 2.694 (0.002)] l_pix: 2.2600e-02 
2025-11-25 19:00:57,093 INFO: [IART_..][epoch:  4, iter:  58,971, lr:(2.450e-07,1.181e-07,)] [eta: 0:47:31, time (data): 2.693 (0.002)] l_pix: 1.5206e-02 
2025-11-25 19:00:59,707 INFO: [IART_..][epoch:  4, iter:  58,972, lr:(2.448e-07,1.180e-07,)] [eta: 0:47:28, time (data): 2.693 (0.002)] l_pix: 7.3520e-03 
2025-11-25 19:01:02,294 INFO: [IART_..][epoch:  4, iter:  58,973, lr:(2.445e-07,1.180e-07,)] [eta: 0:47:25, time (data): 2.692 (0.002)] l_pix: 3.3825e-02 
2025-11-25 19:01:04,967 INFO: [IART_..][epoch:  4, iter:  58,974, lr:(2.442e-07,1.180e-07,)] [eta: 0:47:22, time (data): 2.692 (0.002)] l_pix: 3.5148e-02 
2025-11-25 19:01:07,591 INFO: [IART_..][epoch:  4, iter:  58,975, lr:(2.439e-07,1.179e-07,)] [eta: 0:47:20, time (data): 2.692 (0.002)] l_pix: 2.8729e-02 
2025-11-25 19:01:10,208 INFO: [IART_..][epoch:  4, iter:  58,976, lr:(2.436e-07,1.179e-07,)] [eta: 0:47:17, time (data): 2.691 (0.002)] l_pix: 3.5774e-02 
2025-11-25 19:01:12,935 INFO: [IART_..][epoch:  4, iter:  58,977, lr:(2.433e-07,1.179e-07,)] [eta: 0:47:14, time (data): 2.691 (0.002)] l_pix: 2.1372e-02 
2025-11-25 19:01:15,543 INFO: [IART_..][epoch:  4, iter:  58,978, lr:(2.431e-07,1.178e-07,)] [eta: 0:47:11, time (data): 2.691 (0.002)] l_pix: 2.0148e-02 
2025-11-25 19:01:18,183 INFO: [IART_..][epoch:  4, iter:  58,979, lr:(2.428e-07,1.178e-07,)] [eta: 0:47:08, time (data): 2.690 (0.002)] l_pix: 2.5598e-02 
2025-11-25 19:01:20,888 INFO: [IART_..][epoch:  4, iter:  58,980, lr:(2.425e-07,1.178e-07,)] [eta: 0:47:06, time (data): 2.691 (0.002)] l_pix: 2.7975e-02 
2025-11-25 19:01:23,558 INFO: [IART_..][epoch:  4, iter:  58,981, lr:(2.422e-07,1.177e-07,)] [eta: 0:47:03, time (data): 2.690 (0.002)] l_pix: 1.4331e-02 
2025-11-25 19:01:26,246 INFO: [IART_..][epoch:  4, iter:  58,982, lr:(2.420e-07,1.177e-07,)] [eta: 0:47:00, time (data): 2.690 (0.002)] l_pix: 1.8437e-02 
2025-11-25 19:01:28,929 INFO: [IART_..][epoch:  4, iter:  58,983, lr:(2.417e-07,1.176e-07,)] [eta: 0:46:57, time (data): 2.690 (0.002)] l_pix: 2.4035e-02 
2025-11-25 19:01:31,537 INFO: [IART_..][epoch:  4, iter:  58,984, lr:(2.414e-07,1.176e-07,)] [eta: 0:46:54, time (data): 2.690 (0.002)] l_pix: 3.0484e-02 
2025-11-25 19:01:34,335 INFO: [IART_..][epoch:  4, iter:  58,985, lr:(2.411e-07,1.176e-07,)] [eta: 0:46:52, time (data): 2.691 (0.002)] l_pix: 3.7214e-02 
2025-11-25 19:01:36,961 INFO: [IART_..][epoch:  4, iter:  58,986, lr:(2.408e-07,1.175e-07,)] [eta: 0:46:49, time (data): 2.690 (0.002)] l_pix: 2.9177e-02 
2025-11-25 19:01:39,538 INFO: [IART_..][epoch:  4, iter:  58,987, lr:(2.406e-07,1.175e-07,)] [eta: 0:46:46, time (data): 2.689 (0.002)] l_pix: 9.9949e-03 
2025-11-25 19:01:42,212 INFO: [IART_..][epoch:  4, iter:  58,988, lr:(2.403e-07,1.175e-07,)] [eta: 0:46:43, time (data): 2.689 (0.002)] l_pix: 2.3296e-02 
2025-11-25 19:01:44,819 INFO: [IART_..][epoch:  4, iter:  58,989, lr:(2.400e-07,1.174e-07,)] [eta: 0:46:40, time (data): 2.689 (0.002)] l_pix: 6.6854e-03 
2025-11-25 19:01:47,503 INFO: [IART_..][epoch:  4, iter:  58,990, lr:(2.397e-07,1.174e-07,)] [eta: 0:46:38, time (data): 2.689 (0.002)] l_pix: 1.8001e-02 
2025-11-25 19:01:50,197 INFO: [IART_..][epoch:  4, iter:  58,991, lr:(2.395e-07,1.174e-07,)] [eta: 0:46:35, time (data): 2.689 (0.002)] l_pix: 2.1835e-02 
2025-11-25 19:01:52,992 INFO: [IART_..][epoch:  4, iter:  58,992, lr:(2.392e-07,1.173e-07,)] [eta: 0:46:32, time (data): 2.690 (0.002)] l_pix: 1.5938e-02 
2025-11-25 19:01:55,748 INFO: [IART_..][epoch:  4, iter:  58,993, lr:(2.389e-07,1.173e-07,)] [eta: 0:46:29, time (data): 2.690 (0.002)] l_pix: 3.3143e-02 
2025-11-25 19:01:58,418 INFO: [IART_..][epoch:  4, iter:  58,994, lr:(2.386e-07,1.173e-07,)] [eta: 0:46:26, time (data): 2.690 (0.002)] l_pix: 1.4527e-02 
2025-11-25 19:02:01,230 INFO: [IART_..][epoch:  4, iter:  58,995, lr:(2.384e-07,1.172e-07,)] [eta: 0:46:24, time (data): 2.690 (0.002)] l_pix: 2.6307e-02 
2025-11-25 19:02:03,853 INFO: [IART_..][epoch:  4, iter:  58,996, lr:(2.381e-07,1.172e-07,)] [eta: 0:46:21, time (data): 2.690 (0.002)] l_pix: 1.4742e-02 
2025-11-25 19:02:06,475 INFO: [IART_..][epoch:  4, iter:  58,997, lr:(2.378e-07,1.172e-07,)] [eta: 0:46:18, time (data): 2.690 (0.002)] l_pix: 6.1927e-03 
2025-11-25 19:02:09,209 INFO: [IART_..][epoch:  4, iter:  58,998, lr:(2.375e-07,1.171e-07,)] [eta: 0:46:15, time (data): 2.690 (0.002)] l_pix: 1.0675e-02 
2025-11-25 19:02:11,833 INFO: [IART_..][epoch:  4, iter:  58,999, lr:(2.373e-07,1.171e-07,)] [eta: 0:46:12, time (data): 2.690 (0.002)] l_pix: 2.0089e-02 
2025-11-25 19:02:14,621 INFO: [IART_..][epoch:  4, iter:  59,000, lr:(2.370e-07,1.171e-07,)] [eta: 0:46:10, time (data): 2.690 (0.002)] l_pix: 2.3180e-02 
2025-11-25 19:02:17,298 INFO: [IART_..][epoch:  4, iter:  59,001, lr:(2.367e-07,1.170e-07,)] [eta: 0:46:07, time (data): 2.690 (0.002)] l_pix: 1.5071e-02 
2025-11-25 19:02:19,936 INFO: [IART_..][epoch:  4, iter:  59,002, lr:(2.364e-07,1.170e-07,)] [eta: 0:46:04, time (data): 2.690 (0.002)] l_pix: 1.7598e-02 
2025-11-25 19:02:22,607 INFO: [IART_..][epoch:  4, iter:  59,003, lr:(2.362e-07,1.170e-07,)] [eta: 0:46:01, time (data): 2.690 (0.002)] l_pix: 1.7342e-02 
2025-11-25 19:02:25,358 INFO: [IART_..][epoch:  4, iter:  59,004, lr:(2.359e-07,1.169e-07,)] [eta: 0:45:58, time (data): 2.690 (0.002)] l_pix: 2.7421e-02 
2025-11-25 19:02:28,011 INFO: [IART_..][epoch:  4, iter:  59,005, lr:(2.356e-07,1.169e-07,)] [eta: 0:45:56, time (data): 2.690 (0.002)] l_pix: 8.6284e-03 
2025-11-25 19:02:30,684 INFO: [IART_..][epoch:  4, iter:  59,006, lr:(2.353e-07,1.169e-07,)] [eta: 0:45:53, time (data): 2.690 (0.002)] l_pix: 3.0375e-02 
2025-11-25 19:02:33,350 INFO: [IART_..][epoch:  4, iter:  59,007, lr:(2.351e-07,1.168e-07,)] [eta: 0:45:50, time (data): 2.690 (0.002)] l_pix: 1.2932e-02 
2025-11-25 19:02:35,910 INFO: [IART_..][epoch:  4, iter:  59,008, lr:(2.348e-07,1.168e-07,)] [eta: 0:45:47, time (data): 2.689 (0.002)] l_pix: 8.3007e-03 
2025-11-25 19:02:38,571 INFO: [IART_..][epoch:  4, iter:  59,009, lr:(2.345e-07,1.168e-07,)] [eta: 0:45:44, time (data): 2.689 (0.002)] l_pix: 2.5859e-02 
2025-11-25 19:02:41,251 INFO: [IART_..][epoch:  4, iter:  59,010, lr:(2.343e-07,1.167e-07,)] [eta: 0:45:42, time (data): 2.689 (0.002)] l_pix: 3.3368e-02 
2025-11-25 19:02:44,093 INFO: [IART_..][epoch:  4, iter:  59,011, lr:(2.340e-07,1.167e-07,)] [eta: 0:45:39, time (data): 2.689 (0.002)] l_pix: 1.9134e-02 
2025-11-25 19:02:46,748 INFO: [IART_..][epoch:  4, iter:  59,012, lr:(2.337e-07,1.167e-07,)] [eta: 0:45:36, time (data): 2.689 (0.002)] l_pix: 2.3555e-02 
2025-11-25 19:02:49,343 INFO: [IART_..][epoch:  4, iter:  59,013, lr:(2.334e-07,1.166e-07,)] [eta: 0:45:33, time (data): 2.689 (0.002)] l_pix: 2.6490e-02 
2025-11-25 19:02:51,906 INFO: [IART_..][epoch:  4, iter:  59,014, lr:(2.332e-07,1.166e-07,)] [eta: 0:45:30, time (data): 2.688 (0.002)] l_pix: 1.0293e-02 
2025-11-25 19:02:54,561 INFO: [IART_..][epoch:  4, iter:  59,015, lr:(2.329e-07,1.166e-07,)] [eta: 0:45:28, time (data): 2.688 (0.002)] l_pix: 2.0589e-02 
2025-11-25 19:02:57,235 INFO: [IART_..][epoch:  4, iter:  59,016, lr:(2.326e-07,1.165e-07,)] [eta: 0:45:25, time (data): 2.688 (0.002)] l_pix: 1.8176e-02 
2025-11-25 19:02:59,793 INFO: [IART_..][epoch:  4, iter:  59,017, lr:(2.324e-07,1.165e-07,)] [eta: 0:45:22, time (data): 2.687 (0.002)] l_pix: 1.3566e-02 
2025-11-25 19:03:02,531 INFO: [IART_..][epoch:  4, iter:  59,018, lr:(2.321e-07,1.165e-07,)] [eta: 0:45:19, time (data): 2.688 (0.002)] l_pix: 2.3694e-02 
2025-11-25 19:03:05,239 INFO: [IART_..][epoch:  4, iter:  59,019, lr:(2.318e-07,1.164e-07,)] [eta: 0:45:16, time (data): 2.688 (0.002)] l_pix: 1.7384e-02 
2025-11-25 19:03:07,901 INFO: [IART_..][epoch:  4, iter:  59,020, lr:(2.316e-07,1.164e-07,)] [eta: 0:45:14, time (data): 2.688 (0.002)] l_pix: 1.9419e-02 
2025-11-25 19:03:10,574 INFO: [IART_..][epoch:  4, iter:  59,021, lr:(2.313e-07,1.164e-07,)] [eta: 0:45:11, time (data): 2.673 (0.000)] l_pix: 2.9051e-02 
2025-11-25 19:03:13,233 INFO: [IART_..][epoch:  4, iter:  59,022, lr:(2.310e-07,1.163e-07,)] [eta: 0:45:08, time (data): 2.666 (0.000)] l_pix: 1.0343e-02 
2025-11-25 19:03:15,840 INFO: [IART_..][epoch:  4, iter:  59,023, lr:(2.308e-07,1.163e-07,)] [eta: 0:45:05, time (data): 2.646 (0.000)] l_pix: 2.3959e-02 
2025-11-25 19:03:18,447 INFO: [IART_..][epoch:  4, iter:  59,024, lr:(2.305e-07,1.163e-07,)] [eta: 0:45:02, time (data): 2.636 (0.000)] l_pix: 1.7116e-02 
2025-11-25 19:03:21,081 INFO: [IART_..][epoch:  4, iter:  59,025, lr:(2.302e-07,1.162e-07,)] [eta: 0:45:00, time (data): 2.636 (0.000)] l_pix: 9.7377e-03 
2025-11-25 19:03:23,819 INFO: [IART_..][epoch:  4, iter:  59,026, lr:(2.299e-07,1.162e-07,)] [eta: 0:44:57, time (data): 2.653 (0.000)] l_pix: 8.6422e-03 
2025-11-25 19:03:26,543 INFO: [IART_..][epoch:  4, iter:  59,027, lr:(2.297e-07,1.162e-07,)] [eta: 0:44:54, time (data): 2.663 (0.000)] l_pix: 2.8980e-02 
2025-11-25 19:03:29,261 INFO: [IART_..][epoch:  4, iter:  59,028, lr:(2.294e-07,1.161e-07,)] [eta: 0:44:51, time (data): 2.670 (0.000)] l_pix: 2.3050e-02 
2025-11-25 19:03:31,940 INFO: [IART_..][epoch:  4, iter:  59,029, lr:(2.292e-07,1.161e-07,)] [eta: 0:44:48, time (data): 2.671 (0.000)] l_pix: 1.5596e-02 
2025-11-25 19:03:34,563 INFO: [IART_..][epoch:  4, iter:  59,030, lr:(2.289e-07,1.161e-07,)] [eta: 0:44:46, time (data): 2.666 (0.000)] l_pix: 3.8648e-02 
2025-11-25 19:03:37,191 INFO: [IART_..][epoch:  4, iter:  59,031, lr:(2.286e-07,1.160e-07,)] [eta: 0:44:43, time (data): 2.663 (0.000)] l_pix: 2.1051e-02 
2025-11-25 19:03:39,751 INFO: [IART_..][epoch:  4, iter:  59,032, lr:(2.284e-07,1.160e-07,)] [eta: 0:44:40, time (data): 2.654 (0.000)] l_pix: 1.6689e-02 
2025-11-25 19:03:42,458 INFO: [IART_..][epoch:  4, iter:  59,033, lr:(2.281e-07,1.160e-07,)] [eta: 0:44:37, time (data): 2.658 (0.000)] l_pix: 2.4759e-02 
2025-11-25 19:03:45,164 INFO: [IART_..][epoch:  4, iter:  59,034, lr:(2.278e-07,1.159e-07,)] [eta: 0:44:34, time (data): 2.662 (0.000)] l_pix: 1.5089e-02 
2025-11-25 19:03:47,773 INFO: [IART_..][epoch:  4, iter:  59,035, lr:(2.276e-07,1.159e-07,)] [eta: 0:44:32, time (data): 2.658 (0.000)] l_pix: 2.4545e-02 
2025-11-25 19:03:50,370 INFO: [IART_..][epoch:  4, iter:  59,036, lr:(2.273e-07,1.159e-07,)] [eta: 0:44:29, time (data): 2.654 (0.000)] l_pix: 3.9121e-02 
2025-11-25 19:03:53,060 INFO: [IART_..][epoch:  4, iter:  59,037, lr:(2.270e-07,1.158e-07,)] [eta: 0:44:26, time (data): 2.656 (0.000)] l_pix: 3.1922e-02 
2025-11-25 19:03:55,814 INFO: [IART_..][epoch:  4, iter:  59,038, lr:(2.268e-07,1.158e-07,)] [eta: 0:44:23, time (data): 2.662 (0.000)] l_pix: 2.6842e-02 
2025-11-25 19:03:58,449 INFO: [IART_..][epoch:  4, iter:  59,039, lr:(2.265e-07,1.158e-07,)] [eta: 0:44:20, time (data): 2.660 (0.000)] l_pix: 3.8115e-02 
2025-11-25 19:04:01,128 INFO: [IART_..][epoch:  4, iter:  59,040, lr:(2.262e-07,1.157e-07,)] [eta: 0:44:18, time (data): 2.661 (0.000)] l_pix: 3.0854e-02 
2025-11-25 19:04:03,754 INFO: [IART_..][epoch:  4, iter:  59,041, lr:(2.260e-07,1.157e-07,)] [eta: 0:44:15, time (data): 2.660 (0.000)] l_pix: 2.2749e-02 
2025-11-25 19:04:06,346 INFO: [IART_..][epoch:  4, iter:  59,042, lr:(2.257e-07,1.157e-07,)] [eta: 0:44:12, time (data): 2.657 (0.000)] l_pix: 1.8621e-02 
2025-11-25 19:04:08,933 INFO: [IART_..][epoch:  4, iter:  59,043, lr:(2.255e-07,1.156e-07,)] [eta: 0:44:09, time (data): 2.654 (0.000)] l_pix: 2.2036e-02 
2025-11-25 19:04:11,550 INFO: [IART_..][epoch:  4, iter:  59,044, lr:(2.252e-07,1.156e-07,)] [eta: 0:44:06, time (data): 2.652 (0.000)] l_pix: 1.7620e-02 
2025-11-25 19:04:14,333 INFO: [IART_..][epoch:  4, iter:  59,045, lr:(2.249e-07,1.156e-07,)] [eta: 0:44:04, time (data): 2.657 (0.000)] l_pix: 1.4343e-02 
2025-11-25 19:04:16,896 INFO: [IART_..][epoch:  4, iter:  59,046, lr:(2.247e-07,1.155e-07,)] [eta: 0:44:01, time (data): 2.654 (0.000)] l_pix: 3.0044e-02 
2025-11-25 19:04:19,547 INFO: [IART_..][epoch:  4, iter:  59,047, lr:(2.244e-07,1.155e-07,)] [eta: 0:43:58, time (data): 2.654 (0.000)] l_pix: 2.8537e-02 
2025-11-25 19:04:22,178 INFO: [IART_..][epoch:  4, iter:  59,048, lr:(2.241e-07,1.155e-07,)] [eta: 0:43:55, time (data): 2.653 (0.000)] l_pix: 1.9782e-02 
2025-11-25 19:04:24,852 INFO: [IART_..][epoch:  4, iter:  59,049, lr:(2.239e-07,1.154e-07,)] [eta: 0:43:52, time (data): 2.653 (0.000)] l_pix: 2.9169e-02 
2025-11-25 19:04:27,485 INFO: [IART_..][epoch:  4, iter:  59,050, lr:(2.236e-07,1.154e-07,)] [eta: 0:43:50, time (data): 2.653 (0.000)] l_pix: 2.2097e-02 
2025-11-25 19:04:30,072 INFO: [IART_..][epoch:  4, iter:  59,051, lr:(2.234e-07,1.154e-07,)] [eta: 0:43:47, time (data): 2.651 (0.000)] l_pix: 2.2983e-02 
2025-11-25 19:04:32,811 INFO: [IART_..][epoch:  4, iter:  59,052, lr:(2.231e-07,1.153e-07,)] [eta: 0:43:44, time (data): 2.653 (0.000)] l_pix: 1.6528e-02 
2025-11-25 19:04:35,453 INFO: [IART_..][epoch:  4, iter:  59,053, lr:(2.228e-07,1.153e-07,)] [eta: 0:43:41, time (data): 2.653 (0.000)] l_pix: 2.6101e-02 
2025-11-25 19:04:38,158 INFO: [IART_..][epoch:  4, iter:  59,054, lr:(2.226e-07,1.153e-07,)] [eta: 0:43:38, time (data): 2.654 (0.000)] l_pix: 1.2351e-02 
2025-11-25 19:04:40,962 INFO: [IART_..][epoch:  4, iter:  59,055, lr:(2.223e-07,1.152e-07,)] [eta: 0:43:36, time (data): 2.658 (0.000)] l_pix: 1.2501e-02 
2025-11-25 19:04:43,605 INFO: [IART_..][epoch:  4, iter:  59,056, lr:(2.221e-07,1.152e-07,)] [eta: 0:43:33, time (data): 2.658 (0.000)] l_pix: 2.3826e-02 
2025-11-25 19:04:46,192 INFO: [IART_..][epoch:  4, iter:  59,057, lr:(2.218e-07,1.152e-07,)] [eta: 0:43:30, time (data): 2.656 (0.000)] l_pix: 2.8160e-02 
2025-11-25 19:04:48,756 INFO: [IART_..][epoch:  4, iter:  59,058, lr:(2.216e-07,1.151e-07,)] [eta: 0:43:27, time (data): 2.654 (0.000)] l_pix: 2.2212e-02 
2025-11-25 19:04:51,495 INFO: [IART_..][epoch:  4, iter:  59,059, lr:(2.213e-07,1.151e-07,)] [eta: 0:43:24, time (data): 2.656 (0.000)] l_pix: 1.5537e-02 
2025-11-25 19:04:54,055 INFO: [IART_..][epoch:  4, iter:  59,060, lr:(2.210e-07,1.151e-07,)] [eta: 0:43:22, time (data): 2.653 (0.000)] l_pix: 1.1797e-02 
2025-11-25 19:04:56,698 INFO: [IART_..][epoch:  4, iter:  59,061, lr:(2.208e-07,1.150e-07,)] [eta: 0:43:19, time (data): 2.653 (0.000)] l_pix: 1.4385e-02 
2025-11-25 19:04:59,384 INFO: [IART_..][epoch:  4, iter:  59,062, lr:(2.205e-07,1.150e-07,)] [eta: 0:43:16, time (data): 2.654 (0.000)] l_pix: 2.7447e-02 
2025-11-25 19:05:02,038 INFO: [IART_..][epoch:  4, iter:  59,063, lr:(2.203e-07,1.150e-07,)] [eta: 0:43:13, time (data): 2.654 (0.000)] l_pix: 3.3513e-02 
2025-11-25 19:05:04,722 INFO: [IART_..][epoch:  4, iter:  59,064, lr:(2.200e-07,1.149e-07,)] [eta: 0:43:10, time (data): 2.655 (0.000)] l_pix: 1.2309e-02 
2025-11-25 19:05:07,377 INFO: [IART_..][epoch:  4, iter:  59,065, lr:(2.198e-07,1.149e-07,)] [eta: 0:43:08, time (data): 2.655 (0.000)] l_pix: 1.2254e-02 
2025-11-25 19:05:09,966 INFO: [IART_..][epoch:  4, iter:  59,066, lr:(2.195e-07,1.149e-07,)] [eta: 0:43:05, time (data): 2.653 (0.000)] l_pix: 2.4866e-02 
2025-11-25 19:05:12,653 INFO: [IART_..][epoch:  4, iter:  59,067, lr:(2.192e-07,1.149e-07,)] [eta: 0:43:02, time (data): 2.654 (0.000)] l_pix: 4.3367e-02 
2025-11-25 19:05:15,339 INFO: [IART_..][epoch:  4, iter:  59,068, lr:(2.190e-07,1.148e-07,)] [eta: 0:42:59, time (data): 2.655 (0.000)] l_pix: 3.0793e-02 
2025-11-25 19:05:17,950 INFO: [IART_..][epoch:  4, iter:  59,069, lr:(2.187e-07,1.148e-07,)] [eta: 0:42:56, time (data): 2.654 (0.000)] l_pix: 2.7177e-02 
2025-11-25 19:05:20,643 INFO: [IART_..][epoch:  4, iter:  59,070, lr:(2.185e-07,1.148e-07,)] [eta: 0:42:54, time (data): 2.655 (0.000)] l_pix: 1.1896e-02 
2025-11-25 19:05:23,329 INFO: [IART_..][epoch:  4, iter:  59,071, lr:(2.182e-07,1.147e-07,)] [eta: 0:42:51, time (data): 2.655 (0.000)] l_pix: 3.1520e-02 
2025-11-25 19:05:26,016 INFO: [IART_..][epoch:  4, iter:  59,072, lr:(2.180e-07,1.147e-07,)] [eta: 0:42:48, time (data): 2.656 (0.001)] l_pix: 1.8771e-02 
2025-11-25 19:05:28,687 INFO: [IART_..][epoch:  4, iter:  59,073, lr:(2.177e-07,1.147e-07,)] [eta: 0:42:45, time (data): 2.656 (0.001)] l_pix: 1.6045e-02 
2025-11-25 19:05:31,438 INFO: [IART_..][epoch:  4, iter:  59,074, lr:(2.175e-07,1.146e-07,)] [eta: 0:42:43, time (data): 2.658 (0.001)] l_pix: 1.0854e-02 
2025-11-25 19:05:34,156 INFO: [IART_..][epoch:  4, iter:  59,075, lr:(2.172e-07,1.146e-07,)] [eta: 0:42:40, time (data): 2.659 (0.001)] l_pix: 2.1948e-02 
2025-11-25 19:05:36,825 INFO: [IART_..][epoch:  4, iter:  59,076, lr:(2.170e-07,1.146e-07,)] [eta: 0:42:37, time (data): 2.659 (0.001)] l_pix: 2.0122e-02 
2025-11-25 19:05:39,464 INFO: [IART_..][epoch:  4, iter:  59,077, lr:(2.167e-07,1.145e-07,)] [eta: 0:42:34, time (data): 2.659 (0.001)] l_pix: 1.2359e-02 
2025-11-25 19:05:42,105 INFO: [IART_..][epoch:  4, iter:  59,078, lr:(2.164e-07,1.145e-07,)] [eta: 0:42:31, time (data): 2.658 (0.001)] l_pix: 1.6736e-02 
2025-11-25 19:05:44,884 INFO: [IART_..][epoch:  4, iter:  59,079, lr:(2.162e-07,1.145e-07,)] [eta: 0:42:29, time (data): 2.660 (0.001)] l_pix: 1.2734e-02 
2025-11-25 19:05:47,526 INFO: [IART_..][epoch:  4, iter:  59,080, lr:(2.159e-07,1.144e-07,)] [eta: 0:42:26, time (data): 2.660 (0.001)] l_pix: 1.9334e-02 
2025-11-25 19:05:50,104 INFO: [IART_..][epoch:  4, iter:  59,081, lr:(2.157e-07,1.144e-07,)] [eta: 0:42:23, time (data): 2.659 (0.001)] l_pix: 1.9227e-02 
2025-11-25 19:05:52,745 INFO: [IART_..][epoch:  4, iter:  59,082, lr:(2.154e-07,1.144e-07,)] [eta: 0:42:20, time (data): 2.659 (0.001)] l_pix: 1.5133e-02 
2025-11-25 19:05:55,371 INFO: [IART_..][epoch:  4, iter:  59,083, lr:(2.152e-07,1.143e-07,)] [eta: 0:42:17, time (data): 2.658 (0.001)] l_pix: 2.4862e-02 
2025-11-25 19:05:58,044 INFO: [IART_..][epoch:  4, iter:  59,084, lr:(2.149e-07,1.143e-07,)] [eta: 0:42:15, time (data): 2.658 (0.000)] l_pix: 1.4176e-02 
2025-11-25 19:06:00,682 INFO: [IART_..][epoch:  4, iter:  59,085, lr:(2.147e-07,1.143e-07,)] [eta: 0:42:12, time (data): 2.658 (0.000)] l_pix: 1.6847e-02 
2025-11-25 19:06:03,404 INFO: [IART_..][epoch:  4, iter:  59,086, lr:(2.144e-07,1.143e-07,)] [eta: 0:42:09, time (data): 2.659 (0.001)] l_pix: 1.6599e-02 
2025-11-25 19:06:06,104 INFO: [IART_..][epoch:  4, iter:  59,087, lr:(2.142e-07,1.142e-07,)] [eta: 0:42:06, time (data): 2.660 (0.001)] l_pix: 1.5048e-02 
2025-11-25 19:06:08,719 INFO: [IART_..][epoch:  4, iter:  59,088, lr:(2.139e-07,1.142e-07,)] [eta: 0:42:03, time (data): 2.659 (0.001)] l_pix: 2.3882e-02 
2025-11-25 19:06:11,339 INFO: [IART_..][epoch:  4, iter:  59,089, lr:(2.137e-07,1.142e-07,)] [eta: 0:42:01, time (data): 2.658 (0.001)] l_pix: 1.7836e-02 
2025-11-25 19:06:14,040 INFO: [IART_..][epoch:  4, iter:  59,090, lr:(2.134e-07,1.141e-07,)] [eta: 0:41:58, time (data): 2.659 (0.001)] l_pix: 2.7173e-02 
2025-11-25 19:06:16,624 INFO: [IART_..][epoch:  4, iter:  59,091, lr:(2.132e-07,1.141e-07,)] [eta: 0:41:55, time (data): 2.658 (0.001)] l_pix: 2.1321e-02 
2025-11-25 19:06:19,263 INFO: [IART_..][epoch:  4, iter:  59,092, lr:(2.129e-07,1.141e-07,)] [eta: 0:41:52, time (data): 2.658 (0.001)] l_pix: 1.7407e-02 
2025-11-25 19:06:22,009 INFO: [IART_..][epoch:  4, iter:  59,093, lr:(2.127e-07,1.140e-07,)] [eta: 0:41:49, time (data): 2.659 (0.001)] l_pix: 2.4925e-02 
2025-11-25 19:06:24,722 INFO: [IART_..][epoch:  4, iter:  59,094, lr:(2.124e-07,1.140e-07,)] [eta: 0:41:47, time (data): 2.660 (0.001)] l_pix: 1.7909e-02 
2025-11-25 19:06:27,371 INFO: [IART_..][epoch:  4, iter:  59,095, lr:(2.122e-07,1.140e-07,)] [eta: 0:41:44, time (data): 2.659 (0.001)] l_pix: 3.5028e-02 
2025-11-25 19:06:30,068 INFO: [IART_..][epoch:  4, iter:  59,096, lr:(2.119e-07,1.139e-07,)] [eta: 0:41:41, time (data): 2.660 (0.001)] l_pix: 1.4399e-02 
2025-11-25 19:06:32,782 INFO: [IART_..][epoch:  4, iter:  59,097, lr:(2.117e-07,1.139e-07,)] [eta: 0:41:38, time (data): 2.661 (0.001)] l_pix: 8.4315e-03 
2025-11-25 19:06:35,529 INFO: [IART_..][epoch:  4, iter:  59,098, lr:(2.115e-07,1.139e-07,)] [eta: 0:41:35, time (data): 2.662 (0.001)] l_pix: 1.5376e-02 
2025-11-25 19:06:38,181 INFO: [IART_..][epoch:  4, iter:  59,099, lr:(2.112e-07,1.139e-07,)] [eta: 0:41:33, time (data): 2.662 (0.001)] l_pix: 2.7279e-02 
2025-11-25 19:06:40,879 INFO: [IART_..][epoch:  4, iter:  59,100, lr:(2.110e-07,1.138e-07,)] [eta: 0:41:30, time (data): 2.662 (0.001)] l_pix: 1.0764e-02 
2025-11-25 19:06:43,529 INFO: [IART_..][epoch:  4, iter:  59,101, lr:(2.107e-07,1.138e-07,)] [eta: 0:41:27, time (data): 2.662 (0.001)] l_pix: 1.3279e-02 
2025-11-25 19:06:46,290 INFO: [IART_..][epoch:  4, iter:  59,102, lr:(2.105e-07,1.138e-07,)] [eta: 0:41:24, time (data): 2.663 (0.001)] l_pix: 1.8034e-02 
2025-11-25 19:06:49,033 INFO: [IART_..][epoch:  4, iter:  59,103, lr:(2.102e-07,1.137e-07,)] [eta: 0:41:22, time (data): 2.664 (0.001)] l_pix: 2.5547e-02 
2025-11-25 19:06:51,698 INFO: [IART_..][epoch:  4, iter:  59,104, lr:(2.100e-07,1.137e-07,)] [eta: 0:41:19, time (data): 2.664 (0.001)] l_pix: 3.5546e-02 
2025-11-25 19:06:54,427 INFO: [IART_..][epoch:  4, iter:  59,105, lr:(2.097e-07,1.137e-07,)] [eta: 0:41:16, time (data): 2.665 (0.001)] l_pix: 2.2743e-02 
2025-11-25 19:06:57,280 INFO: [IART_..][epoch:  4, iter:  59,106, lr:(2.095e-07,1.136e-07,)] [eta: 0:41:13, time (data): 2.667 (0.001)] l_pix: 2.7418e-02 
2025-11-25 19:06:59,868 INFO: [IART_..][epoch:  4, iter:  59,107, lr:(2.092e-07,1.136e-07,)] [eta: 0:41:10, time (data): 2.666 (0.001)] l_pix: 2.8128e-02 
2025-11-25 19:07:02,503 INFO: [IART_..][epoch:  4, iter:  59,108, lr:(2.090e-07,1.136e-07,)] [eta: 0:41:08, time (data): 2.666 (0.001)] l_pix: 2.9321e-02 
2025-11-25 19:07:05,327 INFO: [IART_..][epoch:  4, iter:  59,109, lr:(2.087e-07,1.135e-07,)] [eta: 0:41:05, time (data): 2.668 (0.001)] l_pix: 2.1929e-02 
2025-11-25 19:07:08,024 INFO: [IART_..][epoch:  4, iter:  59,110, lr:(2.085e-07,1.135e-07,)] [eta: 0:41:02, time (data): 2.668 (0.001)] l_pix: 3.4899e-02 
2025-11-25 19:07:10,786 INFO: [IART_..][epoch:  4, iter:  59,111, lr:(2.083e-07,1.135e-07,)] [eta: 0:40:59, time (data): 2.669 (0.001)] l_pix: 7.5419e-03 
2025-11-25 19:07:13,388 INFO: [IART_..][epoch:  4, iter:  59,112, lr:(2.080e-07,1.135e-07,)] [eta: 0:40:57, time (data): 2.668 (0.001)] l_pix: 2.0286e-02 
2025-11-25 19:07:16,070 INFO: [IART_..][epoch:  4, iter:  59,113, lr:(2.078e-07,1.134e-07,)] [eta: 0:40:54, time (data): 2.668 (0.001)] l_pix: 2.9946e-02 
2025-11-25 19:07:18,738 INFO: [IART_..][epoch:  4, iter:  59,114, lr:(2.075e-07,1.134e-07,)] [eta: 0:40:51, time (data): 2.668 (0.001)] l_pix: 2.3105e-02 
2025-11-25 19:07:21,434 INFO: [IART_..][epoch:  4, iter:  59,115, lr:(2.073e-07,1.134e-07,)] [eta: 0:40:48, time (data): 2.668 (0.001)] l_pix: 2.0428e-02 
2025-11-25 19:07:24,042 INFO: [IART_..][epoch:  4, iter:  59,116, lr:(2.070e-07,1.133e-07,)] [eta: 0:40:45, time (data): 2.668 (0.001)] l_pix: 2.6953e-02 
2025-11-25 19:07:26,724 INFO: [IART_..][epoch:  4, iter:  59,117, lr:(2.068e-07,1.133e-07,)] [eta: 0:40:43, time (data): 2.668 (0.001)] l_pix: 1.6901e-02 
2025-11-25 19:07:29,353 INFO: [IART_..][epoch:  4, iter:  59,118, lr:(2.066e-07,1.133e-07,)] [eta: 0:40:40, time (data): 2.668 (0.001)] l_pix: 2.3372e-02 
2025-11-25 19:07:31,961 INFO: [IART_..][epoch:  4, iter:  59,119, lr:(2.063e-07,1.132e-07,)] [eta: 0:40:37, time (data): 2.667 (0.001)] l_pix: 1.1880e-02 
2025-11-25 19:07:34,616 INFO: [IART_..][epoch:  4, iter:  59,120, lr:(2.061e-07,1.132e-07,)] [eta: 0:40:34, time (data): 2.667 (0.001)] l_pix: 1.9527e-02 
2025-11-25 19:07:37,204 INFO: [IART_..][epoch:  4, iter:  59,121, lr:(2.058e-07,1.132e-07,)] [eta: 0:40:31, time (data): 2.666 (0.001)] l_pix: 2.1662e-02 
2025-11-25 19:07:39,815 INFO: [IART_..][epoch:  4, iter:  59,122, lr:(2.056e-07,1.132e-07,)] [eta: 0:40:29, time (data): 2.665 (0.001)] l_pix: 2.6628e-02 
2025-11-25 19:07:42,398 INFO: [IART_..][epoch:  4, iter:  59,123, lr:(2.054e-07,1.131e-07,)] [eta: 0:40:26, time (data): 2.665 (0.001)] l_pix: 1.7558e-02 
2025-11-25 19:07:45,075 INFO: [IART_..][epoch:  4, iter:  59,124, lr:(2.051e-07,1.131e-07,)] [eta: 0:40:23, time (data): 2.665 (0.001)] l_pix: 1.8120e-02 
2025-11-25 19:07:47,755 INFO: [IART_..][epoch:  4, iter:  59,125, lr:(2.049e-07,1.131e-07,)] [eta: 0:40:20, time (data): 2.665 (0.001)] l_pix: 3.1271e-02 
2025-11-25 19:07:50,352 INFO: [IART_..][epoch:  4, iter:  59,126, lr:(2.046e-07,1.130e-07,)] [eta: 0:40:17, time (data): 2.664 (0.001)] l_pix: 2.7308e-02 
2025-11-25 19:07:52,956 INFO: [IART_..][epoch:  4, iter:  59,127, lr:(2.044e-07,1.130e-07,)] [eta: 0:40:15, time (data): 2.664 (0.001)] l_pix: 1.9981e-02 
2025-11-25 19:07:55,608 INFO: [IART_..][epoch:  4, iter:  59,128, lr:(2.042e-07,1.130e-07,)] [eta: 0:40:12, time (data): 2.664 (0.001)] l_pix: 1.0024e-02 
2025-11-25 19:07:58,257 INFO: [IART_..][epoch:  4, iter:  59,129, lr:(2.039e-07,1.129e-07,)] [eta: 0:40:09, time (data): 2.664 (0.001)] l_pix: 1.8600e-02 
2025-11-25 19:08:00,925 INFO: [IART_..][epoch:  4, iter:  59,130, lr:(2.037e-07,1.129e-07,)] [eta: 0:40:06, time (data): 2.664 (0.001)] l_pix: 1.8246e-02 
2025-11-25 19:08:03,629 INFO: [IART_..][epoch:  4, iter:  59,131, lr:(2.034e-07,1.129e-07,)] [eta: 0:40:03, time (data): 2.664 (0.001)] l_pix: 1.7277e-02 
2025-11-25 19:08:06,263 INFO: [IART_..][epoch:  4, iter:  59,132, lr:(2.032e-07,1.129e-07,)] [eta: 0:40:01, time (data): 2.664 (0.001)] l_pix: 1.5004e-02 
2025-11-25 19:08:08,904 INFO: [IART_..][epoch:  4, iter:  59,133, lr:(2.030e-07,1.128e-07,)] [eta: 0:39:58, time (data): 2.663 (0.001)] l_pix: 1.3942e-02 
2025-11-25 19:08:11,539 INFO: [IART_..][epoch:  4, iter:  59,134, lr:(2.027e-07,1.128e-07,)] [eta: 0:39:55, time (data): 2.663 (0.001)] l_pix: 1.5530e-02 
2025-11-25 19:08:14,152 INFO: [IART_..][epoch:  4, iter:  59,135, lr:(2.025e-07,1.128e-07,)] [eta: 0:39:52, time (data): 2.663 (0.001)] l_pix: 1.8664e-02 
2025-11-25 19:08:16,757 INFO: [IART_..][epoch:  4, iter:  59,136, lr:(2.023e-07,1.127e-07,)] [eta: 0:39:49, time (data): 2.662 (0.001)] l_pix: 3.0956e-02 
2025-11-25 19:08:19,332 INFO: [IART_..][epoch:  4, iter:  59,137, lr:(2.020e-07,1.127e-07,)] [eta: 0:39:47, time (data): 2.662 (0.001)] l_pix: 1.6515e-02 
2025-11-25 19:08:21,895 INFO: [IART_..][epoch:  4, iter:  59,138, lr:(2.018e-07,1.127e-07,)] [eta: 0:39:44, time (data): 2.661 (0.001)] l_pix: 2.2203e-02 
2025-11-25 19:08:24,718 INFO: [IART_..][epoch:  4, iter:  59,139, lr:(2.016e-07,1.126e-07,)] [eta: 0:39:41, time (data): 2.662 (0.001)] l_pix: 1.3788e-02 
2025-11-25 19:08:27,328 INFO: [IART_..][epoch:  4, iter:  59,140, lr:(2.013e-07,1.126e-07,)] [eta: 0:39:38, time (data): 2.662 (0.001)] l_pix: 3.0971e-02 
2025-11-25 19:08:29,913 INFO: [IART_..][epoch:  4, iter:  59,141, lr:(2.011e-07,1.126e-07,)] [eta: 0:39:35, time (data): 2.661 (0.001)] l_pix: 1.5241e-02 
2025-11-25 19:08:32,543 INFO: [IART_..][epoch:  4, iter:  59,142, lr:(2.008e-07,1.126e-07,)] [eta: 0:39:33, time (data): 2.661 (0.001)] l_pix: 2.0312e-02 
2025-11-25 19:08:35,162 INFO: [IART_..][epoch:  4, iter:  59,143, lr:(2.006e-07,1.125e-07,)] [eta: 0:39:30, time (data): 2.660 (0.001)] l_pix: 2.0759e-02 
2025-11-25 19:08:37,900 INFO: [IART_..][epoch:  4, iter:  59,144, lr:(2.004e-07,1.125e-07,)] [eta: 0:39:27, time (data): 2.661 (0.001)] l_pix: 2.3524e-02 
2025-11-25 19:08:40,590 INFO: [IART_..][epoch:  4, iter:  59,145, lr:(2.001e-07,1.125e-07,)] [eta: 0:39:24, time (data): 2.661 (0.001)] l_pix: 1.6947e-02 
2025-11-25 19:08:43,275 INFO: [IART_..][epoch:  4, iter:  59,146, lr:(1.999e-07,1.124e-07,)] [eta: 0:39:21, time (data): 2.661 (0.001)] l_pix: 2.1789e-02 
2025-11-25 19:08:45,920 INFO: [IART_..][epoch:  4, iter:  59,147, lr:(1.997e-07,1.124e-07,)] [eta: 0:39:19, time (data): 2.661 (0.001)] l_pix: 1.6814e-02 
2025-11-25 19:08:48,647 INFO: [IART_..][epoch:  4, iter:  59,148, lr:(1.994e-07,1.124e-07,)] [eta: 0:39:16, time (data): 2.662 (0.001)] l_pix: 2.0255e-02 
2025-11-25 19:08:51,430 INFO: [IART_..][epoch:  4, iter:  59,149, lr:(1.992e-07,1.124e-07,)] [eta: 0:39:13, time (data): 2.663 (0.001)] l_pix: 1.2185e-02 
2025-11-25 19:08:54,209 INFO: [IART_..][epoch:  4, iter:  59,150, lr:(1.990e-07,1.123e-07,)] [eta: 0:39:10, time (data): 2.664 (0.001)] l_pix: 3.0398e-02 
2025-11-25 19:08:56,857 INFO: [IART_..][epoch:  4, iter:  59,151, lr:(1.987e-07,1.123e-07,)] [eta: 0:39:08, time (data): 2.664 (0.001)] l_pix: 2.0421e-02 
2025-11-25 19:08:59,513 INFO: [IART_..][epoch:  4, iter:  59,152, lr:(1.985e-07,1.123e-07,)] [eta: 0:39:05, time (data): 2.663 (0.001)] l_pix: 2.1815e-02 
2025-11-25 19:09:02,211 INFO: [IART_..][epoch:  4, iter:  59,153, lr:(1.983e-07,1.122e-07,)] [eta: 0:39:02, time (data): 2.664 (0.001)] l_pix: 4.2309e-02 
2025-11-25 19:09:05,023 INFO: [IART_..][epoch:  4, iter:  59,154, lr:(1.980e-07,1.122e-07,)] [eta: 0:38:59, time (data): 2.665 (0.001)] l_pix: 2.8064e-02 
2025-11-25 19:09:07,627 INFO: [IART_..][epoch:  4, iter:  59,155, lr:(1.978e-07,1.122e-07,)] [eta: 0:38:56, time (data): 2.664 (0.001)] l_pix: 2.8513e-02 
2025-11-25 19:09:10,310 INFO: [IART_..][epoch:  4, iter:  59,156, lr:(1.976e-07,1.122e-07,)] [eta: 0:38:54, time (data): 2.665 (0.001)] l_pix: 3.1476e-02 
2025-11-25 19:09:13,090 INFO: [IART_..][epoch:  4, iter:  59,157, lr:(1.973e-07,1.121e-07,)] [eta: 0:38:51, time (data): 2.665 (0.001)] l_pix: 3.1403e-02 
2025-11-25 19:09:15,934 INFO: [IART_..][epoch:  4, iter:  59,158, lr:(1.971e-07,1.121e-07,)] [eta: 0:38:48, time (data): 2.667 (0.001)] l_pix: 2.1193e-02 
2025-11-25 19:09:18,539 INFO: [IART_..][epoch:  4, iter:  59,159, lr:(1.969e-07,1.121e-07,)] [eta: 0:38:45, time (data): 2.666 (0.001)] l_pix: 1.7106e-02 
2025-11-25 19:09:21,154 INFO: [IART_..][epoch:  4, iter:  59,160, lr:(1.967e-07,1.120e-07,)] [eta: 0:38:43, time (data): 2.666 (0.001)] l_pix: 2.7905e-02 
2025-11-25 19:09:23,819 INFO: [IART_..][epoch:  4, iter:  59,161, lr:(1.964e-07,1.120e-07,)] [eta: 0:38:40, time (data): 2.666 (0.001)] l_pix: 3.7699e-02 
2025-11-25 19:09:26,459 INFO: [IART_..][epoch:  4, iter:  59,162, lr:(1.962e-07,1.120e-07,)] [eta: 0:38:37, time (data): 2.666 (0.001)] l_pix: 1.5825e-02 
2025-11-25 19:09:29,105 INFO: [IART_..][epoch:  4, iter:  59,163, lr:(1.960e-07,1.120e-07,)] [eta: 0:38:34, time (data): 2.666 (0.001)] l_pix: 2.5384e-02 
2025-11-25 19:09:31,794 INFO: [IART_..][epoch:  4, iter:  59,164, lr:(1.957e-07,1.119e-07,)] [eta: 0:38:31, time (data): 2.666 (0.001)] l_pix: 2.6305e-02 
2025-11-25 19:09:34,450 INFO: [IART_..][epoch:  4, iter:  59,165, lr:(1.955e-07,1.119e-07,)] [eta: 0:38:29, time (data): 2.666 (0.001)] l_pix: 2.1210e-02 
2025-11-25 19:09:37,123 INFO: [IART_..][epoch:  4, iter:  59,166, lr:(1.953e-07,1.119e-07,)] [eta: 0:38:26, time (data): 2.666 (0.001)] l_pix: 2.4957e-02 
2025-11-25 19:09:39,908 INFO: [IART_..][epoch:  4, iter:  59,167, lr:(1.951e-07,1.118e-07,)] [eta: 0:38:23, time (data): 2.666 (0.001)] l_pix: 2.3463e-02 
2025-11-25 19:09:42,653 INFO: [IART_..][epoch:  4, iter:  59,168, lr:(1.948e-07,1.118e-07,)] [eta: 0:38:20, time (data): 2.667 (0.001)] l_pix: 2.0391e-02 
2025-11-25 19:09:45,249 INFO: [IART_..][epoch:  4, iter:  59,169, lr:(1.946e-07,1.118e-07,)] [eta: 0:38:17, time (data): 2.667 (0.001)] l_pix: 1.9668e-02 
2025-11-25 19:09:47,858 INFO: [IART_..][epoch:  4, iter:  59,170, lr:(1.944e-07,1.118e-07,)] [eta: 0:38:15, time (data): 2.666 (0.001)] l_pix: 3.3094e-02 
2025-11-25 19:09:50,639 INFO: [IART_..][epoch:  4, iter:  59,171, lr:(1.941e-07,1.117e-07,)] [eta: 0:38:12, time (data): 2.667 (0.001)] l_pix: 3.1539e-02 
2025-11-25 19:09:53,438 INFO: [IART_..][epoch:  4, iter:  59,172, lr:(1.939e-07,1.117e-07,)] [eta: 0:38:09, time (data): 2.668 (0.001)] l_pix: 2.0423e-02 
2025-11-25 19:09:56,143 INFO: [IART_..][epoch:  4, iter:  59,173, lr:(1.937e-07,1.117e-07,)] [eta: 0:38:06, time (data): 2.668 (0.001)] l_pix: 2.4085e-02 
2025-11-25 19:09:58,785 INFO: [IART_..][epoch:  4, iter:  59,174, lr:(1.935e-07,1.116e-07,)] [eta: 0:38:04, time (data): 2.668 (0.001)] l_pix: 3.4943e-02 
2025-11-25 19:10:01,534 INFO: [IART_..][epoch:  4, iter:  59,175, lr:(1.932e-07,1.116e-07,)] [eta: 0:38:01, time (data): 2.668 (0.001)] l_pix: 1.2226e-02 
2025-11-25 19:10:04,112 INFO: [IART_..][epoch:  4, iter:  59,176, lr:(1.930e-07,1.116e-07,)] [eta: 0:37:58, time (data): 2.668 (0.001)] l_pix: 7.7879e-03 
2025-11-25 19:10:06,815 INFO: [IART_..][epoch:  4, iter:  59,177, lr:(1.928e-07,1.116e-07,)] [eta: 0:37:55, time (data): 2.668 (0.001)] l_pix: 2.5418e-02 
2025-11-25 19:10:09,524 INFO: [IART_..][epoch:  4, iter:  59,178, lr:(1.926e-07,1.115e-07,)] [eta: 0:37:52, time (data): 2.668 (0.001)] l_pix: 2.1054e-02 
2025-11-25 19:10:12,192 INFO: [IART_..][epoch:  4, iter:  59,179, lr:(1.923e-07,1.115e-07,)] [eta: 0:37:50, time (data): 2.668 (0.001)] l_pix: 2.8577e-02 
2025-11-25 19:10:14,863 INFO: [IART_..][epoch:  4, iter:  59,180, lr:(1.921e-07,1.115e-07,)] [eta: 0:37:47, time (data): 2.668 (0.001)] l_pix: 1.8550e-02 
2025-11-25 19:10:17,452 INFO: [IART_..][epoch:  4, iter:  59,181, lr:(1.919e-07,1.114e-07,)] [eta: 0:37:44, time (data): 2.668 (0.001)] l_pix: 1.8996e-02 
2025-11-25 19:10:20,310 INFO: [IART_..][epoch:  4, iter:  59,182, lr:(1.917e-07,1.114e-07,)] [eta: 0:37:41, time (data): 2.669 (0.001)] l_pix: 1.8101e-02 
2025-11-25 19:10:23,000 INFO: [IART_..][epoch:  4, iter:  59,183, lr:(1.914e-07,1.114e-07,)] [eta: 0:37:38, time (data): 2.669 (0.001)] l_pix: 2.6643e-02 
2025-11-25 19:10:25,611 INFO: [IART_..][epoch:  4, iter:  59,184, lr:(1.912e-07,1.114e-07,)] [eta: 0:37:36, time (data): 2.669 (0.001)] l_pix: 9.9461e-03 
2025-11-25 19:10:28,272 INFO: [IART_..][epoch:  4, iter:  59,185, lr:(1.910e-07,1.113e-07,)] [eta: 0:37:33, time (data): 2.669 (0.001)] l_pix: 1.7278e-02 
2025-11-25 19:10:30,833 INFO: [IART_..][epoch:  4, iter:  59,186, lr:(1.908e-07,1.113e-07,)] [eta: 0:37:30, time (data): 2.668 (0.001)] l_pix: 1.4723e-02 
2025-11-25 19:10:33,569 INFO: [IART_..][epoch:  4, iter:  59,187, lr:(1.905e-07,1.113e-07,)] [eta: 0:37:27, time (data): 2.668 (0.001)] l_pix: 2.5760e-02 
2025-11-25 19:10:36,226 INFO: [IART_..][epoch:  4, iter:  59,188, lr:(1.903e-07,1.113e-07,)] [eta: 0:37:25, time (data): 2.668 (0.001)] l_pix: 2.6887e-02 
2025-11-25 19:10:38,867 INFO: [IART_..][epoch:  4, iter:  59,189, lr:(1.901e-07,1.112e-07,)] [eta: 0:37:22, time (data): 2.668 (0.001)] l_pix: 1.8973e-02 
2025-11-25 19:10:41,524 INFO: [IART_..][epoch:  4, iter:  59,190, lr:(1.899e-07,1.112e-07,)] [eta: 0:37:19, time (data): 2.668 (0.001)] l_pix: 1.8358e-02 
2025-11-25 19:10:44,185 INFO: [IART_..][epoch:  4, iter:  59,191, lr:(1.897e-07,1.112e-07,)] [eta: 0:37:16, time (data): 2.668 (0.001)] l_pix: 2.8590e-02 
2025-11-25 19:10:46,843 INFO: [IART_..][epoch:  4, iter:  59,192, lr:(1.894e-07,1.111e-07,)] [eta: 0:37:13, time (data): 2.668 (0.001)] l_pix: 1.6635e-02 
2025-11-25 19:10:49,468 INFO: [IART_..][epoch:  4, iter:  59,193, lr:(1.892e-07,1.111e-07,)] [eta: 0:37:11, time (data): 2.668 (0.001)] l_pix: 1.3123e-02 
2025-11-25 19:10:52,043 INFO: [IART_..][epoch:  4, iter:  59,194, lr:(1.890e-07,1.111e-07,)] [eta: 0:37:08, time (data): 2.667 (0.001)] l_pix: 2.3130e-02 
2025-11-25 19:10:54,684 INFO: [IART_..][epoch:  4, iter:  59,195, lr:(1.888e-07,1.111e-07,)] [eta: 0:37:05, time (data): 2.667 (0.001)] l_pix: 2.1172e-02 
2025-11-25 19:10:57,356 INFO: [IART_..][epoch:  4, iter:  59,196, lr:(1.886e-07,1.110e-07,)] [eta: 0:37:02, time (data): 2.667 (0.001)] l_pix: 1.3771e-02 
2025-11-25 19:11:00,031 INFO: [IART_..][epoch:  4, iter:  59,197, lr:(1.883e-07,1.110e-07,)] [eta: 0:36:59, time (data): 2.667 (0.001)] l_pix: 2.3064e-02 
2025-11-25 19:11:02,622 INFO: [IART_..][epoch:  4, iter:  59,198, lr:(1.881e-07,1.110e-07,)] [eta: 0:36:57, time (data): 2.667 (0.001)] l_pix: 1.6353e-02 
2025-11-25 19:11:05,309 INFO: [IART_..][epoch:  4, iter:  59,199, lr:(1.879e-07,1.109e-07,)] [eta: 0:36:54, time (data): 2.667 (0.001)] l_pix: 2.8782e-02 
2025-11-25 19:11:07,936 INFO: [IART_..][epoch:  4, iter:  59,200, lr:(1.877e-07,1.109e-07,)] [eta: 0:36:51, time (data): 2.667 (0.001)] l_pix: 3.4449e-02 
2025-11-25 19:11:10,622 INFO: [IART_..][epoch:  4, iter:  59,201, lr:(1.875e-07,1.109e-07,)] [eta: 0:36:48, time (data): 2.667 (0.001)] l_pix: 1.5195e-02 
2025-11-25 19:11:13,327 INFO: [IART_..][epoch:  4, iter:  59,202, lr:(1.872e-07,1.109e-07,)] [eta: 0:36:45, time (data): 2.667 (0.001)] l_pix: 2.1184e-02 
2025-11-25 19:11:15,956 INFO: [IART_..][epoch:  4, iter:  59,203, lr:(1.870e-07,1.108e-07,)] [eta: 0:36:43, time (data): 2.667 (0.001)] l_pix: 1.8468e-02 
2025-11-25 19:11:18,611 INFO: [IART_..][epoch:  4, iter:  59,204, lr:(1.868e-07,1.108e-07,)] [eta: 0:36:40, time (data): 2.667 (0.001)] l_pix: 2.7670e-02 
2025-11-25 19:11:21,394 INFO: [IART_..][epoch:  4, iter:  59,205, lr:(1.866e-07,1.108e-07,)] [eta: 0:36:37, time (data): 2.667 (0.001)] l_pix: 1.6326e-02 
2025-11-25 19:11:24,005 INFO: [IART_..][epoch:  4, iter:  59,206, lr:(1.864e-07,1.108e-07,)] [eta: 0:36:34, time (data): 2.667 (0.001)] l_pix: 3.2514e-02 
2025-11-25 19:11:26,712 INFO: [IART_..][epoch:  4, iter:  59,207, lr:(1.861e-07,1.107e-07,)] [eta: 0:36:32, time (data): 2.667 (0.001)] l_pix: 1.5056e-02 
2025-11-25 19:11:29,336 INFO: [IART_..][epoch:  4, iter:  59,208, lr:(1.859e-07,1.107e-07,)] [eta: 0:36:29, time (data): 2.667 (0.001)] l_pix: 1.9198e-02 
2025-11-25 19:11:32,008 INFO: [IART_..][epoch:  4, iter:  59,209, lr:(1.857e-07,1.107e-07,)] [eta: 0:36:26, time (data): 2.667 (0.001)] l_pix: 1.7850e-02 
2025-11-25 19:11:34,584 INFO: [IART_..][epoch:  4, iter:  59,210, lr:(1.855e-07,1.106e-07,)] [eta: 0:36:23, time (data): 2.667 (0.001)] l_pix: 2.6916e-02 
2025-11-25 19:11:37,287 INFO: [IART_..][epoch:  4, iter:  59,211, lr:(1.853e-07,1.106e-07,)] [eta: 0:36:20, time (data): 2.667 (0.001)] l_pix: 7.9478e-03 
2025-11-25 19:11:40,009 INFO: [IART_..][epoch:  4, iter:  59,212, lr:(1.851e-07,1.106e-07,)] [eta: 0:36:18, time (data): 2.667 (0.001)] l_pix: 1.4250e-02 
2025-11-25 19:11:42,634 INFO: [IART_..][epoch:  4, iter:  59,213, lr:(1.848e-07,1.106e-07,)] [eta: 0:36:15, time (data): 2.667 (0.001)] l_pix: 1.3451e-02 
2025-11-25 19:11:45,337 INFO: [IART_..][epoch:  4, iter:  59,214, lr:(1.846e-07,1.105e-07,)] [eta: 0:36:12, time (data): 2.667 (0.001)] l_pix: 3.6493e-02 
2025-11-25 19:11:48,057 INFO: [IART_..][epoch:  4, iter:  59,215, lr:(1.844e-07,1.105e-07,)] [eta: 0:36:09, time (data): 2.667 (0.001)] l_pix: 2.9035e-02 
2025-11-25 19:11:50,682 INFO: [IART_..][epoch:  4, iter:  59,216, lr:(1.842e-07,1.105e-07,)] [eta: 0:36:06, time (data): 2.667 (0.001)] l_pix: 1.7279e-02 
2025-11-25 19:11:53,418 INFO: [IART_..][epoch:  4, iter:  59,217, lr:(1.840e-07,1.105e-07,)] [eta: 0:36:04, time (data): 2.667 (0.001)] l_pix: 1.9823e-02 
2025-11-25 19:11:56,089 INFO: [IART_..][epoch:  4, iter:  59,218, lr:(1.838e-07,1.104e-07,)] [eta: 0:36:01, time (data): 2.667 (0.001)] l_pix: 1.3781e-02 
2025-11-25 19:11:58,858 INFO: [IART_..][epoch:  4, iter:  59,219, lr:(1.836e-07,1.104e-07,)] [eta: 0:35:58, time (data): 2.668 (0.001)] l_pix: 3.1321e-02 
2025-11-25 19:12:01,514 INFO: [IART_..][epoch:  4, iter:  59,220, lr:(1.833e-07,1.104e-07,)] [eta: 0:35:55, time (data): 2.668 (0.001)] l_pix: 1.0360e-02 
2025-11-25 19:12:04,265 INFO: [IART_..][epoch:  4, iter:  59,221, lr:(1.831e-07,1.104e-07,)] [eta: 0:35:53, time (data): 2.668 (0.001)] l_pix: 1.7590e-02 
2025-11-25 19:12:06,858 INFO: [IART_..][epoch:  4, iter:  59,222, lr:(1.829e-07,1.103e-07,)] [eta: 0:35:50, time (data): 2.592 (0.000)] l_pix: 2.7136e-02 
2025-11-25 19:12:09,561 INFO: [IART_..][epoch:  4, iter:  59,223, lr:(1.827e-07,1.103e-07,)] [eta: 0:35:47, time (data): 2.648 (0.000)] l_pix: 1.3874e-02 
2025-11-25 19:12:12,264 INFO: [IART_..][epoch:  4, iter:  59,224, lr:(1.825e-07,1.103e-07,)] [eta: 0:35:44, time (data): 2.666 (0.005)] l_pix: 1.4031e-02 
2025-11-25 19:12:14,903 INFO: [IART_..][epoch:  4, iter:  59,225, lr:(1.823e-07,1.102e-07,)] [eta: 0:35:41, time (data): 2.659 (0.004)] l_pix: 2.3926e-02 
2025-11-25 19:12:17,520 INFO: [IART_..][epoch:  4, iter:  59,226, lr:(1.821e-07,1.102e-07,)] [eta: 0:35:39, time (data): 2.651 (0.003)] l_pix: 1.8138e-02 
2025-11-25 19:12:20,214 INFO: [IART_..][epoch:  4, iter:  59,227, lr:(1.819e-07,1.102e-07,)] [eta: 0:35:36, time (data): 2.658 (0.003)] l_pix: 3.1816e-02 
2025-11-25 19:12:22,885 INFO: [IART_..][epoch:  4, iter:  59,228, lr:(1.816e-07,1.102e-07,)] [eta: 0:35:33, time (data): 2.660 (0.002)] l_pix: 2.3415e-02 
2025-11-25 19:12:25,572 INFO: [IART_..][epoch:  4, iter:  59,229, lr:(1.814e-07,1.101e-07,)] [eta: 0:35:30, time (data): 2.663 (0.002)] l_pix: 1.5846e-02 
2025-11-25 19:12:28,246 INFO: [IART_..][epoch:  4, iter:  59,230, lr:(1.812e-07,1.101e-07,)] [eta: 0:35:27, time (data): 2.665 (0.002)] l_pix: 4.3212e-02 
2025-11-25 19:12:30,998 INFO: [IART_..][epoch:  4, iter:  59,231, lr:(1.810e-07,1.101e-07,)] [eta: 0:35:25, time (data): 2.673 (0.002)] l_pix: 4.8617e-02 
2025-11-25 19:12:33,623 INFO: [IART_..][epoch:  4, iter:  59,232, lr:(1.808e-07,1.101e-07,)] [eta: 0:35:22, time (data): 2.669 (0.001)] l_pix: 1.9556e-02 
2025-11-25 19:12:36,249 INFO: [IART_..][epoch:  4, iter:  59,233, lr:(1.806e-07,1.100e-07,)] [eta: 0:35:19, time (data): 2.665 (0.001)] l_pix: 2.6292e-02 
2025-11-25 19:12:38,888 INFO: [IART_..][epoch:  4, iter:  59,234, lr:(1.804e-07,1.100e-07,)] [eta: 0:35:16, time (data): 2.663 (0.001)] l_pix: 3.0126e-02 
2025-11-25 19:12:41,528 INFO: [IART_..][epoch:  4, iter:  59,235, lr:(1.802e-07,1.100e-07,)] [eta: 0:35:14, time (data): 2.661 (0.001)] l_pix: 3.7963e-02 
2025-11-25 19:12:44,150 INFO: [IART_..][epoch:  4, iter:  59,236, lr:(1.800e-07,1.100e-07,)] [eta: 0:35:11, time (data): 2.659 (0.001)] l_pix: 9.3229e-03 
2025-11-25 19:12:46,837 INFO: [IART_..][epoch:  4, iter:  59,237, lr:(1.798e-07,1.099e-07,)] [eta: 0:35:08, time (data): 2.661 (0.002)] l_pix: 1.5955e-02 
2025-11-25 19:12:49,572 INFO: [IART_..][epoch:  4, iter:  59,238, lr:(1.795e-07,1.099e-07,)] [eta: 0:35:05, time (data): 2.665 (0.002)] l_pix: 2.3060e-02 
2025-11-25 19:12:52,300 INFO: [IART_..][epoch:  4, iter:  59,239, lr:(1.793e-07,1.099e-07,)] [eta: 0:35:02, time (data): 2.668 (0.002)] l_pix: 1.6150e-02 
2025-11-25 19:12:54,978 INFO: [IART_..][epoch:  4, iter:  59,240, lr:(1.791e-07,1.099e-07,)] [eta: 0:35:00, time (data): 2.669 (0.002)] l_pix: 2.3570e-02 
2025-11-25 19:12:57,626 INFO: [IART_..][epoch:  4, iter:  59,241, lr:(1.789e-07,1.098e-07,)] [eta: 0:34:57, time (data): 2.668 (0.002)] l_pix: 1.8733e-02 
2025-11-25 19:13:00,263 INFO: [IART_..][epoch:  4, iter:  59,242, lr:(1.787e-07,1.098e-07,)] [eta: 0:34:54, time (data): 2.666 (0.002)] l_pix: 3.0992e-02 
2025-11-25 19:13:02,918 INFO: [IART_..][epoch:  4, iter:  59,243, lr:(1.785e-07,1.098e-07,)] [eta: 0:34:51, time (data): 2.666 (0.001)] l_pix: 2.5465e-02 
2025-11-25 19:13:05,511 INFO: [IART_..][epoch:  4, iter:  59,244, lr:(1.783e-07,1.098e-07,)] [eta: 0:34:48, time (data): 2.663 (0.002)] l_pix: 1.8040e-02 
2025-11-25 19:13:08,117 INFO: [IART_..][epoch:  4, iter:  59,245, lr:(1.781e-07,1.097e-07,)] [eta: 0:34:46, time (data): 2.660 (0.002)] l_pix: 2.8588e-02 
2025-11-25 19:13:10,820 INFO: [IART_..][epoch:  4, iter:  59,246, lr:(1.779e-07,1.097e-07,)] [eta: 0:34:43, time (data): 2.662 (0.002)] l_pix: 2.1854e-02 
2025-11-25 19:13:13,414 INFO: [IART_..][epoch:  4, iter:  59,247, lr:(1.777e-07,1.097e-07,)] [eta: 0:34:40, time (data): 2.660 (0.002)] l_pix: 1.1218e-02 
2025-11-25 19:13:16,080 INFO: [IART_..][epoch:  4, iter:  59,248, lr:(1.775e-07,1.096e-07,)] [eta: 0:34:37, time (data): 2.660 (0.002)] l_pix: 3.2776e-02 
2025-11-25 19:13:18,720 INFO: [IART_..][epoch:  4, iter:  59,249, lr:(1.773e-07,1.096e-07,)] [eta: 0:34:35, time (data): 2.659 (0.002)] l_pix: 1.3935e-02 
2025-11-25 19:13:21,410 INFO: [IART_..][epoch:  4, iter:  59,250, lr:(1.771e-07,1.096e-07,)] [eta: 0:34:32, time (data): 2.660 (0.002)] l_pix: 2.5759e-02 
2025-11-25 19:13:24,058 INFO: [IART_..][epoch:  4, iter:  59,251, lr:(1.769e-07,1.096e-07,)] [eta: 0:34:29, time (data): 2.660 (0.002)] l_pix: 2.4955e-02 
2025-11-25 19:13:26,736 INFO: [IART_..][epoch:  4, iter:  59,252, lr:(1.766e-07,1.095e-07,)] [eta: 0:34:26, time (data): 2.660 (0.002)] l_pix: 1.9149e-02 
2025-11-25 19:13:29,469 INFO: [IART_..][epoch:  4, iter:  59,253, lr:(1.764e-07,1.095e-07,)] [eta: 0:34:23, time (data): 2.663 (0.002)] l_pix: 1.1419e-02 
2025-11-25 19:13:32,146 INFO: [IART_..][epoch:  4, iter:  59,254, lr:(1.762e-07,1.095e-07,)] [eta: 0:34:21, time (data): 2.663 (0.002)] l_pix: 2.8002e-02 
2025-11-25 19:13:34,988 INFO: [IART_..][epoch:  4, iter:  59,255, lr:(1.760e-07,1.095e-07,)] [eta: 0:34:18, time (data): 2.668 (0.002)] l_pix: 1.8377e-02 
2025-11-25 19:13:37,722 INFO: [IART_..][epoch:  4, iter:  59,256, lr:(1.758e-07,1.094e-07,)] [eta: 0:34:15, time (data): 2.670 (0.002)] l_pix: 1.9046e-02 
2025-11-25 19:13:40,505 INFO: [IART_..][epoch:  4, iter:  59,257, lr:(1.756e-07,1.094e-07,)] [eta: 0:34:12, time (data): 2.673 (0.002)] l_pix: 2.2776e-02 
2025-11-25 19:13:43,130 INFO: [IART_..][epoch:  4, iter:  59,258, lr:(1.754e-07,1.094e-07,)] [eta: 0:34:10, time (data): 2.672 (0.002)] l_pix: 9.8487e-03 
2025-11-25 19:13:45,766 INFO: [IART_..][epoch:  4, iter:  59,259, lr:(1.752e-07,1.094e-07,)] [eta: 0:34:07, time (data): 2.671 (0.002)] l_pix: 1.3949e-02 
2025-11-25 19:13:48,436 INFO: [IART_..][epoch:  4, iter:  59,260, lr:(1.750e-07,1.093e-07,)] [eta: 0:34:04, time (data): 2.671 (0.002)] l_pix: 1.1434e-02 
2025-11-25 19:13:51,063 INFO: [IART_..][epoch:  4, iter:  59,261, lr:(1.748e-07,1.093e-07,)] [eta: 0:34:01, time (data): 2.670 (0.002)] l_pix: 2.7692e-02 
2025-11-25 19:13:53,672 INFO: [IART_..][epoch:  4, iter:  59,262, lr:(1.746e-07,1.093e-07,)] [eta: 0:33:58, time (data): 2.668 (0.002)] l_pix: 2.0768e-02 
2025-11-25 19:13:56,296 INFO: [IART_..][epoch:  4, iter:  59,263, lr:(1.744e-07,1.093e-07,)] [eta: 0:33:56, time (data): 2.667 (0.002)] l_pix: 3.6786e-02 
2025-11-25 19:13:58,921 INFO: [IART_..][epoch:  4, iter:  59,264, lr:(1.742e-07,1.092e-07,)] [eta: 0:33:53, time (data): 2.666 (0.002)] l_pix: 1.1624e-02 
2025-11-25 19:14:01,579 INFO: [IART_..][epoch:  4, iter:  59,265, lr:(1.740e-07,1.092e-07,)] [eta: 0:33:50, time (data): 2.666 (0.002)] l_pix: 1.8622e-02 
2025-11-25 19:14:04,166 INFO: [IART_..][epoch:  4, iter:  59,266, lr:(1.738e-07,1.092e-07,)] [eta: 0:33:47, time (data): 2.664 (0.002)] l_pix: 1.3254e-02 
2025-11-25 19:14:07,009 INFO: [IART_..][epoch:  4, iter:  59,267, lr:(1.736e-07,1.092e-07,)] [eta: 0:33:44, time (data): 2.668 (0.002)] l_pix: 2.0460e-02 
2025-11-25 19:14:09,773 INFO: [IART_..][epoch:  4, iter:  59,268, lr:(1.734e-07,1.091e-07,)] [eta: 0:33:42, time (data): 2.670 (0.002)] l_pix: 2.2885e-02 
2025-11-25 19:14:12,448 INFO: [IART_..][epoch:  4, iter:  59,269, lr:(1.732e-07,1.091e-07,)] [eta: 0:33:39, time (data): 2.670 (0.002)] l_pix: 2.2760e-02 
2025-11-25 19:14:15,165 INFO: [IART_..][epoch:  4, iter:  59,270, lr:(1.730e-07,1.091e-07,)] [eta: 0:33:36, time (data): 2.671 (0.002)] l_pix: 2.1596e-02 
2025-11-25 19:14:17,911 INFO: [IART_..][epoch:  4, iter:  59,271, lr:(1.728e-07,1.091e-07,)] [eta: 0:33:33, time (data): 2.673 (0.002)] l_pix: 2.8089e-02 
2025-11-25 19:14:20,577 INFO: [IART_..][epoch:  4, iter:  59,272, lr:(1.726e-07,1.090e-07,)] [eta: 0:33:31, time (data): 2.673 (0.002)] l_pix: 1.4793e-02 
2025-11-25 19:14:23,377 INFO: [IART_..][epoch:  4, iter:  59,273, lr:(1.724e-07,1.090e-07,)] [eta: 0:33:28, time (data): 2.675 (0.002)] l_pix: 1.2039e-02 
2025-11-25 19:14:26,144 INFO: [IART_..][epoch:  4, iter:  59,274, lr:(1.722e-07,1.090e-07,)] [eta: 0:33:25, time (data): 2.677 (0.002)] l_pix: 1.3301e-02 
2025-11-25 19:14:28,771 INFO: [IART_..][epoch:  4, iter:  59,275, lr:(1.720e-07,1.090e-07,)] [eta: 0:33:22, time (data): 2.676 (0.002)] l_pix: 2.6625e-02 
2025-11-25 19:14:31,460 INFO: [IART_..][epoch:  4, iter:  59,276, lr:(1.718e-07,1.089e-07,)] [eta: 0:33:19, time (data): 2.676 (0.002)] l_pix: 1.5237e-02 
2025-11-25 19:14:34,123 INFO: [IART_..][epoch:  4, iter:  59,277, lr:(1.716e-07,1.089e-07,)] [eta: 0:33:17, time (data): 2.676 (0.002)] l_pix: 1.6655e-02 
2025-11-25 19:14:36,835 INFO: [IART_..][epoch:  4, iter:  59,278, lr:(1.714e-07,1.089e-07,)] [eta: 0:33:14, time (data): 2.677 (0.002)] l_pix: 1.8016e-02 
2025-11-25 19:14:39,459 INFO: [IART_..][epoch:  4, iter:  59,279, lr:(1.712e-07,1.089e-07,)] [eta: 0:33:11, time (data): 2.676 (0.002)] l_pix: 3.1426e-02 
2025-11-25 19:14:42,193 INFO: [IART_..][epoch:  4, iter:  59,280, lr:(1.710e-07,1.088e-07,)] [eta: 0:33:08, time (data): 2.677 (0.002)] l_pix: 2.5890e-02 
2025-11-25 19:14:44,850 INFO: [IART_..][epoch:  4, iter:  59,281, lr:(1.708e-07,1.088e-07,)] [eta: 0:33:06, time (data): 2.676 (0.002)] l_pix: 1.6896e-02 
2025-11-25 19:14:47,746 INFO: [IART_..][epoch:  4, iter:  59,282, lr:(1.706e-07,1.088e-07,)] [eta: 0:33:03, time (data): 2.680 (0.002)] l_pix: 1.4279e-02 
2025-11-25 19:14:50,370 INFO: [IART_..][epoch:  4, iter:  59,283, lr:(1.704e-07,1.088e-07,)] [eta: 0:33:00, time (data): 2.679 (0.002)] l_pix: 1.8695e-02 
2025-11-25 19:14:53,083 INFO: [IART_..][epoch:  4, iter:  59,284, lr:(1.702e-07,1.087e-07,)] [eta: 0:32:57, time (data): 2.680 (0.002)] l_pix: 3.4821e-02 
2025-11-25 19:14:55,759 INFO: [IART_..][epoch:  4, iter:  59,285, lr:(1.700e-07,1.087e-07,)] [eta: 0:32:54, time (data): 2.679 (0.002)] l_pix: 1.9481e-02 
2025-11-25 19:14:58,453 INFO: [IART_..][epoch:  4, iter:  59,286, lr:(1.698e-07,1.087e-07,)] [eta: 0:32:52, time (data): 2.680 (0.002)] l_pix: 3.3912e-02 
2025-11-25 19:15:01,096 INFO: [IART_..][epoch:  4, iter:  59,287, lr:(1.696e-07,1.087e-07,)] [eta: 0:32:49, time (data): 2.679 (0.002)] l_pix: 2.8289e-02 
2025-11-25 19:15:03,728 INFO: [IART_..][epoch:  4, iter:  59,288, lr:(1.694e-07,1.087e-07,)] [eta: 0:32:46, time (data): 2.678 (0.002)] l_pix: 3.0428e-02 
2025-11-25 19:15:06,384 INFO: [IART_..][epoch:  4, iter:  59,289, lr:(1.693e-07,1.086e-07,)] [eta: 0:32:43, time (data): 2.678 (0.002)] l_pix: 1.2503e-02 
2025-11-25 19:15:08,947 INFO: [IART_..][epoch:  4, iter:  59,290, lr:(1.691e-07,1.086e-07,)] [eta: 0:32:41, time (data): 2.676 (0.002)] l_pix: 2.0127e-02 
2025-11-25 19:15:11,564 INFO: [IART_..][epoch:  4, iter:  59,291, lr:(1.689e-07,1.086e-07,)] [eta: 0:32:38, time (data): 2.676 (0.002)] l_pix: 2.0936e-02 
2025-11-25 19:15:14,201 INFO: [IART_..][epoch:  4, iter:  59,292, lr:(1.687e-07,1.086e-07,)] [eta: 0:32:35, time (data): 2.675 (0.002)] l_pix: 1.5377e-02 
2025-11-25 19:15:16,886 INFO: [IART_..][epoch:  4, iter:  59,293, lr:(1.685e-07,1.085e-07,)] [eta: 0:32:32, time (data): 2.675 (0.002)] l_pix: 2.7129e-02 
2025-11-25 19:15:19,501 INFO: [IART_..][epoch:  4, iter:  59,294, lr:(1.683e-07,1.085e-07,)] [eta: 0:32:29, time (data): 2.674 (0.002)] l_pix: 1.3965e-02 
2025-11-25 19:15:22,164 INFO: [IART_..][epoch:  4, iter:  59,295, lr:(1.681e-07,1.085e-07,)] [eta: 0:32:27, time (data): 2.674 (0.002)] l_pix: 2.6711e-02 
2025-11-25 19:15:24,785 INFO: [IART_..][epoch:  4, iter:  59,296, lr:(1.679e-07,1.085e-07,)] [eta: 0:32:24, time (data): 2.673 (0.002)] l_pix: 2.0396e-02 
2025-11-25 19:15:27,484 INFO: [IART_..][epoch:  4, iter:  59,297, lr:(1.677e-07,1.084e-07,)] [eta: 0:32:21, time (data): 2.674 (0.002)] l_pix: 2.1110e-02 
2025-11-25 19:15:30,075 INFO: [IART_..][epoch:  4, iter:  59,298, lr:(1.675e-07,1.084e-07,)] [eta: 0:32:18, time (data): 2.673 (0.002)] l_pix: 2.3058e-02 
2025-11-25 19:15:32,702 INFO: [IART_..][epoch:  4, iter:  59,299, lr:(1.673e-07,1.084e-07,)] [eta: 0:32:15, time (data): 2.672 (0.002)] l_pix: 2.6659e-02 
2025-11-25 19:15:35,363 INFO: [IART_..][epoch:  4, iter:  59,300, lr:(1.671e-07,1.084e-07,)] [eta: 0:32:13, time (data): 2.672 (0.002)] l_pix: 1.9808e-02 
2025-11-25 19:15:37,902 INFO: [IART_..][epoch:  4, iter:  59,301, lr:(1.669e-07,1.083e-07,)] [eta: 0:32:10, time (data): 2.670 (0.002)] l_pix: 3.3585e-02 
2025-11-25 19:15:40,562 INFO: [IART_..][epoch:  4, iter:  59,302, lr:(1.667e-07,1.083e-07,)] [eta: 0:32:07, time (data): 2.670 (0.002)] l_pix: 3.0631e-02 
2025-11-25 19:15:43,219 INFO: [IART_..][epoch:  4, iter:  59,303, lr:(1.666e-07,1.083e-07,)] [eta: 0:32:04, time (data): 2.670 (0.002)] l_pix: 2.0920e-02 
2025-11-25 19:15:45,918 INFO: [IART_..][epoch:  4, iter:  59,304, lr:(1.664e-07,1.083e-07,)] [eta: 0:32:02, time (data): 2.670 (0.002)] l_pix: 3.5883e-02 
2025-11-25 19:15:48,619 INFO: [IART_..][epoch:  4, iter:  59,305, lr:(1.662e-07,1.082e-07,)] [eta: 0:31:59, time (data): 2.671 (0.002)] l_pix: 1.1005e-02 
2025-11-25 19:15:51,197 INFO: [IART_..][epoch:  4, iter:  59,306, lr:(1.660e-07,1.082e-07,)] [eta: 0:31:56, time (data): 2.670 (0.002)] l_pix: 2.9296e-02 
2025-11-25 19:15:53,901 INFO: [IART_..][epoch:  4, iter:  59,307, lr:(1.658e-07,1.082e-07,)] [eta: 0:31:53, time (data): 2.670 (0.002)] l_pix: 2.1122e-02 
2025-11-25 19:15:56,664 INFO: [IART_..][epoch:  4, iter:  59,308, lr:(1.656e-07,1.082e-07,)] [eta: 0:31:50, time (data): 2.671 (0.002)] l_pix: 2.7060e-02 
2025-11-25 19:15:59,316 INFO: [IART_..][epoch:  4, iter:  59,309, lr:(1.654e-07,1.081e-07,)] [eta: 0:31:48, time (data): 2.671 (0.002)] l_pix: 3.0513e-02 
2025-11-25 19:16:02,002 INFO: [IART_..][epoch:  4, iter:  59,310, lr:(1.652e-07,1.081e-07,)] [eta: 0:31:45, time (data): 2.671 (0.002)] l_pix: 2.1966e-02 
2025-11-25 19:16:04,606 INFO: [IART_..][epoch:  4, iter:  59,311, lr:(1.650e-07,1.081e-07,)] [eta: 0:31:42, time (data): 2.670 (0.002)] l_pix: 1.8967e-02 
2025-11-25 19:16:07,339 INFO: [IART_..][epoch:  4, iter:  59,312, lr:(1.648e-07,1.081e-07,)] [eta: 0:31:39, time (data): 2.671 (0.002)] l_pix: 2.9105e-02 
2025-11-25 19:16:09,992 INFO: [IART_..][epoch:  4, iter:  59,313, lr:(1.647e-07,1.081e-07,)] [eta: 0:31:37, time (data): 2.671 (0.002)] l_pix: 9.8498e-03 
2025-11-25 19:16:12,707 INFO: [IART_..][epoch:  4, iter:  59,314, lr:(1.645e-07,1.080e-07,)] [eta: 0:31:34, time (data): 2.671 (0.002)] l_pix: 1.7825e-02 
2025-11-25 19:16:15,502 INFO: [IART_..][epoch:  4, iter:  59,315, lr:(1.643e-07,1.080e-07,)] [eta: 0:31:31, time (data): 2.673 (0.002)] l_pix: 9.9287e-03 
2025-11-25 19:16:18,281 INFO: [IART_..][epoch:  4, iter:  59,316, lr:(1.641e-07,1.080e-07,)] [eta: 0:31:28, time (data): 2.674 (0.002)] l_pix: 6.6313e-03 
2025-11-25 19:16:20,919 INFO: [IART_..][epoch:  4, iter:  59,317, lr:(1.639e-07,1.080e-07,)] [eta: 0:31:25, time (data): 2.673 (0.002)] l_pix: 1.7280e-02 
2025-11-25 19:16:23,650 INFO: [IART_..][epoch:  4, iter:  59,318, lr:(1.637e-07,1.079e-07,)] [eta: 0:31:23, time (data): 2.674 (0.002)] l_pix: 4.2506e-02 
2025-11-25 19:16:26,367 INFO: [IART_..][epoch:  4, iter:  59,319, lr:(1.635e-07,1.079e-07,)] [eta: 0:31:20, time (data): 2.674 (0.002)] l_pix: 2.7661e-02 
2025-11-25 19:16:29,131 INFO: [IART_..][epoch:  4, iter:  59,320, lr:(1.633e-07,1.079e-07,)] [eta: 0:31:17, time (data): 2.675 (0.002)] l_pix: 2.9337e-02 
2025-11-25 19:16:31,800 INFO: [IART_..][epoch:  4, iter:  59,321, lr:(1.632e-07,1.079e-07,)] [eta: 0:31:14, time (data): 2.675 (0.002)] l_pix: 1.9204e-02 
2025-11-25 19:16:34,515 INFO: [IART_..][epoch:  4, iter:  59,322, lr:(1.630e-07,1.078e-07,)] [eta: 0:31:12, time (data): 2.675 (0.002)] l_pix: 2.4953e-02 
2025-11-25 19:16:37,295 INFO: [IART_..][epoch:  4, iter:  59,323, lr:(1.628e-07,1.078e-07,)] [eta: 0:31:09, time (data): 2.676 (0.002)] l_pix: 1.5005e-02 
2025-11-25 19:16:39,976 INFO: [IART_..][epoch:  4, iter:  59,324, lr:(1.626e-07,1.078e-07,)] [eta: 0:31:06, time (data): 2.676 (0.002)] l_pix: 2.8454e-02 
2025-11-25 19:16:42,617 INFO: [IART_..][epoch:  4, iter:  59,325, lr:(1.624e-07,1.078e-07,)] [eta: 0:31:03, time (data): 2.676 (0.002)] l_pix: 3.3358e-02 
2025-11-25 19:16:45,197 INFO: [IART_..][epoch:  4, iter:  59,326, lr:(1.622e-07,1.078e-07,)] [eta: 0:31:00, time (data): 2.675 (0.002)] l_pix: 1.0741e-02 
2025-11-25 19:16:47,823 INFO: [IART_..][epoch:  4, iter:  59,327, lr:(1.620e-07,1.077e-07,)] [eta: 0:30:58, time (data): 2.675 (0.002)] l_pix: 1.2214e-02 
2025-11-25 19:16:50,573 INFO: [IART_..][epoch:  4, iter:  59,328, lr:(1.619e-07,1.077e-07,)] [eta: 0:30:55, time (data): 2.675 (0.002)] l_pix: 2.1881e-02 
2025-11-25 19:16:53,290 INFO: [IART_..][epoch:  4, iter:  59,329, lr:(1.617e-07,1.077e-07,)] [eta: 0:30:52, time (data): 2.676 (0.002)] l_pix: 1.2659e-02 
2025-11-25 19:16:55,907 INFO: [IART_..][epoch:  4, iter:  59,330, lr:(1.615e-07,1.077e-07,)] [eta: 0:30:49, time (data): 2.675 (0.002)] l_pix: 1.7205e-02 
2025-11-25 19:16:58,560 INFO: [IART_..][epoch:  4, iter:  59,331, lr:(1.613e-07,1.076e-07,)] [eta: 0:30:47, time (data): 2.675 (0.002)] l_pix: 2.4491e-02 
2025-11-25 19:17:01,204 INFO: [IART_..][epoch:  4, iter:  59,332, lr:(1.611e-07,1.076e-07,)] [eta: 0:30:44, time (data): 2.675 (0.002)] l_pix: 2.3625e-02 
2025-11-25 19:17:03,936 INFO: [IART_..][epoch:  4, iter:  59,333, lr:(1.609e-07,1.076e-07,)] [eta: 0:30:41, time (data): 2.675 (0.002)] l_pix: 1.3767e-02 
2025-11-25 19:17:06,541 INFO: [IART_..][epoch:  4, iter:  59,334, lr:(1.608e-07,1.076e-07,)] [eta: 0:30:38, time (data): 2.675 (0.002)] l_pix: 1.8694e-02 
2025-11-25 19:17:09,237 INFO: [IART_..][epoch:  4, iter:  59,335, lr:(1.606e-07,1.075e-07,)] [eta: 0:30:35, time (data): 2.675 (0.002)] l_pix: 1.1044e-02 
2025-11-25 19:17:11,906 INFO: [IART_..][epoch:  4, iter:  59,336, lr:(1.604e-07,1.075e-07,)] [eta: 0:30:33, time (data): 2.675 (0.002)] l_pix: 7.0151e-03 
2025-11-25 19:17:14,584 INFO: [IART_..][epoch:  4, iter:  59,337, lr:(1.602e-07,1.075e-07,)] [eta: 0:30:30, time (data): 2.675 (0.002)] l_pix: 2.6851e-02 
2025-11-25 19:17:17,260 INFO: [IART_..][epoch:  4, iter:  59,338, lr:(1.600e-07,1.075e-07,)] [eta: 0:30:27, time (data): 2.675 (0.002)] l_pix: 2.1000e-02 
2025-11-25 19:17:19,888 INFO: [IART_..][epoch:  4, iter:  59,339, lr:(1.599e-07,1.075e-07,)] [eta: 0:30:24, time (data): 2.674 (0.002)] l_pix: 2.0361e-02 
2025-11-25 19:17:22,557 INFO: [IART_..][epoch:  4, iter:  59,340, lr:(1.597e-07,1.074e-07,)] [eta: 0:30:22, time (data): 2.674 (0.002)] l_pix: 2.7780e-02 
2025-11-25 19:17:25,175 INFO: [IART_..][epoch:  4, iter:  59,341, lr:(1.595e-07,1.074e-07,)] [eta: 0:30:19, time (data): 2.674 (0.002)] l_pix: 2.2836e-02 
2025-11-25 19:17:27,824 INFO: [IART_..][epoch:  4, iter:  59,342, lr:(1.593e-07,1.074e-07,)] [eta: 0:30:16, time (data): 2.674 (0.002)] l_pix: 2.7231e-02 
2025-11-25 19:17:30,605 INFO: [IART_..][epoch:  4, iter:  59,343, lr:(1.591e-07,1.074e-07,)] [eta: 0:30:13, time (data): 2.675 (0.002)] l_pix: 1.5270e-02 
2025-11-25 19:17:33,227 INFO: [IART_..][epoch:  4, iter:  59,344, lr:(1.590e-07,1.073e-07,)] [eta: 0:30:10, time (data): 2.674 (0.002)] l_pix: 1.7405e-02 
2025-11-25 19:17:35,978 INFO: [IART_..][epoch:  4, iter:  59,345, lr:(1.588e-07,1.073e-07,)] [eta: 0:30:08, time (data): 2.675 (0.002)] l_pix: 2.2136e-02 
2025-11-25 19:17:38,584 INFO: [IART_..][epoch:  4, iter:  59,346, lr:(1.586e-07,1.073e-07,)] [eta: 0:30:05, time (data): 2.674 (0.002)] l_pix: 3.0229e-02 
2025-11-25 19:17:41,198 INFO: [IART_..][epoch:  4, iter:  59,347, lr:(1.584e-07,1.073e-07,)] [eta: 0:30:02, time (data): 2.674 (0.002)] l_pix: 1.4095e-02 
2025-11-25 19:17:43,888 INFO: [IART_..][epoch:  4, iter:  59,348, lr:(1.582e-07,1.073e-07,)] [eta: 0:29:59, time (data): 2.674 (0.002)] l_pix: 2.4080e-02 
2025-11-25 19:17:46,581 INFO: [IART_..][epoch:  4, iter:  59,349, lr:(1.581e-07,1.072e-07,)] [eta: 0:29:57, time (data): 2.674 (0.002)] l_pix: 2.6634e-02 
2025-11-25 19:17:49,235 INFO: [IART_..][epoch:  4, iter:  59,350, lr:(1.579e-07,1.072e-07,)] [eta: 0:29:54, time (data): 2.674 (0.002)] l_pix: 2.3561e-02 
2025-11-25 19:17:51,949 INFO: [IART_..][epoch:  4, iter:  59,351, lr:(1.577e-07,1.072e-07,)] [eta: 0:29:51, time (data): 2.674 (0.002)] l_pix: 3.0179e-02 
2025-11-25 19:17:54,602 INFO: [IART_..][epoch:  4, iter:  59,352, lr:(1.575e-07,1.072e-07,)] [eta: 0:29:48, time (data): 2.674 (0.002)] l_pix: 2.0904e-02 
2025-11-25 19:17:57,304 INFO: [IART_..][epoch:  4, iter:  59,353, lr:(1.573e-07,1.071e-07,)] [eta: 0:29:45, time (data): 2.674 (0.002)] l_pix: 3.0174e-02 
2025-11-25 19:18:00,073 INFO: [IART_..][epoch:  4, iter:  59,354, lr:(1.572e-07,1.071e-07,)] [eta: 0:29:43, time (data): 2.675 (0.002)] l_pix: 1.7930e-02 
2025-11-25 19:18:02,830 INFO: [IART_..][epoch:  4, iter:  59,355, lr:(1.570e-07,1.071e-07,)] [eta: 0:29:40, time (data): 2.676 (0.002)] l_pix: 2.4530e-02 
2025-11-25 19:18:05,543 INFO: [IART_..][epoch:  4, iter:  59,356, lr:(1.568e-07,1.071e-07,)] [eta: 0:29:37, time (data): 2.676 (0.002)] l_pix: 2.3059e-02 
2025-11-25 19:18:08,193 INFO: [IART_..][epoch:  4, iter:  59,357, lr:(1.566e-07,1.071e-07,)] [eta: 0:29:34, time (data): 2.676 (0.002)] l_pix: 2.3158e-02 
2025-11-25 19:18:10,938 INFO: [IART_..][epoch:  4, iter:  59,358, lr:(1.565e-07,1.070e-07,)] [eta: 0:29:32, time (data): 2.676 (0.002)] l_pix: 3.8364e-02 
2025-11-25 19:18:13,806 INFO: [IART_..][epoch:  4, iter:  59,359, lr:(1.563e-07,1.070e-07,)] [eta: 0:29:29, time (data): 2.678 (0.002)] l_pix: 6.3901e-03 
2025-11-25 19:18:16,596 INFO: [IART_..][epoch:  4, iter:  59,360, lr:(1.561e-07,1.070e-07,)] [eta: 0:29:26, time (data): 2.678 (0.002)] l_pix: 1.9596e-02 
2025-11-25 19:18:19,295 INFO: [IART_..][epoch:  4, iter:  59,361, lr:(1.559e-07,1.070e-07,)] [eta: 0:29:23, time (data): 2.679 (0.002)] l_pix: 1.9058e-02 
2025-11-25 19:18:21,883 INFO: [IART_..][epoch:  4, iter:  59,362, lr:(1.558e-07,1.069e-07,)] [eta: 0:29:20, time (data): 2.678 (0.002)] l_pix: 2.8633e-02 
2025-11-25 19:18:24,515 INFO: [IART_..][epoch:  4, iter:  59,363, lr:(1.556e-07,1.069e-07,)] [eta: 0:29:18, time (data): 2.678 (0.002)] l_pix: 2.3911e-02 
2025-11-25 19:18:27,259 INFO: [IART_..][epoch:  4, iter:  59,364, lr:(1.554e-07,1.069e-07,)] [eta: 0:29:15, time (data): 2.678 (0.002)] l_pix: 2.2157e-02 
2025-11-25 19:18:30,036 INFO: [IART_..][epoch:  4, iter:  59,365, lr:(1.552e-07,1.069e-07,)] [eta: 0:29:12, time (data): 2.679 (0.002)] l_pix: 1.7543e-02 
2025-11-25 19:18:32,719 INFO: [IART_..][epoch:  4, iter:  59,366, lr:(1.551e-07,1.069e-07,)] [eta: 0:29:09, time (data): 2.679 (0.002)] l_pix: 1.9009e-02 
2025-11-25 19:18:35,381 INFO: [IART_..][epoch:  4, iter:  59,367, lr:(1.549e-07,1.068e-07,)] [eta: 0:29:07, time (data): 2.679 (0.002)] l_pix: 1.4763e-02 
2025-11-25 19:18:38,077 INFO: [IART_..][epoch:  4, iter:  59,368, lr:(1.547e-07,1.068e-07,)] [eta: 0:29:04, time (data): 2.679 (0.002)] l_pix: 2.7189e-02 
2025-11-25 19:18:40,756 INFO: [IART_..][epoch:  4, iter:  59,369, lr:(1.545e-07,1.068e-07,)] [eta: 0:29:01, time (data): 2.679 (0.002)] l_pix: 3.3170e-02 
2025-11-25 19:18:43,373 INFO: [IART_..][epoch:  4, iter:  59,370, lr:(1.544e-07,1.068e-07,)] [eta: 0:28:58, time (data): 2.678 (0.002)] l_pix: 1.1134e-02 
2025-11-25 19:18:46,115 INFO: [IART_..][epoch:  4, iter:  59,371, lr:(1.542e-07,1.068e-07,)] [eta: 0:28:56, time (data): 2.679 (0.002)] l_pix: 3.3163e-02 
2025-11-25 19:18:48,847 INFO: [IART_..][epoch:  4, iter:  59,372, lr:(1.540e-07,1.067e-07,)] [eta: 0:28:53, time (data): 2.679 (0.002)] l_pix: 3.1412e-02 
2025-11-25 19:18:51,589 INFO: [IART_..][epoch:  4, iter:  59,373, lr:(1.539e-07,1.067e-07,)] [eta: 0:28:50, time (data): 2.679 (0.002)] l_pix: 1.6426e-02 
2025-11-25 19:18:54,288 INFO: [IART_..][epoch:  4, iter:  59,374, lr:(1.537e-07,1.067e-07,)] [eta: 0:28:47, time (data): 2.680 (0.002)] l_pix: 1.6223e-02 
2025-11-25 19:18:57,053 INFO: [IART_..][epoch:  4, iter:  59,375, lr:(1.535e-07,1.067e-07,)] [eta: 0:28:44, time (data): 2.680 (0.002)] l_pix: 1.4362e-02 
2025-11-25 19:18:59,757 INFO: [IART_..][epoch:  4, iter:  59,376, lr:(1.533e-07,1.066e-07,)] [eta: 0:28:42, time (data): 2.680 (0.002)] l_pix: 2.7081e-02 
2025-11-25 19:19:02,377 INFO: [IART_..][epoch:  4, iter:  59,377, lr:(1.532e-07,1.066e-07,)] [eta: 0:28:39, time (data): 2.680 (0.002)] l_pix: 2.0304e-02 
2025-11-25 19:19:05,028 INFO: [IART_..][epoch:  4, iter:  59,378, lr:(1.530e-07,1.066e-07,)] [eta: 0:28:36, time (data): 2.680 (0.002)] l_pix: 1.2628e-02 
2025-11-25 19:19:07,740 INFO: [IART_..][epoch:  4, iter:  59,379, lr:(1.528e-07,1.066e-07,)] [eta: 0:28:33, time (data): 2.680 (0.002)] l_pix: 2.7336e-02 
2025-11-25 19:19:10,296 INFO: [IART_..][epoch:  4, iter:  59,380, lr:(1.527e-07,1.066e-07,)] [eta: 0:28:31, time (data): 2.679 (0.002)] l_pix: 1.4425e-02 
2025-11-25 19:19:12,978 INFO: [IART_..][epoch:  4, iter:  59,381, lr:(1.525e-07,1.065e-07,)] [eta: 0:28:28, time (data): 2.679 (0.002)] l_pix: 1.7518e-02 
2025-11-25 19:19:15,629 INFO: [IART_..][epoch:  4, iter:  59,382, lr:(1.523e-07,1.065e-07,)] [eta: 0:28:25, time (data): 2.679 (0.002)] l_pix: 1.8344e-02 
2025-11-25 19:19:18,319 INFO: [IART_..][epoch:  4, iter:  59,383, lr:(1.522e-07,1.065e-07,)] [eta: 0:28:22, time (data): 2.679 (0.002)] l_pix: 2.5854e-02 
2025-11-25 19:19:21,181 INFO: [IART_..][epoch:  4, iter:  59,384, lr:(1.520e-07,1.065e-07,)] [eta: 0:28:19, time (data): 2.680 (0.002)] l_pix: 2.1592e-02 
2025-11-25 19:19:23,767 INFO: [IART_..][epoch:  4, iter:  59,385, lr:(1.518e-07,1.065e-07,)] [eta: 0:28:17, time (data): 2.680 (0.002)] l_pix: 2.3825e-02 
2025-11-25 19:19:26,485 INFO: [IART_..][epoch:  4, iter:  59,386, lr:(1.516e-07,1.064e-07,)] [eta: 0:28:14, time (data): 2.680 (0.002)] l_pix: 1.4215e-02 
2025-11-25 19:19:29,111 INFO: [IART_..][epoch:  4, iter:  59,387, lr:(1.515e-07,1.064e-07,)] [eta: 0:28:11, time (data): 2.679 (0.002)] l_pix: 2.0618e-02 
2025-11-25 19:19:31,814 INFO: [IART_..][epoch:  4, iter:  59,388, lr:(1.513e-07,1.064e-07,)] [eta: 0:28:08, time (data): 2.680 (0.002)] l_pix: 2.1424e-02 
2025-11-25 19:19:34,532 INFO: [IART_..][epoch:  4, iter:  59,389, lr:(1.511e-07,1.064e-07,)] [eta: 0:28:06, time (data): 2.680 (0.002)] l_pix: 2.4308e-02 
2025-11-25 19:19:37,259 INFO: [IART_..][epoch:  4, iter:  59,390, lr:(1.510e-07,1.063e-07,)] [eta: 0:28:03, time (data): 2.680 (0.002)] l_pix: 1.3871e-02 
2025-11-25 19:19:39,893 INFO: [IART_..][epoch:  4, iter:  59,391, lr:(1.508e-07,1.063e-07,)] [eta: 0:28:00, time (data): 2.680 (0.002)] l_pix: 1.0939e-02 
2025-11-25 19:19:42,557 INFO: [IART_..][epoch:  4, iter:  59,392, lr:(1.506e-07,1.063e-07,)] [eta: 0:27:57, time (data): 2.680 (0.002)] l_pix: 2.2197e-02 
2025-11-25 19:19:45,199 INFO: [IART_..][epoch:  4, iter:  59,393, lr:(1.505e-07,1.063e-07,)] [eta: 0:27:54, time (data): 2.680 (0.002)] l_pix: 2.3189e-02 
2025-11-25 19:19:47,871 INFO: [IART_..][epoch:  4, iter:  59,394, lr:(1.503e-07,1.063e-07,)] [eta: 0:27:52, time (data): 2.679 (0.002)] l_pix: 1.4592e-02 
2025-11-25 19:19:50,542 INFO: [IART_..][epoch:  4, iter:  59,395, lr:(1.501e-07,1.062e-07,)] [eta: 0:27:49, time (data): 2.679 (0.002)] l_pix: 1.8060e-02 
2025-11-25 19:19:53,182 INFO: [IART_..][epoch:  4, iter:  59,396, lr:(1.500e-07,1.062e-07,)] [eta: 0:27:46, time (data): 2.679 (0.002)] l_pix: 1.8037e-02 
2025-11-25 19:19:55,851 INFO: [IART_..][epoch:  4, iter:  59,397, lr:(1.498e-07,1.062e-07,)] [eta: 0:27:43, time (data): 2.679 (0.002)] l_pix: 2.9044e-02 
2025-11-25 19:19:58,426 INFO: [IART_..][epoch:  4, iter:  59,398, lr:(1.496e-07,1.062e-07,)] [eta: 0:27:41, time (data): 2.678 (0.002)] l_pix: 2.0196e-02 
2025-11-25 19:20:01,125 INFO: [IART_..][epoch:  4, iter:  59,399, lr:(1.495e-07,1.062e-07,)] [eta: 0:27:38, time (data): 2.679 (0.002)] l_pix: 2.8261e-02 
2025-11-25 19:20:03,763 INFO: [IART_..][epoch:  4, iter:  59,400, lr:(1.493e-07,1.061e-07,)] [eta: 0:27:35, time (data): 2.678 (0.002)] l_pix: 2.1510e-02 
2025-11-25 19:20:06,510 INFO: [IART_..][epoch:  4, iter:  59,401, lr:(1.492e-07,1.061e-07,)] [eta: 0:27:32, time (data): 2.679 (0.002)] l_pix: 2.2053e-02 
2025-11-25 19:20:09,213 INFO: [IART_..][epoch:  4, iter:  59,402, lr:(1.490e-07,1.061e-07,)] [eta: 0:27:29, time (data): 2.679 (0.002)] l_pix: 2.2832e-02 
2025-11-25 19:20:11,832 INFO: [IART_..][epoch:  4, iter:  59,403, lr:(1.488e-07,1.061e-07,)] [eta: 0:27:27, time (data): 2.678 (0.002)] l_pix: 1.9596e-02 
2025-11-25 19:20:14,485 INFO: [IART_..][epoch:  4, iter:  59,404, lr:(1.487e-07,1.061e-07,)] [eta: 0:27:24, time (data): 2.678 (0.002)] l_pix: 1.6559e-02 
2025-11-25 19:20:17,313 INFO: [IART_..][epoch:  4, iter:  59,405, lr:(1.485e-07,1.060e-07,)] [eta: 0:27:21, time (data): 2.679 (0.002)] l_pix: 2.7026e-02 
2025-11-25 19:20:20,077 INFO: [IART_..][epoch:  4, iter:  59,406, lr:(1.483e-07,1.060e-07,)] [eta: 0:27:18, time (data): 2.680 (0.002)] l_pix: 1.8113e-02 
2025-11-25 19:20:22,697 INFO: [IART_..][epoch:  4, iter:  59,407, lr:(1.482e-07,1.060e-07,)] [eta: 0:27:16, time (data): 2.679 (0.002)] l_pix: 2.5781e-02 
2025-11-25 19:20:25,398 INFO: [IART_..][epoch:  4, iter:  59,408, lr:(1.480e-07,1.060e-07,)] [eta: 0:27:13, time (data): 2.679 (0.002)] l_pix: 1.8897e-02 
2025-11-25 19:20:28,258 INFO: [IART_..][epoch:  4, iter:  59,409, lr:(1.479e-07,1.060e-07,)] [eta: 0:27:10, time (data): 2.680 (0.002)] l_pix: 2.1636e-02 
2025-11-25 19:20:30,927 INFO: [IART_..][epoch:  4, iter:  59,410, lr:(1.477e-07,1.059e-07,)] [eta: 0:27:07, time (data): 2.680 (0.002)] l_pix: 4.2044e-02 
2025-11-25 19:20:33,659 INFO: [IART_..][epoch:  4, iter:  59,411, lr:(1.475e-07,1.059e-07,)] [eta: 0:27:05, time (data): 2.681 (0.002)] l_pix: 1.9309e-02 
2025-11-25 19:20:36,437 INFO: [IART_..][epoch:  4, iter:  59,412, lr:(1.474e-07,1.059e-07,)] [eta: 0:27:02, time (data): 2.681 (0.002)] l_pix: 2.0573e-02 
2025-11-25 19:20:39,154 INFO: [IART_..][epoch:  4, iter:  59,413, lr:(1.472e-07,1.059e-07,)] [eta: 0:26:59, time (data): 2.681 (0.002)] l_pix: 2.4123e-02 
2025-11-25 19:20:41,919 INFO: [IART_..][epoch:  4, iter:  59,414, lr:(1.470e-07,1.059e-07,)] [eta: 0:26:56, time (data): 2.682 (0.002)] l_pix: 1.4269e-02 
2025-11-25 19:20:44,587 INFO: [IART_..][epoch:  4, iter:  59,415, lr:(1.469e-07,1.058e-07,)] [eta: 0:26:53, time (data): 2.682 (0.002)] l_pix: 2.0475e-02 
2025-11-25 19:20:47,254 INFO: [IART_..][epoch:  4, iter:  59,416, lr:(1.467e-07,1.058e-07,)] [eta: 0:26:51, time (data): 2.682 (0.002)] l_pix: 2.1836e-02 
2025-11-25 19:20:49,969 INFO: [IART_..][epoch:  4, iter:  59,417, lr:(1.466e-07,1.058e-07,)] [eta: 0:26:48, time (data): 2.682 (0.002)] l_pix: 1.3981e-02 
2025-11-25 19:20:52,559 INFO: [IART_..][epoch:  4, iter:  59,418, lr:(1.464e-07,1.058e-07,)] [eta: 0:26:45, time (data): 2.681 (0.002)] l_pix: 1.8236e-02 
2025-11-25 19:20:55,385 INFO: [IART_..][epoch:  4, iter:  59,419, lr:(1.462e-07,1.058e-07,)] [eta: 0:26:42, time (data): 2.682 (0.002)] l_pix: 9.6971e-03 
2025-11-25 19:20:58,087 INFO: [IART_..][epoch:  4, iter:  59,420, lr:(1.461e-07,1.057e-07,)] [eta: 0:26:40, time (data): 2.682 (0.002)] l_pix: 2.8164e-02 
2025-11-25 19:21:00,899 INFO: [IART_..][epoch:  4, iter:  59,421, lr:(1.459e-07,1.057e-07,)] [eta: 0:26:37, time (data): 2.683 (0.002)] l_pix: 2.2619e-02 
2025-11-25 19:21:03,661 INFO: [IART_..][epoch:  4, iter:  59,422, lr:(1.458e-07,1.057e-07,)] [eta: 0:26:34, time (data): 2.683 (0.002)] l_pix: 1.2041e-02 
2025-11-25 19:21:06,346 INFO: [IART_..][epoch:  4, iter:  59,423, lr:(1.456e-07,1.057e-07,)] [eta: 0:26:31, time (data): 2.685 (0.000)] l_pix: 1.7531e-02 
2025-11-25 19:21:09,141 INFO: [IART_..][epoch:  4, iter:  59,424, lr:(1.455e-07,1.057e-07,)] [eta: 0:26:29, time (data): 2.740 (0.000)] l_pix: 9.4631e-03 
2025-11-25 19:21:11,888 INFO: [IART_..][epoch:  4, iter:  59,425, lr:(1.453e-07,1.056e-07,)] [eta: 0:26:26, time (data): 2.742 (0.000)] l_pix: 3.3475e-02 
2025-11-25 19:21:14,601 INFO: [IART_..][epoch:  4, iter:  59,426, lr:(1.451e-07,1.056e-07,)] [eta: 0:26:23, time (data): 2.735 (0.000)] l_pix: 2.2978e-02 
2025-11-25 19:21:17,316 INFO: [IART_..][epoch:  4, iter:  59,427, lr:(1.450e-07,1.056e-07,)] [eta: 0:26:20, time (data): 2.731 (0.000)] l_pix: 1.8197e-02 
2025-11-25 19:21:19,938 INFO: [IART_..][epoch:  4, iter:  59,428, lr:(1.448e-07,1.056e-07,)] [eta: 0:26:17, time (data): 2.713 (0.000)] l_pix: 3.6915e-02 
2025-11-25 19:21:22,571 INFO: [IART_..][epoch:  4, iter:  59,429, lr:(1.447e-07,1.056e-07,)] [eta: 0:26:15, time (data): 2.701 (0.000)] l_pix: 1.1717e-02 
2025-11-25 19:21:25,301 INFO: [IART_..][epoch:  4, iter:  59,430, lr:(1.445e-07,1.055e-07,)] [eta: 0:26:12, time (data): 2.705 (0.000)] l_pix: 2.2649e-02 
2025-11-25 19:21:27,968 INFO: [IART_..][epoch:  4, iter:  59,431, lr:(1.444e-07,1.055e-07,)] [eta: 0:26:09, time (data): 2.701 (0.000)] l_pix: 1.7261e-02 
2025-11-25 19:21:30,749 INFO: [IART_..][epoch:  4, iter:  59,432, lr:(1.442e-07,1.055e-07,)] [eta: 0:26:06, time (data): 2.709 (0.000)] l_pix: 3.1435e-02 
2025-11-25 19:21:33,435 INFO: [IART_..][epoch:  4, iter:  59,433, lr:(1.440e-07,1.055e-07,)] [eta: 0:26:04, time (data): 2.707 (0.000)] l_pix: 2.9805e-02 
2025-11-25 19:21:36,095 INFO: [IART_..][epoch:  4, iter:  59,434, lr:(1.439e-07,1.055e-07,)] [eta: 0:26:01, time (data): 2.702 (0.000)] l_pix: 1.5324e-02 
2025-11-25 19:21:38,969 INFO: [IART_..][epoch:  4, iter:  59,435, lr:(1.437e-07,1.054e-07,)] [eta: 0:25:58, time (data): 2.716 (0.000)] l_pix: 2.2652e-02 
2025-11-25 19:21:41,603 INFO: [IART_..][epoch:  4, iter:  59,436, lr:(1.436e-07,1.054e-07,)] [eta: 0:25:55, time (data): 2.710 (0.000)] l_pix: 1.1706e-02 
2025-11-25 19:21:44,183 INFO: [IART_..][epoch:  4, iter:  59,437, lr:(1.434e-07,1.054e-07,)] [eta: 0:25:53, time (data): 2.701 (0.000)] l_pix: 2.0075e-02 
2025-11-25 19:21:46,866 INFO: [IART_..][epoch:  4, iter:  59,438, lr:(1.433e-07,1.054e-07,)] [eta: 0:25:50, time (data): 2.700 (0.001)] l_pix: 2.1018e-02 
2025-11-25 19:21:49,433 INFO: [IART_..][epoch:  4, iter:  59,439, lr:(1.431e-07,1.054e-07,)] [eta: 0:25:47, time (data): 2.692 (0.001)] l_pix: 2.6069e-02 
2025-11-25 19:21:52,031 INFO: [IART_..][epoch:  4, iter:  59,440, lr:(1.430e-07,1.054e-07,)] [eta: 0:25:44, time (data): 2.687 (0.001)] l_pix: 2.0383e-02 
2025-11-25 19:21:54,637 INFO: [IART_..][epoch:  4, iter:  59,441, lr:(1.428e-07,1.053e-07,)] [eta: 0:25:41, time (data): 2.683 (0.001)] l_pix: 1.5440e-02 
2025-11-25 19:21:57,419 INFO: [IART_..][epoch:  4, iter:  59,442, lr:(1.427e-07,1.053e-07,)] [eta: 0:25:39, time (data): 2.688 (0.001)] l_pix: 3.5787e-02 
2025-11-25 19:22:00,078 INFO: [IART_..][epoch:  4, iter:  59,443, lr:(1.425e-07,1.053e-07,)] [eta: 0:25:36, time (data): 2.686 (0.001)] l_pix: 3.4371e-02 
2025-11-25 19:22:02,688 INFO: [IART_..][epoch:  4, iter:  59,444, lr:(1.424e-07,1.053e-07,)] [eta: 0:25:33, time (data): 2.683 (0.001)] l_pix: 2.2188e-02 
2025-11-25 19:22:05,296 INFO: [IART_..][epoch:  4, iter:  59,445, lr:(1.422e-07,1.053e-07,)] [eta: 0:25:30, time (data): 2.679 (0.001)] l_pix: 2.0185e-02 
2025-11-25 19:22:07,936 INFO: [IART_..][epoch:  4, iter:  59,446, lr:(1.420e-07,1.052e-07,)] [eta: 0:25:28, time (data): 2.678 (0.001)] l_pix: 2.8216e-02 
2025-11-25 19:22:10,593 INFO: [IART_..][epoch:  4, iter:  59,447, lr:(1.419e-07,1.052e-07,)] [eta: 0:25:25, time (data): 2.677 (0.001)] l_pix: 1.7114e-02 
2025-11-25 19:22:13,319 INFO: [IART_..][epoch:  4, iter:  59,448, lr:(1.417e-07,1.052e-07,)] [eta: 0:25:22, time (data): 2.679 (0.001)] l_pix: 1.0881e-02 
2025-11-25 19:22:16,009 INFO: [IART_..][epoch:  4, iter:  59,449, lr:(1.416e-07,1.052e-07,)] [eta: 0:25:19, time (data): 2.679 (0.001)] l_pix: 2.5817e-02 
2025-11-25 19:22:18,698 INFO: [IART_..][epoch:  4, iter:  59,450, lr:(1.414e-07,1.052e-07,)] [eta: 0:25:16, time (data): 2.680 (0.001)] l_pix: 2.4705e-02 
2025-11-25 19:22:21,398 INFO: [IART_..][epoch:  4, iter:  59,451, lr:(1.413e-07,1.051e-07,)] [eta: 0:25:14, time (data): 2.680 (0.001)] l_pix: 2.0213e-02 
2025-11-25 19:22:23,929 INFO: [IART_..][epoch:  4, iter:  59,452, lr:(1.411e-07,1.051e-07,)] [eta: 0:25:11, time (data): 2.675 (0.001)] l_pix: 2.4550e-02 
2025-11-25 19:22:26,542 INFO: [IART_..][epoch:  4, iter:  59,453, lr:(1.410e-07,1.051e-07,)] [eta: 0:25:08, time (data): 2.673 (0.001)] l_pix: 2.7367e-02 
2025-11-25 19:22:29,149 INFO: [IART_..][epoch:  4, iter:  59,454, lr:(1.408e-07,1.051e-07,)] [eta: 0:25:05, time (data): 2.671 (0.001)] l_pix: 2.1428e-02 
2025-11-25 19:22:31,808 INFO: [IART_..][epoch:  4, iter:  59,455, lr:(1.407e-07,1.051e-07,)] [eta: 0:25:03, time (data): 2.671 (0.001)] l_pix: 1.9159e-02 
2025-11-25 19:22:34,458 INFO: [IART_..][epoch:  4, iter:  59,456, lr:(1.405e-07,1.051e-07,)] [eta: 0:25:00, time (data): 2.670 (0.001)] l_pix: 1.3554e-02 
2025-11-25 19:22:37,096 INFO: [IART_..][epoch:  4, iter:  59,457, lr:(1.404e-07,1.050e-07,)] [eta: 0:24:57, time (data): 2.669 (0.001)] l_pix: 3.5637e-02 
2025-11-25 19:22:39,718 INFO: [IART_..][epoch:  4, iter:  59,458, lr:(1.402e-07,1.050e-07,)] [eta: 0:24:54, time (data): 2.668 (0.001)] l_pix: 1.8796e-02 
2025-11-25 19:22:42,357 INFO: [IART_..][epoch:  4, iter:  59,459, lr:(1.401e-07,1.050e-07,)] [eta: 0:24:51, time (data): 2.667 (0.001)] l_pix: 1.3371e-02 
2025-11-25 19:22:45,060 INFO: [IART_..][epoch:  4, iter:  59,460, lr:(1.399e-07,1.050e-07,)] [eta: 0:24:49, time (data): 2.668 (0.001)] l_pix: 1.9728e-02 
2025-11-25 19:22:47,780 INFO: [IART_..][epoch:  4, iter:  59,461, lr:(1.398e-07,1.050e-07,)] [eta: 0:24:46, time (data): 2.669 (0.001)] l_pix: 1.1542e-02 
2025-11-25 19:22:50,388 INFO: [IART_..][epoch:  4, iter:  59,462, lr:(1.397e-07,1.049e-07,)] [eta: 0:24:43, time (data): 2.668 (0.001)] l_pix: 2.9527e-02 
2025-11-25 19:22:52,996 INFO: [IART_..][epoch:  4, iter:  59,463, lr:(1.395e-07,1.049e-07,)] [eta: 0:24:40, time (data): 2.666 (0.001)] l_pix: 3.2701e-02 
2025-11-25 19:22:55,542 INFO: [IART_..][epoch:  4, iter:  59,464, lr:(1.394e-07,1.049e-07,)] [eta: 0:24:38, time (data): 2.664 (0.001)] l_pix: 3.8522e-02 
2025-11-25 19:22:58,233 INFO: [IART_..][epoch:  4, iter:  59,465, lr:(1.392e-07,1.049e-07,)] [eta: 0:24:35, time (data): 2.664 (0.001)] l_pix: 1.0062e-02 
2025-11-25 19:23:00,964 INFO: [IART_..][epoch:  4, iter:  59,466, lr:(1.391e-07,1.049e-07,)] [eta: 0:24:32, time (data): 2.666 (0.001)] l_pix: 2.1590e-02 
2025-11-25 19:23:03,627 INFO: [IART_..][epoch:  4, iter:  59,467, lr:(1.389e-07,1.048e-07,)] [eta: 0:24:29, time (data): 2.666 (0.001)] l_pix: 7.2310e-03 
2025-11-25 19:23:06,300 INFO: [IART_..][epoch:  4, iter:  59,468, lr:(1.388e-07,1.048e-07,)] [eta: 0:24:26, time (data): 2.666 (0.001)] l_pix: 1.2574e-02 
2025-11-25 19:23:08,947 INFO: [IART_..][epoch:  4, iter:  59,469, lr:(1.386e-07,1.048e-07,)] [eta: 0:24:24, time (data): 2.665 (0.001)] l_pix: 3.7932e-02 
2025-11-25 19:23:11,596 INFO: [IART_..][epoch:  4, iter:  59,470, lr:(1.385e-07,1.048e-07,)] [eta: 0:24:21, time (data): 2.665 (0.001)] l_pix: 1.6814e-02 
2025-11-25 19:23:14,173 INFO: [IART_..][epoch:  4, iter:  59,471, lr:(1.383e-07,1.048e-07,)] [eta: 0:24:18, time (data): 2.663 (0.001)] l_pix: 4.0316e-02 
2025-11-25 19:23:16,798 INFO: [IART_..][epoch:  4, iter:  59,472, lr:(1.382e-07,1.048e-07,)] [eta: 0:24:15, time (data): 2.663 (0.001)] l_pix: 1.1514e-02 
2025-11-25 19:23:19,480 INFO: [IART_..][epoch:  4, iter:  59,473, lr:(1.380e-07,1.047e-07,)] [eta: 0:24:13, time (data): 2.663 (0.001)] l_pix: 2.4569e-02 
2025-11-25 19:23:22,168 INFO: [IART_..][epoch:  4, iter:  59,474, lr:(1.379e-07,1.047e-07,)] [eta: 0:24:10, time (data): 2.663 (0.001)] l_pix: 2.1570e-02 
2025-11-25 19:23:24,833 INFO: [IART_..][epoch:  4, iter:  59,475, lr:(1.378e-07,1.047e-07,)] [eta: 0:24:07, time (data): 2.663 (0.001)] l_pix: 2.1201e-02 
2025-11-25 19:23:27,536 INFO: [IART_..][epoch:  4, iter:  59,476, lr:(1.376e-07,1.047e-07,)] [eta: 0:24:04, time (data): 2.664 (0.001)] l_pix: 1.6442e-02 
2025-11-25 19:23:30,192 INFO: [IART_..][epoch:  4, iter:  59,477, lr:(1.375e-07,1.047e-07,)] [eta: 0:24:01, time (data): 2.664 (0.001)] l_pix: 1.1980e-02 
2025-11-25 19:23:32,768 INFO: [IART_..][epoch:  4, iter:  59,478, lr:(1.373e-07,1.046e-07,)] [eta: 0:23:59, time (data): 2.662 (0.001)] l_pix: 2.9801e-02 
2025-11-25 19:23:35,464 INFO: [IART_..][epoch:  4, iter:  59,479, lr:(1.372e-07,1.046e-07,)] [eta: 0:23:56, time (data): 2.663 (0.001)] l_pix: 1.6963e-02 
2025-11-25 19:23:38,092 INFO: [IART_..][epoch:  4, iter:  59,480, lr:(1.370e-07,1.046e-07,)] [eta: 0:23:53, time (data): 2.662 (0.001)] l_pix: 1.1409e-02 
2025-11-25 19:23:40,824 INFO: [IART_..][epoch:  4, iter:  59,481, lr:(1.369e-07,1.046e-07,)] [eta: 0:23:50, time (data): 2.664 (0.001)] l_pix: 1.5213e-02 
2025-11-25 19:23:43,554 INFO: [IART_..][epoch:  4, iter:  59,482, lr:(1.368e-07,1.046e-07,)] [eta: 0:23:48, time (data): 2.665 (0.001)] l_pix: 2.4235e-02 
2025-11-25 19:23:46,257 INFO: [IART_..][epoch:  4, iter:  59,483, lr:(1.366e-07,1.046e-07,)] [eta: 0:23:45, time (data): 2.665 (0.001)] l_pix: 1.4718e-02 
2025-11-25 19:23:48,831 INFO: [IART_..][epoch:  4, iter:  59,484, lr:(1.365e-07,1.045e-07,)] [eta: 0:23:42, time (data): 2.664 (0.001)] l_pix: 2.2146e-02 
2025-11-25 19:23:51,555 INFO: [IART_..][epoch:  4, iter:  59,485, lr:(1.363e-07,1.045e-07,)] [eta: 0:23:39, time (data): 2.665 (0.001)] l_pix: 1.1246e-02 
2025-11-25 19:23:54,238 INFO: [IART_..][epoch:  4, iter:  59,486, lr:(1.362e-07,1.045e-07,)] [eta: 0:23:37, time (data): 2.665 (0.001)] l_pix: 2.1234e-02 
2025-11-25 19:23:56,955 INFO: [IART_..][epoch:  4, iter:  59,487, lr:(1.361e-07,1.045e-07,)] [eta: 0:23:34, time (data): 2.666 (0.001)] l_pix: 2.8887e-02 
2025-11-25 19:23:59,592 INFO: [IART_..][epoch:  4, iter:  59,488, lr:(1.359e-07,1.045e-07,)] [eta: 0:23:31, time (data): 2.665 (0.001)] l_pix: 3.0822e-02 
2025-11-25 19:24:02,299 INFO: [IART_..][epoch:  4, iter:  59,489, lr:(1.358e-07,1.045e-07,)] [eta: 0:23:28, time (data): 2.666 (0.001)] l_pix: 2.0843e-02 
2025-11-25 19:24:04,938 INFO: [IART_..][epoch:  4, iter:  59,490, lr:(1.356e-07,1.044e-07,)] [eta: 0:23:25, time (data): 2.666 (0.001)] l_pix: 1.6688e-02 
2025-11-25 19:24:07,606 INFO: [IART_..][epoch:  4, iter:  59,491, lr:(1.355e-07,1.044e-07,)] [eta: 0:23:23, time (data): 2.666 (0.001)] l_pix: 1.4517e-02 
2025-11-25 19:24:10,180 INFO: [IART_..][epoch:  4, iter:  59,492, lr:(1.354e-07,1.044e-07,)] [eta: 0:23:20, time (data): 2.664 (0.001)] l_pix: 2.3259e-02 
2025-11-25 19:24:12,805 INFO: [IART_..][epoch:  4, iter:  59,493, lr:(1.352e-07,1.044e-07,)] [eta: 0:23:17, time (data): 2.664 (0.001)] l_pix: 2.0278e-02 
2025-11-25 19:24:15,460 INFO: [IART_..][epoch:  4, iter:  59,494, lr:(1.351e-07,1.044e-07,)] [eta: 0:23:14, time (data): 2.664 (0.001)] l_pix: 2.0150e-02 
2025-11-25 19:24:18,103 INFO: [IART_..][epoch:  4, iter:  59,495, lr:(1.349e-07,1.044e-07,)] [eta: 0:23:12, time (data): 2.663 (0.001)] l_pix: 1.6568e-02 
2025-11-25 19:24:20,852 INFO: [IART_..][epoch:  4, iter:  59,496, lr:(1.348e-07,1.043e-07,)] [eta: 0:23:09, time (data): 2.665 (0.001)] l_pix: 3.1834e-02 
2025-11-25 19:24:23,416 INFO: [IART_..][epoch:  4, iter:  59,497, lr:(1.347e-07,1.043e-07,)] [eta: 0:23:06, time (data): 2.663 (0.001)] l_pix: 1.4361e-02 
2025-11-25 19:24:26,072 INFO: [IART_..][epoch:  4, iter:  59,498, lr:(1.345e-07,1.043e-07,)] [eta: 0:23:03, time (data): 2.663 (0.001)] l_pix: 1.8696e-02 
2025-11-25 19:24:28,737 INFO: [IART_..][epoch:  4, iter:  59,499, lr:(1.344e-07,1.043e-07,)] [eta: 0:23:00, time (data): 2.663 (0.001)] l_pix: 2.8821e-02 
2025-11-25 19:24:31,321 INFO: [IART_..][epoch:  4, iter:  59,500, lr:(1.343e-07,1.043e-07,)] [eta: 0:22:58, time (data): 2.662 (0.001)] l_pix: 1.2586e-02 
2025-11-25 19:24:33,978 INFO: [IART_..][epoch:  4, iter:  59,501, lr:(1.341e-07,1.042e-07,)] [eta: 0:22:55, time (data): 2.662 (0.001)] l_pix: 1.7878e-02 
2025-11-25 19:24:36,589 INFO: [IART_..][epoch:  4, iter:  59,502, lr:(1.340e-07,1.042e-07,)] [eta: 0:22:52, time (data): 2.661 (0.001)] l_pix: 2.6137e-02 
2025-11-25 19:24:39,194 INFO: [IART_..][epoch:  4, iter:  59,503, lr:(1.338e-07,1.042e-07,)] [eta: 0:22:49, time (data): 2.661 (0.001)] l_pix: 1.9699e-02 
2025-11-25 19:24:41,832 INFO: [IART_..][epoch:  4, iter:  59,504, lr:(1.337e-07,1.042e-07,)] [eta: 0:22:47, time (data): 2.660 (0.001)] l_pix: 1.8490e-02 
2025-11-25 19:24:44,552 INFO: [IART_..][epoch:  4, iter:  59,505, lr:(1.336e-07,1.042e-07,)] [eta: 0:22:44, time (data): 2.661 (0.001)] l_pix: 2.6807e-02 
2025-11-25 19:24:47,255 INFO: [IART_..][epoch:  4, iter:  59,506, lr:(1.334e-07,1.042e-07,)] [eta: 0:22:41, time (data): 2.662 (0.001)] l_pix: 1.7199e-02 
2025-11-25 19:24:50,054 INFO: [IART_..][epoch:  4, iter:  59,507, lr:(1.333e-07,1.041e-07,)] [eta: 0:22:38, time (data): 2.663 (0.001)] l_pix: 3.3042e-02 
2025-11-25 19:24:52,771 INFO: [IART_..][epoch:  4, iter:  59,508, lr:(1.332e-07,1.041e-07,)] [eta: 0:22:35, time (data): 2.664 (0.001)] l_pix: 1.6015e-02 
2025-11-25 19:24:55,414 INFO: [IART_..][epoch:  4, iter:  59,509, lr:(1.330e-07,1.041e-07,)] [eta: 0:22:33, time (data): 2.664 (0.001)] l_pix: 3.6201e-02 
2025-11-25 19:24:58,099 INFO: [IART_..][epoch:  4, iter:  59,510, lr:(1.329e-07,1.041e-07,)] [eta: 0:22:30, time (data): 2.664 (0.001)] l_pix: 1.1875e-02 
2025-11-25 19:25:00,788 INFO: [IART_..][epoch:  4, iter:  59,511, lr:(1.328e-07,1.041e-07,)] [eta: 0:22:27, time (data): 2.664 (0.001)] l_pix: 2.5121e-02 
2025-11-25 19:25:03,496 INFO: [IART_..][epoch:  4, iter:  59,512, lr:(1.326e-07,1.041e-07,)] [eta: 0:22:24, time (data): 2.665 (0.001)] l_pix: 1.7455e-02 
2025-11-25 19:25:06,074 INFO: [IART_..][epoch:  4, iter:  59,513, lr:(1.325e-07,1.040e-07,)] [eta: 0:22:22, time (data): 2.664 (0.001)] l_pix: 2.4118e-02 
2025-11-25 19:25:08,734 INFO: [IART_..][epoch:  4, iter:  59,514, lr:(1.324e-07,1.040e-07,)] [eta: 0:22:19, time (data): 2.664 (0.001)] l_pix: 2.3657e-02 
2025-11-25 19:25:11,420 INFO: [IART_..][epoch:  4, iter:  59,515, lr:(1.322e-07,1.040e-07,)] [eta: 0:22:16, time (data): 2.664 (0.001)] l_pix: 2.5297e-02 
2025-11-25 19:25:14,043 INFO: [IART_..][epoch:  4, iter:  59,516, lr:(1.321e-07,1.040e-07,)] [eta: 0:22:13, time (data): 2.663 (0.001)] l_pix: 2.2329e-02 
2025-11-25 19:25:16,763 INFO: [IART_..][epoch:  4, iter:  59,517, lr:(1.320e-07,1.040e-07,)] [eta: 0:22:11, time (data): 2.664 (0.001)] l_pix: 2.4461e-02 
2025-11-25 19:25:19,370 INFO: [IART_..][epoch:  4, iter:  59,518, lr:(1.318e-07,1.040e-07,)] [eta: 0:22:08, time (data): 2.663 (0.001)] l_pix: 2.7006e-02 
2025-11-25 19:25:22,086 INFO: [IART_..][epoch:  4, iter:  59,519, lr:(1.317e-07,1.039e-07,)] [eta: 0:22:05, time (data): 2.664 (0.001)] l_pix: 3.4730e-02 
2025-11-25 19:25:24,661 INFO: [IART_..][epoch:  4, iter:  59,520, lr:(1.316e-07,1.039e-07,)] [eta: 0:22:02, time (data): 2.663 (0.001)] l_pix: 1.5318e-02 
2025-11-25 19:25:27,325 INFO: [IART_..][epoch:  4, iter:  59,521, lr:(1.314e-07,1.039e-07,)] [eta: 0:21:59, time (data): 2.663 (0.001)] l_pix: 9.7190e-03 
2025-11-25 19:25:29,985 INFO: [IART_..][epoch:  4, iter:  59,522, lr:(1.313e-07,1.039e-07,)] [eta: 0:21:57, time (data): 2.663 (0.001)] l_pix: 1.2497e-02 
2025-11-25 19:25:32,747 INFO: [IART_..][epoch:  4, iter:  59,523, lr:(1.312e-07,1.039e-07,)] [eta: 0:21:54, time (data): 2.664 (0.001)] l_pix: 1.8306e-02 
2025-11-25 19:25:35,461 INFO: [IART_..][epoch:  4, iter:  59,524, lr:(1.310e-07,1.039e-07,)] [eta: 0:21:51, time (data): 2.665 (0.001)] l_pix: 1.0497e-02 
2025-11-25 19:25:38,080 INFO: [IART_..][epoch:  4, iter:  59,525, lr:(1.309e-07,1.039e-07,)] [eta: 0:21:48, time (data): 2.664 (0.001)] l_pix: 3.0096e-02 
2025-11-25 19:25:40,698 INFO: [IART_..][epoch:  4, iter:  59,526, lr:(1.308e-07,1.038e-07,)] [eta: 0:21:46, time (data): 2.664 (0.001)] l_pix: 2.3407e-02 
2025-11-25 19:25:43,319 INFO: [IART_..][epoch:  4, iter:  59,527, lr:(1.307e-07,1.038e-07,)] [eta: 0:21:43, time (data): 2.663 (0.001)] l_pix: 1.3126e-02 
2025-11-25 19:25:45,960 INFO: [IART_..][epoch:  4, iter:  59,528, lr:(1.305e-07,1.038e-07,)] [eta: 0:21:40, time (data): 2.663 (0.001)] l_pix: 2.8931e-02 
2025-11-25 19:25:48,585 INFO: [IART_..][epoch:  4, iter:  59,529, lr:(1.304e-07,1.038e-07,)] [eta: 0:21:37, time (data): 2.663 (0.001)] l_pix: 1.3291e-02 
2025-11-25 19:25:51,225 INFO: [IART_..][epoch:  4, iter:  59,530, lr:(1.303e-07,1.038e-07,)] [eta: 0:21:34, time (data): 2.662 (0.001)] l_pix: 1.5977e-02 
2025-11-25 19:25:53,829 INFO: [IART_..][epoch:  4, iter:  59,531, lr:(1.301e-07,1.038e-07,)] [eta: 0:21:32, time (data): 2.662 (0.001)] l_pix: 1.7998e-02 
2025-11-25 19:25:56,486 INFO: [IART_..][epoch:  4, iter:  59,532, lr:(1.300e-07,1.037e-07,)] [eta: 0:21:29, time (data): 2.662 (0.002)] l_pix: 6.4184e-03 
2025-11-25 19:25:59,140 INFO: [IART_..][epoch:  4, iter:  59,533, lr:(1.299e-07,1.037e-07,)] [eta: 0:21:26, time (data): 2.662 (0.002)] l_pix: 1.9244e-02 
2025-11-25 19:26:01,793 INFO: [IART_..][epoch:  4, iter:  59,534, lr:(1.298e-07,1.037e-07,)] [eta: 0:21:23, time (data): 2.662 (0.002)] l_pix: 1.3857e-02 
2025-11-25 19:26:04,416 INFO: [IART_..][epoch:  4, iter:  59,535, lr:(1.296e-07,1.037e-07,)] [eta: 0:21:21, time (data): 2.661 (0.001)] l_pix: 2.0890e-02 
2025-11-25 19:26:07,165 INFO: [IART_..][epoch:  4, iter:  59,536, lr:(1.295e-07,1.037e-07,)] [eta: 0:21:18, time (data): 2.662 (0.001)] l_pix: 1.2640e-02 
2025-11-25 19:26:09,879 INFO: [IART_..][epoch:  4, iter:  59,537, lr:(1.294e-07,1.037e-07,)] [eta: 0:21:15, time (data): 2.663 (0.001)] l_pix: 8.2199e-03 
2025-11-25 19:26:12,468 INFO: [IART_..][epoch:  4, iter:  59,538, lr:(1.292e-07,1.036e-07,)] [eta: 0:21:12, time (data): 2.662 (0.001)] l_pix: 2.0410e-02 
2025-11-25 19:26:15,110 INFO: [IART_..][epoch:  4, iter:  59,539, lr:(1.291e-07,1.036e-07,)] [eta: 0:21:10, time (data): 2.662 (0.001)] l_pix: 8.4490e-03 
2025-11-25 19:26:17,766 INFO: [IART_..][epoch:  4, iter:  59,540, lr:(1.290e-07,1.036e-07,)] [eta: 0:21:07, time (data): 2.662 (0.001)] l_pix: 3.6799e-02 
2025-11-25 19:26:20,377 INFO: [IART_..][epoch:  4, iter:  59,541, lr:(1.289e-07,1.036e-07,)] [eta: 0:21:04, time (data): 2.661 (0.002)] l_pix: 7.0993e-03 
2025-11-25 19:26:23,033 INFO: [IART_..][epoch:  4, iter:  59,542, lr:(1.287e-07,1.036e-07,)] [eta: 0:21:01, time (data): 2.661 (0.002)] l_pix: 2.9729e-02 
2025-11-25 19:26:25,609 INFO: [IART_..][epoch:  4, iter:  59,543, lr:(1.286e-07,1.036e-07,)] [eta: 0:20:58, time (data): 2.661 (0.002)] l_pix: 1.9386e-02 
2025-11-25 19:26:28,328 INFO: [IART_..][epoch:  4, iter:  59,544, lr:(1.285e-07,1.035e-07,)] [eta: 0:20:56, time (data): 2.661 (0.002)] l_pix: 2.4186e-02 
2025-11-25 19:26:30,920 INFO: [IART_..][epoch:  4, iter:  59,545, lr:(1.284e-07,1.035e-07,)] [eta: 0:20:53, time (data): 2.661 (0.002)] l_pix: 2.7055e-02 
2025-11-25 19:26:33,528 INFO: [IART_..][epoch:  4, iter:  59,546, lr:(1.282e-07,1.035e-07,)] [eta: 0:20:50, time (data): 2.660 (0.001)] l_pix: 3.1378e-02 
2025-11-25 19:26:36,179 INFO: [IART_..][epoch:  4, iter:  59,547, lr:(1.281e-07,1.035e-07,)] [eta: 0:20:47, time (data): 2.660 (0.001)] l_pix: 2.1016e-02 
2025-11-25 19:26:38,790 INFO: [IART_..][epoch:  4, iter:  59,548, lr:(1.280e-07,1.035e-07,)] [eta: 0:20:45, time (data): 2.660 (0.002)] l_pix: 1.8579e-02 
2025-11-25 19:26:41,488 INFO: [IART_..][epoch:  4, iter:  59,549, lr:(1.279e-07,1.035e-07,)] [eta: 0:20:42, time (data): 2.660 (0.002)] l_pix: 1.1330e-02 
2025-11-25 19:26:44,029 INFO: [IART_..][epoch:  4, iter:  59,550, lr:(1.277e-07,1.035e-07,)] [eta: 0:20:39, time (data): 2.659 (0.002)] l_pix: 3.0947e-02 
2025-11-25 19:26:46,596 INFO: [IART_..][epoch:  4, iter:  59,551, lr:(1.276e-07,1.034e-07,)] [eta: 0:20:36, time (data): 2.658 (0.002)] l_pix: 2.6846e-02 
2025-11-25 19:26:49,219 INFO: [IART_..][epoch:  4, iter:  59,552, lr:(1.275e-07,1.034e-07,)] [eta: 0:20:33, time (data): 2.658 (0.002)] l_pix: 1.8309e-02 
2025-11-25 19:26:51,889 INFO: [IART_..][epoch:  4, iter:  59,553, lr:(1.274e-07,1.034e-07,)] [eta: 0:20:31, time (data): 2.658 (0.002)] l_pix: 1.4135e-02 
2025-11-25 19:26:54,639 INFO: [IART_..][epoch:  4, iter:  59,554, lr:(1.273e-07,1.034e-07,)] [eta: 0:20:28, time (data): 2.659 (0.002)] l_pix: 1.8460e-02 
2025-11-25 19:26:57,291 INFO: [IART_..][epoch:  4, iter:  59,555, lr:(1.271e-07,1.034e-07,)] [eta: 0:20:25, time (data): 2.659 (0.002)] l_pix: 2.3881e-02 
2025-11-25 19:26:59,947 INFO: [IART_..][epoch:  4, iter:  59,556, lr:(1.270e-07,1.034e-07,)] [eta: 0:20:22, time (data): 2.659 (0.002)] l_pix: 1.2138e-02 
2025-11-25 19:27:02,554 INFO: [IART_..][epoch:  4, iter:  59,557, lr:(1.269e-07,1.033e-07,)] [eta: 0:20:20, time (data): 2.658 (0.001)] l_pix: 2.9233e-02 
2025-11-25 19:27:05,172 INFO: [IART_..][epoch:  4, iter:  59,558, lr:(1.268e-07,1.033e-07,)] [eta: 0:20:17, time (data): 2.658 (0.001)] l_pix: 2.1236e-02 
2025-11-25 19:27:07,815 INFO: [IART_..][epoch:  4, iter:  59,559, lr:(1.266e-07,1.033e-07,)] [eta: 0:20:14, time (data): 2.658 (0.001)] l_pix: 2.4333e-02 
2025-11-25 19:27:10,483 INFO: [IART_..][epoch:  4, iter:  59,560, lr:(1.265e-07,1.033e-07,)] [eta: 0:20:11, time (data): 2.658 (0.002)] l_pix: 3.2558e-02 
2025-11-25 19:27:13,105 INFO: [IART_..][epoch:  4, iter:  59,561, lr:(1.264e-07,1.033e-07,)] [eta: 0:20:09, time (data): 2.658 (0.002)] l_pix: 1.5439e-02 
2025-11-25 19:27:15,699 INFO: [IART_..][epoch:  4, iter:  59,562, lr:(1.263e-07,1.033e-07,)] [eta: 0:20:06, time (data): 2.657 (0.002)] l_pix: 1.8811e-02 
2025-11-25 19:27:18,387 INFO: [IART_..][epoch:  4, iter:  59,563, lr:(1.262e-07,1.033e-07,)] [eta: 0:20:03, time (data): 2.658 (0.002)] l_pix: 2.2470e-02 
2025-11-25 19:27:21,045 INFO: [IART_..][epoch:  4, iter:  59,564, lr:(1.260e-07,1.032e-07,)] [eta: 0:20:00, time (data): 2.658 (0.002)] l_pix: 9.0563e-03 
2025-11-25 19:27:23,763 INFO: [IART_..][epoch:  4, iter:  59,565, lr:(1.259e-07,1.032e-07,)] [eta: 0:19:57, time (data): 2.658 (0.002)] l_pix: 3.4061e-02 
2025-11-25 19:27:26,420 INFO: [IART_..][epoch:  4, iter:  59,566, lr:(1.258e-07,1.032e-07,)] [eta: 0:19:55, time (data): 2.658 (0.002)] l_pix: 1.6762e-02 
2025-11-25 19:27:29,123 INFO: [IART_..][epoch:  4, iter:  59,567, lr:(1.257e-07,1.032e-07,)] [eta: 0:19:52, time (data): 2.658 (0.002)] l_pix: 3.2438e-02 
2025-11-25 19:27:31,923 INFO: [IART_..][epoch:  4, iter:  59,568, lr:(1.256e-07,1.032e-07,)] [eta: 0:19:49, time (data): 2.659 (0.002)] l_pix: 1.8414e-02 
2025-11-25 19:27:34,547 INFO: [IART_..][epoch:  4, iter:  59,569, lr:(1.254e-07,1.032e-07,)] [eta: 0:19:46, time (data): 2.659 (0.002)] l_pix: 2.0192e-02 
2025-11-25 19:27:37,221 INFO: [IART_..][epoch:  4, iter:  59,570, lr:(1.253e-07,1.032e-07,)] [eta: 0:19:44, time (data): 2.659 (0.002)] l_pix: 1.6658e-02 
2025-11-25 19:27:39,859 INFO: [IART_..][epoch:  4, iter:  59,571, lr:(1.252e-07,1.031e-07,)] [eta: 0:19:41, time (data): 2.659 (0.002)] l_pix: 2.3276e-02 
2025-11-25 19:27:42,467 INFO: [IART_..][epoch:  4, iter:  59,572, lr:(1.251e-07,1.031e-07,)] [eta: 0:19:38, time (data): 2.659 (0.002)] l_pix: 1.3176e-02 
2025-11-25 19:27:45,189 INFO: [IART_..][epoch:  4, iter:  59,573, lr:(1.250e-07,1.031e-07,)] [eta: 0:19:35, time (data): 2.659 (0.002)] l_pix: 2.2474e-02 
2025-11-25 19:27:47,907 INFO: [IART_..][epoch:  4, iter:  59,574, lr:(1.249e-07,1.031e-07,)] [eta: 0:19:33, time (data): 2.659 (0.002)] l_pix: 8.8734e-03 
2025-11-25 19:27:50,576 INFO: [IART_..][epoch:  4, iter:  59,575, lr:(1.247e-07,1.031e-07,)] [eta: 0:19:30, time (data): 2.659 (0.002)] l_pix: 2.2892e-02 
2025-11-25 19:27:53,152 INFO: [IART_..][epoch:  4, iter:  59,576, lr:(1.246e-07,1.031e-07,)] [eta: 0:19:27, time (data): 2.659 (0.002)] l_pix: 2.0414e-02 
2025-11-25 19:27:55,854 INFO: [IART_..][epoch:  4, iter:  59,577, lr:(1.245e-07,1.031e-07,)] [eta: 0:19:24, time (data): 2.659 (0.002)] l_pix: 1.6630e-02 
2025-11-25 19:27:58,604 INFO: [IART_..][epoch:  4, iter:  59,578, lr:(1.244e-07,1.030e-07,)] [eta: 0:19:21, time (data): 2.660 (0.002)] l_pix: 3.0478e-02 
2025-11-25 19:28:01,289 INFO: [IART_..][epoch:  4, iter:  59,579, lr:(1.243e-07,1.030e-07,)] [eta: 0:19:19, time (data): 2.660 (0.002)] l_pix: 2.5101e-02 
2025-11-25 19:28:04,011 INFO: [IART_..][epoch:  4, iter:  59,580, lr:(1.242e-07,1.030e-07,)] [eta: 0:19:16, time (data): 2.660 (0.002)] l_pix: 2.2466e-02 
2025-11-25 19:28:06,777 INFO: [IART_..][epoch:  4, iter:  59,581, lr:(1.241e-07,1.030e-07,)] [eta: 0:19:13, time (data): 2.661 (0.002)] l_pix: 1.9276e-02 
2025-11-25 19:28:09,482 INFO: [IART_..][epoch:  4, iter:  59,582, lr:(1.239e-07,1.030e-07,)] [eta: 0:19:10, time (data): 2.661 (0.002)] l_pix: 3.0857e-02 
2025-11-25 19:28:12,139 INFO: [IART_..][epoch:  4, iter:  59,583, lr:(1.238e-07,1.030e-07,)] [eta: 0:19:08, time (data): 2.661 (0.002)] l_pix: 1.8764e-02 
2025-11-25 19:28:14,778 INFO: [IART_..][epoch:  4, iter:  59,584, lr:(1.237e-07,1.030e-07,)] [eta: 0:19:05, time (data): 2.661 (0.002)] l_pix: 1.6803e-02 
2025-11-25 19:28:17,450 INFO: [IART_..][epoch:  4, iter:  59,585, lr:(1.236e-07,1.029e-07,)] [eta: 0:19:02, time (data): 2.661 (0.002)] l_pix: 9.8234e-03 
2025-11-25 19:28:20,046 INFO: [IART_..][epoch:  4, iter:  59,586, lr:(1.235e-07,1.029e-07,)] [eta: 0:18:59, time (data): 2.661 (0.002)] l_pix: 2.3972e-02 
2025-11-25 19:28:22,731 INFO: [IART_..][epoch:  4, iter:  59,587, lr:(1.234e-07,1.029e-07,)] [eta: 0:18:57, time (data): 2.661 (0.002)] l_pix: 3.5888e-02 
2025-11-25 19:28:25,402 INFO: [IART_..][epoch:  4, iter:  59,588, lr:(1.233e-07,1.029e-07,)] [eta: 0:18:54, time (data): 2.661 (0.002)] l_pix: 2.1130e-02 
2025-11-25 19:28:28,073 INFO: [IART_..][epoch:  4, iter:  59,589, lr:(1.231e-07,1.029e-07,)] [eta: 0:18:51, time (data): 2.661 (0.002)] l_pix: 1.7247e-02 
2025-11-25 19:28:30,683 INFO: [IART_..][epoch:  4, iter:  59,590, lr:(1.230e-07,1.029e-07,)] [eta: 0:18:48, time (data): 2.661 (0.002)] l_pix: 1.3415e-02 
2025-11-25 19:28:33,274 INFO: [IART_..][epoch:  4, iter:  59,591, lr:(1.229e-07,1.029e-07,)] [eta: 0:18:45, time (data): 2.660 (0.002)] l_pix: 2.4972e-02 
2025-11-25 19:28:35,963 INFO: [IART_..][epoch:  4, iter:  59,592, lr:(1.228e-07,1.028e-07,)] [eta: 0:18:43, time (data): 2.660 (0.002)] l_pix: 9.7043e-03 
2025-11-25 19:28:38,664 INFO: [IART_..][epoch:  4, iter:  59,593, lr:(1.227e-07,1.028e-07,)] [eta: 0:18:40, time (data): 2.661 (0.002)] l_pix: 1.8656e-02 
2025-11-25 19:28:41,369 INFO: [IART_..][epoch:  4, iter:  59,594, lr:(1.226e-07,1.028e-07,)] [eta: 0:18:37, time (data): 2.661 (0.002)] l_pix: 3.7843e-02 
2025-11-25 19:28:44,056 INFO: [IART_..][epoch:  4, iter:  59,595, lr:(1.225e-07,1.028e-07,)] [eta: 0:18:34, time (data): 2.661 (0.002)] l_pix: 1.3524e-02 
2025-11-25 19:28:46,656 INFO: [IART_..][epoch:  4, iter:  59,596, lr:(1.224e-07,1.028e-07,)] [eta: 0:18:32, time (data): 2.661 (0.002)] l_pix: 1.3651e-02 
2025-11-25 19:28:49,378 INFO: [IART_..][epoch:  4, iter:  59,597, lr:(1.223e-07,1.028e-07,)] [eta: 0:18:29, time (data): 2.661 (0.002)] l_pix: 2.4382e-02 
2025-11-25 19:28:52,049 INFO: [IART_..][epoch:  4, iter:  59,598, lr:(1.221e-07,1.028e-07,)] [eta: 0:18:26, time (data): 2.661 (0.002)] l_pix: 2.5129e-02 
2025-11-25 19:28:54,626 INFO: [IART_..][epoch:  4, iter:  59,599, lr:(1.220e-07,1.027e-07,)] [eta: 0:18:23, time (data): 2.661 (0.002)] l_pix: 8.6501e-03 
2025-11-25 19:28:57,376 INFO: [IART_..][epoch:  4, iter:  59,600, lr:(1.219e-07,1.027e-07,)] [eta: 0:18:21, time (data): 2.661 (0.002)] l_pix: 2.2494e-02 
2025-11-25 19:29:00,024 INFO: [IART_..][epoch:  4, iter:  59,601, lr:(1.218e-07,1.027e-07,)] [eta: 0:18:18, time (data): 2.661 (0.002)] l_pix: 2.6448e-02 
2025-11-25 19:29:02,665 INFO: [IART_..][epoch:  4, iter:  59,602, lr:(1.217e-07,1.027e-07,)] [eta: 0:18:15, time (data): 2.661 (0.002)] l_pix: 3.0234e-02 
2025-11-25 19:29:05,318 INFO: [IART_..][epoch:  4, iter:  59,603, lr:(1.216e-07,1.027e-07,)] [eta: 0:18:12, time (data): 2.661 (0.002)] l_pix: 3.0316e-02 
2025-11-25 19:29:07,908 INFO: [IART_..][epoch:  4, iter:  59,604, lr:(1.215e-07,1.027e-07,)] [eta: 0:18:10, time (data): 2.661 (0.002)] l_pix: 2.6639e-02 
2025-11-25 19:29:10,496 INFO: [IART_..][epoch:  4, iter:  59,605, lr:(1.214e-07,1.027e-07,)] [eta: 0:18:07, time (data): 2.660 (0.002)] l_pix: 2.5242e-02 
2025-11-25 19:29:13,118 INFO: [IART_..][epoch:  4, iter:  59,606, lr:(1.213e-07,1.026e-07,)] [eta: 0:18:04, time (data): 2.660 (0.002)] l_pix: 1.4940e-02 
2025-11-25 19:29:15,979 INFO: [IART_..][epoch:  4, iter:  59,607, lr:(1.212e-07,1.026e-07,)] [eta: 0:18:01, time (data): 2.661 (0.002)] l_pix: 2.5916e-02 
2025-11-25 19:29:18,651 INFO: [IART_..][epoch:  4, iter:  59,608, lr:(1.211e-07,1.026e-07,)] [eta: 0:17:58, time (data): 2.661 (0.002)] l_pix: 2.8954e-02 
2025-11-25 19:29:21,420 INFO: [IART_..][epoch:  4, iter:  59,609, lr:(1.209e-07,1.026e-07,)] [eta: 0:17:56, time (data): 2.662 (0.002)] l_pix: 1.9941e-02 
2025-11-25 19:29:24,061 INFO: [IART_..][epoch:  4, iter:  59,610, lr:(1.208e-07,1.026e-07,)] [eta: 0:17:53, time (data): 2.662 (0.002)] l_pix: 1.9880e-02 
2025-11-25 19:29:26,797 INFO: [IART_..][epoch:  4, iter:  59,611, lr:(1.207e-07,1.026e-07,)] [eta: 0:17:50, time (data): 2.662 (0.002)] l_pix: 2.0606e-02 
2025-11-25 19:29:29,405 INFO: [IART_..][epoch:  4, iter:  59,612, lr:(1.206e-07,1.026e-07,)] [eta: 0:17:47, time (data): 2.662 (0.002)] l_pix: 2.1048e-02 
2025-11-25 19:29:32,137 INFO: [IART_..][epoch:  4, iter:  59,613, lr:(1.205e-07,1.026e-07,)] [eta: 0:17:45, time (data): 2.662 (0.002)] l_pix: 2.0851e-02 
2025-11-25 19:29:34,791 INFO: [IART_..][epoch:  4, iter:  59,614, lr:(1.204e-07,1.025e-07,)] [eta: 0:17:42, time (data): 2.662 (0.002)] l_pix: 3.1187e-02 
2025-11-25 19:29:37,399 INFO: [IART_..][epoch:  4, iter:  59,615, lr:(1.203e-07,1.025e-07,)] [eta: 0:17:39, time (data): 2.662 (0.002)] l_pix: 3.5785e-02 
2025-11-25 19:29:40,052 INFO: [IART_..][epoch:  4, iter:  59,616, lr:(1.202e-07,1.025e-07,)] [eta: 0:17:36, time (data): 2.662 (0.002)] l_pix: 2.5280e-02 
2025-11-25 19:29:42,707 INFO: [IART_..][epoch:  4, iter:  59,617, lr:(1.201e-07,1.025e-07,)] [eta: 0:17:34, time (data): 2.662 (0.002)] l_pix: 4.3809e-02 
2025-11-25 19:29:45,335 INFO: [IART_..][epoch:  4, iter:  59,618, lr:(1.200e-07,1.025e-07,)] [eta: 0:17:31, time (data): 2.661 (0.002)] l_pix: 1.7761e-02 
2025-11-25 19:29:48,055 INFO: [IART_..][epoch:  4, iter:  59,619, lr:(1.199e-07,1.025e-07,)] [eta: 0:17:28, time (data): 2.662 (0.002)] l_pix: 3.5609e-02 
2025-11-25 19:29:50,704 INFO: [IART_..][epoch:  4, iter:  59,620, lr:(1.198e-07,1.025e-07,)] [eta: 0:17:25, time (data): 2.662 (0.002)] l_pix: 1.6321e-02 
2025-11-25 19:29:53,389 INFO: [IART_..][epoch:  4, iter:  59,621, lr:(1.197e-07,1.025e-07,)] [eta: 0:17:22, time (data): 2.662 (0.002)] l_pix: 4.3275e-02 
2025-11-25 19:29:55,966 INFO: [IART_..][epoch:  4, iter:  59,622, lr:(1.196e-07,1.024e-07,)] [eta: 0:17:20, time (data): 2.661 (0.002)] l_pix: 1.8755e-02 
2025-11-25 19:29:58,575 INFO: [IART_..][epoch:  4, iter:  59,623, lr:(1.195e-07,1.024e-07,)] [eta: 0:17:17, time (data): 2.661 (0.002)] l_pix: 1.3123e-02 
2025-11-25 19:30:01,294 INFO: [IART_..][epoch:  4, iter:  59,624, lr:(1.194e-07,1.024e-07,)] [eta: 0:17:14, time (data): 2.719 (0.016)] l_pix: 2.4083e-02 
2025-11-25 19:30:04,030 INFO: [IART_..][epoch:  4, iter:  59,625, lr:(1.193e-07,1.024e-07,)] [eta: 0:17:11, time (data): 2.728 (0.008)] l_pix: 2.5518e-02 
2025-11-25 19:30:06,684 INFO: [IART_..][epoch:  4, iter:  59,626, lr:(1.192e-07,1.024e-07,)] [eta: 0:17:09, time (data): 2.703 (0.005)] l_pix: 2.0777e-02 
2025-11-25 19:30:09,261 INFO: [IART_..][epoch:  4, iter:  59,627, lr:(1.191e-07,1.024e-07,)] [eta: 0:17:06, time (data): 2.672 (0.004)] l_pix: 3.8589e-02 
2025-11-25 19:30:12,030 INFO: [IART_..][epoch:  4, iter:  59,628, lr:(1.190e-07,1.024e-07,)] [eta: 0:17:03, time (data): 2.691 (0.003)] l_pix: 3.4234e-02 
2025-11-25 19:30:14,671 INFO: [IART_..][epoch:  4, iter:  59,629, lr:(1.189e-07,1.023e-07,)] [eta: 0:17:00, time (data): 2.683 (0.003)] l_pix: 2.5152e-02 
2025-11-25 19:30:17,341 INFO: [IART_..][epoch:  4, iter:  59,630, lr:(1.188e-07,1.023e-07,)] [eta: 0:16:58, time (data): 2.681 (0.002)] l_pix: 1.4701e-02 
2025-11-25 19:30:19,918 INFO: [IART_..][epoch:  4, iter:  59,631, lr:(1.187e-07,1.023e-07,)] [eta: 0:16:55, time (data): 2.668 (0.002)] l_pix: 2.6878e-02 
2025-11-25 19:30:22,510 INFO: [IART_..][epoch:  4, iter:  59,632, lr:(1.186e-07,1.023e-07,)] [eta: 0:16:52, time (data): 2.660 (0.002)] l_pix: 2.2722e-02 
2025-11-25 19:30:25,216 INFO: [IART_..][epoch:  4, iter:  59,633, lr:(1.185e-07,1.023e-07,)] [eta: 0:16:49, time (data): 2.664 (0.002)] l_pix: 2.5343e-02 
2025-11-25 19:30:27,873 INFO: [IART_..][epoch:  4, iter:  59,634, lr:(1.184e-07,1.023e-07,)] [eta: 0:16:47, time (data): 2.663 (0.001)] l_pix: 2.3253e-02 
2025-11-25 19:30:30,485 INFO: [IART_..][epoch:  4, iter:  59,635, lr:(1.183e-07,1.023e-07,)] [eta: 0:16:44, time (data): 2.659 (0.001)] l_pix: 2.0176e-02 
2025-11-25 19:30:33,149 INFO: [IART_..][epoch:  4, iter:  59,636, lr:(1.182e-07,1.023e-07,)] [eta: 0:16:41, time (data): 2.660 (0.001)] l_pix: 2.5408e-02 
2025-11-25 19:30:35,722 INFO: [IART_..][epoch:  4, iter:  59,637, lr:(1.181e-07,1.022e-07,)] [eta: 0:16:38, time (data): 2.653 (0.001)] l_pix: 2.9423e-02 
2025-11-25 19:30:38,282 INFO: [IART_..][epoch:  4, iter:  59,638, lr:(1.180e-07,1.022e-07,)] [eta: 0:16:35, time (data): 2.647 (0.001)] l_pix: 9.1361e-03 
2025-11-25 19:30:41,062 INFO: [IART_..][epoch:  4, iter:  59,639, lr:(1.179e-07,1.022e-07,)] [eta: 0:16:33, time (data): 2.654 (0.001)] l_pix: 2.0228e-02 
2025-11-25 19:30:43,650 INFO: [IART_..][epoch:  4, iter:  59,640, lr:(1.178e-07,1.022e-07,)] [eta: 0:16:30, time (data): 2.651 (0.002)] l_pix: 2.7174e-02 
2025-11-25 19:30:46,359 INFO: [IART_..][epoch:  4, iter:  59,641, lr:(1.177e-07,1.022e-07,)] [eta: 0:16:27, time (data): 2.654 (0.002)] l_pix: 1.6953e-02 
2025-11-25 19:30:48,983 INFO: [IART_..][epoch:  4, iter:  59,642, lr:(1.176e-07,1.022e-07,)] [eta: 0:16:24, time (data): 2.652 (0.002)] l_pix: 1.0395e-02 
2025-11-25 19:30:51,607 INFO: [IART_..][epoch:  4, iter:  59,643, lr:(1.175e-07,1.022e-07,)] [eta: 0:16:22, time (data): 2.651 (0.002)] l_pix: 1.8740e-02 
2025-11-25 19:30:54,358 INFO: [IART_..][epoch:  4, iter:  59,644, lr:(1.174e-07,1.022e-07,)] [eta: 0:16:19, time (data): 2.656 (0.002)] l_pix: 1.4916e-02 
2025-11-25 19:30:57,030 INFO: [IART_..][epoch:  4, iter:  59,645, lr:(1.173e-07,1.022e-07,)] [eta: 0:16:16, time (data): 2.656 (0.001)] l_pix: 2.2031e-02 
2025-11-25 19:30:59,812 INFO: [IART_..][epoch:  4, iter:  59,646, lr:(1.172e-07,1.021e-07,)] [eta: 0:16:13, time (data): 2.662 (0.001)] l_pix: 3.5169e-02 
2025-11-25 19:31:02,466 INFO: [IART_..][epoch:  4, iter:  59,647, lr:(1.171e-07,1.021e-07,)] [eta: 0:16:11, time (data): 2.661 (0.001)] l_pix: 1.1104e-02 
2025-11-25 19:31:05,089 INFO: [IART_..][epoch:  4, iter:  59,648, lr:(1.170e-07,1.021e-07,)] [eta: 0:16:08, time (data): 2.660 (0.001)] l_pix: 1.8153e-02 
2025-11-25 19:31:07,789 INFO: [IART_..][epoch:  4, iter:  59,649, lr:(1.169e-07,1.021e-07,)] [eta: 0:16:05, time (data): 2.662 (0.001)] l_pix: 1.9057e-02 
2025-11-25 19:31:10,460 INFO: [IART_..][epoch:  4, iter:  59,650, lr:(1.168e-07,1.021e-07,)] [eta: 0:16:02, time (data): 2.662 (0.001)] l_pix: 3.0607e-02 
2025-11-25 19:31:13,097 INFO: [IART_..][epoch:  4, iter:  59,651, lr:(1.167e-07,1.021e-07,)] [eta: 0:15:59, time (data): 2.661 (0.001)] l_pix: 2.7112e-02 
2025-11-25 19:31:15,910 INFO: [IART_..][epoch:  4, iter:  59,652, lr:(1.166e-07,1.021e-07,)] [eta: 0:15:57, time (data): 2.666 (0.001)] l_pix: 2.8326e-02 
2025-11-25 19:31:18,520 INFO: [IART_..][epoch:  4, iter:  59,653, lr:(1.165e-07,1.021e-07,)] [eta: 0:15:54, time (data): 2.664 (0.001)] l_pix: 2.1760e-02 
2025-11-25 19:31:21,159 INFO: [IART_..][epoch:  4, iter:  59,654, lr:(1.164e-07,1.020e-07,)] [eta: 0:15:51, time (data): 2.664 (0.001)] l_pix: 8.4448e-03 
2025-11-25 19:31:23,925 INFO: [IART_..][epoch:  4, iter:  59,655, lr:(1.163e-07,1.020e-07,)] [eta: 0:15:48, time (data): 2.667 (0.001)] l_pix: 1.9926e-02 
2025-11-25 19:31:26,613 INFO: [IART_..][epoch:  4, iter:  59,656, lr:(1.162e-07,1.020e-07,)] [eta: 0:15:46, time (data): 2.667 (0.001)] l_pix: 1.2060e-02 
2025-11-25 19:31:29,350 INFO: [IART_..][epoch:  4, iter:  59,657, lr:(1.161e-07,1.020e-07,)] [eta: 0:15:43, time (data): 2.669 (0.001)] l_pix: 2.0534e-02 
2025-11-25 19:31:31,980 INFO: [IART_..][epoch:  4, iter:  59,658, lr:(1.160e-07,1.020e-07,)] [eta: 0:15:40, time (data): 2.668 (0.001)] l_pix: 1.6663e-02 
2025-11-25 19:31:34,589 INFO: [IART_..][epoch:  4, iter:  59,659, lr:(1.159e-07,1.020e-07,)] [eta: 0:15:37, time (data): 2.667 (0.001)] l_pix: 2.2087e-02 
2025-11-25 19:31:37,359 INFO: [IART_..][epoch:  4, iter:  59,660, lr:(1.158e-07,1.020e-07,)] [eta: 0:15:35, time (data): 2.669 (0.001)] l_pix: 1.9718e-02 
2025-11-25 19:31:40,112 INFO: [IART_..][epoch:  4, iter:  59,661, lr:(1.157e-07,1.020e-07,)] [eta: 0:15:32, time (data): 2.672 (0.001)] l_pix: 1.3901e-02 
2025-11-25 19:31:42,786 INFO: [IART_..][epoch:  4, iter:  59,662, lr:(1.157e-07,1.019e-07,)] [eta: 0:15:29, time (data): 2.672 (0.001)] l_pix: 1.4725e-02 
2025-11-25 19:31:45,411 INFO: [IART_..][epoch:  4, iter:  59,663, lr:(1.156e-07,1.019e-07,)] [eta: 0:15:26, time (data): 2.671 (0.001)] l_pix: 2.6085e-02 
2025-11-25 19:31:48,293 INFO: [IART_..][epoch:  4, iter:  59,664, lr:(1.155e-07,1.019e-07,)] [eta: 0:15:24, time (data): 2.676 (0.001)] l_pix: 3.6622e-02 
2025-11-25 19:31:51,011 INFO: [IART_..][epoch:  4, iter:  59,665, lr:(1.154e-07,1.019e-07,)] [eta: 0:15:21, time (data): 2.677 (0.001)] l_pix: 3.5832e-02 
2025-11-25 19:31:53,746 INFO: [IART_..][epoch:  4, iter:  59,666, lr:(1.153e-07,1.019e-07,)] [eta: 0:15:18, time (data): 2.678 (0.001)] l_pix: 1.0233e-02 
2025-11-25 19:31:56,450 INFO: [IART_..][epoch:  4, iter:  59,667, lr:(1.152e-07,1.019e-07,)] [eta: 0:15:15, time (data): 2.679 (0.001)] l_pix: 1.6800e-02 
2025-11-25 19:31:59,152 INFO: [IART_..][epoch:  4, iter:  59,668, lr:(1.151e-07,1.019e-07,)] [eta: 0:15:13, time (data): 2.679 (0.001)] l_pix: 2.7017e-02 
2025-11-25 19:32:01,890 INFO: [IART_..][epoch:  4, iter:  59,669, lr:(1.150e-07,1.019e-07,)] [eta: 0:15:10, time (data): 2.680 (0.001)] l_pix: 1.6783e-02 
2025-11-25 19:32:04,530 INFO: [IART_..][epoch:  4, iter:  59,670, lr:(1.149e-07,1.019e-07,)] [eta: 0:15:07, time (data): 2.680 (0.001)] l_pix: 2.4666e-02 
2025-11-25 19:32:07,286 INFO: [IART_..][epoch:  4, iter:  59,671, lr:(1.148e-07,1.018e-07,)] [eta: 0:15:04, time (data): 2.681 (0.001)] l_pix: 2.7566e-02 
2025-11-25 19:32:10,151 INFO: [IART_..][epoch:  4, iter:  59,672, lr:(1.147e-07,1.018e-07,)] [eta: 0:15:01, time (data): 2.685 (0.001)] l_pix: 1.6995e-02 
2025-11-25 19:32:12,865 INFO: [IART_..][epoch:  4, iter:  59,673, lr:(1.146e-07,1.018e-07,)] [eta: 0:14:59, time (data): 2.685 (0.001)] l_pix: 2.4542e-02 
2025-11-25 19:32:15,650 INFO: [IART_..][epoch:  4, iter:  59,674, lr:(1.146e-07,1.018e-07,)] [eta: 0:14:56, time (data): 2.687 (0.001)] l_pix: 7.9123e-03 
2025-11-25 19:32:18,387 INFO: [IART_..][epoch:  4, iter:  59,675, lr:(1.145e-07,1.018e-07,)] [eta: 0:14:53, time (data): 2.688 (0.001)] l_pix: 3.2730e-02 
2025-11-25 19:32:21,016 INFO: [IART_..][epoch:  4, iter:  59,676, lr:(1.144e-07,1.018e-07,)] [eta: 0:14:50, time (data): 2.687 (0.001)] l_pix: 1.6259e-02 
2025-11-25 19:32:23,615 INFO: [IART_..][epoch:  4, iter:  59,677, lr:(1.143e-07,1.018e-07,)] [eta: 0:14:48, time (data): 2.686 (0.001)] l_pix: 2.2542e-02 
2025-11-25 19:32:26,228 INFO: [IART_..][epoch:  4, iter:  59,678, lr:(1.142e-07,1.018e-07,)] [eta: 0:14:45, time (data): 2.684 (0.001)] l_pix: 1.5028e-02 
2025-11-25 19:32:28,924 INFO: [IART_..][epoch:  4, iter:  59,679, lr:(1.141e-07,1.018e-07,)] [eta: 0:14:42, time (data): 2.684 (0.001)] l_pix: 2.0936e-02 
2025-11-25 19:32:31,683 INFO: [IART_..][epoch:  4, iter:  59,680, lr:(1.140e-07,1.017e-07,)] [eta: 0:14:39, time (data): 2.686 (0.001)] l_pix: 2.4603e-02 
2025-11-25 19:32:34,506 INFO: [IART_..][epoch:  4, iter:  59,681, lr:(1.139e-07,1.017e-07,)] [eta: 0:14:37, time (data): 2.688 (0.001)] l_pix: 2.1508e-02 
2025-11-25 19:32:37,248 INFO: [IART_..][epoch:  4, iter:  59,682, lr:(1.139e-07,1.017e-07,)] [eta: 0:14:34, time (data): 2.689 (0.001)] l_pix: 1.5560e-02 
2025-11-25 19:32:40,049 INFO: [IART_..][epoch:  4, iter:  59,683, lr:(1.138e-07,1.017e-07,)] [eta: 0:14:31, time (data): 2.691 (0.001)] l_pix: 2.4980e-02 
2025-11-25 19:32:42,864 INFO: [IART_..][epoch:  4, iter:  59,684, lr:(1.137e-07,1.017e-07,)] [eta: 0:14:28, time (data): 2.693 (0.001)] l_pix: 1.7740e-02 
2025-11-25 19:32:45,570 INFO: [IART_..][epoch:  4, iter:  59,685, lr:(1.136e-07,1.017e-07,)] [eta: 0:14:26, time (data): 2.693 (0.001)] l_pix: 2.2556e-02 
2025-11-25 19:32:48,211 INFO: [IART_..][epoch:  4, iter:  59,686, lr:(1.135e-07,1.017e-07,)] [eta: 0:14:23, time (data): 2.692 (0.001)] l_pix: 2.4313e-02 
2025-11-25 19:32:50,880 INFO: [IART_..][epoch:  4, iter:  59,687, lr:(1.134e-07,1.017e-07,)] [eta: 0:14:20, time (data): 2.692 (0.001)] l_pix: 2.0618e-02 
2025-11-25 19:32:53,600 INFO: [IART_..][epoch:  4, iter:  59,688, lr:(1.133e-07,1.017e-07,)] [eta: 0:14:17, time (data): 2.692 (0.001)] l_pix: 1.9279e-02 
2025-11-25 19:32:56,289 INFO: [IART_..][epoch:  4, iter:  59,689, lr:(1.133e-07,1.017e-07,)] [eta: 0:14:15, time (data): 2.692 (0.001)] l_pix: 2.0381e-02 
2025-11-25 19:32:59,035 INFO: [IART_..][epoch:  4, iter:  59,690, lr:(1.132e-07,1.016e-07,)] [eta: 0:14:12, time (data): 2.693 (0.001)] l_pix: 2.1030e-02 
2025-11-25 19:33:01,657 INFO: [IART_..][epoch:  4, iter:  59,691, lr:(1.131e-07,1.016e-07,)] [eta: 0:14:09, time (data): 2.692 (0.001)] l_pix: 8.9961e-03 
2025-11-25 19:33:04,497 INFO: [IART_..][epoch:  4, iter:  59,692, lr:(1.130e-07,1.016e-07,)] [eta: 0:14:06, time (data): 2.694 (0.001)] l_pix: 1.7552e-02 
2025-11-25 19:33:07,173 INFO: [IART_..][epoch:  4, iter:  59,693, lr:(1.129e-07,1.016e-07,)] [eta: 0:14:04, time (data): 2.694 (0.001)] l_pix: 2.0499e-02 
2025-11-25 19:33:09,797 INFO: [IART_..][epoch:  4, iter:  59,694, lr:(1.128e-07,1.016e-07,)] [eta: 0:14:01, time (data): 2.693 (0.001)] l_pix: 2.4186e-02 
2025-11-25 19:33:12,453 INFO: [IART_..][epoch:  4, iter:  59,695, lr:(1.127e-07,1.016e-07,)] [eta: 0:13:58, time (data): 2.692 (0.001)] l_pix: 1.7361e-02 
2025-11-25 19:33:15,300 INFO: [IART_..][epoch:  4, iter:  59,696, lr:(1.127e-07,1.016e-07,)] [eta: 0:13:55, time (data): 2.695 (0.001)] l_pix: 1.5291e-02 
2025-11-25 19:33:18,034 INFO: [IART_..][epoch:  4, iter:  59,697, lr:(1.126e-07,1.016e-07,)] [eta: 0:13:52, time (data): 2.695 (0.001)] l_pix: 1.6340e-02 
2025-11-25 19:33:20,780 INFO: [IART_..][epoch:  4, iter:  59,698, lr:(1.125e-07,1.016e-07,)] [eta: 0:13:50, time (data): 2.696 (0.001)] l_pix: 1.9736e-02 
2025-11-25 19:33:23,469 INFO: [IART_..][epoch:  4, iter:  59,699, lr:(1.124e-07,1.015e-07,)] [eta: 0:13:47, time (data): 2.696 (0.001)] l_pix: 1.2520e-02 
2025-11-25 19:33:26,200 INFO: [IART_..][epoch:  4, iter:  59,700, lr:(1.123e-07,1.015e-07,)] [eta: 0:13:44, time (data): 2.696 (0.001)] l_pix: 1.6164e-02 
2025-11-25 19:33:28,891 INFO: [IART_..][epoch:  4, iter:  59,701, lr:(1.122e-07,1.015e-07,)] [eta: 0:13:41, time (data): 2.696 (0.001)] l_pix: 2.2784e-02 
2025-11-25 19:33:31,481 INFO: [IART_..][epoch:  4, iter:  59,702, lr:(1.122e-07,1.015e-07,)] [eta: 0:13:39, time (data): 2.695 (0.001)] l_pix: 1.9659e-02 
2025-11-25 19:33:34,107 INFO: [IART_..][epoch:  4, iter:  59,703, lr:(1.121e-07,1.015e-07,)] [eta: 0:13:36, time (data): 2.694 (0.001)] l_pix: 2.7231e-02 
2025-11-25 19:33:36,620 INFO: [IART_..][epoch:  4, iter:  59,704, lr:(1.120e-07,1.015e-07,)] [eta: 0:13:33, time (data): 2.691 (0.001)] l_pix: 1.7874e-02 
2025-11-25 19:33:39,290 INFO: [IART_..][epoch:  4, iter:  59,705, lr:(1.119e-07,1.015e-07,)] [eta: 0:13:30, time (data): 2.691 (0.001)] l_pix: 2.2955e-02 
2025-11-25 19:33:41,992 INFO: [IART_..][epoch:  4, iter:  59,706, lr:(1.118e-07,1.015e-07,)] [eta: 0:13:28, time (data): 2.691 (0.001)] l_pix: 2.3809e-02 
2025-11-25 19:33:44,592 INFO: [IART_..][epoch:  4, iter:  59,707, lr:(1.118e-07,1.015e-07,)] [eta: 0:13:25, time (data): 2.690 (0.001)] l_pix: 1.8031e-02 
2025-11-25 19:33:47,165 INFO: [IART_..][epoch:  4, iter:  59,708, lr:(1.117e-07,1.015e-07,)] [eta: 0:13:22, time (data): 2.689 (0.001)] l_pix: 1.5496e-02 
2025-11-25 19:33:49,849 INFO: [IART_..][epoch:  4, iter:  59,709, lr:(1.116e-07,1.014e-07,)] [eta: 0:13:19, time (data): 2.689 (0.001)] l_pix: 3.8610e-02 
2025-11-25 19:33:52,517 INFO: [IART_..][epoch:  4, iter:  59,710, lr:(1.115e-07,1.014e-07,)] [eta: 0:13:17, time (data): 2.689 (0.001)] l_pix: 2.5581e-02 
2025-11-25 19:33:55,089 INFO: [IART_..][epoch:  4, iter:  59,711, lr:(1.114e-07,1.014e-07,)] [eta: 0:13:14, time (data): 2.687 (0.001)] l_pix: 1.8439e-02 
2025-11-25 19:33:57,740 INFO: [IART_..][epoch:  4, iter:  59,712, lr:(1.114e-07,1.014e-07,)] [eta: 0:13:11, time (data): 2.687 (0.001)] l_pix: 2.4557e-02 
2025-11-25 19:34:00,451 INFO: [IART_..][epoch:  4, iter:  59,713, lr:(1.113e-07,1.014e-07,)] [eta: 0:13:08, time (data): 2.687 (0.001)] l_pix: 2.1698e-02 
2025-11-25 19:34:03,167 INFO: [IART_..][epoch:  4, iter:  59,714, lr:(1.112e-07,1.014e-07,)] [eta: 0:13:05, time (data): 2.687 (0.001)] l_pix: 1.1223e-02 
2025-11-25 19:34:05,933 INFO: [IART_..][epoch:  4, iter:  59,715, lr:(1.111e-07,1.014e-07,)] [eta: 0:13:03, time (data): 2.688 (0.001)] l_pix: 3.3347e-02 
2025-11-25 19:34:08,565 INFO: [IART_..][epoch:  4, iter:  59,716, lr:(1.111e-07,1.014e-07,)] [eta: 0:13:00, time (data): 2.688 (0.001)] l_pix: 2.2943e-02 
2025-11-25 19:34:11,233 INFO: [IART_..][epoch:  4, iter:  59,717, lr:(1.110e-07,1.014e-07,)] [eta: 0:12:57, time (data): 2.687 (0.001)] l_pix: 2.0577e-02 
2025-11-25 19:34:13,852 INFO: [IART_..][epoch:  4, iter:  59,718, lr:(1.109e-07,1.014e-07,)] [eta: 0:12:54, time (data): 2.687 (0.001)] l_pix: 1.1899e-02 
2025-11-25 19:34:16,628 INFO: [IART_..][epoch:  4, iter:  59,719, lr:(1.108e-07,1.013e-07,)] [eta: 0:12:52, time (data): 2.688 (0.001)] l_pix: 1.8402e-02 
2025-11-25 19:34:19,201 INFO: [IART_..][epoch:  4, iter:  59,720, lr:(1.107e-07,1.013e-07,)] [eta: 0:12:49, time (data): 2.687 (0.001)] l_pix: 2.8238e-02 
2025-11-25 19:34:21,848 INFO: [IART_..][epoch:  4, iter:  59,721, lr:(1.107e-07,1.013e-07,)] [eta: 0:12:46, time (data): 2.686 (0.001)] l_pix: 1.3028e-02 
2025-11-25 19:34:24,549 INFO: [IART_..][epoch:  4, iter:  59,722, lr:(1.106e-07,1.013e-07,)] [eta: 0:12:43, time (data): 2.686 (0.001)] l_pix: 2.6418e-02 
2025-11-25 19:34:27,285 INFO: [IART_..][epoch:  4, iter:  59,723, lr:(1.105e-07,1.013e-07,)] [eta: 0:12:41, time (data): 2.687 (0.001)] l_pix: 2.0738e-02 
2025-11-25 19:34:30,026 INFO: [IART_..][epoch:  4, iter:  59,724, lr:(1.104e-07,1.013e-07,)] [eta: 0:12:38, time (data): 2.687 (0.001)] l_pix: 2.1708e-02 
2025-11-25 19:34:32,901 INFO: [IART_..][epoch:  4, iter:  59,725, lr:(1.104e-07,1.013e-07,)] [eta: 0:12:35, time (data): 2.689 (0.001)] l_pix: 1.3296e-02 
2025-11-25 19:34:35,667 INFO: [IART_..][epoch:  4, iter:  59,726, lr:(1.103e-07,1.013e-07,)] [eta: 0:12:32, time (data): 2.690 (0.001)] l_pix: 4.2171e-02 
2025-11-25 19:34:38,312 INFO: [IART_..][epoch:  4, iter:  59,727, lr:(1.102e-07,1.013e-07,)] [eta: 0:12:30, time (data): 2.689 (0.001)] l_pix: 3.4185e-02 
2025-11-25 19:34:40,964 INFO: [IART_..][epoch:  4, iter:  59,728, lr:(1.101e-07,1.013e-07,)] [eta: 0:12:27, time (data): 2.689 (0.001)] l_pix: 2.2378e-02 
2025-11-25 19:34:43,716 INFO: [IART_..][epoch:  4, iter:  59,729, lr:(1.101e-07,1.013e-07,)] [eta: 0:12:24, time (data): 2.690 (0.001)] l_pix: 1.2416e-02 
2025-11-25 19:34:46,390 INFO: [IART_..][epoch:  4, iter:  59,730, lr:(1.100e-07,1.012e-07,)] [eta: 0:12:21, time (data): 2.690 (0.001)] l_pix: 2.9661e-02 
2025-11-25 19:34:49,111 INFO: [IART_..][epoch:  4, iter:  59,731, lr:(1.099e-07,1.012e-07,)] [eta: 0:12:19, time (data): 2.690 (0.001)] l_pix: 3.8690e-02 
2025-11-25 19:34:51,734 INFO: [IART_..][epoch:  4, iter:  59,732, lr:(1.098e-07,1.012e-07,)] [eta: 0:12:16, time (data): 2.689 (0.001)] l_pix: 1.0636e-02 
2025-11-25 19:34:54,371 INFO: [IART_..][epoch:  4, iter:  59,733, lr:(1.098e-07,1.012e-07,)] [eta: 0:12:13, time (data): 2.689 (0.001)] l_pix: 1.4590e-02 
2025-11-25 19:34:56,975 INFO: [IART_..][epoch:  4, iter:  59,734, lr:(1.097e-07,1.012e-07,)] [eta: 0:12:10, time (data): 2.688 (0.001)] l_pix: 2.0467e-02 
2025-11-25 19:34:59,665 INFO: [IART_..][epoch:  4, iter:  59,735, lr:(1.096e-07,1.012e-07,)] [eta: 0:12:07, time (data): 2.688 (0.001)] l_pix: 1.4425e-02 
2025-11-25 19:35:02,330 INFO: [IART_..][epoch:  4, iter:  59,736, lr:(1.095e-07,1.012e-07,)] [eta: 0:12:05, time (data): 2.688 (0.001)] l_pix: 1.8758e-02 
2025-11-25 19:35:05,038 INFO: [IART_..][epoch:  4, iter:  59,737, lr:(1.095e-07,1.012e-07,)] [eta: 0:12:02, time (data): 2.688 (0.001)] l_pix: 2.5329e-02 
2025-11-25 19:35:07,720 INFO: [IART_..][epoch:  4, iter:  59,738, lr:(1.094e-07,1.012e-07,)] [eta: 0:11:59, time (data): 2.688 (0.001)] l_pix: 2.6221e-02 
2025-11-25 19:35:10,386 INFO: [IART_..][epoch:  4, iter:  59,739, lr:(1.093e-07,1.012e-07,)] [eta: 0:11:56, time (data): 2.688 (0.001)] l_pix: 2.9700e-02 
2025-11-25 19:35:13,019 INFO: [IART_..][epoch:  4, iter:  59,740, lr:(1.093e-07,1.012e-07,)] [eta: 0:11:54, time (data): 2.687 (0.001)] l_pix: 3.4299e-02 
2025-11-25 19:35:15,765 INFO: [IART_..][epoch:  4, iter:  59,741, lr:(1.092e-07,1.011e-07,)] [eta: 0:11:51, time (data): 2.688 (0.001)] l_pix: 1.2212e-02 
2025-11-25 19:35:18,417 INFO: [IART_..][epoch:  4, iter:  59,742, lr:(1.091e-07,1.011e-07,)] [eta: 0:11:48, time (data): 2.687 (0.001)] l_pix: 2.3048e-02 
2025-11-25 19:35:21,001 INFO: [IART_..][epoch:  4, iter:  59,743, lr:(1.090e-07,1.011e-07,)] [eta: 0:11:45, time (data): 2.687 (0.001)] l_pix: 2.7863e-02 
2025-11-25 19:35:23,652 INFO: [IART_..][epoch:  4, iter:  59,744, lr:(1.090e-07,1.011e-07,)] [eta: 0:11:43, time (data): 2.686 (0.001)] l_pix: 3.8213e-02 
2025-11-25 19:35:26,292 INFO: [IART_..][epoch:  4, iter:  59,745, lr:(1.089e-07,1.011e-07,)] [eta: 0:11:40, time (data): 2.686 (0.001)] l_pix: 1.1755e-02 
2025-11-25 19:35:28,899 INFO: [IART_..][epoch:  4, iter:  59,746, lr:(1.088e-07,1.011e-07,)] [eta: 0:11:37, time (data): 2.685 (0.001)] l_pix: 9.0172e-03 
2025-11-25 19:35:31,524 INFO: [IART_..][epoch:  4, iter:  59,747, lr:(1.088e-07,1.011e-07,)] [eta: 0:11:34, time (data): 2.685 (0.001)] l_pix: 1.7642e-02 
2025-11-25 19:35:34,080 INFO: [IART_..][epoch:  4, iter:  59,748, lr:(1.087e-07,1.011e-07,)] [eta: 0:11:32, time (data): 2.684 (0.001)] l_pix: 1.5684e-02 
2025-11-25 19:35:36,770 INFO: [IART_..][epoch:  4, iter:  59,749, lr:(1.086e-07,1.011e-07,)] [eta: 0:11:29, time (data): 2.684 (0.001)] l_pix: 2.6180e-02 
2025-11-25 19:35:39,330 INFO: [IART_..][epoch:  4, iter:  59,750, lr:(1.086e-07,1.011e-07,)] [eta: 0:11:26, time (data): 2.683 (0.001)] l_pix: 1.6119e-02 
2025-11-25 19:35:41,938 INFO: [IART_..][epoch:  4, iter:  59,751, lr:(1.085e-07,1.011e-07,)] [eta: 0:11:23, time (data): 2.682 (0.001)] l_pix: 8.3124e-03 
2025-11-25 19:35:44,575 INFO: [IART_..][epoch:  4, iter:  59,752, lr:(1.084e-07,1.010e-07,)] [eta: 0:11:20, time (data): 2.682 (0.001)] l_pix: 1.3941e-02 
2025-11-25 19:35:47,226 INFO: [IART_..][epoch:  4, iter:  59,753, lr:(1.084e-07,1.010e-07,)] [eta: 0:11:18, time (data): 2.682 (0.001)] l_pix: 2.1887e-02 
2025-11-25 19:35:49,874 INFO: [IART_..][epoch:  4, iter:  59,754, lr:(1.083e-07,1.010e-07,)] [eta: 0:11:15, time (data): 2.681 (0.001)] l_pix: 2.4813e-02 
2025-11-25 19:35:52,474 INFO: [IART_..][epoch:  4, iter:  59,755, lr:(1.082e-07,1.010e-07,)] [eta: 0:11:12, time (data): 2.681 (0.001)] l_pix: 1.7525e-02 
2025-11-25 19:35:55,145 INFO: [IART_..][epoch:  4, iter:  59,756, lr:(1.082e-07,1.010e-07,)] [eta: 0:11:09, time (data): 2.681 (0.001)] l_pix: 1.0597e-02 
2025-11-25 19:35:57,876 INFO: [IART_..][epoch:  4, iter:  59,757, lr:(1.081e-07,1.010e-07,)] [eta: 0:11:07, time (data): 2.681 (0.001)] l_pix: 2.0070e-02 
2025-11-25 19:36:00,411 INFO: [IART_..][epoch:  4, iter:  59,758, lr:(1.080e-07,1.010e-07,)] [eta: 0:11:04, time (data): 2.680 (0.001)] l_pix: 1.5748e-02 
2025-11-25 19:36:03,115 INFO: [IART_..][epoch:  4, iter:  59,759, lr:(1.080e-07,1.010e-07,)] [eta: 0:11:01, time (data): 2.680 (0.001)] l_pix: 2.5960e-02 
2025-11-25 19:36:05,692 INFO: [IART_..][epoch:  4, iter:  59,760, lr:(1.079e-07,1.010e-07,)] [eta: 0:10:58, time (data): 2.679 (0.001)] l_pix: 1.8240e-02 
2025-11-25 19:36:08,397 INFO: [IART_..][epoch:  4, iter:  59,761, lr:(1.078e-07,1.010e-07,)] [eta: 0:10:56, time (data): 2.680 (0.001)] l_pix: 3.2073e-02 
2025-11-25 19:36:11,009 INFO: [IART_..][epoch:  4, iter:  59,762, lr:(1.078e-07,1.010e-07,)] [eta: 0:10:53, time (data): 2.679 (0.001)] l_pix: 1.8017e-02 
2025-11-25 19:36:13,633 INFO: [IART_..][epoch:  4, iter:  59,763, lr:(1.077e-07,1.010e-07,)] [eta: 0:10:50, time (data): 2.679 (0.001)] l_pix: 2.6926e-02 
2025-11-25 19:36:16,230 INFO: [IART_..][epoch:  4, iter:  59,764, lr:(1.076e-07,1.010e-07,)] [eta: 0:10:47, time (data): 2.678 (0.001)] l_pix: 1.3287e-02 
2025-11-25 19:36:18,890 INFO: [IART_..][epoch:  4, iter:  59,765, lr:(1.076e-07,1.009e-07,)] [eta: 0:10:45, time (data): 2.678 (0.001)] l_pix: 2.4522e-02 
2025-11-25 19:36:21,640 INFO: [IART_..][epoch:  4, iter:  59,766, lr:(1.075e-07,1.009e-07,)] [eta: 0:10:42, time (data): 2.678 (0.001)] l_pix: 3.0806e-02 
2025-11-25 19:36:24,364 INFO: [IART_..][epoch:  4, iter:  59,767, lr:(1.074e-07,1.009e-07,)] [eta: 0:10:39, time (data): 2.679 (0.001)] l_pix: 2.6987e-02 
2025-11-25 19:36:26,972 INFO: [IART_..][epoch:  4, iter:  59,768, lr:(1.074e-07,1.009e-07,)] [eta: 0:10:36, time (data): 2.678 (0.001)] l_pix: 3.0111e-02 
2025-11-25 19:36:29,629 INFO: [IART_..][epoch:  4, iter:  59,769, lr:(1.073e-07,1.009e-07,)] [eta: 0:10:34, time (data): 2.678 (0.001)] l_pix: 1.6083e-02 
2025-11-25 19:36:32,256 INFO: [IART_..][epoch:  4, iter:  59,770, lr:(1.072e-07,1.009e-07,)] [eta: 0:10:31, time (data): 2.678 (0.001)] l_pix: 1.4832e-02 
2025-11-25 19:36:34,911 INFO: [IART_..][epoch:  4, iter:  59,771, lr:(1.072e-07,1.009e-07,)] [eta: 0:10:28, time (data): 2.678 (0.001)] l_pix: 1.4991e-02 
2025-11-25 19:36:37,506 INFO: [IART_..][epoch:  4, iter:  59,772, lr:(1.071e-07,1.009e-07,)] [eta: 0:10:25, time (data): 2.677 (0.001)] l_pix: 1.5612e-02 
2025-11-25 19:36:40,235 INFO: [IART_..][epoch:  4, iter:  59,773, lr:(1.071e-07,1.009e-07,)] [eta: 0:10:22, time (data): 2.677 (0.001)] l_pix: 1.2461e-02 
2025-11-25 19:36:42,920 INFO: [IART_..][epoch:  4, iter:  59,774, lr:(1.070e-07,1.009e-07,)] [eta: 0:10:20, time (data): 2.677 (0.001)] l_pix: 3.2934e-02 
2025-11-25 19:36:45,510 INFO: [IART_..][epoch:  4, iter:  59,775, lr:(1.069e-07,1.009e-07,)] [eta: 0:10:17, time (data): 2.677 (0.001)] l_pix: 1.6870e-02 
2025-11-25 19:36:48,112 INFO: [IART_..][epoch:  4, iter:  59,776, lr:(1.069e-07,1.009e-07,)] [eta: 0:10:14, time (data): 2.676 (0.001)] l_pix: 1.4943e-02 
2025-11-25 19:36:50,718 INFO: [IART_..][epoch:  4, iter:  59,777, lr:(1.068e-07,1.008e-07,)] [eta: 0:10:11, time (data): 2.676 (0.001)] l_pix: 2.1846e-02 
2025-11-25 19:36:53,323 INFO: [IART_..][epoch:  4, iter:  59,778, lr:(1.068e-07,1.008e-07,)] [eta: 0:10:09, time (data): 2.675 (0.001)] l_pix: 3.1890e-02 
2025-11-25 19:36:55,986 INFO: [IART_..][epoch:  4, iter:  59,779, lr:(1.067e-07,1.008e-07,)] [eta: 0:10:06, time (data): 2.675 (0.001)] l_pix: 1.3711e-02 
2025-11-25 19:36:58,591 INFO: [IART_..][epoch:  4, iter:  59,780, lr:(1.066e-07,1.008e-07,)] [eta: 0:10:03, time (data): 2.675 (0.001)] l_pix: 3.2496e-02 
2025-11-25 19:37:01,259 INFO: [IART_..][epoch:  4, iter:  59,781, lr:(1.066e-07,1.008e-07,)] [eta: 0:10:00, time (data): 2.675 (0.001)] l_pix: 2.2425e-02 
2025-11-25 19:37:03,857 INFO: [IART_..][epoch:  4, iter:  59,782, lr:(1.065e-07,1.008e-07,)] [eta: 0:09:58, time (data): 2.674 (0.001)] l_pix: 2.1210e-02 
2025-11-25 19:37:06,595 INFO: [IART_..][epoch:  4, iter:  59,783, lr:(1.065e-07,1.008e-07,)] [eta: 0:09:55, time (data): 2.675 (0.001)] l_pix: 3.3226e-02 
2025-11-25 19:37:09,445 INFO: [IART_..][epoch:  4, iter:  59,784, lr:(1.064e-07,1.008e-07,)] [eta: 0:09:52, time (data): 2.676 (0.001)] l_pix: 1.8629e-02 
2025-11-25 19:37:12,068 INFO: [IART_..][epoch:  4, iter:  59,785, lr:(1.063e-07,1.008e-07,)] [eta: 0:09:49, time (data): 2.676 (0.001)] l_pix: 1.7076e-02 
2025-11-25 19:37:14,689 INFO: [IART_..][epoch:  4, iter:  59,786, lr:(1.063e-07,1.008e-07,)] [eta: 0:09:47, time (data): 2.675 (0.001)] l_pix: 1.9370e-02 
2025-11-25 19:37:17,354 INFO: [IART_..][epoch:  4, iter:  59,787, lr:(1.062e-07,1.008e-07,)] [eta: 0:09:44, time (data): 2.675 (0.001)] l_pix: 1.5342e-02 
2025-11-25 19:37:20,005 INFO: [IART_..][epoch:  4, iter:  59,788, lr:(1.062e-07,1.008e-07,)] [eta: 0:09:41, time (data): 2.675 (0.001)] l_pix: 3.4090e-02 
2025-11-25 19:37:22,611 INFO: [IART_..][epoch:  4, iter:  59,789, lr:(1.061e-07,1.008e-07,)] [eta: 0:09:38, time (data): 2.675 (0.001)] l_pix: 2.2730e-02 
2025-11-25 19:37:25,309 INFO: [IART_..][epoch:  4, iter:  59,790, lr:(1.060e-07,1.008e-07,)] [eta: 0:09:36, time (data): 2.675 (0.001)] l_pix: 1.6300e-02 
2025-11-25 19:37:28,067 INFO: [IART_..][epoch:  4, iter:  59,791, lr:(1.060e-07,1.007e-07,)] [eta: 0:09:33, time (data): 2.675 (0.001)] l_pix: 2.6014e-02 
2025-11-25 19:37:30,774 INFO: [IART_..][epoch:  4, iter:  59,792, lr:(1.059e-07,1.007e-07,)] [eta: 0:09:30, time (data): 2.675 (0.001)] l_pix: 2.5645e-02 
2025-11-25 19:37:33,352 INFO: [IART_..][epoch:  4, iter:  59,793, lr:(1.059e-07,1.007e-07,)] [eta: 0:09:27, time (data): 2.675 (0.001)] l_pix: 1.3728e-02 
2025-11-25 19:37:36,066 INFO: [IART_..][epoch:  4, iter:  59,794, lr:(1.058e-07,1.007e-07,)] [eta: 0:09:25, time (data): 2.675 (0.001)] l_pix: 2.0636e-02 
2025-11-25 19:37:39,045 INFO: [IART_..][epoch:  4, iter:  59,795, lr:(1.058e-07,1.007e-07,)] [eta: 0:09:22, time (data): 2.677 (0.001)] l_pix: 2.4083e-02 
2025-11-25 19:37:41,647 INFO: [IART_..][epoch:  4, iter:  59,796, lr:(1.057e-07,1.007e-07,)] [eta: 0:09:19, time (data): 2.676 (0.001)] l_pix: 2.9104e-02 
2025-11-25 19:37:44,324 INFO: [IART_..][epoch:  4, iter:  59,797, lr:(1.056e-07,1.007e-07,)] [eta: 0:09:16, time (data): 2.676 (0.001)] l_pix: 2.0651e-02 
2025-11-25 19:37:46,929 INFO: [IART_..][epoch:  4, iter:  59,798, lr:(1.056e-07,1.007e-07,)] [eta: 0:09:13, time (data): 2.676 (0.001)] l_pix: 2.2167e-02 
2025-11-25 19:37:49,516 INFO: [IART_..][epoch:  4, iter:  59,799, lr:(1.055e-07,1.007e-07,)] [eta: 0:09:11, time (data): 2.675 (0.001)] l_pix: 1.7757e-02 
2025-11-25 19:37:52,171 INFO: [IART_..][epoch:  4, iter:  59,800, lr:(1.055e-07,1.007e-07,)] [eta: 0:09:08, time (data): 2.675 (0.001)] l_pix: 2.2360e-02 
2025-11-25 19:37:54,876 INFO: [IART_..][epoch:  4, iter:  59,801, lr:(1.054e-07,1.007e-07,)] [eta: 0:09:05, time (data): 2.675 (0.001)] l_pix: 1.9011e-02 
2025-11-25 19:37:57,535 INFO: [IART_..][epoch:  4, iter:  59,802, lr:(1.054e-07,1.007e-07,)] [eta: 0:09:02, time (data): 2.675 (0.001)] l_pix: 1.3058e-02 
2025-11-25 19:38:00,193 INFO: [IART_..][epoch:  4, iter:  59,803, lr:(1.053e-07,1.007e-07,)] [eta: 0:09:00, time (data): 2.675 (0.001)] l_pix: 2.8782e-02 
2025-11-25 19:38:02,901 INFO: [IART_..][epoch:  4, iter:  59,804, lr:(1.053e-07,1.007e-07,)] [eta: 0:08:57, time (data): 2.675 (0.001)] l_pix: 2.9132e-02 
2025-11-25 19:38:05,611 INFO: [IART_..][epoch:  4, iter:  59,805, lr:(1.052e-07,1.006e-07,)] [eta: 0:08:54, time (data): 2.676 (0.001)] l_pix: 3.1967e-02 
2025-11-25 19:38:08,206 INFO: [IART_..][epoch:  4, iter:  59,806, lr:(1.052e-07,1.006e-07,)] [eta: 0:08:51, time (data): 2.675 (0.001)] l_pix: 2.9405e-02 
2025-11-25 19:38:10,828 INFO: [IART_..][epoch:  4, iter:  59,807, lr:(1.051e-07,1.006e-07,)] [eta: 0:08:49, time (data): 2.675 (0.001)] l_pix: 2.1992e-02 
2025-11-25 19:38:13,611 INFO: [IART_..][epoch:  4, iter:  59,808, lr:(1.051e-07,1.006e-07,)] [eta: 0:08:46, time (data): 2.675 (0.001)] l_pix: 2.3351e-02 
2025-11-25 19:38:16,346 INFO: [IART_..][epoch:  4, iter:  59,809, lr:(1.050e-07,1.006e-07,)] [eta: 0:08:43, time (data): 2.676 (0.001)] l_pix: 3.0027e-02 
2025-11-25 19:38:19,066 INFO: [IART_..][epoch:  4, iter:  59,810, lr:(1.049e-07,1.006e-07,)] [eta: 0:08:40, time (data): 2.676 (0.001)] l_pix: 2.8234e-02 
2025-11-25 19:38:21,723 INFO: [IART_..][epoch:  4, iter:  59,811, lr:(1.049e-07,1.006e-07,)] [eta: 0:08:38, time (data): 2.676 (0.001)] l_pix: 2.8386e-02 
2025-11-25 19:38:24,395 INFO: [IART_..][epoch:  4, iter:  59,812, lr:(1.048e-07,1.006e-07,)] [eta: 0:08:35, time (data): 2.676 (0.001)] l_pix: 2.5378e-02 
2025-11-25 19:38:27,034 INFO: [IART_..][epoch:  4, iter:  59,813, lr:(1.048e-07,1.006e-07,)] [eta: 0:08:32, time (data): 2.676 (0.001)] l_pix: 1.3442e-02 
2025-11-25 19:38:29,749 INFO: [IART_..][epoch:  4, iter:  59,814, lr:(1.047e-07,1.006e-07,)] [eta: 0:08:29, time (data): 2.676 (0.001)] l_pix: 1.8109e-02 
2025-11-25 19:38:32,403 INFO: [IART_..][epoch:  4, iter:  59,815, lr:(1.047e-07,1.006e-07,)] [eta: 0:08:27, time (data): 2.676 (0.001)] l_pix: 2.3359e-02 
2025-11-25 19:38:35,006 INFO: [IART_..][epoch:  4, iter:  59,816, lr:(1.046e-07,1.006e-07,)] [eta: 0:08:24, time (data): 2.675 (0.001)] l_pix: 2.0389e-02 
2025-11-25 19:38:37,617 INFO: [IART_..][epoch:  4, iter:  59,817, lr:(1.046e-07,1.006e-07,)] [eta: 0:08:21, time (data): 2.675 (0.001)] l_pix: 2.4493e-02 
2025-11-25 19:38:40,310 INFO: [IART_..][epoch:  4, iter:  59,818, lr:(1.045e-07,1.006e-07,)] [eta: 0:08:18, time (data): 2.675 (0.001)] l_pix: 2.3945e-02 
2025-11-25 19:38:42,993 INFO: [IART_..][epoch:  4, iter:  59,819, lr:(1.045e-07,1.006e-07,)] [eta: 0:08:16, time (data): 2.675 (0.001)] l_pix: 1.1276e-02 
2025-11-25 19:38:45,705 INFO: [IART_..][epoch:  4, iter:  59,820, lr:(1.044e-07,1.006e-07,)] [eta: 0:08:13, time (data): 2.675 (0.001)] l_pix: 3.2543e-02 
2025-11-25 19:38:48,358 INFO: [IART_..][epoch:  4, iter:  59,821, lr:(1.044e-07,1.005e-07,)] [eta: 0:08:10, time (data): 2.675 (0.001)] l_pix: 3.0417e-02 
2025-11-25 19:38:51,119 INFO: [IART_..][epoch:  4, iter:  59,822, lr:(1.043e-07,1.005e-07,)] [eta: 0:08:07, time (data): 2.676 (0.001)] l_pix: 1.8020e-02 
2025-11-25 19:38:53,641 INFO: [IART_..][epoch:  4, iter:  59,823, lr:(1.043e-07,1.005e-07,)] [eta: 0:08:04, time (data): 2.675 (0.001)] l_pix: 2.1948e-02 
2025-11-25 19:38:56,387 INFO: [IART_..][epoch:  4, iter:  59,824, lr:(1.042e-07,1.005e-07,)] [eta: 0:08:02, time (data): 2.675 (0.001)] l_pix: 2.9959e-02 
2025-11-25 19:38:59,070 INFO: [IART_..][epoch:  4, iter:  59,825, lr:(1.042e-07,1.005e-07,)] [eta: 0:07:59, time (data): 2.682 (0.000)] l_pix: 1.5411e-02 
2025-11-25 19:39:01,700 INFO: [IART_..][epoch:  4, iter:  59,826, lr:(1.041e-07,1.005e-07,)] [eta: 0:07:56, time (data): 2.656 (0.000)] l_pix: 1.3246e-02 
2025-11-25 19:39:04,375 INFO: [IART_..][epoch:  4, iter:  59,827, lr:(1.041e-07,1.005e-07,)] [eta: 0:07:53, time (data): 2.662 (0.001)] l_pix: 2.0847e-02 
2025-11-25 19:39:07,017 INFO: [IART_..][epoch:  4, iter:  59,828, lr:(1.041e-07,1.005e-07,)] [eta: 0:07:51, time (data): 2.657 (0.000)] l_pix: 1.5106e-02 
2025-11-25 19:39:09,667 INFO: [IART_..][epoch:  4, iter:  59,829, lr:(1.040e-07,1.005e-07,)] [eta: 0:07:48, time (data): 2.656 (0.000)] l_pix: 3.1867e-02 
2025-11-25 19:39:12,317 INFO: [IART_..][epoch:  4, iter:  59,830, lr:(1.040e-07,1.005e-07,)] [eta: 0:07:45, time (data): 2.655 (0.000)] l_pix: 4.5402e-02 
2025-11-25 19:39:14,936 INFO: [IART_..][epoch:  4, iter:  59,831, lr:(1.039e-07,1.005e-07,)] [eta: 0:07:42, time (data): 2.650 (0.000)] l_pix: 1.7060e-02 
2025-11-25 19:39:17,509 INFO: [IART_..][epoch:  4, iter:  59,832, lr:(1.039e-07,1.005e-07,)] [eta: 0:07:40, time (data): 2.640 (0.000)] l_pix: 1.8515e-02 
2025-11-25 19:39:20,302 INFO: [IART_..][epoch:  4, iter:  59,833, lr:(1.038e-07,1.005e-07,)] [eta: 0:07:37, time (data): 2.657 (0.000)] l_pix: 1.7003e-02 
2025-11-25 19:39:22,996 INFO: [IART_..][epoch:  4, iter:  59,834, lr:(1.038e-07,1.005e-07,)] [eta: 0:07:34, time (data): 2.661 (0.000)] l_pix: 2.1833e-02 
2025-11-25 19:39:25,620 INFO: [IART_..][epoch:  4, iter:  59,835, lr:(1.037e-07,1.005e-07,)] [eta: 0:07:31, time (data): 2.657 (0.001)] l_pix: 4.7374e-02 
2025-11-25 19:39:28,309 INFO: [IART_..][epoch:  4, iter:  59,836, lr:(1.037e-07,1.005e-07,)] [eta: 0:07:29, time (data): 2.660 (0.001)] l_pix: 1.3223e-02 
2025-11-25 19:39:30,915 INFO: [IART_..][epoch:  4, iter:  59,837, lr:(1.036e-07,1.005e-07,)] [eta: 0:07:26, time (data): 2.656 (0.001)] l_pix: 3.2109e-02 
2025-11-25 19:39:33,514 INFO: [IART_..][epoch:  4, iter:  59,838, lr:(1.036e-07,1.004e-07,)] [eta: 0:07:23, time (data): 2.652 (0.001)] l_pix: 2.0628e-02 
2025-11-25 19:39:36,091 INFO: [IART_..][epoch:  4, iter:  59,839, lr:(1.036e-07,1.004e-07,)] [eta: 0:07:20, time (data): 2.647 (0.001)] l_pix: 2.3647e-02 
2025-11-25 19:39:38,951 INFO: [IART_..][epoch:  4, iter:  59,840, lr:(1.035e-07,1.004e-07,)] [eta: 0:07:18, time (data): 2.660 (0.001)] l_pix: 3.1366e-02 
2025-11-25 19:39:41,560 INFO: [IART_..][epoch:  4, iter:  59,841, lr:(1.035e-07,1.004e-07,)] [eta: 0:07:15, time (data): 2.657 (0.002)] l_pix: 3.0233e-02 
2025-11-25 19:39:44,218 INFO: [IART_..][epoch:  4, iter:  59,842, lr:(1.034e-07,1.004e-07,)] [eta: 0:07:12, time (data): 2.657 (0.002)] l_pix: 2.5457e-02 
2025-11-25 19:39:46,986 INFO: [IART_..][epoch:  4, iter:  59,843, lr:(1.034e-07,1.004e-07,)] [eta: 0:07:09, time (data): 2.663 (0.002)] l_pix: 2.7395e-02 
2025-11-25 19:39:49,597 INFO: [IART_..][epoch:  4, iter:  59,844, lr:(1.033e-07,1.004e-07,)] [eta: 0:07:07, time (data): 2.660 (0.001)] l_pix: 2.6951e-02 
2025-11-25 19:39:52,256 INFO: [IART_..][epoch:  4, iter:  59,845, lr:(1.033e-07,1.004e-07,)] [eta: 0:07:04, time (data): 2.660 (0.001)] l_pix: 2.3984e-02 
2025-11-25 19:39:54,927 INFO: [IART_..][epoch:  4, iter:  59,846, lr:(1.032e-07,1.004e-07,)] [eta: 0:07:01, time (data): 2.661 (0.001)] l_pix: 1.5742e-02 
2025-11-25 19:39:57,583 INFO: [IART_..][epoch:  4, iter:  59,847, lr:(1.032e-07,1.004e-07,)] [eta: 0:06:58, time (data): 2.661 (0.001)] l_pix: 1.3558e-02 
2025-11-25 19:40:00,344 INFO: [IART_..][epoch:  4, iter:  59,848, lr:(1.032e-07,1.004e-07,)] [eta: 0:06:56, time (data): 2.665 (0.001)] l_pix: 2.3049e-02 
2025-11-25 19:40:03,118 INFO: [IART_..][epoch:  4, iter:  59,849, lr:(1.031e-07,1.004e-07,)] [eta: 0:06:53, time (data): 2.669 (0.001)] l_pix: 1.3576e-02 
2025-11-25 19:40:05,791 INFO: [IART_..][epoch:  4, iter:  59,850, lr:(1.031e-07,1.004e-07,)] [eta: 0:06:50, time (data): 2.669 (0.001)] l_pix: 2.2305e-02 
2025-11-25 19:40:08,469 INFO: [IART_..][epoch:  4, iter:  59,851, lr:(1.030e-07,1.004e-07,)] [eta: 0:06:47, time (data): 2.669 (0.001)] l_pix: 2.7187e-02 
2025-11-25 19:40:11,087 INFO: [IART_..][epoch:  4, iter:  59,852, lr:(1.030e-07,1.004e-07,)] [eta: 0:06:45, time (data): 2.668 (0.001)] l_pix: 3.5064e-02 
2025-11-25 19:40:13,776 INFO: [IART_..][epoch:  4, iter:  59,853, lr:(1.030e-07,1.004e-07,)] [eta: 0:06:42, time (data): 2.668 (0.001)] l_pix: 2.7365e-02 
2025-11-25 19:40:16,415 INFO: [IART_..][epoch:  4, iter:  59,854, lr:(1.029e-07,1.004e-07,)] [eta: 0:06:39, time (data): 2.667 (0.001)] l_pix: 1.9823e-02 
2025-11-25 19:40:19,087 INFO: [IART_..][epoch:  4, iter:  59,855, lr:(1.029e-07,1.004e-07,)] [eta: 0:06:36, time (data): 2.668 (0.001)] l_pix: 2.0229e-02 
2025-11-25 19:40:21,891 INFO: [IART_..][epoch:  4, iter:  59,856, lr:(1.028e-07,1.004e-07,)] [eta: 0:06:33, time (data): 2.672 (0.001)] l_pix: 3.8038e-02 
2025-11-25 19:40:24,540 INFO: [IART_..][epoch:  4, iter:  59,857, lr:(1.028e-07,1.003e-07,)] [eta: 0:06:31, time (data): 2.671 (0.001)] l_pix: 2.1453e-02 
2025-11-25 19:40:27,152 INFO: [IART_..][epoch:  4, iter:  59,858, lr:(1.028e-07,1.003e-07,)] [eta: 0:06:28, time (data): 2.669 (0.001)] l_pix: 2.2210e-02 
2025-11-25 19:40:29,793 INFO: [IART_..][epoch:  4, iter:  59,859, lr:(1.027e-07,1.003e-07,)] [eta: 0:06:25, time (data): 2.669 (0.001)] l_pix: 1.8741e-02 
2025-11-25 19:40:32,438 INFO: [IART_..][epoch:  4, iter:  59,860, lr:(1.027e-07,1.003e-07,)] [eta: 0:06:22, time (data): 2.668 (0.001)] l_pix: 1.6596e-02 
2025-11-25 19:40:35,074 INFO: [IART_..][epoch:  4, iter:  59,861, lr:(1.026e-07,1.003e-07,)] [eta: 0:06:20, time (data): 2.667 (0.001)] l_pix: 3.0194e-02 
2025-11-25 19:40:37,792 INFO: [IART_..][epoch:  4, iter:  59,862, lr:(1.026e-07,1.003e-07,)] [eta: 0:06:17, time (data): 2.668 (0.001)] l_pix: 1.7899e-02 
2025-11-25 19:40:40,435 INFO: [IART_..][epoch:  4, iter:  59,863, lr:(1.026e-07,1.003e-07,)] [eta: 0:06:14, time (data): 2.668 (0.001)] l_pix: 9.0027e-03 
2025-11-25 19:40:43,170 INFO: [IART_..][epoch:  4, iter:  59,864, lr:(1.025e-07,1.003e-07,)] [eta: 0:06:11, time (data): 2.669 (0.001)] l_pix: 1.9869e-02 
2025-11-25 19:40:45,757 INFO: [IART_..][epoch:  4, iter:  59,865, lr:(1.025e-07,1.003e-07,)] [eta: 0:06:09, time (data): 2.667 (0.001)] l_pix: 1.0182e-02 
2025-11-25 19:40:48,565 INFO: [IART_..][epoch:  4, iter:  59,866, lr:(1.025e-07,1.003e-07,)] [eta: 0:06:06, time (data): 2.671 (0.001)] l_pix: 1.5071e-02 
2025-11-25 19:40:51,356 INFO: [IART_..][epoch:  4, iter:  59,867, lr:(1.024e-07,1.003e-07,)] [eta: 0:06:03, time (data): 2.674 (0.001)] l_pix: 9.2640e-03 
2025-11-25 19:40:54,173 INFO: [IART_..][epoch:  4, iter:  59,868, lr:(1.024e-07,1.003e-07,)] [eta: 0:06:00, time (data): 2.677 (0.002)] l_pix: 2.0613e-02 
2025-11-25 19:40:56,850 INFO: [IART_..][epoch:  4, iter:  59,869, lr:(1.024e-07,1.003e-07,)] [eta: 0:05:58, time (data): 2.677 (0.002)] l_pix: 2.1804e-02 
2025-11-25 19:40:59,525 INFO: [IART_..][epoch:  4, iter:  59,870, lr:(1.023e-07,1.003e-07,)] [eta: 0:05:55, time (data): 2.677 (0.002)] l_pix: 2.2205e-02 
2025-11-25 19:41:02,146 INFO: [IART_..][epoch:  4, iter:  59,871, lr:(1.023e-07,1.003e-07,)] [eta: 0:05:52, time (data): 2.676 (0.002)] l_pix: 3.6704e-02 
2025-11-25 19:41:04,711 INFO: [IART_..][epoch:  4, iter:  59,872, lr:(1.022e-07,1.003e-07,)] [eta: 0:05:49, time (data): 2.673 (0.001)] l_pix: 2.8103e-02 
2025-11-25 19:41:07,334 INFO: [IART_..][epoch:  4, iter:  59,873, lr:(1.022e-07,1.003e-07,)] [eta: 0:05:47, time (data): 2.672 (0.001)] l_pix: 2.6140e-02 
2025-11-25 19:41:10,051 INFO: [IART_..][epoch:  4, iter:  59,874, lr:(1.022e-07,1.003e-07,)] [eta: 0:05:44, time (data): 2.673 (0.001)] l_pix: 2.1713e-02 
2025-11-25 19:41:12,766 INFO: [IART_..][epoch:  4, iter:  59,875, lr:(1.021e-07,1.003e-07,)] [eta: 0:05:41, time (data): 2.674 (0.001)] l_pix: 1.4569e-02 
2025-11-25 19:41:15,517 INFO: [IART_..][epoch:  4, iter:  59,876, lr:(1.021e-07,1.003e-07,)] [eta: 0:05:38, time (data): 2.675 (0.001)] l_pix: 2.2527e-02 
2025-11-25 19:41:18,142 INFO: [IART_..][epoch:  4, iter:  59,877, lr:(1.021e-07,1.003e-07,)] [eta: 0:05:36, time (data): 2.675 (0.001)] l_pix: 2.8144e-02 
2025-11-25 19:41:20,799 INFO: [IART_..][epoch:  4, iter:  59,878, lr:(1.020e-07,1.003e-07,)] [eta: 0:05:33, time (data): 2.674 (0.001)] l_pix: 1.9617e-02 
2025-11-25 19:41:23,516 INFO: [IART_..][epoch:  4, iter:  59,879, lr:(1.020e-07,1.002e-07,)] [eta: 0:05:30, time (data): 2.675 (0.001)] l_pix: 1.3361e-02 
2025-11-25 19:41:26,203 INFO: [IART_..][epoch:  4, iter:  59,880, lr:(1.020e-07,1.002e-07,)] [eta: 0:05:27, time (data): 2.675 (0.001)] l_pix: 1.4118e-02 
2025-11-25 19:41:28,889 INFO: [IART_..][epoch:  4, iter:  59,881, lr:(1.019e-07,1.002e-07,)] [eta: 0:05:25, time (data): 2.675 (0.001)] l_pix: 2.6839e-02 
2025-11-25 19:41:31,594 INFO: [IART_..][epoch:  4, iter:  59,882, lr:(1.019e-07,1.002e-07,)] [eta: 0:05:22, time (data): 2.676 (0.001)] l_pix: 2.5347e-02 
2025-11-25 19:41:34,280 INFO: [IART_..][epoch:  4, iter:  59,883, lr:(1.019e-07,1.002e-07,)] [eta: 0:05:19, time (data): 2.676 (0.001)] l_pix: 2.3753e-02 
2025-11-25 19:41:37,108 INFO: [IART_..][epoch:  4, iter:  59,884, lr:(1.018e-07,1.002e-07,)] [eta: 0:05:16, time (data): 2.679 (0.001)] l_pix: 2.2937e-02 
2025-11-25 19:41:39,810 INFO: [IART_..][epoch:  4, iter:  59,885, lr:(1.018e-07,1.002e-07,)] [eta: 0:05:14, time (data): 2.679 (0.001)] l_pix: 1.7651e-02 
2025-11-25 19:41:42,516 INFO: [IART_..][epoch:  4, iter:  59,886, lr:(1.018e-07,1.002e-07,)] [eta: 0:05:11, time (data): 2.679 (0.002)] l_pix: 1.7610e-02 
2025-11-25 19:41:45,144 INFO: [IART_..][epoch:  4, iter:  59,887, lr:(1.017e-07,1.002e-07,)] [eta: 0:05:08, time (data): 2.679 (0.002)] l_pix: 1.4659e-02 
2025-11-25 19:41:47,833 INFO: [IART_..][epoch:  4, iter:  59,888, lr:(1.017e-07,1.002e-07,)] [eta: 0:05:05, time (data): 2.679 (0.002)] l_pix: 1.2653e-02 
2025-11-25 19:41:50,523 INFO: [IART_..][epoch:  4, iter:  59,889, lr:(1.017e-07,1.002e-07,)] [eta: 0:05:03, time (data): 2.679 (0.002)] l_pix: 2.0468e-02 
2025-11-25 19:41:53,217 INFO: [IART_..][epoch:  4, iter:  59,890, lr:(1.017e-07,1.002e-07,)] [eta: 0:05:00, time (data): 2.679 (0.002)] l_pix: 2.6036e-02 
2025-11-25 19:41:55,932 INFO: [IART_..][epoch:  4, iter:  59,891, lr:(1.016e-07,1.002e-07,)] [eta: 0:04:57, time (data): 2.680 (0.002)] l_pix: 1.9948e-02 
2025-11-25 19:41:58,651 INFO: [IART_..][epoch:  4, iter:  59,892, lr:(1.016e-07,1.002e-07,)] [eta: 0:04:54, time (data): 2.680 (0.002)] l_pix: 1.7809e-02 
2025-11-25 19:42:01,316 INFO: [IART_..][epoch:  4, iter:  59,893, lr:(1.016e-07,1.002e-07,)] [eta: 0:04:51, time (data): 2.680 (0.002)] l_pix: 2.0721e-02 
2025-11-25 19:42:04,041 INFO: [IART_..][epoch:  4, iter:  59,894, lr:(1.015e-07,1.002e-07,)] [eta: 0:04:49, time (data): 2.681 (0.002)] l_pix: 2.2936e-02 
2025-11-25 19:42:06,764 INFO: [IART_..][epoch:  4, iter:  59,895, lr:(1.015e-07,1.002e-07,)] [eta: 0:04:46, time (data): 2.681 (0.002)] l_pix: 1.0149e-02 
2025-11-25 19:42:09,534 INFO: [IART_..][epoch:  4, iter:  59,896, lr:(1.015e-07,1.002e-07,)] [eta: 0:04:43, time (data): 2.683 (0.002)] l_pix: 1.8522e-02 
2025-11-25 19:42:12,174 INFO: [IART_..][epoch:  4, iter:  59,897, lr:(1.015e-07,1.002e-07,)] [eta: 0:04:40, time (data): 2.682 (0.002)] l_pix: 2.4804e-02 
2025-11-25 19:42:14,812 INFO: [IART_..][epoch:  4, iter:  59,898, lr:(1.014e-07,1.002e-07,)] [eta: 0:04:38, time (data): 2.681 (0.002)] l_pix: 8.6895e-03 
2025-11-25 19:42:17,554 INFO: [IART_..][epoch:  4, iter:  59,899, lr:(1.014e-07,1.002e-07,)] [eta: 0:04:35, time (data): 2.682 (0.002)] l_pix: 3.2278e-02 
2025-11-25 19:42:20,287 INFO: [IART_..][epoch:  4, iter:  59,900, lr:(1.014e-07,1.002e-07,)] [eta: 0:04:32, time (data): 2.683 (0.002)] l_pix: 3.6629e-02 
2025-11-25 19:42:22,915 INFO: [IART_..][epoch:  4, iter:  59,901, lr:(1.013e-07,1.002e-07,)] [eta: 0:04:29, time (data): 2.682 (0.002)] l_pix: 2.5728e-02 
2025-11-25 19:42:25,556 INFO: [IART_..][epoch:  4, iter:  59,902, lr:(1.013e-07,1.002e-07,)] [eta: 0:04:27, time (data): 2.682 (0.002)] l_pix: 1.0013e-02 
2025-11-25 19:42:28,231 INFO: [IART_..][epoch:  4, iter:  59,903, lr:(1.013e-07,1.002e-07,)] [eta: 0:04:24, time (data): 2.681 (0.002)] l_pix: 3.4646e-02 
2025-11-25 19:42:30,823 INFO: [IART_..][epoch:  4, iter:  59,904, lr:(1.013e-07,1.002e-07,)] [eta: 0:04:21, time (data): 2.680 (0.002)] l_pix: 2.9173e-02 
2025-11-25 19:42:33,352 INFO: [IART_..][epoch:  4, iter:  59,905, lr:(1.012e-07,1.002e-07,)] [eta: 0:04:18, time (data): 2.678 (0.002)] l_pix: 1.3706e-02 
2025-11-25 19:42:35,918 INFO: [IART_..][epoch:  4, iter:  59,906, lr:(1.012e-07,1.002e-07,)] [eta: 0:04:16, time (data): 2.677 (0.002)] l_pix: 2.0323e-02 
2025-11-25 19:42:38,551 INFO: [IART_..][epoch:  4, iter:  59,907, lr:(1.012e-07,1.001e-07,)] [eta: 0:04:13, time (data): 2.677 (0.002)] l_pix: 3.2213e-02 
2025-11-25 19:42:41,187 INFO: [IART_..][epoch:  4, iter:  59,908, lr:(1.012e-07,1.001e-07,)] [eta: 0:04:10, time (data): 2.676 (0.002)] l_pix: 2.4468e-02 
2025-11-25 19:42:43,844 INFO: [IART_..][epoch:  4, iter:  59,909, lr:(1.011e-07,1.001e-07,)] [eta: 0:04:07, time (data): 2.676 (0.002)] l_pix: 2.2278e-02 
2025-11-25 19:42:46,464 INFO: [IART_..][epoch:  4, iter:  59,910, lr:(1.011e-07,1.001e-07,)] [eta: 0:04:05, time (data): 2.675 (0.002)] l_pix: 2.8376e-02 
2025-11-25 19:42:49,078 INFO: [IART_..][epoch:  4, iter:  59,911, lr:(1.011e-07,1.001e-07,)] [eta: 0:04:02, time (data): 2.675 (0.002)] l_pix: 1.2371e-02 
2025-11-25 19:42:51,713 INFO: [IART_..][epoch:  4, iter:  59,912, lr:(1.011e-07,1.001e-07,)] [eta: 0:03:59, time (data): 2.674 (0.002)] l_pix: 1.3648e-02 
2025-11-25 19:42:54,513 INFO: [IART_..][epoch:  4, iter:  59,913, lr:(1.010e-07,1.001e-07,)] [eta: 0:03:56, time (data): 2.675 (0.002)] l_pix: 5.4384e-03 
2025-11-25 19:42:57,125 INFO: [IART_..][epoch:  4, iter:  59,914, lr:(1.010e-07,1.001e-07,)] [eta: 0:03:54, time (data): 2.675 (0.002)] l_pix: 2.4168e-02 
2025-11-25 19:42:59,696 INFO: [IART_..][epoch:  4, iter:  59,915, lr:(1.010e-07,1.001e-07,)] [eta: 0:03:51, time (data): 2.674 (0.002)] l_pix: 2.3448e-02 
2025-11-25 19:43:02,336 INFO: [IART_..][epoch:  4, iter:  59,916, lr:(1.010e-07,1.001e-07,)] [eta: 0:03:48, time (data): 2.673 (0.002)] l_pix: 3.3210e-02 
2025-11-25 19:43:05,034 INFO: [IART_..][epoch:  4, iter:  59,917, lr:(1.009e-07,1.001e-07,)] [eta: 0:03:45, time (data): 2.674 (0.002)] l_pix: 1.5948e-02 
2025-11-25 19:43:07,598 INFO: [IART_..][epoch:  4, iter:  59,918, lr:(1.009e-07,1.001e-07,)] [eta: 0:03:43, time (data): 2.672 (0.002)] l_pix: 1.3807e-02 
2025-11-25 19:43:10,347 INFO: [IART_..][epoch:  4, iter:  59,919, lr:(1.009e-07,1.001e-07,)] [eta: 0:03:40, time (data): 2.673 (0.002)] l_pix: 1.8804e-02 
2025-11-25 19:43:12,940 INFO: [IART_..][epoch:  4, iter:  59,920, lr:(1.009e-07,1.001e-07,)] [eta: 0:03:37, time (data): 2.672 (0.002)] l_pix: 1.2560e-02 
2025-11-25 19:43:15,562 INFO: [IART_..][epoch:  4, iter:  59,921, lr:(1.009e-07,1.001e-07,)] [eta: 0:03:34, time (data): 2.672 (0.002)] l_pix: 2.4153e-02 
2025-11-25 19:43:18,149 INFO: [IART_..][epoch:  4, iter:  59,922, lr:(1.008e-07,1.001e-07,)] [eta: 0:03:32, time (data): 2.671 (0.002)] l_pix: 2.8601e-02 
2025-11-25 19:43:20,876 INFO: [IART_..][epoch:  4, iter:  59,923, lr:(1.008e-07,1.001e-07,)] [eta: 0:03:29, time (data): 2.672 (0.002)] l_pix: 1.3486e-02 
2025-11-25 19:43:23,606 INFO: [IART_..][epoch:  4, iter:  59,924, lr:(1.008e-07,1.001e-07,)] [eta: 0:03:26, time (data): 2.672 (0.002)] l_pix: 1.6427e-02 
2025-11-25 19:43:26,262 INFO: [IART_..][epoch:  4, iter:  59,925, lr:(1.008e-07,1.001e-07,)] [eta: 0:03:23, time (data): 2.672 (0.002)] l_pix: 1.9096e-02 
2025-11-25 19:43:28,885 INFO: [IART_..][epoch:  4, iter:  59,926, lr:(1.008e-07,1.001e-07,)] [eta: 0:03:21, time (data): 2.671 (0.002)] l_pix: 2.6162e-02 
2025-11-25 19:43:31,542 INFO: [IART_..][epoch:  4, iter:  59,927, lr:(1.007e-07,1.001e-07,)] [eta: 0:03:18, time (data): 2.671 (0.002)] l_pix: 1.4472e-02 
2025-11-25 19:43:34,310 INFO: [IART_..][epoch:  4, iter:  59,928, lr:(1.007e-07,1.001e-07,)] [eta: 0:03:15, time (data): 2.672 (0.002)] l_pix: 2.0557e-02 
2025-11-25 19:43:36,916 INFO: [IART_..][epoch:  4, iter:  59,929, lr:(1.007e-07,1.001e-07,)] [eta: 0:03:12, time (data): 2.672 (0.002)] l_pix: 2.7125e-02 
2025-11-25 19:43:39,546 INFO: [IART_..][epoch:  4, iter:  59,930, lr:(1.007e-07,1.001e-07,)] [eta: 0:03:10, time (data): 2.671 (0.002)] l_pix: 2.7476e-02 
2025-11-25 19:43:42,234 INFO: [IART_..][epoch:  4, iter:  59,931, lr:(1.007e-07,1.001e-07,)] [eta: 0:03:07, time (data): 2.671 (0.002)] l_pix: 1.1610e-02 
2025-11-25 19:43:44,823 INFO: [IART_..][epoch:  4, iter:  59,932, lr:(1.006e-07,1.001e-07,)] [eta: 0:03:04, time (data): 2.671 (0.002)] l_pix: 1.0928e-02 
2025-11-25 19:43:47,684 INFO: [IART_..][epoch:  4, iter:  59,933, lr:(1.006e-07,1.001e-07,)] [eta: 0:03:01, time (data): 2.672 (0.002)] l_pix: 2.1673e-02 
2025-11-25 19:43:50,322 INFO: [IART_..][epoch:  4, iter:  59,934, lr:(1.006e-07,1.001e-07,)] [eta: 0:02:58, time (data): 2.672 (0.002)] l_pix: 2.1383e-02 
2025-11-25 19:43:53,090 INFO: [IART_..][epoch:  4, iter:  59,935, lr:(1.006e-07,1.001e-07,)] [eta: 0:02:56, time (data): 2.673 (0.002)] l_pix: 3.3570e-02 
2025-11-25 19:43:55,711 INFO: [IART_..][epoch:  4, iter:  59,936, lr:(1.006e-07,1.001e-07,)] [eta: 0:02:53, time (data): 2.672 (0.002)] l_pix: 1.8863e-02 
2025-11-25 19:43:58,349 INFO: [IART_..][epoch:  4, iter:  59,937, lr:(1.005e-07,1.001e-07,)] [eta: 0:02:50, time (data): 2.672 (0.002)] l_pix: 2.9669e-02 
2025-11-25 19:44:00,988 INFO: [IART_..][epoch:  4, iter:  59,938, lr:(1.005e-07,1.001e-07,)] [eta: 0:02:47, time (data): 2.672 (0.002)] l_pix: 1.0877e-02 
2025-11-25 19:44:03,597 INFO: [IART_..][epoch:  4, iter:  59,939, lr:(1.005e-07,1.001e-07,)] [eta: 0:02:45, time (data): 2.671 (0.002)] l_pix: 1.7133e-02 
2025-11-25 19:44:06,332 INFO: [IART_..][epoch:  4, iter:  59,940, lr:(1.005e-07,1.001e-07,)] [eta: 0:02:42, time (data): 2.672 (0.002)] l_pix: 2.4694e-02 
2025-11-25 19:44:09,052 INFO: [IART_..][epoch:  4, iter:  59,941, lr:(1.005e-07,1.001e-07,)] [eta: 0:02:39, time (data): 2.672 (0.002)] l_pix: 2.2069e-02 
2025-11-25 19:44:11,838 INFO: [IART_..][epoch:  4, iter:  59,942, lr:(1.005e-07,1.001e-07,)] [eta: 0:02:36, time (data): 2.673 (0.002)] l_pix: 2.0335e-02 
2025-11-25 19:44:14,464 INFO: [IART_..][epoch:  4, iter:  59,943, lr:(1.004e-07,1.001e-07,)] [eta: 0:02:34, time (data): 2.673 (0.002)] l_pix: 2.7995e-02 
2025-11-25 19:44:17,129 INFO: [IART_..][epoch:  4, iter:  59,944, lr:(1.004e-07,1.001e-07,)] [eta: 0:02:31, time (data): 2.673 (0.002)] l_pix: 2.3669e-02 
2025-11-25 19:44:19,968 INFO: [IART_..][epoch:  4, iter:  59,945, lr:(1.004e-07,1.001e-07,)] [eta: 0:02:28, time (data): 2.674 (0.002)] l_pix: 3.8338e-02 
2025-11-25 19:44:22,563 INFO: [IART_..][epoch:  4, iter:  59,946, lr:(1.004e-07,1.000e-07,)] [eta: 0:02:25, time (data): 2.673 (0.002)] l_pix: 2.1086e-02 
2025-11-25 19:44:25,242 INFO: [IART_..][epoch:  4, iter:  59,947, lr:(1.004e-07,1.000e-07,)] [eta: 0:02:23, time (data): 2.673 (0.002)] l_pix: 9.9900e-03 
2025-11-25 19:44:27,800 INFO: [IART_..][epoch:  4, iter:  59,948, lr:(1.004e-07,1.000e-07,)] [eta: 0:02:20, time (data): 2.672 (0.002)] l_pix: 3.0153e-02 
2025-11-25 19:44:30,451 INFO: [IART_..][epoch:  4, iter:  59,949, lr:(1.004e-07,1.000e-07,)] [eta: 0:02:17, time (data): 2.672 (0.002)] l_pix: 2.1229e-02 
2025-11-25 19:44:33,070 INFO: [IART_..][epoch:  4, iter:  59,950, lr:(1.003e-07,1.000e-07,)] [eta: 0:02:14, time (data): 2.672 (0.002)] l_pix: 1.2556e-02 
2025-11-25 19:44:35,734 INFO: [IART_..][epoch:  4, iter:  59,951, lr:(1.003e-07,1.000e-07,)] [eta: 0:02:12, time (data): 2.672 (0.002)] l_pix: 2.3310e-02 
2025-11-25 19:44:38,492 INFO: [IART_..][epoch:  4, iter:  59,952, lr:(1.003e-07,1.000e-07,)] [eta: 0:02:09, time (data): 2.672 (0.002)] l_pix: 1.3142e-02 
2025-11-25 19:44:41,094 INFO: [IART_..][epoch:  4, iter:  59,953, lr:(1.003e-07,1.000e-07,)] [eta: 0:02:06, time (data): 2.672 (0.002)] l_pix: 3.4947e-02 
2025-11-25 19:44:43,694 INFO: [IART_..][epoch:  4, iter:  59,954, lr:(1.003e-07,1.000e-07,)] [eta: 0:02:03, time (data): 2.671 (0.002)] l_pix: 1.8862e-02 
2025-11-25 19:44:46,340 INFO: [IART_..][epoch:  4, iter:  59,955, lr:(1.003e-07,1.000e-07,)] [eta: 0:02:01, time (data): 2.671 (0.002)] l_pix: 2.8698e-02 
2025-11-25 19:44:49,072 INFO: [IART_..][epoch:  4, iter:  59,956, lr:(1.003e-07,1.000e-07,)] [eta: 0:01:58, time (data): 2.672 (0.002)] l_pix: 1.6303e-02 
2025-11-25 19:44:51,654 INFO: [IART_..][epoch:  4, iter:  59,957, lr:(1.003e-07,1.000e-07,)] [eta: 0:01:55, time (data): 2.671 (0.002)] l_pix: 2.9873e-02 
2025-11-25 19:44:54,306 INFO: [IART_..][epoch:  4, iter:  59,958, lr:(1.002e-07,1.000e-07,)] [eta: 0:01:52, time (data): 2.671 (0.002)] l_pix: 2.5198e-02 
2025-11-25 19:44:57,022 INFO: [IART_..][epoch:  4, iter:  59,959, lr:(1.002e-07,1.000e-07,)] [eta: 0:01:50, time (data): 2.671 (0.002)] l_pix: 1.5536e-02 
2025-11-25 19:44:59,578 INFO: [IART_..][epoch:  4, iter:  59,960, lr:(1.002e-07,1.000e-07,)] [eta: 0:01:47, time (data): 2.670 (0.002)] l_pix: 1.5693e-02 
2025-11-25 19:45:02,292 INFO: [IART_..][epoch:  4, iter:  59,961, lr:(1.002e-07,1.000e-07,)] [eta: 0:01:44, time (data): 2.671 (0.002)] l_pix: 1.1256e-02 
2025-11-25 19:45:04,921 INFO: [IART_..][epoch:  4, iter:  59,962, lr:(1.002e-07,1.000e-07,)] [eta: 0:01:41, time (data): 2.670 (0.002)] l_pix: 2.2976e-02 
2025-11-25 19:45:07,612 INFO: [IART_..][epoch:  4, iter:  59,963, lr:(1.002e-07,1.000e-07,)] [eta: 0:01:39, time (data): 2.670 (0.002)] l_pix: 8.6701e-03 
2025-11-25 19:45:10,239 INFO: [IART_..][epoch:  4, iter:  59,964, lr:(1.002e-07,1.000e-07,)] [eta: 0:01:36, time (data): 2.670 (0.002)] l_pix: 3.0314e-02 
2025-11-25 19:45:13,063 INFO: [IART_..][epoch:  4, iter:  59,965, lr:(1.002e-07,1.000e-07,)] [eta: 0:01:33, time (data): 2.671 (0.002)] l_pix: 2.2620e-02 
2025-11-25 19:45:15,729 INFO: [IART_..][epoch:  4, iter:  59,966, lr:(1.002e-07,1.000e-07,)] [eta: 0:01:30, time (data): 2.671 (0.002)] l_pix: 2.4079e-02 
2025-11-25 19:45:18,468 INFO: [IART_..][epoch:  4, iter:  59,967, lr:(1.001e-07,1.000e-07,)] [eta: 0:01:28, time (data): 2.672 (0.002)] l_pix: 2.6788e-02 
2025-11-25 19:45:21,239 INFO: [IART_..][epoch:  4, iter:  59,968, lr:(1.001e-07,1.000e-07,)] [eta: 0:01:25, time (data): 2.672 (0.002)] l_pix: 1.0899e-02 
2025-11-25 19:45:23,970 INFO: [IART_..][epoch:  4, iter:  59,969, lr:(1.001e-07,1.000e-07,)] [eta: 0:01:22, time (data): 2.673 (0.002)] l_pix: 3.7188e-02 
2025-11-25 19:45:26,838 INFO: [IART_..][epoch:  4, iter:  59,970, lr:(1.001e-07,1.000e-07,)] [eta: 0:01:19, time (data): 2.674 (0.002)] l_pix: 2.9535e-02 
2025-11-25 19:45:29,550 INFO: [IART_..][epoch:  4, iter:  59,971, lr:(1.001e-07,1.000e-07,)] [eta: 0:01:17, time (data): 2.674 (0.002)] l_pix: 1.7106e-02 
2025-11-25 19:45:32,180 INFO: [IART_..][epoch:  4, iter:  59,972, lr:(1.001e-07,1.000e-07,)] [eta: 0:01:14, time (data): 2.674 (0.002)] l_pix: 3.2720e-02 
2025-11-25 19:45:34,841 INFO: [IART_..][epoch:  4, iter:  59,973, lr:(1.001e-07,1.000e-07,)] [eta: 0:01:11, time (data): 2.674 (0.002)] l_pix: 2.9616e-02 
2025-11-25 19:45:37,546 INFO: [IART_..][epoch:  4, iter:  59,974, lr:(1.001e-07,1.000e-07,)] [eta: 0:01:08, time (data): 2.674 (0.002)] l_pix: 1.3419e-02 
2025-11-25 19:45:40,257 INFO: [IART_..][epoch:  4, iter:  59,975, lr:(1.001e-07,1.000e-07,)] [eta: 0:01:06, time (data): 2.674 (0.002)] l_pix: 2.7518e-02 
2025-11-25 19:45:42,944 INFO: [IART_..][epoch:  4, iter:  59,976, lr:(1.001e-07,1.000e-07,)] [eta: 0:01:03, time (data): 2.674 (0.002)] l_pix: 2.2660e-02 
2025-11-25 19:45:45,603 INFO: [IART_..][epoch:  4, iter:  59,977, lr:(1.001e-07,1.000e-07,)] [eta: 0:01:00, time (data): 2.674 (0.002)] l_pix: 2.0541e-02 
2025-11-25 19:45:48,241 INFO: [IART_..][epoch:  4, iter:  59,978, lr:(1.001e-07,1.000e-07,)] [eta: 0:00:57, time (data): 2.674 (0.002)] l_pix: 2.0128e-02 
2025-11-25 19:45:50,912 INFO: [IART_..][epoch:  4, iter:  59,979, lr:(1.001e-07,1.000e-07,)] [eta: 0:00:55, time (data): 2.674 (0.002)] l_pix: 2.1252e-02 
2025-11-25 19:45:53,536 INFO: [IART_..][epoch:  4, iter:  59,980, lr:(1.001e-07,1.000e-07,)] [eta: 0:00:52, time (data): 2.674 (0.002)] l_pix: 2.4315e-02 
2025-11-25 19:45:56,212 INFO: [IART_..][epoch:  4, iter:  59,981, lr:(1.000e-07,1.000e-07,)] [eta: 0:00:49, time (data): 2.674 (0.002)] l_pix: 3.8900e-02 
2025-11-25 19:45:58,887 INFO: [IART_..][epoch:  4, iter:  59,982, lr:(1.000e-07,1.000e-07,)] [eta: 0:00:46, time (data): 2.674 (0.002)] l_pix: 9.5850e-03 
2025-11-25 19:46:01,570 INFO: [IART_..][epoch:  4, iter:  59,983, lr:(1.000e-07,1.000e-07,)] [eta: 0:00:44, time (data): 2.674 (0.002)] l_pix: 1.5096e-02 
2025-11-25 19:46:04,262 INFO: [IART_..][epoch:  4, iter:  59,984, lr:(1.000e-07,1.000e-07,)] [eta: 0:00:41, time (data): 2.674 (0.002)] l_pix: 8.4661e-03 
2025-11-25 19:46:06,943 INFO: [IART_..][epoch:  4, iter:  59,985, lr:(1.000e-07,1.000e-07,)] [eta: 0:00:38, time (data): 2.674 (0.002)] l_pix: 1.7665e-02 
2025-11-25 19:46:09,546 INFO: [IART_..][epoch:  4, iter:  59,986, lr:(1.000e-07,1.000e-07,)] [eta: 0:00:35, time (data): 2.674 (0.002)] l_pix: 3.4797e-02 
2025-11-25 19:46:12,242 INFO: [IART_..][epoch:  4, iter:  59,987, lr:(1.000e-07,1.000e-07,)] [eta: 0:00:33, time (data): 2.674 (0.002)] l_pix: 1.8578e-02 
2025-11-25 19:46:14,940 INFO: [IART_..][epoch:  4, iter:  59,988, lr:(1.000e-07,1.000e-07,)] [eta: 0:00:30, time (data): 2.674 (0.002)] l_pix: 6.9160e-03 
2025-11-25 19:46:17,646 INFO: [IART_..][epoch:  4, iter:  59,989, lr:(1.000e-07,1.000e-07,)] [eta: 0:00:27, time (data): 2.674 (0.002)] l_pix: 3.2187e-02 
2025-11-25 19:46:20,455 INFO: [IART_..][epoch:  4, iter:  59,990, lr:(1.000e-07,1.000e-07,)] [eta: 0:00:24, time (data): 2.675 (0.002)] l_pix: 2.7565e-02 
2025-11-25 19:46:23,127 INFO: [IART_..][epoch:  4, iter:  59,991, lr:(1.000e-07,1.000e-07,)] [eta: 0:00:22, time (data): 2.675 (0.002)] l_pix: 3.6737e-02 
2025-11-25 19:46:25,845 INFO: [IART_..][epoch:  4, iter:  59,992, lr:(1.000e-07,1.000e-07,)] [eta: 0:00:19, time (data): 2.675 (0.002)] l_pix: 3.0828e-02 
2025-11-25 19:46:28,569 INFO: [IART_..][epoch:  4, iter:  59,993, lr:(1.000e-07,1.000e-07,)] [eta: 0:00:16, time (data): 2.675 (0.002)] l_pix: 2.7038e-02 
2025-11-25 19:46:31,200 INFO: [IART_..][epoch:  4, iter:  59,994, lr:(1.000e-07,1.000e-07,)] [eta: 0:00:13, time (data): 2.675 (0.002)] l_pix: 1.2618e-02 
2025-11-25 19:46:33,851 INFO: [IART_..][epoch:  4, iter:  59,995, lr:(1.000e-07,1.000e-07,)] [eta: 0:00:11, time (data): 2.675 (0.002)] l_pix: 1.5492e-02 
2025-11-25 19:46:36,647 INFO: [IART_..][epoch:  4, iter:  59,996, lr:(1.000e-07,1.000e-07,)] [eta: 0:00:08, time (data): 2.676 (0.002)] l_pix: 2.3282e-02 
2025-11-25 19:46:39,337 INFO: [IART_..][epoch:  4, iter:  59,997, lr:(1.000e-07,1.000e-07,)] [eta: 0:00:05, time (data): 2.676 (0.002)] l_pix: 2.3607e-02 
2025-11-25 19:46:42,002 INFO: [IART_..][epoch:  4, iter:  59,998, lr:(1.000e-07,1.000e-07,)] [eta: 0:00:02, time (data): 2.676 (0.002)] l_pix: 1.0430e-02 
2025-11-25 19:46:44,796 INFO: [IART_..][epoch:  4, iter:  59,999, lr:(1.000e-07,1.000e-07,)] [eta: 0:00:00, time (data): 2.676 (0.002)] l_pix: 1.5312e-02 
2025-11-25 19:46:47,394 INFO: [IART_..][epoch:  4, iter:  60,000, lr:(1.000e-07,1.000e-07,)] [eta: -1 day, 23:59:58, time (data): 2.676 (0.002)] l_pix: 1.1829e-02 
2025-11-25 19:46:47,394 INFO: Saving models and training states.
2025-11-25 19:46:48,080 WARNING: nondist_validation is not implemented. Run dist_validation.
2025-11-25 20:36:53,404 INFO: Validation REDS4
	 # psnr: 30.3686	 # 000: 29.7829	 # 001: 29.8432	 # 002: 32.2422	 # 003: 33.6389	 # 004: 32.0440	 # 005: 31.2617	 # 006: 31.8173	 # 007: 30.5781	 # 008: 30.4087	 # 009: 32.4870	 # 010: 33.3001	 # 011: 25.5407	 # 012: 30.8100	 # 013: 28.3689	 # 014: 28.7709	 # 015: 26.9932	 # 016: 26.2722	 # 017: 26.3647	 # 018: 26.1359	 # 019: 29.1767	 # 020: 29.6096	 # 021: 30.7149	 # 022: 28.7242	 # 023: 28.6624	 # 024: 30.0148	 # 025: 30.4897	 # 026: 34.9849	 # 027: 28.4042	 # 028: 36.2994	 # 029: 37.3176
	    Best: 30.3686 @ 60000 iter
	 # ssim: 0.8589	 # 000: 0.8502	 # 001: 0.8563	 # 002: 0.9322	 # 003: 0.9425	 # 004: 0.9119	 # 005: 0.8452	 # 006: 0.8810	 # 007: 0.8845	 # 008: 0.8819	 # 009: 0.8950	 # 010: 0.9148	 # 011: 0.7720	 # 012: 0.8843	 # 013: 0.8547	 # 014: 0.8234	 # 015: 0.7937	 # 016: 0.7897	 # 017: 0.7749	 # 018: 0.7327	 # 019: 0.8085	 # 020: 0.8586	 # 021: 0.8527	 # 022: 0.8214	 # 023: 0.8126	 # 024: 0.8655	 # 025: 0.8523	 # 026: 0.9177	 # 027: 0.8576	 # 028: 0.9401	 # 029: 0.9583
	    Best: 0.8589 @ 60000 iter

2025-11-25 20:37:14,735 INFO: End of training. Time consumed: 4:39:40
2025-11-25 20:37:14,735 INFO: Save the latest model.
2025-11-25 20:37:15,135 WARNING: nondist_validation is not implemented. Run dist_validation.
2025-11-25 21:26:19,434 INFO: Validation REDS4
	 # psnr: 30.3686	 # 000: 29.7829	 # 001: 29.8432	 # 002: 32.2422	 # 003: 33.6389	 # 004: 32.0440	 # 005: 31.2617	 # 006: 31.8173	 # 007: 30.5781	 # 008: 30.4087	 # 009: 32.4870	 # 010: 33.3001	 # 011: 25.5407	 # 012: 30.8100	 # 013: 28.3689	 # 014: 28.7709	 # 015: 26.9932	 # 016: 26.2722	 # 017: 26.3647	 # 018: 26.1359	 # 019: 29.1767	 # 020: 29.6096	 # 021: 30.7149	 # 022: 28.7242	 # 023: 28.6624	 # 024: 30.0148	 # 025: 30.4897	 # 026: 34.9849	 # 027: 28.4042	 # 028: 36.2994	 # 029: 37.3176
	    Best: 30.3686 @ 60002 iter
	 # ssim: 0.8589	 # 000: 0.8502	 # 001: 0.8563	 # 002: 0.9322	 # 003: 0.9425	 # 004: 0.9119	 # 005: 0.8452	 # 006: 0.8810	 # 007: 0.8845	 # 008: 0.8819	 # 009: 0.8950	 # 010: 0.9148	 # 011: 0.7720	 # 012: 0.8843	 # 013: 0.8547	 # 014: 0.8234	 # 015: 0.7937	 # 016: 0.7897	 # 017: 0.7749	 # 018: 0.7327	 # 019: 0.8085	 # 020: 0.8586	 # 021: 0.8527	 # 022: 0.8214	 # 023: 0.8126	 # 024: 0.8655	 # 025: 0.8523	 # 026: 0.9177	 # 027: 0.8576	 # 028: 0.9401	 # 029: 0.9583
	    Best: 0.8589 @ 60002 iter

